# https://github.com/mikedh/trimesh
mtllib material.mtl

o geometry_0
usemtl material_0
v -0.24370369 0.75656384 -0.11889882
v -0.23011616 0.69557667 -0.06626064
v -0.21356677 0.78499085 -0.03747622
v -0.25321370 0.78995204 -0.14862043
v -0.24818890 0.76592916 -0.13726008
v -0.25744414 0.79006457 -0.17425945
v -0.23687178 0.72182548 -0.10002191
v -0.19446744 0.74565828 -0.01689681
v -0.22191605 0.67820561 -0.03875579
v -0.22832863 0.67962813 -0.05758973
v -0.22001635 0.65799409 -0.02329437
v -0.21656637 0.65975630 -0.01191182
v -0.21137513 0.66000307 0.01129559
v -0.18025011 0.74243307 0.01847262
v -0.18351313 0.75130779 0.01069476
v -0.17449522 0.74921137 0.03367040
v -0.22281398 0.64927936 -0.01945873
v -0.17799720 0.73037201 0.05468518
v -0.18752521 0.76913261 0.00781317
v -0.20636712 0.79054803 -0.02786027
v -0.22381601 0.80081594 -0.05526842
v -0.25854486 0.82561684 -0.12183175
v -0.27222624 0.84718847 -0.14803307
v -0.22355199 0.65539664 -0.04281070
v -0.22555521 0.64847696 -0.04944905
v -0.22419637 0.62935805 0.05987519
v -0.20290793 0.66714388 0.06768005
v -0.18564509 0.63663632 0.14718047
v -0.21707360 0.59498286 0.11992855
v -0.27087903 0.53380150 0.04589153
v -0.18350862 0.70748067 0.07039595
v -0.27690426 0.57053256 -0.02642142
v -0.30513468 0.51362753 -0.03300300
v -0.31026825 0.47563735 -0.00585818
v -0.30433375 0.53508419 -0.05922818
v -0.19736190 0.55698806 0.20878549
v -0.23739351 0.52641213 0.15075932
v -0.27282193 0.49766865 0.09267662
v -0.29233012 0.47747180 0.06106082
v -0.31092504 0.46318024 0.01629530
v -0.18653713 0.56298506 0.22421020
v -0.30827066 0.52087837 -0.05731523
v -0.17782739 0.70057732 0.08772010
v -0.21859924 0.89933944 -0.11844001
v -0.26938987 0.87754315 -0.16484489
v -0.27584955 0.84881753 -0.16044222
v -0.17001671 0.75912124 0.03290035
v -0.16852018 0.74328595 0.05039844
v -0.15393186 0.84692049 -0.01809138
v -0.14827454 0.95318127 -0.08349839
v -0.28066888 0.86284399 -0.17033353
v -0.27992153 0.83649814 -0.16911615
v -0.24578305 0.96334088 -0.15578568
v -0.27727658 0.57752192 -0.11534251
v -0.22205280 0.65540534 -0.08543783
v -0.22771715 0.64846152 -0.14770959
v -0.22267044 0.65589386 -0.14960323
v -0.21975680 0.66427326 -0.13985729
v -0.21930593 0.68920571 -0.17295173
v -0.22383502 0.65582699 -0.17498346
v -0.21963458 0.69682288 -0.20057181
v -0.22576427 0.65275854 -0.20371193
v -0.22699870 0.64682049 -0.20028025
v -0.21966657 0.66505772 -0.10566843
v -0.30617371 0.52373105 -0.06816114
v -0.22134236 0.68839467 -0.13032646
v -0.22675875 0.64020914 -0.20835932
v -0.21693930 0.70225108 -0.21388435
v -0.22316267 0.66517836 -0.06989930
v -0.22946946 0.69113046 -0.07584478
v -0.30081433 0.53884977 -0.07503870
v -0.31014454 0.45960140 0.00337764
v -0.31418830 0.45957574 0.02653960
v -0.28336415 0.56299758 -0.11391156
v -0.25821859 0.60402662 -0.16034785
v -0.30626550 0.44289657 -0.03053757
v -0.23809841 0.62966657 -0.19631892
v -0.31067216 0.44970098 -0.00529804
v -0.30926228 0.43283817 -0.03206190
v -0.30023155 0.42251414 -0.06864373
v -0.24198188 0.74582624 -0.12806465
v -0.25035971 0.51407260 0.14280190
v -0.29161564 0.47902784 0.07526110
v -0.21836211 0.53943563 0.18938267
v -0.30676350 0.46502516 0.04148251
v -0.25947130 0.80412626 -0.16137533
v -0.27156073 0.83309633 -0.16187191
v -0.28810212 0.48205575 -0.12553366
v -0.29580089 0.40942791 -0.09314606
v -0.28214678 0.37007639 -0.15985857
v -0.30171308 0.41378385 -0.07376221
v -0.23202462 0.73319679 -0.18548372
v -0.26182392 0.41284981 -0.20188993
v -0.27259976 0.35352954 -0.18721800
v -0.26543167 0.35048196 -0.20626996
v -0.24760295 0.53317600 -0.20283706
v -0.26960579 0.33750886 -0.20194855
v -0.19291754 0.69821507 -0.27014315
v -0.22585645 0.48028463 -0.26185930
v -0.17990522 0.76732653 -0.30586374
v -0.22882405 0.78185964 -0.22261438
v -0.27866057 0.35462248 -0.17489216
v -0.24174319 0.39627492 -0.24300644
v -0.22570851 0.45192572 -0.27204102
v -0.17030656 0.75882661 -0.32325771
v -0.16128989 0.75787824 -0.34181485
v -0.27538911 0.33189049 -0.20522788
v -0.31847960 0.45372713 0.01247526
v -0.30999070 0.42036626 -0.05425963
v -0.20282550 0.66908222 -0.24712150
v -0.21518768 0.64851868 -0.22144079
v -0.21458386 0.78260010 -0.24981843
v -0.28672487 0.36286980 -0.15864019
v -0.29385856 0.37976488 -0.13149203
v -0.23908794 0.79040515 -0.20956297
v -0.26577836 0.80613893 -0.16911387
v -0.19618034 0.96349311 -0.12218501
v -0.30974972 0.89857674 -0.18606971
v -0.29916471 0.96292323 -0.18462577
v -0.31295198 0.95714998 -0.19375759
v -0.31511548 0.94709849 -0.19529173
v -0.32618153 0.95495868 -0.20830087
v -0.36520720 0.93695140 -0.24606651
v -0.37691304 0.92100036 -0.25374344
v -0.41549674 0.90293455 -0.29272395
v -0.42235488 0.91576785 -0.30451503
v -0.34092677 0.86039048 -0.21408686
v -0.36940312 0.87181544 -0.24698541
v -0.31413165 0.83993864 -0.18455057
v -0.30383140 0.82787961 -0.17885526
v -0.33374974 0.84599417 -0.20710513
v -0.37969658 0.88682997 -0.25738949
v -0.39124563 0.87755257 -0.27319345
v -0.39843112 0.89199179 -0.27570966
v -0.42985228 0.89190739 -0.30708811
v -0.45924413 0.89806908 -0.33557960
v -0.44688255 0.88172299 -0.32568616
v -0.44458157 0.91297239 -0.32922164
v -0.45974913 0.88436973 -0.33610892
v 0.32243407 0.48099235 0.00756301
v 0.31361529 0.49093148 0.01135121
v 0.30113626 0.49947888 0.04370254
v 0.33356294 0.46960098 -0.03303654
v 0.34052750 0.46519402 -0.02399870
v 0.34229019 0.45878854 -0.05510347
v 0.34997338 0.44569433 -0.07258313
v 0.34605864 0.48217812 0.04672766
v 0.32934880 0.49552938 0.07258083
v 0.29398277 0.50926995 0.07563965
v 0.29963100 0.51605880 0.11354892
v 0.28344938 0.51399010 0.08238824
v 0.27695137 0.52362400 0.11691444
v 0.36721113 0.46876934 0.01414625
v 0.36457989 0.46580592 -0.00470746
v 0.37291098 0.45149150 -0.03893731
v 0.28819633 0.52731884 0.14512591
v 0.37405291 0.43652987 -0.07762413
v 0.37371445 0.45876440 -0.01295944
v 0.22562662 0.54001594 0.14175832
v 0.21233796 0.55299866 0.18096465
v 0.20688607 0.54759449 0.15460974
v 0.18927714 0.55263317 0.15892130
v 0.18793605 0.56085628 0.19703767
v 0.16020177 0.56218904 0.17948817
v 0.14667945 0.57190120 0.21178092
v 0.10228033 0.57955915 0.21179037
v 0.09961518 0.58396620 0.22862342
v 0.08489589 0.58419752 0.21377189
v 0.06899629 0.58784997 0.22738194
v 0.07339608 0.59218335 0.24640925
v 0.03995987 0.59468913 0.23935415
v 0.04225143 0.59872216 0.25556576
v 0.01991761 0.59977227 0.24671625
v 0.01204401 0.60709161 0.27648115
v 0.34880897 0.42988816 -0.10362227
v 0.34985399 0.42087498 -0.12327283
v 0.37193447 0.42844015 -0.09957172
v 0.38253906 0.41652235 -0.12323923
v 0.38229001 0.40554956 -0.15653643
v 0.34308547 0.40697759 -0.15678081
v 0.37743789 0.39819175 -0.17011507
v 0.33794388 0.38459560 -0.18845022
v 0.10577677 0.58326924 0.23658007
v 0.35762647 0.38077319 -0.19207613
v 0.32618222 0.37140206 -0.20526549
v 0.34083208 0.36125869 -0.21841766
v 0.31377894 0.34342539 -0.23918389
v 0.29446778 0.34612259 -0.23550528
v 0.30481565 0.33485144 -0.24737345
v 0.28998405 0.33158037 -0.25361165
v 0.26167530 0.33112055 -0.25306398
v 0.23358172 0.30220371 -0.28993046
v 0.22054990 0.31358722 -0.27541560
v 0.19382584 0.29880834 -0.29372379
v 0.19250070 0.28578398 -0.31292328
v 0.17195617 0.29447120 -0.30294386
v 0.15644762 0.28510979 -0.31215915
v 0.18011135 0.27856487 -0.32241002
v 0.17455441 0.27198035 -0.32644573
v 0.15234798 0.27142659 -0.32625458
v 0.13398015 0.27850345 -0.31416470
v 0.10404792 0.26240614 -0.32751054
v 0.11392445 0.27115470 -0.31834564
v 0.09693328 0.27091607 -0.31632730
v 0.07950787 0.25383171 -0.33213395
v 0.07507839 0.26333666 -0.32027856
v 0.05546683 0.26325142 -0.31937882
v 0.05496718 0.24817553 -0.33469683
v 0.03668602 0.25579301 -0.32462534
v 0.01911727 0.24642219 -0.33458066
v 0.00392996 0.25544748 -0.32678714
v -0.00387999 0.24907729 -0.33158955
v 0.20672315 0.28300083 -0.31050563
v 0.33944803 0.34942070 -0.22733986
v 0.14861189 0.29027879 -0.31041229
v 0.04861427 0.59785944 0.26638299
v 0.35082752 0.36017150 -0.21415000
v 0.38095683 0.42841166 -0.08475184
v 0.24138317 0.53451836 0.12645322
v 0.26820827 0.52512860 0.11155490
v 0.27617490 0.52159399 0.08738013
v 0.01153474 0.23989618 -0.33737424
v 0.39118433 0.39763322 -0.15917397
v -0.02308568 0.25522187 -0.33165440
v 0.25536379 0.33732510 -0.25134024
v 0.30678859 0.36581856 -0.21717495
v 0.12090018 0.25614747 -0.33001077
v 0.14096721 0.26266953 -0.32949701
v 0.22865821 0.54757273 0.18170768
v 0.31622416 0.50690931 0.10794687
v 0.17631727 0.56325805 0.20858040
v 0.36333877 0.36977553 -0.19597903
v 0.11576967 0.57631713 0.19586185
v 0.34180507 0.42606759 -0.12629358
v 0.20636694 0.54912728 0.14348896
v 0.20790121 0.55170327 0.19805956
v 0.14667560 0.56974131 0.22397798
v 0.30972350 0.50945634 0.12116554
v 0.37282169 0.46136439 0.01451553
v 0.38797712 0.40566796 -0.13311131
v 0.38099530 0.43279430 -0.06555967
v 0.01437487 0.60355598 0.28590068
v 0.33909285 0.48779508 0.07264762
v 0.07354815 0.58909839 0.25681517
v -0.03544140 0.60130233 0.26521760
v -0.02745994 0.60133994 0.27125037
v 0.33447677 0.40962926 -0.17076047
v 0.35938001 0.47198343 0.03751719
v 0.33303618 0.39297050 -0.18943274
v 0.35057676 0.47468406 0.05820457
v 0.10734452 0.57799113 0.24391852
v 0.29961386 0.51342654 0.14442620
v 0.28658372 0.52227467 0.15385252
v 0.23853706 0.53780711 0.18436600
v 0.01168646 0.01529210 -0.10855783
v 0.03449196 0.01955068 -0.12090533
v 0.03879673 0.01826553 -0.11463295
v -0.02589440 0.01396797 -0.12230591
v -0.02567600 0.01731875 -0.13209106
v -0.03792925 0.01549082 -0.12492409
v 0.02748160 0.01678906 -0.09846192
v 0.11460968 0.02460171 -0.10567206
v 0.10544258 0.02464382 -0.11362870
v -0.00986075 0.01453860 -0.09814221
v -0.03123223 0.01332757 -0.11241759
v -0.02493745 0.01490817 -0.09156267
v 0.00560585 0.01191437 -0.09064572
v 0.12481027 0.02855705 -0.11027422
v 0.13243793 0.02748721 -0.09896881
v 0.09877898 0.04493334 -0.14819929
v 0.22463037 0.05028370 -0.06873996
v 0.14941849 0.02915787 -0.08083917
v 0.11437707 0.02584379 -0.09011203
v 0.08994029 0.02535216 -0.09780309
v 0.21299836 0.04622765 -0.05770811
v 0.16721711 0.00979415 -0.03171990
v 0.04950919 0.01295261 -0.09022327
v 0.09600890 0.00154719 -0.05592557
v -0.02830636 0.00425056 -0.07331868
v 0.04871155 -0.00868940 0.00296366
v 0.01356453 -0.00868403 0.00332002
v 0.09851807 -0.00642272 0.02259600
v 0.12312706 -0.00630218 0.05158268
v 0.08147288 -0.00698584 0.01187248
v 0.06004008 -0.01133040 0.01339675
v 0.02585164 -0.01154213 0.01076856
v 0.09015076 -0.01104178 0.02604128
v 0.24137622 0.01863545 0.07523995
v 0.23274393 0.05305842 -0.04228803
v 0.13294178 -0.00696616 0.07543673
v 0.13784593 -0.00771794 0.14133595
v 0.25690076 0.01774621 0.16932113
v -0.01489273 -0.00735825 0.01193809
v -0.08357411 0.00174601 -0.01340333
v 0.10999882 -0.01176424 0.04676899
v -0.03100525 -0.00682599 0.02516682
v 0.12838547 -0.00722699 0.17815781
v -0.05526821 -0.00528649 0.04430470
v -0.00316158 -0.01143624 0.01959384
v 0.19733967 0.01647470 0.25535300
v -0.09833916 0.00043158 0.06743447
v -0.05760015 -0.00717477 0.07412898
v -0.08745120 0.01483535 -0.06772350
v 0.11559949 -0.00532207 0.20064990
v -0.05894941 -0.00802726 0.14933851
v 0.23586535 0.02634171 0.25498107
v -0.17410129 0.01594375 0.09799027
v -0.13246536 0.00247276 0.18156238
v -0.05435915 -0.00683302 0.17735809
v -0.06493682 0.00520971 0.24288253
v -0.03423671 -0.00645421 0.19795242
v -0.00689451 -0.00559909 0.21428820
v -0.06105720 0.02177375 -0.08973543
v -0.06597775 0.02217402 -0.10155411
v -0.09549143 0.02907538 -0.09573565
v -0.08275682 0.02397183 -0.08293188
v -0.03792156 -0.01024744 0.04691580
v -0.16960652 0.02721660 0.01923401
v -0.19832520 0.02188899 0.16490954
v -0.12055705 0.03573189 -0.08348229
v -0.07304231 0.02837342 -0.11746631
v -0.16770869 0.02465088 0.25289398
v 0.11989108 0.02216818 0.29128677
v 0.08373318 -0.00483327 0.21576652
v 0.12187187 -0.01147688 0.16762984
v 0.06608289 -0.00408863 0.22404391
v -0.02169437 -0.01111000 0.02998198
v 0.02619084 0.02513953 0.31039849
v 0.10642023 -0.01076347 0.18988803
v -0.10618696 0.02876969 -0.07508811
v -0.04582333 -0.01120603 0.16800262
v 0.03013688 -0.00517992 0.22409435
v 0.23972763 0.05866098 -0.05108950
v 0.25211746 0.06349877 -0.05470612
v 0.13132930 -0.01160738 0.13931860
v -0.19894397 0.02906712 0.20084476
v -0.11812972 0.03829761 -0.09693061
v -0.17142992 0.05726256 -0.06573917
v -0.17873184 0.06238972 -0.04107659
v -0.02305972 -0.01112300 0.19341327
v -0.05366706 -0.01173626 0.13796057
v 0.05386896 -0.00984018 0.21395211
v 0.24853127 0.06597428 -0.03824027
v 0.13085248 -0.01173383 0.10014725
v -0.10578558 0.03730710 0.30004540
v 0.12450634 -0.01166470 0.07194832
v 0.27827325 0.07978356 -0.04595298
v 0.27109271 0.07552760 -0.05801930
v 0.25800174 0.07271746 -0.07406109
v 0.01227571 0.07252217 -0.19759829
v 0.27290925 0.05901848 0.01618863
v 0.03090432 0.09767663 -0.22897574
v 0.29195645 0.05322276 0.09106019
v -0.21863663 0.08665907 -0.03919523
v 0.26442084 0.07938788 -0.02729128
v -0.04766910 -0.01155823 0.06848970
v -0.05433436 -0.01177189 0.10608639
v -0.16554187 0.05197503 0.30136034
v 0.16813764 0.08972720 -0.15482925
v 0.07327618 0.10520735 -0.21539247
v 0.30481184 0.10920667 -0.05843997
v 0.03515958 0.10357870 -0.23278689
v 0.30106363 0.10168754 -0.03708389
v 0.23726922 0.12392870 -0.14156085
v -0.23265946 0.07468007 0.05494747
v 0.29972675 0.07059237 0.18917593
v 0.25304043 0.05686287 0.29246965
v 0.32251871 0.12774020 -0.03239076
v 0.31087282 0.11611941 -0.02528115
v 0.27696103 0.09476643 -0.02181694
v 0.20089041 0.12630424 -0.16603640
v 0.30339310 0.07650738 0.07000816
v 0.30155256 0.08269651 0.04470170
v 0.30239418 0.09147314 0.02816802
v 0.27696103 0.09476643 -0.02181694
v -0.21742544 0.09694233 -0.02214659
v 0.11358853 0.14345542 -0.21861514
v 0.31103817 0.08295327 0.08634571
v 0.31021756 0.08102284 0.06899393
v 0.30915657 0.07911237 0.05140694
v 0.30155256 0.08269651 0.04470170
v 0.31611976 0.08132028 0.07913324
v 0.30997705 0.08816163 0.02779512
v 0.31709659 0.09514929 0.09833583
v 0.32591426 0.09102285 0.09148736
v 0.29990104 0.14395286 -0.09230634
v 0.32425699 0.06771610 0.06365715
v 0.31966707 0.07042465 0.04374669
v 0.33770889 0.06217316 0.05277259
v 0.34331316 0.06379748 0.06908853
v 0.34064072 0.06412403 0.03431405
v 0.33660612 0.07241299 0.01913041
v 0.33180067 0.07161924 0.07928156
v 0.30261928 0.10472126 0.01268255
v 0.08368812 0.12534018 -0.22219685
v 0.32279715 0.13699134 -0.05248763
v 0.31828195 0.16628167 -0.08097678
v 0.32335350 0.13869065 -0.01587698
v 0.33266959 0.14952631 -0.01924231
v 0.29351020 0.11528391 -0.01491142
v 0.29351020 0.11528391 -0.01491142
v -0.23336972 0.08471537 0.03102622
v -0.20109320 0.07596890 -0.02233269
v -0.23927799 0.08502747 0.04283331
v -0.23451576 0.10584971 -0.02699086
v 0.05550542 0.11751706 -0.22994798
v 0.33565459 0.15454729 -0.02865394
v -0.23974873 0.10036547 0.01746088
v -0.23132573 0.11451150 -0.01170918
v -0.24006119 0.12037972 -0.01954713
v 0.00150345 -0.01919805 0.02124461
v 0.03854962 -0.01972887 0.01462281
v 0.07821389 -0.01951030 0.02346362
v 0.10194746 -0.01933847 0.03827087
v -0.24622121 0.12122732 0.00504861
v -0.24211183 0.13034807 -0.01147297
v 0.30518156 0.13178171 -0.01102151
v 0.31171545 0.13982604 -0.00220704
v 0.33007625 0.13808975 -0.01192993
v 0.30235124 0.12027533 -0.00072848
v 0.31036681 0.11681589 0.00981662
v 0.34174845 0.17458822 -0.03470099
v 0.34079716 0.16490130 -0.02661105
v 0.14484835 0.14782584 -0.20361638
v 0.13982500 0.15121634 -0.21398589
v 0.09501933 0.14062071 -0.23266785
v 0.05708566 0.13055359 -0.23220238
v 0.06710870 0.13543382 -0.23926680
v 0.08749596 0.12111048 -0.28746185
v 0.04015814 0.13084568 -0.24668816
v 0.03284538 0.12990753 -0.23957196
v 0.00918884 0.12850031 -0.24824287
v 0.01524513 0.12712063 -0.23874404
v -0.00086182 0.12997776 -0.23896398
v -0.03543184 0.13255836 -0.23483865
v -0.02938284 0.13263966 -0.22422516
v -0.05180740 0.13642444 -0.22394533
v 0.00365465 0.11734117 -0.28612351
v 0.03783557 0.12062807 -0.29513016
v 0.00985773 0.11970126 -0.29643622
v -0.03016124 0.12100421 -0.27037004
v -0.03577442 0.12053950 -0.28340656
v -0.06545774 0.12070680 -0.26891688
v 0.15980396 0.15475754 -0.19954632
v 0.16018379 0.15301731 -0.21036570
v 0.18509534 0.16101101 -0.19291934
v 0.18438219 0.15425879 -0.18479218
v 0.20710106 0.16198911 -0.17394711
v -0.09816840 0.12378898 -0.25514388
v -0.11041110 0.13290861 -0.22857629
v -0.12380102 0.12564041 -0.24625906
v -0.17516661 0.12849423 -0.22879687
v -0.15091322 0.12659855 -0.24569470
v -0.08971211 0.14173338 -0.20770329
v -0.05465411 0.13692319 -0.21643916
v -0.08549568 0.14083977 -0.19996192
v -0.11386209 0.14542831 -0.19818582
v 0.16045555 0.12414007 -0.27812639
v 0.16730548 0.12941906 -0.26415193
v 0.16524284 0.12670486 -0.28253055
v 0.23001890 0.15122296 -0.21395379
v 0.22057240 0.15061082 -0.21188232
v 0.25731820 0.16235609 -0.17212096
v 0.26514691 0.16266420 -0.18419571
v 0.26951134 0.16317093 -0.17216320
v 0.30863562 0.17477211 -0.12858061
v 0.31765479 0.17696828 -0.13043875
v 0.34098074 0.18380667 -0.10166053
v 0.31283689 0.18244803 -0.10638430
v 0.21234408 0.15703970 -0.19556563
v 0.19180825 0.16131410 -0.18471928
v 0.20344757 0.16277750 -0.18358798
v 0.24031383 0.16882989 -0.15850551
v 0.22372407 0.16144021 -0.16093792
v 0.24522418 0.16670507 -0.14607346
v 0.26902089 0.17659140 -0.13508140
v 0.28081843 0.17704867 -0.12902631
v 0.27986601 0.17335910 -0.12044402
v 0.31114212 0.18294752 -0.09933470
v 0.32068932 0.18797515 -0.08524057
v 0.33391634 0.19204214 -0.08238958
v 0.32650277 0.18574136 -0.07381106
v 0.30853063 0.17737092 -0.09636438
v -0.19256619 0.13636000 -0.20855205
v -0.13303587 0.15335903 -0.17729199
v -0.20239069 0.13654335 -0.21563488
v -0.21757150 0.14272362 -0.18985990
v 0.36590952 0.19474609 -0.07675827
v -0.16525389 0.16102061 -0.15973906
v -0.16164558 0.16036770 -0.15336232
v -0.17879821 0.16628274 -0.14549620
v -0.21916309 0.14972673 -0.17273457
v -0.23475024 0.15011717 -0.17589323
v -0.23864235 0.15303898 -0.16097364
v -0.20036954 0.16864996 -0.13885318
v -0.20959865 0.17555493 -0.12082074
v -0.23915842 0.18287276 -0.10450621
v -0.24052037 0.15724622 -0.15282840
v -0.26214224 0.17168674 -0.12074865
v -0.25569916 0.19230722 -0.08289825
v -0.26394355 0.19148822 -0.08274904
v -0.28094274 0.18039413 -0.10022639
v -0.27139527 0.19474676 -0.07515644
v -0.29237330 0.19209772 -0.07637619
v -0.27266523 0.20325023 -0.05904306
v -0.26084998 0.19347566 -0.06809775
v -0.27425757 0.17308222 -0.12020822
v -0.26075628 0.16471864 -0.13799551
v -0.24816191 0.15812086 -0.15938012
v -0.30270526 0.19263141 -0.08254629
v -0.30732179 0.19839846 -0.06379917
v -0.29447153 0.20427260 -0.05217642
v -0.31292096 0.20721887 -0.04634859
v -0.27764660 0.20679016 -0.04181536
v -0.29211462 0.21364358 -0.03224513
v -0.31932807 0.20499045 -0.06120248
v 0.34111458 0.19934119 -0.06812586
v 0.33122483 0.19573760 -0.07027971
v 0.33652177 0.19181049 -0.05777283
v 0.34857175 0.20593923 -0.05711768
v 0.36507821 0.21104716 -0.04911127
v 0.35039222 0.21207911 -0.04152269
v 0.37497410 0.20869847 -0.04547230
v 0.38475639 0.21084370 -0.05457855
v 0.34017912 0.20336534 -0.05894361
v 0.34332100 0.20083396 -0.04730918
v -0.25550538 0.14205709 -0.00087649
v -0.25589609 0.15260777 -0.01178988
v -0.26396146 0.16161315 -0.01111268
v 0.34979108 0.19574586 -0.03507056
v -0.25413463 0.12887704 -0.02610990
v -0.01350865 -0.02079671 0.02717570
v -0.03318383 -0.02049197 0.04203947
v -0.26766139 0.15379609 -0.04130464
v -0.26854047 0.15671106 -0.02859298
v -0.27556145 0.18189149 -0.03679675
v -0.27264750 0.17759590 -0.02701589
v -0.27935401 0.20367773 -0.02795399
v -0.26951680 0.17726040 -0.01981072
v -0.25772801 0.14510313 -0.01813828
v -0.26396146 0.16161315 -0.01111268
v -0.27851453 0.18688613 -0.01974258
v -0.23576196 0.10221164 -0.03723777
v -0.23996851 0.11126858 -0.05424116
v -0.26244810 0.15448776 -0.05704718
v -0.22266240 0.09129710 -0.05063456
v -0.27236706 0.18979281 -0.04812203
v -0.27266523 0.20325023 -0.05904306
v -0.22281125 0.10031398 -0.06525443
v -0.22594026 0.13120453 -0.08587732
v -0.25616980 0.18579324 -0.07386038
v -0.23736398 0.18106651 -0.09484940
v -0.15882100 0.09195638 -0.12123851
v -0.19815885 0.16691723 -0.12337205
v -0.08941788 0.11036187 -0.18119000
v -0.13492347 0.14910215 -0.17071334
v -0.11102632 0.14534867 -0.18636802
v -0.09883428 0.13906591 -0.19175966
v -0.28800029 0.20911679 -0.02632939
v -0.04769775 0.12909238 -0.21292293
v -0.05462633 0.04440529 -0.15049766
v 0.00110861 0.12285604 -0.23296934
v 0.02430279 0.10751566 -0.23536977
v -0.26394355 0.19148822 -0.08274904
v 0.08768851 0.44886196 -0.36091626
v 0.01405945 0.46062204 -0.35507119
v 0.04318981 0.51071668 -0.36228445
v 0.00910509 0.42855889 -0.35670149
v 0.09364094 0.40395105 -0.35530603
v 0.01142999 0.36001787 -0.35929880
v -0.02739267 0.39102241 -0.35803589
v 0.03677769 0.53213775 -0.36227021
v 0.00643463 0.44876575 -0.35421869
v 0.00328775 0.56147015 -0.35797122
v -0.01740781 0.56688625 -0.35584435
v -0.06385330 0.60886741 -0.34750563
v -0.09703428 0.61900657 -0.34173009
v -0.09952652 0.63017845 -0.34067068
v -0.05586607 0.51781511 -0.33872202
v -0.13191882 0.57338530 -0.32512096
v -0.08115529 0.45180169 -0.32508513
v -0.15791358 0.51965892 -0.30888355
v -0.15301315 0.54193544 -0.31368616
v -0.15398985 0.45226014 -0.30119979
v -0.18067212 0.50910836 -0.29923373
v -0.21337456 0.46674010 -0.28098980
v -0.12401009 0.59529477 -0.32959259
v -0.20722972 0.44702905 -0.28427744
v -0.16743952 0.53288138 -0.30469960
v -0.22026777 0.44839874 -0.27726275
v -0.17951687 0.42388007 -0.29708415
v -0.17748591 0.43338490 -0.29767889
v -0.13870627 0.41000387 -0.31753847
v -0.10813943 0.40170780 -0.33046710
v -0.05916392 0.37628397 -0.35254642
v -0.11093762 0.39206985 -0.32863912
v -0.03252700 0.36537445 -0.36295944
v -0.03386584 0.35694501 -0.36189598
v -0.03675591 0.31446066 -0.34801152
v -0.13921216 0.57648104 -0.31989270
v -0.06404095 0.26801944 -0.31828174
v -0.03862806 0.25462502 -0.33218834
v 0.01767176 0.30632517 -0.34873408
v -0.14423770 0.29660434 -0.27740687
v -0.18654783 0.31613463 -0.25661084
v -0.18175839 0.30592731 -0.25821289
v -0.20247400 0.31088811 -0.24631350
v -0.21958044 0.32377020 -0.23659694
v -0.23791035 0.31843436 -0.22927748
v -0.24174319 0.39627492 -0.24300644
v -0.26335996 0.33718064 -0.20827301
v -0.11561774 0.62266839 -0.33069372
v -0.22570851 0.45192572 -0.27204102
v 0.04988190 0.32605222 -0.35079190
v -0.27538911 0.33189049 -0.20522788
v -0.12968871 0.28676730 -0.28679997
v -0.07831030 0.26778200 -0.31201190
v -0.05831245 0.25722593 -0.32473353
v -0.04224088 0.24868827 -0.33361977
v -0.02308568 0.25522187 -0.33165440
v -0.00387999 0.24907729 -0.33158955
v -0.13129903 0.63244003 -0.31249768
v 0.04258466 0.56363499 -0.35607612
v -0.17370166 0.63356781 -0.26972243
v -0.19142704 0.58214915 -0.26504877
v -0.09856718 0.63852829 -0.33778107
v -0.19964023 0.64786565 -0.23825845
v -0.22585645 0.48028463 -0.26185930
v 0.05096477 0.58718264 -0.34981826
v -0.00266773 0.66365141 -0.32546118
v -0.10021218 0.65195602 -0.33665583
v -0.10670044 0.64917433 -0.33426711
v -0.11497030 0.66356438 -0.33620372
v -0.12867118 0.70132804 -0.33994886
v -0.13783866 0.70135540 -0.33622640
v -0.15148395 0.73563689 -0.34172064
v -0.15403348 0.75987482 -0.34576836
v -0.16128989 0.75787824 -0.34181485
v -0.16191508 0.74097866 -0.33374551
v -0.14423902 0.64820081 -0.29266441
v 0.10301533 0.43845680 -0.35715985
v -0.13437641 0.64035833 -0.30497000
v -0.20282550 0.66908222 -0.24712150
v -0.18363297 0.70081460 -0.28493938
v -0.21518768 0.64851868 -0.22144079
v -0.22675875 0.64020914 -0.20835932
v -0.23809841 0.62966657 -0.19631892
v -0.24760295 0.53317600 -0.20283706
v -0.26543167 0.35048196 -0.20626996
v -0.26960579 0.33750886 -0.20194855
v -0.19291754 0.69821507 -0.27014315
v -0.16196090 0.76869136 -0.35023367
v -0.02575096 0.76511782 -0.30795220
v -0.10016751 0.76933932 -0.32980168
v 0.08924408 0.63413537 -0.32858440
v 0.09157026 0.72513539 -0.29450297
v 0.04520056 0.76622880 -0.28643656
v 0.06294031 0.58666027 -0.34726328
v -0.00632105 0.77487117 -0.30308142
v -0.07505085 0.81515104 -0.34046075
v -0.02745021 0.83612972 -0.33416694
v -0.20602180 0.80363101 -0.35740820
v -0.18947658 0.78321391 -0.35049295
v -0.17930479 0.89191610 -0.37012422
v -0.22624953 0.81546861 -0.35948634
v -0.25039685 0.84120417 -0.36471313
v -0.25237757 0.82973671 -0.35910633
v -0.25176018 0.89500040 -0.37472886
v -0.26170838 0.84284383 -0.36560869
v -0.29980525 0.85536247 -0.37116084
v -0.33550861 0.90681350 -0.37894455
v -0.32625204 0.86016059 -0.37274390
v -0.37956488 0.86923051 -0.37311617
v -0.38996413 0.90036762 -0.37802744
v -0.40847948 0.87729466 -0.37220106
v -0.43310863 0.89993000 -0.37422153
v -0.44294935 0.89068651 -0.37037596
v -0.45189366 0.89995098 -0.36870295
v -0.44222578 0.87633598 -0.36447969
v -0.37108397 0.90897679 -0.37766865
v -0.14595877 0.88446045 -0.36843100
v -0.09132864 0.87335253 -0.36579725
v -0.10476842 0.88298041 -0.36593157
v -0.45389780 0.87812632 -0.36563191
v -0.45339066 0.89599079 -0.37185445
v -0.26061231 0.90451741 -0.37387392
v -0.13366221 0.89143795 -0.36638394
v -0.29917336 0.84729815 -0.36672032
v -0.41341767 0.90773529 -0.37345263
v 0.00392996 0.25544748 -0.32678714
v 0.07225123 0.77446032 -0.27893081
v 0.06634218 0.78946918 -0.28566995
v 0.11530979 0.30218366 -0.32335079
v 0.07546702 0.76502746 -0.28008232
v 0.09879870 0.77462053 -0.27332902
v 0.08620794 0.79190952 -0.27860513
v 0.10492379 0.27917159 -0.31580791
v 0.11792114 0.28700647 -0.31665993
v 0.13398015 0.27850345 -0.31416470
v 0.14861189 0.29027879 -0.31041229
v 0.15894361 0.30648118 -0.31062937
v 0.19813879 0.39870241 -0.29472232
v 0.17195617 0.29447120 -0.30294386
v 0.06008846 0.80429018 -0.29095352
v 0.04381801 0.54312032 -0.35682666
v 0.06545340 0.27012473 -0.31904384
v 0.09693328 0.27091607 -0.31632730
v 0.11392445 0.27115470 -0.31834564
v 0.07507839 0.26333666 -0.32027856
v 0.05546683 0.26325142 -0.31937882
v 0.02573499 0.26330405 -0.32441565
v 0.03668602 0.25579301 -0.32462534
v 0.08829926 0.60637516 -0.33573812
v 0.02525554 0.81092674 -0.30757436
v -0.00080992 0.82888234 -0.32195669
v 0.15091218 0.50995916 -0.30802217
v 0.12724550 0.58457464 -0.31413805
v 0.01608102 0.82810742 -0.31083331
v -0.18515135 0.94300783 -0.34370700
v 0.18055639 0.30169544 -0.29734996
v 0.19382584 0.29880834 -0.29372379
v -0.02163312 0.84607810 -0.32880172
v 0.26688915 0.49315184 -0.24269748
v 0.29159990 0.45780388 -0.23160601
v 0.30387104 0.42691109 -0.22768486
v 0.29107314 0.38985395 -0.23269930
v 0.25536379 0.33732510 -0.25134024
v 0.21329583 0.31850138 -0.27654043
v 0.31402439 0.41820627 -0.22118236
v 0.22054990 0.31358722 -0.27541560
v -0.07207631 0.86910969 -0.35472387
v -0.12472018 0.90048635 -0.35948196
v 0.21468568 0.54372030 -0.26149693
v 0.26543498 0.50643623 -0.24089426
v -0.23517661 0.98078007 -0.32530019
v 0.30678859 0.36581856 -0.21717495
v 0.10398001 0.78484583 -0.26761866
v 0.10592303 0.75110352 -0.27638444
v -0.39399153 0.86744362 -0.36615962
v -0.45847657 0.91311657 -0.36235732
v 0.16168822 0.65818810 -0.25729692
v 0.31942660 0.41009092 -0.21392030
v 0.31677774 0.37707576 -0.20845281
v 0.32618222 0.37140206 -0.20526549
v 0.30119291 0.44797224 -0.22484678
v -0.09497420 0.88475335 -0.35990924
v -0.41557142 0.87133610 -0.36487982
v 0.25304261 0.57500780 -0.21551298
v 0.27485678 0.49955428 -0.23314925
v 0.33794388 0.38459560 -0.18845022
v 0.33303618 0.39297050 -0.18943274
v -0.27259976 0.35352954 -0.18721800
v 0.09282102 0.79650831 -0.26931906
v 0.17392354 0.71058011 -0.20629784
v 0.25084794 0.64328206 -0.17537412
v -0.03129453 0.89554626 -0.29235128
v 0.07113597 0.83668613 -0.25087667
v 0.11856177 0.75744110 -0.25634179
v 0.12047598 0.77396119 -0.25108287
v 0.14525646 0.72956192 -0.23374513
v 0.17537665 0.72263426 -0.19826166
v 0.28577691 0.48383492 -0.22372012
v 0.32023764 0.42309338 -0.20830815
v 0.27497295 0.60488236 -0.15393136
v 0.29076821 0.56973392 -0.14549100
v 0.33054322 0.41271093 -0.18755314
v 0.31136239 0.47023046 -0.17591144
v 0.34139654 0.46858075 -0.10578284
v 0.03581383 -0.28522816 0.39112708
v 0.07486089 -0.26221892 0.39381284
v 0.07473435 -0.19896038 0.40064329
v 0.03558736 -0.36723018 0.38271824
v 0.07422268 -0.36777297 0.38259357
v 0.03522159 -0.16106623 0.40611044
v 0.08104794 -0.16791737 0.40429854
v 0.05997174 -0.12534142 0.40700588
v 0.08243848 -0.11797346 0.40700442
v 0.03131189 -0.12409163 0.40857208
v 0.08326410 -0.19040126 0.40004066
v 0.08234698 -0.29408613 0.38745531
v 0.09213170 -0.12214243 0.40313739
v 0.02653172 -0.36447632 0.38006890
v 0.02714267 -0.18456264 0.39979246
v 0.02757234 -0.11353708 0.40598845
v 0.06008760 -0.11448113 0.40378758
v 0.09040196 -0.36452031 0.37534553
v 0.09299645 -0.16858432 0.39858615
v 0.19031976 -0.12156874 0.40214691
v 0.19388488 -0.17723311 0.39369500
v 0.09211120 -0.17685412 0.39622957
v 0.20274174 -0.17460950 0.38976899
v 0.19994619 -0.12215373 0.39765334
v 0.09092259 -0.36938253 0.37347215
v 0.17661856 -0.36643046 0.37437391
v 0.17798743 -0.29952598 0.37896308
v 0.09036445 -0.29319412 0.38029984
v 0.17735669 -0.27488658 0.38089919
v 0.17148986 -0.24486075 0.38253418
v 0.09371699 -0.18379702 0.38947570
v 0.16830556 -0.21852475 0.38390720
v 0.18416952 -0.19292833 0.38491869
v 0.18524696 -0.18434305 0.38675791
v 0.18592072 -0.31369814 0.37573975
v 0.18660468 -0.21279435 0.38538247
v 0.18584871 -0.29269063 0.38066387
v 0.19283620 -0.30267805 0.37955183
v 0.18438749 -0.36295053 0.37222028
v 0.19273391 -0.19346777 0.38075912
v 0.19544996 -0.18631423 0.38102305
v 0.18515974 -0.25815168 0.38791233
v 0.01923448 -0.12278039 0.40324852
v 0.01902073 -0.17653784 0.39649814
v -0.05901428 -0.13129157 0.40154931
v -0.05957095 -0.16777016 0.39816821
v -0.06582295 -0.17614636 0.39585719
v -0.06788198 -0.16551574 0.39730316
v -0.06985468 -0.12200696 0.40020028
v 0.17669322 -0.37466744 0.36833537
v 0.19123715 -0.11300838 0.39765099
v -0.05832398 -0.11542654 0.39673468
v 0.18446140 -0.37277326 0.36488077
v 0.09536495 -0.11347506 0.39749497
v 0.08244885 -0.10435736 0.39809024
v -0.05913002 -0.18445219 0.38691628
v 0.01960023 -0.18370961 0.38935313
v 0.00964288 -0.19258590 0.38652655
v -0.05850504 -0.19301936 0.38416785
v -0.04301414 -0.20978823 0.38367623
v 0.01160609 -0.24575640 0.38235727
v -0.05881669 -0.29050168 0.37697172
v -0.04349415 -0.23518392 0.38190466
v 0.01983994 -0.28182220 0.38054758
v -0.05929052 -0.36432034 0.37360981
v 0.01970749 -0.36811745 0.37484813
v -0.05950077 -0.24294473 0.38024160
v -0.04996836 -0.22649403 0.38823619
v -0.05604712 -0.20279019 0.38768336
v -0.07078449 -0.19537668 0.38167837
v -0.06969544 -0.18470788 0.38201812
v -0.06676091 -0.27601662 0.37289989
v -0.06645066 -0.24695870 0.37580568
v -0.06306468 -0.30619231 0.37332949
v 0.03175196 -0.37365109 0.37442076
v 0.17645530 -0.23810090 0.38935941
v 0.17732087 -0.22400028 0.39006838
v 0.02700655 -0.10400087 0.39907712
v 0.06565876 -0.10591139 0.39731526
v 0.01768836 -0.11531354 0.39703506
v -0.06633785 -0.23982188 0.39008364
v -0.06645066 -0.24695870 0.37580568
v -0.10521081 -0.35139695 0.30105191
v -0.10013220 -0.34203297 0.30237651
v -0.10987627 -0.34139118 0.29695347
v -0.09305249 -0.34351423 0.30659780
v -0.10666355 -0.38868019 0.31969085
v -0.06581245 -0.36224955 0.31925118
v -0.06561552 -0.33674332 0.30956885
v -0.07494378 -0.30968627 0.29648435
v -0.06678502 -0.31000903 0.29983857
v -0.06157320 -0.38113552 0.32443261
v -0.10979571 -0.40464339 0.32237810
v -0.05110463 -0.40472695 0.33134851
v -0.04762528 -0.38153061 0.32632154
v 0.02113457 -0.38104695 0.33408323
v 0.03984831 -0.40482447 0.34249005
v 0.04186020 -0.38122016 0.33594611
v 0.07447062 -0.38067460 0.33259955
v 0.10876497 -0.40467277 0.33483925
v 0.14243479 -0.38125280 0.32533047
v 0.16923264 -0.40482816 0.32656050
v 0.17357548 -0.38097814 0.31903949
v -0.08459658 -0.31768093 0.30059090
v -0.09819163 -0.33301601 0.30628648
v -0.07466304 -0.28390032 0.29413974
v -0.06581146 -0.24852622 0.28945175
v -0.07512821 -0.25615510 0.28692526
v -0.06087126 -0.36901721 0.32621059
v -0.07412258 -0.23610452 0.27894691
v -0.10658886 -0.41293687 0.32078880
v 0.10472117 -0.42032474 0.33103561
v 0.16784109 -0.41855812 0.32465646
v 0.16876614 -0.44361162 0.33898896
v 0.11259102 -0.47652128 0.36028260
v 0.03642806 -0.48342428 0.36694816
v 0.07926477 -0.51499307 0.38101131
v 0.09571997 -0.53253621 0.38948536
v 0.07197139 -0.51886916 0.38096604
v 0.17651412 -0.50122011 0.37305483
v 0.13093321 -0.55974859 0.40406471
v 0.18516448 -0.54884988 0.39865240
v 0.10059802 -0.54551178 0.39466244
v 0.00889696 -0.42052624 0.33265531
v 0.01410694 -0.49149534 0.36978784
v -0.07285469 -0.50978434 0.37261826
v -0.01356300 -0.50852323 0.37580618
v -0.05799837 -0.53862172 0.38857770
v -0.03677605 -0.53506339 0.38670012
v -0.08266710 -0.55770296 0.39618587
v -0.06664456 -0.55381811 0.39480281
v -0.10013973 -0.57644510 0.40377158
v -0.14477406 -0.58096355 0.40762350
v -0.13579287 -0.59207648 0.41310707
v -0.14437316 -0.60689306 0.41947922
v 0.15348300 -0.57627714 0.41405943
v 0.14302483 -0.57907242 0.41404647
v 0.16400973 -0.60436469 0.42656469
v -0.11620989 -0.44921517 0.33515662
v -0.10400874 -0.42025855 0.32073170
v -0.13230318 -0.51289654 0.36956394
v 0.18428300 -0.58463246 0.42007279
v 0.18026061 -0.61074013 0.43281299
v 0.19421549 -0.60711253 0.42961290
v -0.07249051 -0.56714714 0.39745650
v -0.15611470 -0.60184139 0.41431892
v -0.12078936 -0.59939754 0.41244996
v -0.04509411 -0.54921478 0.38925767
v 0.00273212 -0.50827169 0.37412199
v -0.01235682 -0.52305496 0.37822628
v 0.12230661 -0.56984437 0.40447944
v 0.06574742 -0.51430029 0.37816694
v 0.19417590 -0.61927426 0.43063998
v 0.19357845 -0.56963474 0.40683016
v 0.02522767 -0.49550018 0.36721635
v -0.11130605 -0.41955811 0.31673396
v -0.13798095 -0.51451898 0.36778450
v -0.14519431 -0.52951330 0.37116531
v -0.15547326 -0.60951561 0.41557482
v -0.10198864 -0.59230560 0.40580124
v 0.08273415 -0.53686965 0.38399932
v -0.08492512 -0.58184904 0.39876878
v -0.15309711 -0.56729311 0.39303502
v 0.14444481 -0.59424818 0.41420704
v 0.17812258 -0.46674326 0.34826082
v 0.17783250 -0.40590158 0.32124427
v -0.06252162 -0.56777138 0.39097181
v -0.06869780 -0.21891961 0.27843922
v -0.08278852 -0.21218394 0.27060312
v -0.08451351 -0.23274122 0.27883196
v -0.06779925 -0.18745500 0.27860835
v -0.08509099 -0.17312051 0.27109048
v -0.08273586 -0.23908851 0.28684059
v 0.18211058 -0.62386727 0.42925060
v -0.09129928 -0.19694814 0.26565361
v -0.09526331 -0.21191828 0.27076265
v -0.09921829 -0.20544831 0.26404062
v -0.11226618 -0.18648194 0.24850349
v -0.12113338 -0.60767770 0.41009828
v -0.11263371 -0.16136903 0.24778177
v -0.07341478 -0.14239827 0.27777010
v -0.07452044 -0.17106850 0.27859044
v -0.10595873 -0.10857595 0.24734014
v -0.07831039 -0.10673553 0.26878637
v -0.04102554 -0.55260670 0.38315690
v -0.14334530 -0.61831164 0.41426682
v 0.06547243 -0.52309549 0.37383786
v -0.00671270 -0.37394202 0.33495587
v 0.10010784 -0.55601084 0.39064732
v 0.03586886 -0.49553105 0.36137623
v 0.03586886 -0.49553105 0.36137623
v -0.08880232 -0.21453854 0.27877012
v 0.16780308 -0.61784405 0.42168260
v 0.01122368 -0.51306450 0.36334115
v -0.07871986 -0.58169878 0.38889378
v 0.12771787 -0.58366692 0.39833194
v 0.26211232 -0.41244403 0.12776189
v 0.26331773 -0.41980723 0.13011618
v 0.26304346 -0.42093635 0.12182879
v 0.28578535 -0.45797086 0.12068173
v 0.28435004 -0.45380291 0.12922575
v 0.32759240 -0.52232033 0.12240887
v 0.34410763 -0.54305983 0.12990721
v 0.25812715 -0.42072371 0.11214345
v 0.27281636 -0.48266736 0.07351135
v 0.28838599 -0.53796190 0.04394037
v 0.31263399 -0.55120158 0.06830373
v 0.34113556 -0.57668704 0.08992220
v 0.36768311 -0.58165824 0.12968940
v 0.36860088 -0.59305823 0.11955584
v 0.27202895 -0.53027815 0.02663414
v 0.25536332 -0.52228594 0.01064276
v 0.38043746 -0.60596859 0.12956077
v 0.22684886 -0.42098987 0.04734004
v 0.19813906 -0.42039466 -0.00233929
v 0.24447243 -0.42047971 0.08183219
v 0.18456644 -0.44098723 -0.03941047
v 0.18300132 -0.41415796 -0.02200810
v 0.18441871 -0.48081148 -0.06823932
v 0.19250749 -0.50903696 -0.07877818
v 0.23782776 -0.55301702 -0.03770746
v 0.23137999 -0.57713991 -0.06760357
v 0.21341203 -0.60576731 -0.11702661
v 0.19271432 -0.58446652 -0.12937522
v 0.20054789 -0.60592735 -0.13552898
v 0.21034649 -0.62037420 -0.13045734
v 0.29111868 -0.54621291 0.04263073
v 0.31214920 -0.56162995 0.06216384
v 0.25419489 -0.53046036 0.00399558
v 0.17544177 -0.41476566 -0.03011350
v 0.20047438 -0.62990290 -0.14684938
v 0.18555789 -0.54124075 -0.10569708
v 0.21042286 -0.41284660 0.01782659
v 0.26027444 -0.53030837 0.01705050
v 0.36097693 -0.59714645 0.10982481
v 0.23990341 -0.56271905 -0.03778170
v 0.24752258 -0.54761893 -0.01536651
v 0.22569957 -0.59553736 -0.08361425
v 0.17583780 -0.44259459 -0.04695291
v 0.37818825 -0.59773028 0.14020035
v 0.27436924 -0.54462117 0.03105371
v 0.19240665 -0.62495613 -0.14946748
v 0.33797845 -0.58353132 0.08746461
v 0.20722604 -0.63140088 -0.13377729
v 0.23627678 -0.41328377 0.05826426
v 0.25119606 -0.54356509 0.00052031
v 0.37209862 -0.61395717 0.12500472
v 0.23224723 -0.58008236 -0.05697031
v 0.29439980 -0.55933225 0.05004752
v 0.24669999 -0.40472558 0.06588753
v 0.25112179 -0.53771180 0.01715721
v 0.37372637 -0.62058228 0.13728561
v 0.30683950 -0.57146627 0.06519718
v 0.35630158 -0.60899371 0.11515643
v 0.27601087 -0.55725121 0.04323547
v -0.10589020 -0.79056287 0.03409724
v -0.09933268 -0.71038520 0.04202494
v -0.08448543 -0.79574394 0.03519312
v -0.03876220 -0.68181682 0.06774652
v -0.10476954 -0.67433292 0.05007967
v -0.04494124 -0.80555385 0.05518772
v -0.07883173 -0.59458011 0.04538919
v -0.04000708 -0.58358383 0.05037653
v -0.05460691 -0.55311280 0.04333590
v -0.04114987 -0.53930175 0.04415217
v -0.01376740 -0.54363841 0.05740859
v -0.06787255 -0.52128381 0.03542417
v -0.04833495 -0.52623498 0.03809193
v -0.01852347 -0.52606165 0.04750243
v -0.02463287 -0.66966110 0.07740225
v -0.02693642 -0.68751979 0.07832860
v 0.00332280 -0.55582368 0.07366624
v 0.00532424 -0.53199548 0.06595735
v -0.03118225 -0.81181020 0.07062040
v -0.05401001 -0.81369442 0.04456012
v 0.01146610 -0.51810169 0.06104776
v 0.01646340 -0.53273296 0.07870304
v -0.08862718 -0.52338612 0.04012431
v -0.08235085 -0.80349749 0.03122206
v -0.01803773 -0.69290650 0.09147501
v -0.01383735 -0.66851693 0.09400018
v -0.10821248 -0.79816228 0.02878323
v -0.02307852 -0.51194668 0.03380114
v -0.04611616 -0.51042169 0.02817830
v -0.00883593 -0.51108462 0.03942290
v -0.07087635 -0.50554389 0.02725010
v -0.08634266 -0.50196731 0.03337314
v 0.01385437 -0.49520114 0.03628701
v -0.13983402 -0.59921962 0.06530008
v -0.10180575 -0.49991214 0.04295950
v -0.14404073 -0.65536511 0.06748343
v -0.16295660 -0.73352551 0.06615391
v -0.13022888 -0.78994024 0.03980876
v -0.15325125 -0.79034418 0.05041902
v -0.14590023 -0.79827964 0.03969285
v -0.11422438 -0.49920246 0.05082950
v -0.16020995 -0.78611100 0.05592998
v -0.16410729 -0.79910201 0.05559101
v -0.04106802 -0.82045007 0.05057101
v -0.08173820 -0.86720276 0.18829571
v -0.06557941 -0.85758328 0.18373196
v -0.09929788 -0.84797132 0.19691485
v -0.05483073 -0.87415498 0.17673989
v -0.06533617 -0.88980687 0.17561682
v -0.04879394 -0.89351302 0.16634689
v -0.10150653 -0.86073261 0.19296168
v -0.08895525 -0.89013582 0.17910703
v -0.12251346 -0.84589446 0.19896084
v -0.11474567 -0.87611288 0.18553542
v -0.06680934 -0.89996111 0.16930699
v -0.13737853 -0.87425357 0.18185863
v -0.15223461 -0.85460240 0.18678202
v -0.16597076 -0.84431726 0.18470596
v -0.15407018 -0.87559515 0.17393713
v -0.17393921 -0.85281199 0.17645405
v -0.16869678 -0.87648416 0.16344953
v -0.04951497 -0.90075874 0.15960839
v -0.06100674 -0.90742505 0.15921973
v -0.18457401 -0.85910839 0.16297360
v -0.17976408 -0.87812370 0.14932106
v -0.19139308 -0.84197104 0.16432104
v -0.14583623 -0.83440310 0.18977630
v -0.11714538 -0.83304590 0.19602738
v -0.17601566 -0.83419544 0.17533202
v -0.09474762 -0.84021920 0.19275801
v 0.08707785 -0.85751933 0.16936530
v 0.07631503 -0.87172055 0.15855624
v 0.08588114 -0.88363367 0.16589950
v 0.06845548 -0.85568798 0.14928938
v 0.10581097 -0.87844414 0.17914091
v 0.10786798 -0.85582453 0.18450242
v 0.10241685 -0.89482045 0.17077236
v 0.12526539 -0.86944896 0.18782318
v 0.12735938 -0.85078561 0.19290425
v 0.09218889 -0.90003264 0.16067258
v 0.14802958 -0.85335267 0.19673230
v 0.15279964 -0.83673674 0.19780602
v 0.12247957 -0.88983351 0.17782564
v 0.16693754 -0.84586722 0.19842735
v 0.10975028 -0.90642053 0.16555899
v 0.12405623 -0.90198165 0.17569868
v 0.15512395 -0.87680757 0.18586749
v 0.16817974 -0.86824363 0.18953498
v 0.17621203 -0.87657660 0.19038288
v 0.19108917 -0.86869437 0.18427263
v 0.22452998 -0.84783131 0.18118636
v 0.18663549 -0.83704329 0.19228920
v 0.19600049 -0.87622082 0.18303394
v 0.21381979 -0.86853063 0.17319244
v 0.21977948 -0.87603176 0.16443621
v 0.23663037 -0.86663437 0.15637219
v 0.07581917 -0.89086825 0.14845888
v 0.22566335 -0.83310568 0.17397894
v 0.12873933 -0.98473001 0.14745496
v 0.19441003 -0.98840690 0.09011355
v 0.20069911 -0.98816663 0.09872490
v 0.19159426 -0.99713939 0.16685893
v 0.22278909 -0.99502766 0.11121790
v 0.25943369 -0.99737102 0.16570674
v 0.23927173 -0.99478489 0.12104379
v 0.19688278 -0.99492335 0.23231508
v 0.15207011 -0.99467629 0.22488926
v 0.13922800 -0.99451464 0.18759345
v 0.13715044 -0.99213630 0.16459793
v 0.26166871 -0.99455625 0.21449587
v 0.17139560 -0.99284810 0.24791636
v 0.27184021 -0.99426138 0.19120397
v 0.21196921 -0.98343325 0.08752029
v 0.18845423 -0.98735327 0.26200268
v 0.14169933 -0.98813421 0.12620912
v 0.11674410 -0.98583055 0.13798943
v 0.26329628 -0.98695552 0.23442127
v 0.18913433 -0.99565285 0.07132831
v 0.11285676 -0.99553156 0.11671726
v 0.16193911 -0.99716538 0.02494964
v 0.09300544 -0.99518561 0.03812936
v 0.09441227 -0.99471092 0.10852449
v 0.19302315 -0.99672878 0.05203531
v 0.08134113 -0.99568999 0.05470870
v 0.07956312 -0.99490321 0.07887557
v 0.12101229 -0.99491870 0.02308319
v 0.18188678 -0.99492419 0.02998256
v 0.16265109 -0.99517667 0.01735082
v 0.11242608 -0.99201423 0.12797423
v 0.20377922 -0.98919404 0.07396774
v 0.26449206 -0.99447489 0.16193947
v 0.17724775 -0.98621440 0.26128197
v 0.12861963 -0.98707968 0.17260747
v 0.12064906 -0.97867978 0.14945206
v 0.27263314 -0.98404974 0.22538999
v 0.21646935 -0.97887272 0.26317158
v 0.16207963 -0.98547530 0.25084740
v 0.25224787 -0.97871059 0.24841540
v 0.18784063 -0.97843391 0.27054393
v 0.26483890 -0.97782350 0.23986869
v 0.20255165 -0.96748835 0.27248618
v 0.24551260 -0.96008146 0.25783613
v 0.20524950 -0.94784433 0.27948481
v 0.23404823 -0.93165332 0.27450520
v 0.25286317 -0.93227524 0.26419178
v 0.26377863 -0.93507928 0.25486881
v 0.25533292 -0.84171999 0.12280152
v 0.25336596 -0.83713478 0.07834873
v 0.25266331 -0.82719588 0.11232775
v 0.25235614 -0.82306707 0.08808415
v 0.24897507 -0.82693285 0.06609782
v 0.24691427 -0.83851814 0.15140229
v 0.24600019 -0.84662634 0.15812221
v 0.24890806 -0.85423052 0.14192995
v 0.24675998 -0.87607718 0.11946303
v 0.24472821 -0.86506152 0.06124553
v 0.24227807 -0.88704693 0.07998278
v 0.23848887 -0.88248831 0.05924900
v 0.24322920 -0.87141305 0.13742630
v 0.23663037 -0.86663437 0.15637219
v 0.23405197 -0.89299375 0.11074680
v 0.23378202 -0.89019090 0.12370393
v 0.23130482 -0.88281935 0.14311463
v 0.22657201 -0.87391776 0.03674753
v 0.23713097 -0.82180375 0.04825952
v 0.23219769 -0.87653977 0.14918038
v 0.22350648 -0.88476145 0.16826743
v 0.22452998 -0.84783131 0.18118636
v 0.21977948 -0.87603176 0.16443621
v 0.21977948 -0.87603176 0.16443621
v 0.21878988 -0.84735495 0.02785599
v 0.24126300 -0.81293768 0.06787109
v 0.22731362 -0.80888891 0.03992878
v 0.21482398 -0.80864596 0.02915662
v 0.22566335 -0.83310568 0.17397894
v -0.20036167 -0.84642631 0.14249720
v -0.19872044 -0.83763105 0.14390481
v -0.20417649 -0.83775902 0.10291558
v -0.20163593 -0.81971860 0.08405000
v -0.19139308 -0.84197104 0.16432104
v -0.18695466 -0.82556641 0.15528236
v -0.19444291 -0.81131434 0.08591134
v -0.17601566 -0.83419544 0.17533202
v -0.17033179 -0.82056546 0.16628425
v -0.20063558 -0.82258463 0.06941545
v -0.18873605 -0.80700636 0.05818009
v -0.19238363 -0.81963402 0.05269349
v -0.19961035 -0.85980445 0.07449447
v -0.19964947 -0.87287122 0.08515690
v -0.19666192 -0.88148230 0.11179502
v -0.19453719 -0.88640010 0.09323168
v -0.19178599 -0.87466645 0.06131947
v -0.19018981 -0.88647020 0.07189659
v -0.18457401 -0.85910839 0.16297360
v -0.18194841 -0.86818916 0.04183525
v -0.17976408 -0.87812370 0.14932106
v -0.18490507 -0.89234030 0.12083711
v -0.18451487 -0.89165276 0.13496624
v -0.17861965 -0.88464189 0.14800555
v -0.17490393 -0.88428313 0.16397057
v -0.18058488 -0.88429403 0.05301605
v -0.18447873 -0.89237970 0.09700283
v -0.18459374 -0.89892739 0.10751463
v -0.17363472 -0.89178532 0.07020307
v -0.16938953 -0.90009528 0.06878448
v -0.18109861 -0.90726173 0.09373971
v -0.16652334 -0.94418252 0.06131593
v -0.15263294 -0.91382337 0.03255393
v -0.17634033 -0.95544505 0.08677844
v -0.17321311 -0.96910506 0.08531033
v -0.16003314 -0.98502260 0.05914582
v -0.16656652 -0.98115218 0.08582503
v -0.16454838 -0.89167231 0.05684561
v -0.14938414 -0.98693079 0.03903796
v -0.15337840 -0.99426985 0.07179274
v -0.15316127 -0.99396086 0.05704569
v -0.14252692 -0.93687457 0.01801122
v -0.17998131 -0.97825027 0.09786841
v -0.19769543 -0.91292256 0.12082557
v -0.19282192 -0.98383385 0.11800715
v -0.20600881 -0.92465639 0.13397315
v -0.20966890 -0.98674715 0.14994808
v -0.21629128 -0.97938108 0.16620500
v -0.21300301 -0.99406540 0.16489202
v -0.21861468 -0.98559177 0.18275809
v -0.22128573 -0.93903601 0.19361171
v -0.21896213 -0.98249030 0.21092713
v -0.22215614 -0.93170947 0.17953041
v -0.21867523 -0.92786008 0.16036683
v -0.21932171 -0.94000310 0.22895533
v -0.20694384 -0.91366237 0.14210376
v -0.14532807 -0.91034979 0.02248580
v -0.14851266 -0.89018714 0.03267746
v -0.21582569 -0.99380678 0.19029109
v -0.13487151 -0.98683596 0.02109253
v -0.21703158 -0.91932505 0.16785526
v -0.19703461 -0.99533981 0.13612540
v -0.17411610 -0.81449634 0.03315169
v -0.21623118 -0.98365235 0.22839609
v -0.13459849 -0.90528530 0.01238990
v -0.15929680 -0.84895837 0.02039069
v -0.13804680 -0.99529833 0.03171524
v -0.18046299 -0.98818678 0.10668384
v -0.15646425 -0.86776656 0.02112694
v -0.15931062 -0.88496518 0.04208459
v -0.21566923 -0.94086033 0.24327978
v -0.21637422 -0.92934972 0.20797299
v -0.21596007 -0.93100846 0.23999102
v -0.16691712 -0.87745285 0.03394932
v -0.13125716 -0.88420033 0.01991231
v -0.12755460 -0.94126177 0.00786199
v -0.12230634 -0.97993636 0.01145142
v -0.14048776 -0.87662995 0.02186313
v -0.16625127 -0.80222541 0.03433501
v -0.18123966 -0.99475759 0.11899340
v -0.14965540 -0.80909550 0.01946092
v -0.14480147 -0.84627855 0.01293719
v -0.14168420 -0.86711973 0.01401761
v -0.20698915 -0.93285888 0.25645190
v -0.11717243 -0.99458015 0.01876745
v -0.12373087 -0.85906827 0.00761910
v -0.20890298 -0.98165727 0.24017659
v -0.11723839 -0.90209776 0.00736573
v -0.11954439 -0.83948451 0.00648225
v -0.10957086 -0.88434160 0.01487266
v -0.11297504 -0.87623626 0.01492017
v -0.11115592 -0.96631742 0.00844566
v -0.11930201 -0.80281752 0.01573217
v -0.10078710 -0.81852978 0.00908230
v -0.08844946 -0.83996648 0.00528606
v -0.09205504 -0.85725969 0.00541458
v -0.09279009 -0.98667115 0.01559728
v -0.09100724 -0.88394064 0.01669913
v -0.08454919 -0.98622209 0.14497161
v -0.12059283 -0.98700649 0.12465223
v -0.13890277 -0.98873925 0.09604964
v -0.08527994 -0.98716778 0.13300972
v -0.15399005 -0.98683536 0.08922382
v -0.14578389 -0.98786539 0.10757858
v -0.16415165 -0.98617059 0.09545982
v -0.14118809 -0.99723411 0.16976531
v -0.08441520 -0.99192172 0.16178101
v -0.10670703 -0.99429655 0.23756984
v -0.16547640 -0.99473870 0.12015126
v -0.19703461 -0.99533981 0.13612540
v -0.20497198 -0.99776411 0.17060994
v -0.18123966 -0.99475759 0.11899340
v -0.20857584 -0.99558562 0.20352520
v -0.08249794 -0.99353755 0.18645024
v -0.20659161 -0.99094546 0.22626536
v -0.18046299 -0.98818678 0.10668384
v -0.21582569 -0.99380678 0.19029109
v -0.19365302 -0.98677146 0.24393678
v -0.12130474 -0.98582649 0.26349357
v -0.21300301 -0.99406540 0.16489202
v -0.07256290 -0.98024541 0.14663902
v -0.07492751 -0.98507309 0.16987163
v -0.11106440 -0.99444062 0.09918303
v -0.07632753 -0.99483854 0.11638355
v -0.06424447 -0.99662530 0.09726495
v -0.08609838 -0.99715298 0.05658700
v -0.04205813 -0.99638522 0.06864800
v -0.04338328 -0.99568033 0.05582188
v -0.14626388 -0.99685425 0.06226256
v -0.13804680 -0.99529833 0.03171524
v -0.08423840 -0.99482441 0.02386792
v -0.11717243 -0.99458015 0.01876745
v -0.05536944 -0.99424261 0.03805363
v -0.05994252 -0.99493986 0.11190659
v -0.04458244 -0.99444693 0.08760790
v -0.15337840 -0.99426985 0.07179274
v -0.15316127 -0.99396086 0.05704569
v -0.07022963 -0.98702580 0.13447379
v -0.16656652 -0.98115218 0.08582503
v -0.17998131 -0.97825027 0.09786841
v -0.21623118 -0.98365235 0.22839609
v -0.20890298 -0.98165727 0.24017659
v -0.05791615 -0.98654723 0.12386083
v -0.13498652 -0.97777933 0.26972827
v -0.10312541 -0.98614639 0.24555601
v -0.19482741 -0.97996128 0.25000554
v -0.13487151 -0.98683596 0.02109253
v -0.09279009 -0.98667115 0.01559728
v -0.06313480 -0.98648214 0.02736375
v -0.05135529 -0.98557097 0.03518886
v -0.12230634 -0.97993636 0.01145142
v -0.16231488 -0.93799758 0.27938578
v -0.14919169 -0.94556832 0.28067896
v -0.13822146 -0.94875920 0.27969483
v -0.19142450 -0.93143004 0.26838541
v -0.20698915 -0.93285888 0.25645190
v -0.06508964 -0.22446881 0.28911796
v -0.06685291 -0.24412452 0.34291357
v -0.06740097 -0.21899432 0.34067398
v -0.06616821 -0.18583377 0.28601608
v -0.06758086 -0.20138924 0.35228693
v -0.06845573 -0.19249839 0.36493966
v -0.06393057 -0.26918447 0.30238590
v -0.06550160 -0.29310215 0.36608845
v -0.06676091 -0.27601662 0.37289989
v -0.06444702 -0.32599327 0.32885274
v -0.06479126 -0.36481023 0.36473143
v -0.06360867 -0.35252550 0.32215348
v -0.06969544 -0.18470788 0.38201812
v -0.06561552 -0.33674332 0.30956885
v -0.07078449 -0.19537668 0.38167837
v -0.06087126 -0.36901721 0.32621059
v -0.06306468 -0.30619231 0.37332949
v -0.06581146 -0.24852622 0.28945175
v -0.06779925 -0.18745500 0.27860835
v -0.06678502 -0.31000903 0.29983857
v -0.06869780 -0.21891961 0.27843922
v -0.06581245 -0.36224955 0.31925118
v -0.07030948 -0.17672406 0.28676853
v -0.07452044 -0.17106850 0.27859044
v -0.07303837 -0.16847803 0.28773403
v -0.07341478 -0.14239827 0.27777010
v -0.07227241 -0.12026072 0.27939689
v -0.07440032 -0.16849971 0.34268445
v -0.07395426 -0.12238944 0.38875520
v -0.07486064 -0.14763261 0.38877004
v -0.07539386 -0.17026187 0.38782647
v -0.07366316 -0.17704001 0.38639554
v -0.06985468 -0.12200696 0.40020028
v -0.07831039 -0.10673553 0.26878637
v -0.05929052 -0.36432034 0.37360981
v -0.06788198 -0.16551574 0.39730316
v -0.05899857 -0.37263834 0.36479500
v -0.07466926 -0.20016278 0.36496490
v -0.06582295 -0.17614636 0.39585719
v -0.25391775 0.80002272 -0.20921107
v -0.26629323 0.80451834 -0.24900267
v -0.22936000 0.79116917 -0.23612991
v -0.18103477 0.77291501 -0.31981516
v -0.29265967 0.81481361 -0.18626365
v -0.26354897 0.80178708 -0.18035404
v -0.20038402 0.78208625 -0.32443100
v -0.24010012 0.79706830 -0.29490724
v -0.20010866 0.78394681 -0.33386883
v -0.16798460 0.76756054 -0.34173700
v -0.23908794 0.79040515 -0.20956297
v -0.30809921 0.82632917 -0.18538927
v -0.31888175 0.83077949 -0.21451403
v -0.18947658 0.78321391 -0.35049295
v -0.21458386 0.78260010 -0.24981843
v -0.26577836 0.80613893 -0.16911387
v -0.34456131 0.84950894 -0.23112671
v -0.21200927 0.79902017 -0.35037124
v -0.23913629 0.81738293 -0.35019755
v -0.26000878 0.82359535 -0.32563165
v -0.25237757 0.82973671 -0.35910633
v -0.26903340 0.83928198 -0.35668468
v -0.29238731 0.84001565 -0.29088536
v -0.17990522 0.76732653 -0.30586374
v -0.16196090 0.76869136 -0.35023367
v -0.22624953 0.81546861 -0.35948634
v -0.22882405 0.78185964 -0.22261438
v -0.25744414 0.79006457 -0.17425945
v -0.33374974 0.84599417 -0.20710513
v -0.35107264 0.85637224 -0.23191583
v -0.36473250 0.86025238 -0.25991616
v -0.26170838 0.84284383 -0.36560869
v -0.36940312 0.87181544 -0.24698541
v -0.39124563 0.87755257 -0.27319345
v -0.16128989 0.75787824 -0.34181485
v -0.17030656 0.75882661 -0.32325771
v -0.20602180 0.80363101 -0.35740820
v -0.30383140 0.82787961 -0.17885526
v -0.25947130 0.80412626 -0.16137533
v -0.34092677 0.86039048 -0.21408686
v -0.31413165 0.83993864 -0.18455057
v -0.38930026 0.87516505 -0.31393859
v -0.35161403 0.85623300 -0.27160770
v -0.39256290 0.87125313 -0.28962147
v -0.40869638 0.87799245 -0.31027913
v -0.29917336 0.84729815 -0.36672032
v -0.41205367 0.87906456 -0.30191234
v -0.34821624 0.85227156 -0.25235716
v -0.33042303 0.84327084 -0.24669439
v -0.39399153 0.86744362 -0.36615962
v -0.41557142 0.87133610 -0.36487982
v -0.43076602 0.87360078 -0.35766461
v -0.44222578 0.87633598 -0.36447969
v -0.45186329 0.87590414 -0.34115058
v -0.45501429 0.87435317 -0.35834792
v -0.45389780 0.87812632 -0.36563191
v -0.42124355 0.88403720 -0.30289564
v -0.44688255 0.88172299 -0.32568616
v -0.45974913 0.88436973 -0.33610892
v -0.42985228 0.89190739 -0.30708811
v 0.05013158 -0.60779947 0.15412189
v 0.05245655 -0.61173815 0.09056319
v 0.06261821 -0.68171525 0.10102925
v 0.06203755 -0.70706677 0.15282941
v 0.04591697 -0.57362241 0.16129763
v 0.06237106 -0.73992521 0.09634639
v 0.06651717 -0.76660722 0.14562893
v 0.06800087 -0.82131350 0.11322678
v 0.06688107 -0.81964886 0.09785680
v 0.04160963 -0.57070136 0.10699340
v 0.03565360 -0.54641831 0.09998323
v 0.05717124 -0.63761723 0.16251142
v 0.03214970 -0.54923612 0.12984215
v 0.03583432 -0.55016088 0.16076630
v 0.05281559 -0.57166505 0.18234557
v 0.06878031 -0.74033493 0.16069527
v 0.07665639 -0.82115752 0.13883953
v 0.03690901 -0.53770250 0.18651682
v 0.04230858 -0.55208677 0.08506616
v 0.03567437 -0.53454614 0.08087338
v 0.05452540 -0.60538816 0.08191084
v 0.06635153 -0.67579901 0.09012558
v 0.06579037 -0.69954109 0.09063358
v 0.07506205 -0.74645704 0.06814806
v 0.07099937 -0.81699288 0.07952283
v 0.07214752 -0.68428826 0.08208136
v 0.06575964 -0.82910103 0.11754458
v 0.04877079 -0.55315220 0.07490537
v 0.08307133 -0.81569654 0.06050739
v 0.07678397 -0.83009988 0.13652447
v 0.06019610 -0.83656698 0.08872227
v 0.05748062 -0.83906329 0.10784119
v 0.02741364 -0.53771842 0.10417615
v 0.02719210 -0.54422945 0.13320307
v 0.02797922 -0.53441656 0.17886925
v 0.04601894 -0.52564567 0.06353282
v 0.06775258 -0.59078330 0.06303345
v 0.08422372 -0.67932022 0.07057078
v 0.06348408 -0.84112626 0.13376342
v 0.05904118 -0.84626579 0.12418891
v 0.06845548 -0.85568798 0.14928938
v 0.06413727 -0.87180024 0.13825476
v 0.07631503 -0.87172055 0.15855624
v 0.07581917 -0.89086825 0.14845888
v 0.06667540 -0.88601416 0.12523828
v 0.07493352 -0.89531958 0.13192743
v 0.07750268 -0.89691103 0.10229228
v 0.06370545 -0.88199824 0.10347816
v 0.07437392 -0.89197451 0.09518381
v 0.07341298 -0.88906229 0.08042263
v 0.07898612 -0.78301573 0.15537673
v 0.08588114 -0.88363367 0.16589950
v 0.08404265 -0.82886523 0.14467338
v 0.08861440 -0.83875042 0.15399203
v 0.07635396 -0.84422636 0.15235598
v 0.09218889 -0.90003264 0.16067258
v 0.08707785 -0.85751933 0.16936530
v 0.05304297 -0.53659797 0.20093833
v 0.06322019 -0.57033175 0.19309813
v 0.09658126 -0.61037117 0.20321795
v 0.10915698 -0.73604244 0.18866342
v 0.10811419 -0.82347143 0.16237058
v 0.11806310 -0.78001946 0.17850399
v 0.12063415 -0.83035785 0.16779618
v 0.07444613 -0.56691992 0.20106497
v 0.09887981 -0.90687937 0.14311254
v 0.08486754 -0.90039426 0.12473527
v 0.06823377 -0.53066033 0.20893580
v 0.10864685 -0.52349037 0.21891318
v 0.13063711 -0.82207876 0.17007263
v 0.14468850 -0.82259732 0.17614859
v 0.13885914 -0.81025004 0.17465903
v 0.12461798 -0.64395630 0.20432954
v 0.12962280 -0.73732156 0.19157603
v 0.16327363 -0.81266552 0.17671850
v 0.16328670 -0.58287573 0.20609117
v 0.26049450 -0.33859646 0.27700305
v 0.26072249 -0.33207953 0.21135572
v 0.27144092 -0.33754995 0.27862489
v 0.27325356 -0.33174890 0.18951871
v 0.29121900 -0.33032402 0.17878702
v 0.28308403 -0.32632241 0.14990591
v 0.30508822 -0.32397005 0.13020071
v 0.24771760 -0.33181167 0.24024341
v 0.24229972 -0.33374053 0.27062592
v 0.26168352 -0.32596594 0.17740245
v 0.28020251 -0.31979403 0.13537486
v 0.29989567 -0.31825325 0.11707642
v 0.31639776 -0.31667733 0.11000834
v 0.33126661 -0.31231585 0.10901184
v 0.30483550 -0.32652792 0.18892869
v 0.34569788 -0.31210402 0.13837738
v 0.34631896 -0.30825388 0.11665696
v 0.27434966 -0.34325841 0.29244119
v 0.24534658 -0.34593174 0.28990614
v 0.25771400 -0.35042626 0.31849086
v 0.28327665 -0.34377280 0.30568567
v 0.26720566 -0.35123470 0.35165519
v 0.25374320 -0.35082409 0.35192099
v 0.23581448 -0.34805146 0.31133485
v 0.23653422 -0.34885734 0.33673829
v 0.28242677 -0.34511745 0.35835814
v 0.22082563 -0.33432141 0.28185561
v 0.21991792 -0.34084925 0.30574951
v 0.29972544 -0.30827338 0.10228726
v 0.28974059 -0.33442664 0.29199356
v 0.32962620 -0.30344912 0.09700248
v 0.26866978 -0.34296343 0.36970696
v 0.29207504 -0.32583413 0.27957869
v 0.32855779 -0.30579108 0.22131191
v 0.36033279 -0.29907626 0.14764193
v 0.30329594 -0.32832846 0.30352065
v 0.36032555 -0.29821679 0.12332182
v 0.34759232 -0.29446986 0.09859622
v 0.30607173 -0.31173381 0.28361499
v 0.28169432 -0.33355623 0.37699533
v 0.29194126 -0.33156416 0.37065631
v 0.36515886 -0.28966525 0.15906823
v 0.31181356 -0.30142653 0.09275538
v 0.37097394 -0.28368944 0.14026734
v 0.35850370 -0.28165862 0.10075778
v 0.32520121 -0.28302255 0.28929740
v 0.35284576 -0.25920007 0.22403334
v 0.36871189 -0.28201041 0.11936197
v 0.33326393 -0.26407859 0.30773023
v 0.31098795 -0.29541165 0.38005087
v 0.29827681 -0.31101915 0.38567594
v 0.37501934 -0.26945737 0.15352261
v 0.32981017 -0.27186650 0.28673631
v 0.37645957 -0.26273558 0.13510169
v 0.31686294 -0.27709273 0.37773189
v 0.33035371 -0.26248008 0.29031113
v 0.37103453 -0.26212054 0.11314271
v 0.31203607 -0.27084413 0.38956112
v 0.30286840 -0.28823522 0.39177477
v 0.37679604 -0.25237894 0.15426864
v 0.31848878 -0.25821435 0.37408024
v 0.37669009 -0.24174541 0.14318770
v 0.33071196 -0.25092557 0.28740484
v 0.32802650 -0.24314001 0.29507110
v 0.10574260 0.45212346 0.33982205
v 0.05932919 0.46366265 0.35227773
v 0.06359486 0.45635259 0.34365776
v 0.02713515 0.46491972 0.35593587
v 0.08394684 0.44397017 0.31697172
v 0.09912921 0.43729064 0.30394608
v 0.14239644 0.44413373 0.32977140
v 0.10873347 0.43063667 0.28961018
v 0.13888206 0.42219156 0.27873752
v 0.17493708 0.41912585 0.27860704
v 0.06287938 0.44676906 0.31832686
v 0.16708332 0.44338316 0.32960421
v 0.02453536 0.44985446 0.31300640
v -0.01657744 0.44925594 0.30793738
v -0.03198719 0.44396597 0.29582250
v 0.19992012 0.41041130 0.27117237
v 0.23118557 0.41148907 0.28756690
v 0.17884268 0.41205290 0.26615390
v -0.06412281 0.44424659 0.29877540
v 0.15170144 0.41430467 0.27068502
v 0.06228369 0.44383124 0.31373912
v -0.07306106 0.46030518 0.34810105
v -0.10266608 0.45396858 0.33616102
v -0.10234727 0.45911002 0.34357220
v 0.22409485 0.39507130 0.25580719
v 0.25255477 0.38999039 0.25962585
v -0.13248260 0.44933397 0.33045503
v -0.12872446 0.42747000 0.28107026
v -0.08981229 0.43540153 0.28725463
v 0.24802357 0.40470695 0.27874136
v 0.27365416 0.38217989 0.25284043
v 0.25125557 0.36609235 0.22247060
v 0.27023175 0.35506731 0.21217561
v 0.29382795 0.36134228 0.22912014
v 0.30373496 0.33540159 0.19377224
v 0.32282838 0.35035482 0.21917997
v 0.28622547 0.37827289 0.24974349
v 0.34306431 0.31039494 0.16872498
v 0.33850354 0.34793508 0.21585998
v 0.29043296 0.33412632 0.18649842
v 0.30536842 0.32212254 0.16953734
v 0.32579622 0.30914614 0.15667433
v 0.30998808 0.30860177 0.15390785
v 0.30053791 0.37229094 0.24097551
v 0.23974344 0.38574189 0.24761285
v -0.08881188 0.42844388 0.28042591
v 0.12500082 0.45219725 0.33855042
v -0.03679066 0.47331554 0.36104113
v -0.00360355 0.47669205 0.36687568
v 0.07352954 0.43702891 0.31137204
v 0.33533344 0.30249706 0.14517465
v 0.20153223 0.40056974 0.26264530
v 0.25560945 0.35540396 0.21328494
v 0.34983328 0.33462676 0.19564094
v 0.35425940 0.30188462 0.15889719
v -0.13527468 0.45718783 0.33622283
v 0.31816056 0.36548638 0.23181871
v -0.16528502 0.44410720 0.32595640
v -0.15399027 0.41999376 0.27708706
v -0.14236729 0.42046127 0.27263120
v 0.30094606 0.31499565 0.16370572
v -0.10966861 0.42074853 0.28044006
v -0.09317071 0.41458672 0.28003296
v 0.26751396 0.34486133 0.20539954
v -0.07212080 0.43829578 0.28621304
v -0.08239566 0.43118244 0.27840081
v 0.36734638 0.29154059 0.14166085
v 0.37336501 0.29748815 0.14667770
v 0.39675474 0.28796732 0.12289206
v 0.35662231 0.28715757 0.12304670
v 0.35219350 0.27882367 0.11434740
v 0.36426631 0.27550715 0.09891707
v 0.39914548 0.27697915 0.10970607
v 0.39663664 0.26474029 0.07579640
v 0.36534384 0.26191342 0.05806847
v -0.18666722 0.40729770 0.27740970
v -0.17501527 0.40405172 0.26394567
v -0.14911297 0.41409096 0.27109820
v -0.19451565 0.41287014 0.28871799
v -0.17658761 0.44112098 0.32297137
v -0.19788906 0.43023634 0.31175596
v -0.21133195 0.41094282 0.28810966
v -0.22407405 0.37690610 0.24778214
v -0.19560988 0.39410383 0.26144415
v -0.23249474 0.39524058 0.26981878
v -0.24778748 0.37979987 0.25222841
v -0.26937088 0.34926644 0.21859786
v -0.23239508 0.35457739 0.21861051
v -0.24590774 0.33389407 0.19999659
v -0.28418371 0.33728194 0.20560104
v -0.25536036 0.32190531 0.18667635
v -0.29463711 0.32908344 0.19484985
v -0.27652201 0.31653106 0.18086079
v -0.29474640 0.31740531 0.18321490
v -0.29617929 0.29651150 0.15827227
v -0.30809867 0.30784211 0.17280316
v -0.31619596 0.29406777 0.15857944
v -0.31633577 0.28805101 0.14859128
v -0.25906655 0.31567913 0.17566317
v -0.28348032 0.30102065 0.15913157
v -0.21809474 0.41637158 0.29119253
v -0.28166503 0.35187581 0.21806704
v -0.27468005 0.35905340 0.22567187
v -0.29338539 0.28744593 0.13966136
v -0.20313281 0.37802944 0.23919256
v 0.15327168 0.45125997 0.33276922
v -0.21652088 0.36895424 0.23064636
v -0.20695150 0.36743531 0.22858749
v -0.30453667 0.27454665 0.11466348
v 0.36883351 0.31622702 0.16633131
v -0.32636303 0.28279799 0.13771029
v -0.32708105 0.26611453 0.10098913
v -0.33452076 0.27844256 0.12573637
v -0.33535218 0.26891381 0.10533795
v -0.28043655 0.28317624 0.12468941
v -0.29526678 0.26365715 0.08591567
v -0.30346990 0.25427860 0.06877512
v -0.28628746 0.25711054 0.07039218
v -0.32200995 0.25394800 0.06927709
v -0.30914801 0.24732871 0.05351747
v -0.29883492 0.24647571 0.04877292
v -0.30666560 0.24063405 0.04295353
v -0.28690758 0.23972869 0.04419645
v -0.28624976 0.28108290 0.12032643
v -0.28503931 0.26676995 0.09811740
v 0.27482936 0.39307150 0.26044944
v -0.27099746 0.30329451 0.15400325
v -0.18475521 0.39745447 0.25912705
v -0.17451961 0.39919233 0.26323098
v -0.17451961 0.39919233 0.26323098
v -0.31914279 0.24324842 0.03674017
v 0.29081210 0.32465586 0.18223567
v 0.27926147 0.33422181 0.19539422
v 0.32482022 0.30044928 0.15164495
v -0.22360863 0.34137061 0.19319101
v -0.21351090 0.34436455 0.20130445
v 0.23925334 0.37416622 0.23711458
v 0.23171976 0.38098457 0.24789289
v -0.24638979 0.31484783 0.16167259
v -0.25373352 0.30158177 0.15259326
v -0.26633966 0.29341370 0.14818931
v -0.23930335 0.32556802 0.17789863
v -0.19486089 0.44299257 0.31933269
v 0.28945982 0.39004180 0.25067031
v 0.23999442 0.36181331 0.22557412
v 0.09970254 0.42721042 0.29253522
v -0.20932636 0.36547995 0.21673253
v -0.21435849 0.35216632 0.20327441
v -0.21351090 0.34436455 0.20130445
v -0.19868432 0.35962850 0.21411420
v -0.09005623 0.46741587 0.34833711
v -0.02883804 0.49026620 0.36971268
v -0.28501323 0.25588438 0.05276498
v -0.28328112 0.24910636 0.04129034
v -0.27902722 0.25392708 0.05108950
v 0.39939514 0.26051766 0.05232928
v 0.37762594 0.25526738 0.03724260
v 0.39683896 0.25557443 0.03448994
v 0.36138555 0.25600260 0.03019173
v 0.35313809 0.25633261 0.03936173
v -0.05802229 0.43611214 0.29530150
v -0.03796359 0.43658957 0.29833305
v -0.03198719 0.44396597 0.29582250
v -0.30705121 0.32298461 0.17914055
v -0.25768280 0.37914538 0.24687451
v -0.33362725 0.26508698 0.08675854
v 0.10791250 0.45968372 0.34267083
v -0.18749864 0.39036274 0.25659305
v -0.19326778 0.38134453 0.25275826
v -0.28669974 0.25818270 0.08753032
v -0.07512125 0.42996407 0.26136291
v -0.08234143 0.41537687 0.26867819
v 0.13758659 0.42056203 0.26975316
v 0.13390607 0.41546857 0.26165855
v 0.11890776 0.42977697 0.27409297
v -0.27853879 0.27262282 0.12009574
v 0.38692844 0.31126401 0.14622301
v 0.33516964 0.29380417 0.13914615
v -0.24494611 0.39600548 0.26205039
v -0.07632643 0.49086457 0.35342875
v -0.32642689 0.29529539 0.14552189
v 0.40476242 0.27359945 0.08663043
v -0.19323929 0.35713020 0.22444625
v 0.24650915 0.41881227 0.28285366
v 0.19125786 0.44479498 0.32380360
v -0.32390666 0.24769171 0.03457109
v 0.34304067 0.35771373 0.21686845
v 0.37198055 0.32711187 0.17033498
v 0.11995610 0.43101826 0.25937331
v 0.03110014 0.47612736 0.35710338
v -0.18067749 0.45163178 0.32322708
v 0.32201630 0.37119994 0.23007666
v -0.10966168 0.39028105 0.28186685
v 0.40477723 0.26066652 0.02726682
v -0.10894985 0.40794232 0.28438511
v -0.11411050 0.47289976 0.34199965
v -0.12353242 0.38310227 0.28613532
v -0.11643004 0.37481728 0.27625918
v -0.14604397 0.35851485 0.27984354
v -0.13971940 0.37529236 0.28614444
v -0.12737449 0.35996479 0.27254540
v -0.17163962 0.35648313 0.27903140
v -0.16717793 0.34914789 0.27835512
v -0.14938964 0.34642339 0.27207214
v -0.13734432 0.34973854 0.27573127
v -0.16928330 0.33404669 0.27102989
v -0.18437372 0.32660481 0.27207410
v -0.17695235 0.31751239 0.26379412
v -0.18662286 0.32471877 0.26249254
v -0.18612003 0.31735617 0.25606632
v -0.19228284 0.33651865 0.27142400
v 0.40502995 0.27023035 0.05889400
v 0.40308735 0.28709453 0.11228851
v 0.38076007 0.32661706 0.15687799
v 0.05224078 0.43622258 0.31574604
v -0.14113966 0.38562164 0.28599194
v 0.39901778 0.30640611 0.12866436
v 0.28502372 0.40037256 0.25279769
v -0.12782146 0.40265262 0.28333470
v 0.16943024 0.45319915 0.32750806
v -0.06687219 0.42406556 0.29068258
v 0.13292457 0.45994219 0.33450633
v 0.08591081 0.42803037 0.30974427
v 0.30810568 0.38673869 0.23668268
v -0.06826609 0.42098975 0.27265710
v -0.07512125 0.42996407 0.26136291
v -0.18516989 -0.33142355 0.25344691
v -0.17830557 -0.33238679 0.28287846
v -0.19230385 -0.32475665 0.28527290
v -0.22033574 -0.29059002 0.28793940
v -0.20401877 -0.32714984 0.22160333
v -0.24498209 -0.30926535 0.18504839
v -0.26555488 -0.26325130 0.20846318
v -0.27912825 -0.27585766 0.16116597
v -0.26505142 -0.30199799 0.13862701
v -0.27637342 -0.28790382 0.13925676
v -0.26610857 -0.29556936 0.11736700
v -0.22724319 -0.26240954 0.29270595
v -0.28395632 -0.26307893 0.14904109
v -0.24415348 -0.31168243 0.11637527
v -0.19217892 -0.32994479 0.20423961
v -0.25739613 -0.29906946 0.10831443
v -0.27829230 -0.27712789 0.12266248
v -0.19233890 -0.33259043 0.30109489
v -0.19543852 -0.33259410 0.32119641
v -0.18133257 -0.34299687 0.31534481
v -0.18239957 -0.34321859 0.33659518
v -0.19449815 -0.33093125 0.34537995
v -0.18203098 -0.33796820 0.36474335
v -0.16492437 -0.34911019 0.35572025
v -0.19620079 -0.31262213 0.37857214
v -0.16496615 -0.34991696 0.32724026
v -0.21274450 -0.29216141 0.35776341
v -0.18905406 -0.31303796 0.38819104
v -0.20240568 -0.28927034 0.38995042
v -0.22842675 -0.26092219 0.31378964
v -0.17410894 -0.33226874 0.37941322
v -0.20248860 -0.27555454 0.39554778
v -0.27212587 -0.25287038 0.19268742
v -0.16443717 -0.34376708 0.36943182
v -0.20410071 -0.25488561 0.39513597
v -0.28192517 -0.25411615 0.12607351
v -0.28042060 -0.23256083 0.16013812
v -0.22863309 -0.25232166 0.28850019
v -0.19240464 -0.29063702 0.39630258
v -0.26482591 -0.28245378 0.10388619
v -0.17096481 -0.34231532 0.29626036
v -0.16103084 -0.34834772 0.30985737
v -0.19808458 -0.32445177 0.15729076
v -0.22876973 -0.31636605 0.11804002
v -0.24554509 -0.30028212 0.10026747
v -0.16476312 -0.33343467 0.27557352
v -0.14060019 -0.35095665 0.33996290
v -0.14662236 -0.34353992 0.28840679
v -0.22637407 -0.30937594 0.10372588
v -0.13622659 -0.34840739 0.30682081
v -0.14998695 -0.34569165 0.36252630
v -0.01060207 -0.84192246 0.12533158
v -0.01157976 -0.87569588 0.10800282
v -0.00916475 -0.83235419 0.11081415
v -0.01361750 -0.87708986 0.12525345
v -0.01269230 -0.86415941 0.09106415
v -0.01250335 -0.82945389 0.09125663
v -0.01982628 -0.83903527 0.06957240
v -0.01964394 -0.86630726 0.07193875
v -0.01859219 -0.88110602 0.08834045
v -0.03165985 -0.85974282 0.04807381
v -0.02547874 -0.82643330 0.06496824
v -0.04018006 -0.85168713 0.03626974
v -0.02720051 -0.87070340 0.06182550
v -0.04037138 -0.86724371 0.03818880
v -0.05480394 -0.85806334 0.02042210
v -0.05683984 -0.83548510 0.02192560
v -0.03118225 -0.81181020 0.07062040
v -0.04106802 -0.82045007 0.05057101
v -0.06433475 -0.81825930 0.02564216
v -0.05840496 -0.86885166 0.02216916
v -0.07761901 -0.82448530 0.01106520
v -0.06969071 -0.85857576 0.01146668
v -0.02297706 -0.81308162 0.09993015
v -0.02532662 -0.80629075 0.08411847
v -0.01803773 -0.69290650 0.09147501
v -0.01340600 -0.74445838 0.11885424
v -0.01383735 -0.66851693 0.09400018
v -0.01371986 -0.74161440 0.13303410
v -0.01074038 -0.67773098 0.14249991
v 0.00138609 -0.59883255 0.09124181
v 0.00332280 -0.55582368 0.07366624
v 0.01724120 -0.53859156 0.08743281
v 0.00756675 -0.58015203 0.10532633
v 0.01928083 -0.54458439 0.10980988
v 0.01646340 -0.53273296 0.07870304
v -0.02284979 -0.81108022 0.11583362
v -0.01618091 -0.74728918 0.14235476
v -0.00638029 -0.62788719 0.15747550
v 0.00082760 -0.56836373 0.17713167
v -0.01932712 -0.73464274 0.15288553
v 0.00895824 -0.55561709 0.16569959
v -0.01982678 -0.82046455 0.10986183
v -0.02076853 -0.89110792 0.11192671
v -0.02840891 -0.82067239 0.12769389
v 0.01839661 -0.53998739 0.16791973
v -0.02616589 -0.89677429 0.12627524
v -0.00992513 -0.61899793 0.17220840
v 0.00136809 -0.55380422 0.18507986
v -0.03246385 -0.88490117 0.07382287
v -0.02060642 -0.87519181 0.14022957
v -0.01787478 -0.85029835 0.14039893
v -0.02777688 -0.89010417 0.14484258
v -0.01157952 -0.59691751 0.18462485
v -0.02428233 -0.61846387 0.18918790
v 0.01655479 -0.53321832 0.18564706
v -0.01729512 -0.83381027 0.13081750
v -0.03231931 -0.89512825 0.09662369
v -0.03444507 -0.89188004 0.06734722
v -0.03787533 -0.89618134 0.04765261
v -0.03278073 -0.89868033 0.08255169
v -0.03083602 -0.90441239 0.05859306
v -0.03307304 -0.98469543 0.06766000
v -0.03530277 -0.91665077 0.04337653
v -0.03831587 -0.95285571 0.03986742
v -0.04044651 -0.98451900 0.04626804
v -0.04207540 -0.90347230 0.03689990
v -0.04338328 -0.99568033 0.05582188
v -0.03977192 -0.98698264 0.08975218
v -0.04037749 -0.90148318 0.11791304
v -0.04543449 -0.92849290 0.03123236
v -0.05135529 -0.98557097 0.03518886
v -0.04205813 -0.99638522 0.06864800
v -0.05539649 -0.92396927 0.14378259
v -0.04458244 -0.99444693 0.08760790
v -0.06029319 -0.97269028 0.13433455
v -0.06455255 -0.95974761 0.14894126
v -0.07511248 -0.93393552 0.20148380
v -0.07492751 -0.98507309 0.16987163
v -0.07256290 -0.98024541 0.14663902
v -0.06100674 -0.90742505 0.15921973
v -0.08855762 -0.94418710 0.23117681
v -0.10312541 -0.98614639 0.24555601
v -0.08249794 -0.99353755 0.18645024
v -0.05170583 -0.90725940 0.13626918
v -0.05791615 -0.98654723 0.12386083
v -0.10280100 -0.94763178 0.25203681
v -0.08031551 -0.92809820 0.20853466
v -0.03251242 -0.87375677 0.15683258
v -0.03452959 -0.74897993 0.16610800
v -0.04579064 -0.82945627 0.14678322
v -0.07022963 -0.98702580 0.13447379
v -0.00474806 -0.55072647 0.19386458
v -0.03566093 -0.85586798 0.16147476
v -0.04003188 -0.90105712 0.14912479
v -0.04879394 -0.89351302 0.16634689
v -0.09666201 -0.93779218 0.23900437
v -0.12130474 -0.98582649 0.26349357
v -0.12499318 -0.94872570 0.27415714
v -0.05483073 -0.87415498 0.17673989
v -0.02330483 -0.84174454 0.14284153
v 0.00477166 -0.53392738 0.19650987
v -0.04951497 -0.90075874 0.15960839
v -0.06557941 -0.85758328 0.18373196
v -0.01510202 -0.54817873 0.20126954
v -0.05536944 -0.99424261 0.03805363
v -0.07967295 -0.90475476 0.18134809
v -0.06680934 -0.89996111 0.16930699
v -0.13556482 -0.93916440 0.27787212
v -0.08827876 -0.82172513 0.17086504
v -0.07232489 -0.72440094 0.18816704
v -0.05465051 -0.61596614 0.20294179
v -0.07746894 -0.83319545 0.16956423
v -0.08895525 -0.89013582 0.17910703
v -0.13822146 -0.94875920 0.27969483
v -0.02461937 -0.53074640 0.20867766
v -0.11474567 -0.87611288 0.18553542
v -0.10102772 -0.82177711 0.17609604
v -0.10597213 -0.81507325 0.17619187
v -0.13498652 -0.97777933 0.26972827
v -0.04957467 -0.88411200 0.04417984
v -0.04187377 -0.52054471 0.21433343
v -0.05419663 -0.89801681 0.02722036
v -0.06281649 -0.95779693 0.02247456
v -0.06035804 -0.51780814 0.21731797
v -0.06313480 -0.98648214 0.02736375
v -0.12182217 -0.75740945 0.18657896
v 0.08869381 -0.37450793 0.34160426
v 0.11533143 -0.37472007 0.33445260
v 0.09023105 -0.37329012 0.36888242
v 0.15122750 -0.37564278 0.33361888
v 0.17669322 -0.37466744 0.36833537
v 0.17504439 -0.37571579 0.32490924
v 0.07523847 -0.37386271 0.37399116
v 0.05313142 -0.37473640 0.34239262
v 0.03175196 -0.37365109 0.37442076
v 0.01441495 -0.37393746 0.34177342
v 0.02059771 -0.37393704 0.36710995
v -0.00671270 -0.37394202 0.33495587
v -0.05899857 -0.37263834 0.36479500
v -0.05079678 -0.37334192 0.33361015
v 0.18446140 -0.37277326 0.36488077
v 0.18373655 -0.37324718 0.31803113
v 0.07744495 -0.37798068 0.33419603
v -0.06087126 -0.36901721 0.32621059
v 0.14243479 -0.38125280 0.32533047
v 0.01970749 -0.36811745 0.37484813
v 0.02113457 -0.38104695 0.33408323
v 0.03558736 -0.36723018 0.38271824
v 0.07422268 -0.36777297 0.38259357
v 0.09092259 -0.36938253 0.37347215
v 0.17357548 -0.38097814 0.31903949
v -0.05929052 -0.36432034 0.37360981
v 0.07447062 -0.38067460 0.33259955
v 0.04186020 -0.38122016 0.33594611
v -0.04762528 -0.38153061 0.32632154
v 0.15926078 0.09536178 0.33974159
v 0.23025425 0.11509637 0.33923513
v 0.18430144 0.14922108 0.35380492
v 0.20927727 0.06142465 0.31918886
v 0.15493248 0.07679974 0.33236194
v 0.13292639 0.10232727 0.34252000
v 0.09071810 0.09346752 0.34993795
v 0.08050656 0.07425842 0.34537399
v 0.10261881 0.11669556 0.35029653
v 0.13215449 0.14134465 0.34587711
v 0.10054655 0.14683348 0.35379604
v 0.13234997 0.16187204 0.34560177
v 0.10965252 0.17848729 0.34934059
v 0.07374302 0.11376985 0.36336136
v 0.09391938 0.13041940 0.35667631
v 0.06272957 0.10413998 0.36699989
v 0.04566264 0.11272495 0.37337959
v 0.04876039 0.09561513 0.36839327
v 0.02563881 0.10309210 0.37206519
v 0.02897145 0.11400852 0.37329629
v 0.21108590 0.17783156 0.33909318
v 0.25238532 0.15936020 0.32764712
v 0.04818651 0.12862831 0.37985146
v 0.08144888 0.13283330 0.36669907
v 0.02650449 0.12937622 0.37985292
v 0.03342014 0.08750856 0.36489716
v 0.26419058 0.14974022 0.31833723
v 0.27010086 0.09920605 0.30708864
v 0.25304043 0.05686287 0.29246965
v 0.11989108 0.02216818 0.29128677
v 0.02619084 0.02513953 0.31039849
v 0.00031883 0.11238720 0.36386386
v 0.00406350 0.06948429 0.34552637
v -0.00581499 0.08378516 0.35108936
v 0.00728570 0.10234091 0.36620620
v -0.04133281 0.08714088 0.34182537
v -0.04820415 0.07006232 0.33361053
v -0.06932085 0.08541796 0.33675551
v -0.05658453 0.10632422 0.34361658
v -0.06957965 0.12487727 0.34564674
v -0.09857357 0.14800556 0.35378948
v -0.14252694 0.14712319 0.34988993
v -0.15827808 0.11639331 0.34241119
v -0.02098509 0.10098114 0.35136911
v -0.10578558 0.03730710 0.30004540
v -0.16554187 0.05197503 0.30136034
v -0.00273578 0.13182519 0.37000921
v -0.21018308 0.08280239 0.29116186
v -0.17294186 0.13639517 0.34012878
v 0.19733967 0.01647470 0.25535300
v 0.23586535 0.02634171 0.25498107
v -0.16446960 -0.18150453 0.28669864
v -0.14769045 -0.17397581 0.30651048
v -0.13846709 -0.17656660 0.28883225
v -0.17163071 -0.17986567 0.31252447
v -0.15714984 -0.17814426 0.35368675
v -0.13803194 -0.17502767 0.34748769
v -0.17259645 -0.18222274 0.34386677
v -0.12244409 -0.17417561 0.32549322
v -0.12548707 -0.17603159 0.29714522
v -0.12383198 -0.17593320 0.34148622
v -0.11058628 -0.17728947 0.31939551
v -0.11039535 -0.18332024 0.28482404
v -0.13969250 -0.18199615 0.27747086
v -0.18915607 -0.19192359 0.29877713
v -0.18877673 -0.19034390 0.31513780
v -0.16573972 -0.18824618 0.37306395
v -0.15029030 -0.18445089 0.36729568
v -0.18117431 -0.19656238 0.37189376
v -0.20284145 -0.20243950 0.30420056
v -0.18369527 -0.19899833 0.27394006
v -0.19536528 -0.20394480 0.34937662
v -0.20404950 -0.21208856 0.28457671
v -0.21046856 -0.20132053 0.23444819
v -0.20090809 -0.19747552 0.22698964
v -0.23432952 -0.20216540 0.19419439
v -0.17675540 -0.19656520 0.26212665
v -0.16353679 -0.19316651 0.27080762
v -0.19827685 -0.19612312 0.20090501
v -0.22534049 -0.20831372 0.23151101
v -0.21829487 -0.19672360 0.19414911
v -0.17025611 -0.19742182 0.24659513
v -0.15169834 -0.19845673 0.26390913
v -0.25178102 -0.20980401 0.18615362
v -0.17797014 -0.20163654 0.20085517
v -0.23593999 -0.19661887 0.18157996
v -0.21715896 -0.21574742 0.26641753
v -0.25432134 -0.21600914 0.19396999
v -0.26557404 -0.20560607 0.16211109
v -0.14031667 -0.20488831 0.25309744
v -0.13482855 -0.20363823 0.26366520
v -0.14762679 -0.20886706 0.22631435
v -0.10149156 -0.18281759 0.32627535
v -0.17097735 -0.20655166 0.19574066
v -0.09815708 -0.18532380 0.31298944
v -0.12581606 -0.18937957 0.27228335
v -0.15763885 -0.21735208 0.18818900
v -0.20033187 -0.19061175 0.19325259
v -0.21861729 -0.18950941 0.18517582
v -0.18470818 -0.19256809 0.19445524
v -0.09613001 -0.19513963 0.28557926
v -0.10788465 -0.20078719 0.26950473
v -0.14434996 -0.22122337 0.20488364
v -0.13648015 -0.21990931 0.22640228
v -0.13750072 -0.22537540 0.20041263
v -0.14540856 -0.22886549 0.19256809
v -0.12946914 -0.21944596 0.23956883
v -0.08810694 -0.19642684 0.32718495
v -0.14526896 -0.23761967 0.17714782
v -0.15344864 -0.23419446 0.16787733
v -0.14564686 -0.23844475 0.16008656
v -0.09526331 -0.21191828 0.27076265
v -0.09921829 -0.20544831 0.26404062
v -0.08456932 -0.20129798 0.31572857
v -0.12713072 -0.22108965 0.25491837
v -0.12154569 -0.21134563 0.26343060
v -0.09921829 -0.20544831 0.26404062
v -0.11454598 -0.21307693 0.25478125
v -0.08880232 -0.21453854 0.27877012
v -0.40355691 0.28511035 -0.10345611
v -0.44421941 0.32001725 -0.11419407
v -0.40096471 0.30281076 -0.09166618
v -0.46764421 0.31552801 -0.13590382
v -0.37818959 0.28965273 -0.07871085
v -0.34996599 0.25546721 -0.06700256
v -0.34965834 0.27532387 -0.05971849
v -0.45597345 0.29419085 -0.13518919
v -0.49296212 0.31818601 -0.14930168
v -0.48660815 0.32756853 -0.13953306
v -0.51323229 0.32739106 -0.15495138
v -0.36688435 0.22771510 -0.08136609
v -0.34150395 0.23578914 -0.06335932
v -0.32949546 0.21220203 -0.05663034
v -0.34139335 0.26512399 -0.06162554
v -0.46676067 0.28848520 -0.14045292
v -0.49966821 0.30832800 -0.15330513
v -0.43814266 0.25289837 -0.12202791
v -0.33419561 0.18921424 -0.05525590
v -0.37508008 0.18739237 -0.07671316
v -0.34602752 0.17077288 -0.05820818
v -0.41376662 0.21878473 -0.10172719
v -0.31299305 0.13728368 -0.02877188
v -0.32610843 0.20014822 -0.05071455
v -0.30729797 0.20034397 -0.03523806
v -0.27461740 0.17107269 -0.01577113
v -0.27851453 0.18688613 -0.01974258
v -0.28800029 0.20911679 -0.02632939
v -0.27101234 0.14228462 -0.00734209
v -0.28036562 0.10701695 -0.00104522
v -0.25504875 0.11455432 0.01040933
v -0.46742901 0.27328244 -0.13673377
v -0.26816425 0.08556397 0.01467396
v -0.24802834 0.10735174 0.01738079
v -0.33113647 0.13588811 -0.03652596
v -0.29957476 0.10735943 -0.00969511
v -0.28419212 0.08263142 0.00822901
v -0.25550538 0.14205709 -0.00087649
v -0.26396146 0.16161315 -0.01111268
v -0.36309472 0.16408601 -0.06201947
v -0.29211462 0.21364358 -0.03224513
v -0.24757996 0.09345527 0.02697629
v -0.45528156 0.24968532 -0.12372238
v -0.48809323 0.28427318 -0.14312552
v -0.43559384 0.22768965 -0.10914395
v -0.39773268 0.19306375 -0.08424005
v -0.52214593 0.32325637 -0.15510491
v -0.31292096 0.20721887 -0.04634859
v -0.26485637 0.07543645 0.02659448
v -0.30859557 0.09922377 -0.00620609
v -0.30194217 0.08447888 0.00667013
v -0.28409770 0.06820557 0.02286432
v -0.51232821 0.30745360 -0.15203050
v -0.24681097 0.08277619 0.04049627
v -0.23927799 0.08502747 0.04283331
v -0.26951680 0.17726040 -0.01981072
v -0.42546391 0.20922850 -0.09421590
v -0.24622121 0.12122732 0.00504861
v -0.35995084 0.14426312 -0.04469484
v -0.38389075 0.17154931 -0.06724022
v -0.48073655 0.26528397 -0.13081911
v -0.33688283 0.12062138 -0.02156492
v -0.26166427 0.06915634 0.04381241
v -0.51009852 0.29345539 -0.14301200
v -0.47160122 0.25076887 -0.12074461
v -0.23974873 0.10036547 0.01746088
v -0.41363826 0.19081451 -0.07703041
v -0.44774351 0.22204705 -0.09822843
v -0.29840344 0.07114115 0.02367119
v -0.27629650 0.06361865 0.04630121
v -0.24694303 0.07830766 0.06224545
v -0.32181525 0.09961462 0.00068819
v -0.39034480 0.16526940 -0.05444521
v -0.26092160 0.06758002 0.06021057
v -0.24005114 0.07690474 0.08067472
v -0.36062157 0.13714771 -0.03262258
v -0.31932807 0.20499045 -0.06120248
v -0.37799191 0.14988084 -0.03698043
v -0.30871224 0.07584709 0.02616012
v -0.43638673 0.20771953 -0.08050773
v -0.29321074 0.06484494 0.04651123
v -0.34236532 0.11558668 -0.00351459
v -0.40465939 0.17592499 -0.05614986
v -0.27773571 0.06455632 0.06381413
v -0.09308972 -0.21521679 0.44854102
v -0.09604001 -0.20859991 0.43120477
v -0.11474349 -0.20696692 0.41785067
v -0.06670303 -0.21475089 0.45114809
v -0.13334955 -0.21246216 0.41446728
v -0.13425186 -0.20610663 0.39754686
v -0.11792324 -0.20044784 0.39973933
v -0.12955838 -0.20298314 0.38571355
v -0.11423087 -0.19885285 0.37757516
v -0.10154273 -0.20134822 0.39409369
v -0.08653521 -0.19368286 0.38378602
v -0.09845357 -0.19223754 0.36865839
v -0.07176491 -0.19874686 0.39856020
v -0.07078449 -0.19537668 0.38167837
v -0.08911476 -0.21098921 0.41300377
v -0.07950702 -0.20758587 0.40718302
v -0.09241286 -0.19276299 0.36008543
v -0.12032840 -0.20202345 0.36065373
v -0.03511603 -0.22319083 0.43081304
v -0.03755770 -0.22289245 0.44924533
v -0.06019004 -0.22241454 0.46236661
v -0.05604712 -0.20279019 0.38768336
v -0.05933520 -0.20402674 0.40319175
v -0.08813231 -0.22458920 0.45719838
v -0.13923730 -0.20992038 0.36765954
v -0.12622103 -0.20111308 0.35406414
v -0.10338525 -0.20103134 0.34206608
v -0.15406616 -0.22288635 0.38070682
v -0.15819390 -0.21819632 0.37454006
v -0.15327486 -0.22613885 0.40226498
v -0.16482821 -0.23695162 0.38126796
v -0.16823024 -0.23493013 0.37766406
v -0.06380881 -0.22278872 0.41176280
v -0.07466926 -0.20016278 0.36496490
v -0.07647114 -0.20163234 0.35587737
v -0.06758086 -0.20138924 0.35228693
v -0.05009023 -0.21166955 0.39768994
v -0.08992064 -0.21055794 0.33553553
v -0.05430327 -0.21891053 0.40539828
v -0.05215263 -0.23143724 0.41226923
v -0.06380881 -0.22278872 0.41176280
v -0.03671119 -0.23301697 0.41959336
v -0.05215263 -0.23143724 0.41226923
v -0.02863763 -0.23192799 0.43163279
v -0.03018859 -0.23074868 0.44776428
v -0.17477307 0.57043058 0.24701932
v -0.13229142 0.58191907 0.24817808
v -0.11637069 0.58023375 0.23173079
v -0.17514671 0.56639361 0.23150772
v -0.19820480 0.56354815 0.23916222
v -0.18653713 0.56298506 0.22421020
v -0.20384714 0.55274194 0.21354933
v -0.21688336 0.55107909 0.22517624
v -0.21836211 0.53943563 0.18938267
v -0.27139729 0.50718272 0.14530924
v -0.25035971 0.51407260 0.14280190
v -0.28807166 0.49120870 0.10789111
v -0.29161564 0.47902784 0.07526110
v -0.30584764 0.47535625 0.07553066
v -0.29233012 0.47747180 0.06106082
v -0.30676350 0.46502516 0.04148251
v -0.32816800 0.46101925 0.04217423
v -0.32678875 0.45969474 0.03403965
v -0.31418830 0.45957574 0.02653960
v -0.31847960 0.45372713 0.01247526
v -0.34204713 0.45125186 0.01525871
v -0.34071273 0.44348645 -0.00389166
v -0.31067216 0.44970098 -0.00529804
v -0.33964738 0.42708966 -0.03525934
v -0.10436998 0.58232665 0.23957928
v -0.10353228 0.58690083 0.24795213
v -0.07053751 0.58752108 0.23978963
v -0.08238721 0.59215605 0.25553799
v -0.05908524 0.59580743 0.25562581
v -0.05057923 0.59293956 0.24731961
v -0.03544140 0.60130233 0.26521760
v -0.01729203 0.59653735 0.24760111
v 0.00867998 0.60021329 0.25066650
v 0.01204401 0.60709161 0.27648115
v 0.01991761 0.59977227 0.24671625
v -0.30926228 0.43283817 -0.03206190
v -0.30999070 0.42036626 -0.05425963
v -0.35045063 0.41254550 -0.06030478
v -0.31113434 0.41122329 -0.07129434
v -0.35152015 0.39205417 -0.09575903
v -0.30265370 0.39744163 -0.10008086
v -0.33915341 0.37715712 -0.12362827
v -0.29385856 0.37976488 -0.13149203
v -0.35088301 0.43472481 -0.00942371
v -0.32725540 0.35570541 -0.15817344
v -0.28672487 0.36286980 -0.15864019
v -0.27866057 0.35462248 -0.17489216
v -0.30825067 0.32696271 -0.20551687
v -0.27538911 0.33189049 -0.20522788
v -0.27529269 0.31674030 -0.22388026
v -0.23791035 0.31843436 -0.22927748
v -0.24183971 0.30937457 -0.23964079
v -0.20247400 0.31088811 -0.24631350
v -0.22262806 0.29961550 -0.25452679
v -0.19159640 0.30253068 -0.25710881
v -0.19686097 0.29450876 -0.26667154
v -0.16682547 0.29594088 -0.26973644
v -0.18368159 0.28828824 -0.27654409
v -0.15434489 0.28804216 -0.28163546
v -0.30171308 0.41378385 -0.07376221
v -0.35819662 0.39368606 -0.08757591
v -0.03951465 0.59389812 0.23983474
v -0.14423770 0.29660434 -0.27740687
v -0.16846971 0.27902722 -0.28667337
v -0.15025166 0.27802765 -0.29398480
v -0.12968871 0.28676730 -0.28679997
v -0.10792179 0.26470032 -0.31413293
v -0.07831030 0.26778200 -0.31201190
v -0.10182675 0.25557071 -0.32228494
v -0.07718296 0.25210455 -0.32919902
v -0.05831245 0.25722593 -0.32473353
v -0.04224088 0.24868827 -0.33361977
v -0.32950470 0.34877607 -0.16498722
v -0.29547763 0.31832686 -0.21642992
v -0.05571108 0.23962182 -0.33902872
v -0.18175839 0.30592731 -0.25821289
v -0.33898997 0.36532840 -0.13774319
v -0.12845847 0.26221162 -0.31005427
v -0.00387999 0.24907729 -0.33158955
v 0.01153474 0.23989618 -0.33737424
v -0.11207106 0.58447874 0.25569415
v -0.34869924 0.44385749 0.01446597
v -0.24438348 0.30019879 -0.24380715
v -0.29580089 0.40942791 -0.09314606
v -0.06401481 0.59374642 0.26562646
v -0.30794498 0.47555235 0.08588140
v -0.33579972 0.35378674 -0.14966290
v -0.10385112 0.25058010 -0.32160053
v -0.31234872 0.31956792 -0.20753030
v -0.08295583 0.24381149 -0.33128309
v -0.09069058 0.58712929 0.23194525
v -0.33471030 0.45456928 0.03927060
v -0.35034573 0.37587419 -0.11038177
v -0.19736190 0.55698806 0.20878549
v -0.20906225 0.55658960 0.24257995
v -0.61138117 0.89779258 -0.34077281
v -0.61852890 0.90803891 -0.37763354
v -0.62004572 0.88436741 -0.38569236
v -0.61781365 0.86517876 -0.37093771
v -0.61394972 0.86730570 -0.35055482
v -0.61171460 0.91724288 -0.35027108
v -0.61534834 0.91870534 -0.36680868
v -0.60539997 0.87858087 -0.32931387
v -0.61649752 0.90796930 -0.39693165
v -0.61589241 0.86405420 -0.39262229
v -0.60928673 0.84353554 -0.36640495
v -0.61710328 0.88571161 -0.40169004
v -0.60956222 0.84469372 -0.38922942
v -0.60405296 0.84685832 -0.34477550
v -0.60216337 0.86048329 -0.33107290
v -0.61081195 0.86353469 -0.41004083
v -0.59825915 0.82605696 -0.37862176
v -0.59471512 0.82481760 -0.35909986
v -0.60270053 0.83884394 -0.40325403
v -0.59047329 0.84567350 -0.32548419
v -0.59963238 0.91860652 -0.32878640
v -0.59309369 0.88997078 -0.31400687
v -0.60525358 0.93592530 -0.35712993
v -0.58811021 0.86310637 -0.31459123
v -0.57919765 0.82709837 -0.33157218
v -0.59644359 0.93475270 -0.33651283
v -0.60486299 0.94237804 -0.37958494
v -0.58869898 0.92100537 -0.31786504
v -0.60581797 0.87862211 -0.42503688
v -0.60548276 0.90098429 -0.42417470
v -0.59921992 0.93557876 -0.41337553
v -0.59075469 0.82296419 -0.39951009
v -0.59868699 0.85697091 -0.42617121
v -0.59253693 0.84056258 -0.42154530
v -0.58108342 0.81167257 -0.37743434
v -0.59168369 0.95088315 -0.35438636
v -0.58979625 0.92658269 -0.43209922
v -0.59106582 0.95042121 -0.40285364
v -0.59012657 0.88151062 -0.44294834
v -0.58038008 0.82488006 -0.41757533
v -0.58634448 0.95961827 -0.37899402
v -0.57930565 0.95467544 -0.34098303
v -0.57714701 0.94214100 -0.32272384
v -0.58079356 0.95086336 -0.41769996
v -0.57418829 0.96504098 -0.36104283
v -0.57705528 0.94006997 -0.43305495
v -0.56804025 0.96810919 -0.39876506
v -0.57633370 0.81266987 -0.39940190
v -0.57107759 0.80879629 -0.35676795
v -0.47209030 0.94268376 -0.38728932
v -0.50216365 0.96591353 -0.39431149
v -0.47897056 0.95080876 -0.36722380
v -0.48705003 0.95139694 -0.40845418
v -0.50952494 0.97152966 -0.37555620
v -0.46698758 0.93590432 -0.37363917
v -0.48536253 0.95120305 -0.34940401
v -0.51395261 0.96815598 -0.35158780
v -0.52519709 0.97318983 -0.39703467
v -0.51123470 0.96496087 -0.40991724
v -0.52968824 0.97638577 -0.37803563
v -0.49815613 0.95081037 -0.33135733
v -0.47014740 0.93338299 -0.35159671
v -0.47729293 0.93494010 -0.33755106
v -0.47160396 0.92993212 -0.41173595
v -0.46062434 0.92124349 -0.38939220
v -0.45847657 0.91311657 -0.36235732
v -0.49289504 0.94418633 -0.42492500
v -0.51437819 0.95236123 -0.43105459
v -0.48198408 0.91971517 -0.43327874
v -0.53653061 0.96392924 -0.42058200
v -0.54433280 0.97388458 -0.39744189
v -0.50351018 0.93535000 -0.44030303
v -0.54960102 0.97590530 -0.37581384
v -0.53307319 0.96810114 -0.34083140
v -0.52121222 0.95254099 -0.32090920
v -0.55822426 0.97014523 -0.35276434
v -0.55741155 0.96473074 -0.41450852
v -0.49822101 0.93814772 -0.31798530
v -0.48051625 0.92118108 -0.32238087
v -0.46671516 0.91084981 -0.33831033
v -0.45951158 0.90460569 -0.40205744
v -0.54740316 0.96012336 -0.32972953
v -0.56738079 0.97067881 -0.37745833
v -0.56804025 0.96810919 -0.39876506
v -0.54418904 0.94758350 -0.31472141
v -0.53990930 0.94487762 -0.44248122
v -0.57418829 0.96504098 -0.36104283
v -0.56001085 0.95117265 -0.43196979
v -0.56508291 0.95069224 -0.32432404
v -0.57930565 0.95467544 -0.34098303
v -0.58634448 0.95961827 -0.37899402
v -0.58079356 0.95086336 -0.41769996
v -0.57714701 0.94214100 -0.32272384
v -0.45523074 0.89503527 -0.38872066
v -0.45339066 0.89599079 -0.37185445
v -0.46908125 0.89841187 -0.42423087
v 0.46744132 0.30283922 -0.08826671
v 0.46102628 0.27148834 -0.09572764
v 0.45724103 0.28913203 -0.08699728
v 0.49921221 0.30470744 -0.11195599
v 0.42062676 0.25816247 -0.06567392
v 0.42029810 0.27322447 -0.05947813
v 0.42465580 0.24637470 -0.07134200
v 0.50542206 0.28019157 -0.12117515
v 0.52112442 0.30535439 -0.12663694
v 0.52687800 0.29741567 -0.13137956
v 0.41185728 0.24775834 -0.05892579
v 0.41316900 0.22231722 -0.06466646
v 0.53964776 0.29874796 -0.13659753
v 0.54344386 0.31086582 -0.13747303
v 0.47489676 0.24717806 -0.10175176
v 0.45093787 0.21209353 -0.08267134
v 0.41264009 0.26743117 -0.06167619
v 0.40460986 0.21614678 -0.05963273
v 0.39400107 0.20800202 -0.05412146
v 0.40555635 0.23806120 -0.06179637
v 0.41157246 0.15604636 -0.05124481
v 0.37497410 0.20869847 -0.04547230
v 0.35790002 0.20651817 -0.03711775
v 0.52356589 0.27549466 -0.12666613
v 0.56400591 0.31208956 -0.14372587
v 0.56473434 0.32591522 -0.14353597
v 0.34979108 0.19574586 -0.03507056
v 0.34942400 0.16707651 -0.02840109
v 0.37926590 0.12824859 -0.03104446
v 0.34184685 0.14538266 -0.01979877
v 0.54127824 0.27928934 -0.13006602
v 0.35372719 0.07943349 0.00323120
v 0.33007625 0.13808975 -0.01192993
v 0.50070012 0.24190450 -0.10717111
v 0.31036681 0.11681589 0.00981662
v 0.31171545 0.13982604 -0.00220704
v 0.31067565 0.09887202 0.01912536
v 0.39539915 0.21582443 -0.05748609
v 0.46908182 0.20499223 -0.08320442
v 0.34079716 0.16490130 -0.02661105
v 0.33266959 0.14952631 -0.01924231
v 0.45639682 0.18544473 -0.06995413
v 0.57749468 0.32427141 -0.14447366
v 0.38475639 0.21084370 -0.05457855
v 0.38902807 0.12526689 -0.03137609
v 0.41096491 0.14389439 -0.04415854
v 0.30997705 0.08816163 0.02779512
v 0.33660612 0.07241299 0.01913041
v 0.51472729 0.24438627 -0.10729327
v 0.40215078 0.12600420 -0.03141311
v 0.42408487 0.14372812 -0.04170423
v 0.56302577 0.29167446 -0.13292463
v 0.34174845 0.17458822 -0.03470099
v 0.51265997 0.32213268 -0.10955071
v 0.35039222 0.21207911 -0.04152269
v 0.33565459 0.15454729 -0.02865394
v 0.33565459 0.15454729 -0.02865394
v 0.30261928 0.10472126 0.01268255
v 0.30239418 0.09147314 0.02816802
v 0.31966707 0.07042465 0.04374669
v 0.30155256 0.08269651 0.04470170
v 0.35834828 0.06619653 0.02243753
v 0.42198497 0.28470421 -0.05150660
v 0.41213867 0.27864233 -0.05141080
v 0.56662899 0.33602640 -0.13674782
v 0.57775176 0.33480278 -0.13859238
v 0.30915657 0.07911237 0.05140694
v 0.32335350 0.13869065 -0.01587698
v 0.49786577 0.32172260 -0.09561279
v 0.43871465 0.30146819 -0.05010863
v 0.41993892 0.28982785 -0.03874416
v 0.53799719 0.33354098 -0.11300729
v 0.41241631 0.28793776 -0.03212324
v 0.58862501 0.32810366 -0.13509028
v 0.45868361 0.31114772 -0.05763371
v 0.43397442 0.30088654 -0.03656399
v -0.13328154 -0.90441328 0.22893600
v -0.14295441 -0.89564490 0.21179350
v -0.14292996 -0.90764964 0.24060005
v -0.12470941 -0.88516212 0.19513971
v -0.13829453 -0.88357258 0.19094381
v -0.15713061 -0.90171134 0.22207890
v -0.16332364 -0.89303565 0.19634365
v -0.15524343 -0.88355464 0.18199359
v -0.17947778 -0.90381724 0.20881219
v -0.17490393 -0.88428313 0.16397057
v -0.18197039 -0.89120901 0.16759437
v -0.17622881 -0.90551108 0.22403704
v -0.15888581 -0.90795475 0.25433406
v -0.18933758 -0.91019285 0.24411772
v -0.18818679 -0.91422600 0.26130933
v -0.16799636 -0.91372257 0.26962456
v -0.19563653 -0.91269380 0.20744070
v -0.20589258 -0.91823637 0.23788181
v -0.20040385 -0.92005658 0.25783527
v -0.21703158 -0.91932505 0.16785526
v -0.21637422 -0.92934972 0.20797299
v -0.17861965 -0.88464189 0.14800555
v -0.15407018 -0.87559515 0.17393713
v -0.16869678 -0.87648416 0.16344953
v -0.13737853 -0.87425357 0.18185863
v -0.17814539 -0.92233813 0.27398327
v -0.21596007 -0.93100846 0.23999102
v -0.11474567 -0.87611288 0.18553542
v -0.17976408 -0.87812370 0.14932106
v -0.20694384 -0.91366237 0.14210376
v -0.18451487 -0.89165276 0.13496624
v -0.18490507 -0.89234030 0.12083711
v -0.14867155 -0.91760939 0.26775223
v -0.22215614 -0.93170947 0.17953041
v -0.11118862 -0.88862503 0.19341601
v -0.20698915 -0.93285888 0.25645190
v -0.15378597 -0.92824858 0.27979240
v -0.13556482 -0.93916440 0.27787212
v -0.19142450 -0.93143004 0.26838541
v -0.09666201 -0.93779218 0.23900437
v -0.07967295 -0.90475476 0.18134809
v -0.16231488 -0.93799758 0.27938578
v -0.14919169 -0.94556832 0.28067896
v -0.13822146 -0.94875920 0.27969483
v 0.06133788 -0.86344397 0.08048012
v 0.05748062 -0.83906329 0.10784119
v 0.06019610 -0.83656698 0.08872227
v 0.05935143 -0.87090063 0.11548153
v 0.05904118 -0.84626579 0.12418891
v 0.06370545 -0.88199824 0.10347816
v 0.06413727 -0.87180024 0.13825476
v 0.06471688 -0.84888673 0.07207365
v 0.06668968 -0.87325746 0.07350424
v 0.06667540 -0.88601416 0.12523828
v 0.07341298 -0.88906229 0.08042263
v 0.07711747 -0.85748625 0.04768074
v 0.06842422 -0.83100307 0.07066249
v 0.08985293 -0.86587131 0.03192172
v 0.07751594 -0.88422352 0.06685899
v 0.08885849 -0.84867036 0.03256948
v 0.08934777 -0.87624788 0.04603464
v 0.09122036 -0.88404769 0.04442993
v 0.10163367 -0.85429895 0.01856068
v 0.08481351 -0.83210313 0.04698259
v 0.07099937 -0.81699288 0.07952283
v 0.10825431 -0.88415515 0.02860555
v 0.11425696 -0.87662041 0.02319087
v 0.11149745 -0.86649567 0.01440446
v 0.10749257 -0.83259261 0.01932193
v 0.08307133 -0.81569654 0.06050739
v 0.06909497 -0.90362149 0.05861571
v 0.08060869 -0.89651698 0.04210723
v 0.09352670 -0.81902015 0.04676266
v 0.09902358 -0.81107062 0.04732088
v 0.07506205 -0.74645704 0.06814806
v 0.11677907 -0.81950766 0.02116571
v 0.11452078 -0.79770029 0.04024611
v 0.11706688 -0.80852348 0.03637020
v 0.12403808 -0.84727716 0.00768833
v 0.09505238 -0.89829129 0.02713061
v 0.13137750 -0.79733372 0.03583201
v 0.12300894 -0.70811063 0.04234562
v 0.08422372 -0.67932022 0.07057078
v 0.12109027 -0.66847789 0.05304641
v 0.06775258 -0.59078330 0.06303345
v 0.14151379 -0.63354290 0.04763268
v 0.11863855 -0.55125117 0.03933547
v 0.04601894 -0.52564567 0.06353282
v 0.14499928 -0.78985262 0.03438685
v 0.14434525 -0.66884339 0.04974398
v 0.18216543 -0.78939998 0.04051720
v 0.18794563 -0.66202861 0.05911781
v -0.13728197 -0.21018125 0.15871511
v -0.13847226 -0.19973937 0.17495583
v -0.15265420 -0.22069490 0.17194727
v -0.15361442 -0.24013601 0.14801311
v -0.14529634 -0.19454184 0.18521132
v -0.12958154 -0.17757025 0.18452153
v -0.12953077 -0.20060901 0.16701531
v -0.16019921 -0.20849869 0.18504870
v -0.14256892 -0.22895317 0.14898133
v -0.14264551 -0.17802945 0.19170210
v -0.12988561 -0.15798512 0.19284593
v -0.17080353 -0.19678237 0.19271222
v -0.15727378 -0.17301002 0.19587328
v -0.12951541 -0.12857457 0.19650033
v -0.18535636 -0.17613734 0.19452973
v -0.18470818 -0.19256809 0.19445524
v -0.12175877 -0.14935501 0.19465837
v -0.12146568 -0.18221141 0.18724559
v -0.15868217 -0.15467952 0.19598743
v -0.20033187 -0.19061175 0.19325259
v -0.12206571 -0.11905893 0.20059852
v -0.14025688 -0.12137302 0.19458939
v -0.12997508 -0.09751801 0.19244023
v -0.17097735 -0.20655166 0.19574066
v -0.17754342 -0.15292445 0.19217192
v -0.21861729 -0.18950941 0.18517582
v -0.12178481 -0.18955518 0.18221201
v -0.12953077 -0.20060901 0.16701531
v -0.15763885 -0.21735208 0.18818900
v -0.22541353 -0.18242122 0.17676409
v -0.23593999 -0.19661887 0.18157996
v -0.19082178 -0.13528869 0.17098792
v -0.25218877 -0.19390236 0.16589652
v -0.48726615 0.82157952 -0.40130413
v -0.47933716 0.82400686 -0.38013697
v -0.49535868 0.81151301 -0.38185039
v -0.50537032 0.81105900 -0.40421176
v -0.49123690 0.81476045 -0.36356315
v -0.51671487 0.80195296 -0.37922487
v -0.52481425 0.80358380 -0.39820230
v -0.51749933 0.80412120 -0.35965267
v -0.50796080 0.81190604 -0.34384269
v -0.53945416 0.80019182 -0.38828146
v -0.54376787 0.80019879 -0.36557427
v -0.51991051 0.81510639 -0.42215684
v -0.54380298 0.80583441 -0.40795350
v -0.49734697 0.82485747 -0.41884714
v -0.56013209 0.80273712 -0.38419792
v -0.53763384 0.81799692 -0.42849994
v -0.55891150 0.81038576 -0.41288406
v -0.51028818 0.83153296 -0.43594047
v -0.47904995 0.83854228 -0.41451943
v -0.49153370 0.84400427 -0.43325078
v -0.53435659 0.83365160 -0.44261640
v -0.46908656 0.84172958 -0.39795569
v -0.47519508 0.83206409 -0.35843566
v -0.48869708 0.82499856 -0.34000796
v -0.46674573 0.84039813 -0.37383530
v -0.53624690 0.81571472 -0.32455343
v -0.57633370 0.81266987 -0.39940190
v -0.57107759 0.80879629 -0.35676795
v -0.56148577 0.81285286 -0.33705971
v -0.58108342 0.81167257 -0.37743434
v -0.49719432 0.83321393 -0.32210612
v -0.47499016 0.84193885 -0.34013066
v -0.55992270 0.82924211 -0.43542281
v -0.46230626 0.85312986 -0.35747299
v -0.47986895 0.84781313 -0.32691586
v -0.45691341 0.86393452 -0.38431036
v -0.46700853 0.85829681 -0.33885983
v -0.49510258 0.84610718 -0.31397635
v -0.56309003 0.82607466 -0.32104924
v -0.46009955 0.86623615 -0.40101793
v -0.45389780 0.87812632 -0.36563191
v -0.45501429 0.87435317 -0.35834792
v -0.46056828 0.86878347 -0.34691539
v -0.45186329 0.87590414 -0.34115058
v -0.47718579 0.86774606 -0.43203354
v -0.48182383 0.86558902 -0.31441748
v -0.58038008 0.82488006 -0.41757533
v -0.57919765 0.82709837 -0.33157218
v -0.45523074 0.89503527 -0.38872066
v -0.45339066 0.89599079 -0.37185445
v -0.46908125 0.89841187 -0.42423087
v -0.45951158 0.90460569 -0.40205744
v 0.23374473 -0.20861399 0.41187319
v 0.21619277 -0.21483658 0.43757272
v 0.23397569 -0.21471462 0.42771617
v 0.24997540 -0.21450549 0.40634599
v 0.23391847 -0.20582493 0.38768893
v 0.21638387 -0.20148730 0.38413635
v 0.20589098 -0.21335746 0.42728743
v 0.18213058 -0.21753499 0.44980416
v 0.20991389 -0.20256358 0.38410205
v 0.19822927 -0.22298753 0.45464084
v 0.17572892 -0.22602494 0.46217969
v 0.16816309 -0.22176459 0.45532185
v 0.16167781 -0.21969090 0.44219074
v 0.19050458 -0.21748400 0.41973633
v 0.20854028 -0.20840366 0.34266195
v 0.21938878 -0.20511082 0.35310581
v 0.23730883 -0.20828325 0.36383280
v 0.16591513 -0.22230250 0.42642903
v 0.20050330 -0.21004003 0.36022949
v 0.20063145 -0.20796631 0.38211018
v 0.19497882 -0.20841427 0.36510873
v 0.19349962 -0.20985234 0.33554482
v 0.18649137 -0.21918786 0.40379232
v 0.18222277 -0.22280826 0.41314995
v 0.18660468 -0.21279435 0.38538247
v 0.22385781 -0.20088317 0.34886545
v 0.20077486 -0.20022081 0.33143184
v 0.20047113 -0.21555515 0.33417901
v 0.20047113 -0.21555515 0.33417901
v 0.25454578 -0.21488230 0.37908787
v 0.26082483 -0.21318237 0.37327585
v 0.17732087 -0.22400028 0.39006838
v 0.27084380 -0.22922432 0.38520530
v 0.27729955 -0.22780448 0.38318646
v 0.19321571 -0.20031187 0.37584540
v 0.19321571 -0.20031187 0.37584540
v -0.55131865 0.88295549 -0.46058109
v -0.54194832 0.92696828 -0.45319098
v -0.52692467 0.88921040 -0.46048138
v -0.51495892 0.90724349 -0.45672819
v -0.57048339 0.89976114 -0.45469758
v -0.56404251 0.92788684 -0.44885036
v -0.51948917 0.92882478 -0.45091423
v -0.53758430 0.86624438 -0.45864123
v -0.50290960 0.88816500 -0.45462590
v -0.51341832 0.86610305 -0.45485589
v -0.56162095 0.86073345 -0.45376214
v -0.57480842 0.88053375 -0.45231327
v -0.52778035 0.85274738 -0.45356289
v -0.54913640 0.84774518 -0.45062718
v -0.58053893 0.85758829 -0.44357231
v -0.58580017 0.90841329 -0.44336161
v -0.59012657 0.88151062 -0.44294834
v -0.53990930 0.94487762 -0.44248122
v -0.58979625 0.92658269 -0.43209922
v -0.57705528 0.94006997 -0.43305495
v -0.56001085 0.95117265 -0.43196979
v -0.49526435 0.91393507 -0.44574532
v -0.50351018 0.93535000 -0.44030303
v -0.51437819 0.95236123 -0.43105459
v -0.48708847 0.89242494 -0.44428843
v -0.49346745 0.86468321 -0.44488928
v -0.50928855 0.84828120 -0.44599724
v -0.53435659 0.83365160 -0.44261640
v -0.51028818 0.83153296 -0.43594047
v -0.57851326 0.83878291 -0.43323612
v -0.55992270 0.82924211 -0.43542281
v -0.49153370 0.84400427 -0.43325078
v -0.47718579 0.86774606 -0.43203354
v -0.48198408 0.91971517 -0.43327874
v -0.53763384 0.81799692 -0.42849994
v -0.46908125 0.89841187 -0.42423087
v -0.59868699 0.85697091 -0.42617121
v -0.60548276 0.90098429 -0.42417470
v -0.59253693 0.84056258 -0.42154530
v -0.58038008 0.82488006 -0.41757533
v -0.55891150 0.81038576 -0.41288406
v -0.58079356 0.95086336 -0.41769996
v 0.30286840 -0.28823522 0.39177477
v 0.30143610 -0.25379694 0.39416775
v 0.29430565 -0.25187063 0.39104021
v 0.29466948 -0.29539829 0.38827395
v 0.29215768 -0.22472015 0.39093870
v 0.27729955 -0.22780448 0.38318646
v 0.26581830 -0.19960894 0.37753350
v 0.26082483 -0.21318237 0.37327585
v 0.23965974 -0.20043428 0.35850149
v 0.22714986 -0.18479152 0.35029703
v 0.22385781 -0.20088317 0.34886545
v 0.27905571 -0.24493390 0.38028511
v 0.20077486 -0.20022081 0.33143184
v 0.28756920 -0.26209652 0.38238680
v 0.28625426 -0.28030065 0.37873775
v 0.28792199 -0.29616702 0.38292822
v 0.29827681 -0.31101915 0.38567594
v 0.28120741 -0.31740248 0.38160908
v 0.27648541 -0.29758745 0.36662355
v 0.25779149 -0.18658262 0.36809126
v 0.20874621 -0.18351160 0.33124509
v 0.19995150 -0.18382594 0.32624266
v 0.26505032 -0.30916706 0.36049932
v 0.26887938 -0.32494608 0.37256843
v 0.28169432 -0.33355623 0.37699533
v 0.26866725 -0.33389559 0.37271395
v 0.24926965 -0.32617334 0.36082608
v 0.24178711 -0.33359098 0.35876164
v 0.26866978 -0.34296343 0.36970696
v 0.24144651 -0.31714758 0.35505074
v 0.25587577 -0.30984315 0.35757065
v 0.23375291 -0.34068659 0.35175020
v 0.21867870 -0.31760553 0.34949720
v 0.21495882 -0.32987911 0.34012976
v 0.26549813 -0.29963115 0.36398229
v 0.20171261 -0.30427715 0.34711778
v 0.28766328 -0.20800132 0.38368660
v 0.22490548 -0.31377459 0.35633332
v 0.23730883 -0.20828325 0.36383280
v 0.22108783 -0.17678750 0.33672875
v 0.24759859 -0.17716679 0.35372686
v 0.22549175 -0.34198734 0.33897012
v 0.19911674 -0.31602848 0.32684109
v 0.27023360 -0.18696414 0.36920813
v 0.25374320 -0.35082409 0.35192099
v 0.19254772 -0.30320129 0.33889210
v 0.31203607 -0.27084413 0.38956112
v 0.27084380 -0.22922432 0.38520530
v 0.30858034 -0.24219091 0.38829079
v 0.21192482 -0.31308505 0.35841697
v -0.01154860 0.35232198 0.30997115
v -0.03485073 0.34465107 0.31901163
v -0.04190417 0.34719735 0.31029207
v -0.04391463 0.34674105 0.32096773
v 0.05031615 0.38317978 0.32074687
v 0.01854178 0.37194130 0.32709074
v 0.03370703 0.36941540 0.30856767
v 0.06073828 0.38588601 0.31218565
v -0.03176618 0.35024801 0.32613733
v 0.05152747 0.37347549 0.30286542
v 0.06752906 0.38880876 0.29970899
v 0.07528776 0.39775673 0.30744311
v 0.08273652 0.40521508 0.29106149
v 0.09048069 0.41637751 0.30183414
v 0.09359641 0.41810337 0.27849433
v 0.09970254 0.42721042 0.29253522
v 0.10506073 0.43005955 0.26888946
v 0.10873347 0.43063667 0.28961018
v 0.11890776 0.42977697 0.27409297
v 0.11995610 0.43101826 0.25937331
v 0.07620134 0.40749624 0.31571901
v 0.09912921 0.43729064 0.30394608
v 0.03450708 0.39035231 0.33423048
v 0.05491101 0.40101996 0.32856604
v 0.00772741 0.38161743 0.33586046
v 0.08591081 0.42803037 0.30974427
v 0.06936064 0.41743219 0.32169971
v -0.15817459 -0.29009482 0.35189426
v -0.16955943 -0.28218469 0.35765448
v -0.16076660 -0.29632950 0.35443971
v -0.13766052 -0.31013170 0.35344222
v -0.14535370 -0.32595053 0.36357725
v -0.12059207 -0.32580933 0.35279939
v -0.16176456 -0.32123929 0.37329775
v -0.16020136 -0.33475173 0.37384760
v -0.12254947 -0.33311972 0.35114002
v -0.16986308 -0.31686655 0.38035619
v -0.11660951 -0.31093544 0.35062870
v -0.10286679 -0.31778580 0.34352553
v -0.17410894 -0.33226874 0.37941322
v -0.18370560 -0.30172932 0.39209375
v -0.18363710 -0.28328630 0.39140400
v -0.19240464 -0.29063702 0.39630258
v -0.19197458 -0.26149750 0.39891937
v -0.18193623 -0.24463604 0.39258176
v -0.19189946 -0.23687656 0.39698327
v -0.18327552 -0.22133733 0.39329544
v -0.17151943 -0.21465929 0.38697496
v -0.16823024 -0.23493013 0.37766406
v -0.15819390 -0.21819632 0.37454006
v -0.14351216 -0.20115900 0.36511898
v -0.15231694 -0.19459860 0.37282830
v -0.11510490 -0.19321525 0.34580228
v -0.12622103 -0.20111308 0.35406414
v -0.16845402 -0.19961783 0.38212278
v -0.10338525 -0.20103134 0.34206608
v -0.10177626 -0.29925311 0.34943751
v -0.15029030 -0.18445089 0.36729568
v -0.12955515 -0.18423764 0.35448414
v -0.10714570 -0.18524247 0.33748889
v -0.08810694 -0.19642684 0.32718495
v -0.08992064 -0.21055794 0.33553553
v -0.17840496 -0.25689039 0.38183719
v -0.17688008 -0.28943205 0.38041183
v -0.13923730 -0.20992038 0.36765954
v -0.17695022 -0.20036173 0.38133904
v -0.16573972 -0.18824618 0.37306395
v -0.18905406 -0.31303796 0.38819104
v -0.16443717 -0.34376708 0.36943182
v -0.14998695 -0.34569165 0.36252630
v -0.17394100 -0.27783868 0.36416405
v -0.16889584 -0.26981148 0.35714233
v -0.15890838 -0.28538689 0.35695910
v -0.15817459 -0.29009482 0.35189426
v -0.16934265 -0.24613330 0.36213961
v -0.14066240 -0.30305630 0.35861212
v -0.12383198 -0.17593320 0.34148622
v -0.20248860 -0.27555454 0.39554778
v -0.20410071 -0.25488561 0.39513597
v -0.10149156 -0.18281759 0.32627535
v -0.13803194 -0.17502767 0.34748769
v -0.10013220 -0.34203297 0.30237651
v -0.09819163 -0.33301601 0.30628648
v -0.10395647 -0.33742952 0.31421003
v -0.09475349 -0.32325220 0.32344499
v -0.10921726 -0.33233941 0.33904541
v -0.12422822 -0.34377944 0.34342813
v -0.08880267 -0.30596879 0.33359647
v -0.08610573 -0.31276700 0.31086209
v -0.08459658 -0.31768093 0.30059090
v -0.08180228 -0.29527006 0.32269907
v -0.12083954 -0.34643108 0.31953424
v -0.08666857 -0.27467409 0.34050295
v -0.09160098 -0.28601563 0.34254628
v -0.08109226 -0.29882407 0.30298769
v -0.07636940 -0.26195198 0.31394941
v -0.07494378 -0.30968627 0.29648435
v -0.07466304 -0.28390032 0.29413974
v -0.07857783 -0.27318260 0.29785126
v -0.08543774 -0.25720769 0.33317190
v -0.07597295 -0.24145107 0.31449628
v -0.08429484 -0.23195031 0.33322331
v -0.07763450 -0.22218446 0.31755826
v -0.08227532 -0.21168694 0.32642147
v -0.07512821 -0.25615510 0.28692526
v -0.08085630 -0.24762353 0.29462090
v -0.08273586 -0.23908851 0.28684059
v -0.08456932 -0.20129798 0.31572857
v -0.07412258 -0.23610452 0.27894691
v -0.08451351 -0.23274122 0.27883196
v -0.08880232 -0.21453854 0.27877012
v -0.08278852 -0.21218394 0.27060312
v -0.09613001 -0.19513963 0.28557926
v 0.21131544 -0.91520518 0.26887453
v 0.20180173 -0.90293956 0.23787561
v 0.19620515 -0.91334277 0.25319564
v 0.18823744 -0.90393507 0.23297675
v 0.19668800 -0.89808023 0.22399803
v 0.22598603 -0.91326600 0.26751891
v 0.18249951 -0.88790196 0.20486060
v 0.16371886 -0.88451850 0.19317453
v 0.17621203 -0.87657660 0.19038288
v 0.20016253 -0.92687958 0.27458104
v 0.15195712 -0.93382370 0.23877031
v 0.12703952 -0.92105174 0.19937740
v 0.12405623 -0.90198165 0.17569868
v 0.17652638 -0.94434959 0.27137330
v 0.11211383 -0.91483921 0.17118119
v 0.18996701 -0.94721872 0.28047037
v 0.21874735 -0.92366964 0.27704772
v 0.13846688 -0.94040114 0.22656268
v 0.15512395 -0.87680757 0.18586749
v 0.10975028 -0.90642053 0.16555899
v 0.20726931 -0.93478423 0.28078777
v 0.23399684 -0.90836400 0.25163537
v 0.19600049 -0.87622082 0.18303394
v 0.19779783 -0.88927066 0.20124456
v 0.24344371 -0.91870540 0.26706323
v 0.21918753 -0.90234226 0.22054461
v 0.21917729 -0.89366096 0.19545783
v 0.21081914 -0.88366437 0.18257926
v 0.25003102 -0.91099226 0.24472879
v 0.24203473 -0.90867567 0.21316168
v 0.22350648 -0.88476145 0.16826743
v 0.21977948 -0.87603176 0.16443621
v 0.26439551 -0.92506331 0.25070328
v 0.25916585 -0.91955251 0.20503916
v 0.26084313 -0.91778010 0.23550808
v 0.23797670 -0.89167911 0.14742312
v 0.27035692 -0.92162430 0.17402337
v 0.27211317 -0.93184263 0.20587517
v 0.23130482 -0.88281935 0.14311463
v 0.23404823 -0.93165332 0.27450520
v 0.25286317 -0.93227524 0.26419178
v 0.26377863 -0.93507928 0.25486881
v -0.07189035 -0.24960947 0.39725015
v -0.06620800 -0.26126286 0.40432331
v -0.07240160 -0.28645921 0.39682823
v -0.06459900 -0.28599039 0.40576202
v -0.06765035 -0.23941213 0.40473157
v -0.07558782 -0.30175555 0.39683995
v -0.06992382 -0.31711668 0.40639076
v -0.04723271 -0.24664457 0.41561741
v -0.05215263 -0.23143724 0.41226923
v -0.03671119 -0.23301697 0.41959336
v -0.05032847 -0.28949833 0.41258618
v -0.04465640 -0.31814316 0.41902089
v -0.03831436 -0.29963154 0.42301196
v -0.03998006 -0.27833131 0.42010990
v -0.03972704 -0.26075625 0.41589394
v -0.03309361 -0.24924392 0.42660692
v -0.05430327 -0.21891053 0.40539828
v -0.08817556 -0.31855744 0.39699090
v -0.03026248 -0.26497328 0.42784613
v -0.02863763 -0.23192799 0.43163279
v -0.03166323 -0.29376528 0.43334901
v -0.03659237 -0.31882617 0.43245110
v -0.03209554 -0.27947825 0.43342739
v -0.04496735 -0.32790747 0.42846859
v -0.09251555 -0.30806616 0.36760631
v -0.07474384 -0.28847879 0.37385139
v -0.08009246 -0.28313467 0.35247383
v -0.10177626 -0.29925311 0.34943751
v -0.07377252 -0.26910669 0.35230303
v -0.08666857 -0.27467409 0.34050295
v -0.08543774 -0.25720769 0.33317190
v -0.07387271 -0.24484280 0.34359875
v -0.08429484 -0.23195031 0.33322331
v -0.07489598 -0.22120698 0.34506053
v -0.09160098 -0.28601563 0.34254628
v -0.06676091 -0.27601662 0.37289989
v -0.06685291 -0.24412452 0.34291357
v -0.07264131 -0.28028375 0.38376912
v -0.08992064 -0.21055794 0.33553553
v -0.07647114 -0.20163234 0.35587737
v -0.07037753 -0.25036898 0.38460335
v -0.06633785 -0.23982188 0.39008364
v -0.06645066 -0.24695870 0.37580568
v -0.04996836 -0.22649403 0.38823619
v -0.05430327 -0.21891053 0.40539828
v -0.05009023 -0.21166955 0.39768994
v -0.05604712 -0.20279019 0.38768336
v -0.51979858 0.86692238 -0.29544279
v -0.50276935 0.88943183 -0.29927197
v -0.53190595 0.88460511 -0.29180661
v -0.52617109 0.90682852 -0.29386386
v -0.50186777 0.86500925 -0.30202070
v -0.50568223 0.91347951 -0.30134723
v -0.47802705 0.89526618 -0.31599349
v -0.48182383 0.86558902 -0.31441748
v -0.48051625 0.92118108 -0.32238087
v -0.49822101 0.93814772 -0.31798530
v -0.52250737 0.93415993 -0.30565581
v -0.53673041 0.92956388 -0.30205119
v -0.52121222 0.95254099 -0.32090920
v -0.55530483 0.90960795 -0.29718599
v -0.55004150 0.88400257 -0.29331535
v -0.54555368 0.86198783 -0.29608294
v -0.51540411 0.84280175 -0.30584621
v -0.53867602 0.84793991 -0.30066836
v -0.49510258 0.84610718 -0.31397635
v -0.55881739 0.93436009 -0.30826786
v -0.56855041 0.87875247 -0.29875496
v -0.57667613 0.90135825 -0.30365011
v -0.54418904 0.94758350 -0.31472141
v -0.56285822 0.85003114 -0.30443239
v -0.58869898 0.92100537 -0.31786504
v -0.54567224 0.83131397 -0.31111085
v -0.59309369 0.88997078 -0.31400687
v -0.57714701 0.94214100 -0.32272384
v -0.56508291 0.95069224 -0.32432404
v -0.58811021 0.86310637 -0.31459123
v -0.57497489 0.84369022 -0.31452537
v -0.56309003 0.82607466 -0.32104924
v -0.53624690 0.81571472 -0.32455343
v -0.59047329 0.84567350 -0.32548419
v -0.49719432 0.83321393 -0.32210612
v -0.57919765 0.82709837 -0.33157218
v -0.47986895 0.84781313 -0.32691586
v -0.54740316 0.96012336 -0.32972953
v -0.46718851 0.87828040 -0.33029708
v -0.46782041 0.89612484 -0.33008483
v -0.45924413 0.89806908 -0.33557960
v -0.45974913 0.88436973 -0.33610892
v -0.46700853 0.85829681 -0.33885983
v -0.46056828 0.86878347 -0.34691539
v -0.45186329 0.87590414 -0.34115058
v -0.56148577 0.81285286 -0.33705971
v 0.13623367 -0.10651943 0.33514130
v 0.11701903 -0.09715003 0.33149558
v 0.14775103 -0.09169031 0.33596376
v 0.11159199 -0.10632833 0.32958230
v 0.09048840 -0.10796119 0.32717809
v 0.14599988 -0.10610895 0.34137917
v 0.14575341 -0.08007710 0.34505859
v 0.08869556 -0.09603377 0.33659902
v 0.07852537 -0.09736074 0.32522765
v 0.07752791 -0.10699297 0.31801102
v 0.10480496 -0.11117955 0.31815037
v 0.09038910 -0.11191070 0.31832686
v 0.15553366 -0.09257542 0.35365686
v 0.14538783 -0.07792543 0.35911271
v 0.15070178 -0.10651871 0.35136351
v -0.14121300 -0.31185788 0.41564018
v -0.14940415 -0.30876008 0.39290783
v -0.13762532 -0.31704840 0.39243320
v -0.12233553 -0.31936797 0.43415880
v -0.11553671 -0.32532907 0.41179532
v -0.09965101 -0.32769504 0.44005358
v -0.11969388 -0.32373521 0.39188188
v -0.13939612 -0.31314379 0.37599820
v -0.08280620 -0.32935333 0.42431936
v -0.07380893 -0.32988426 0.44282964
v -0.07203590 -0.32702956 0.45363179
v -0.09956107 -0.32476309 0.40285844
v -0.12008452 -0.31799909 0.37306234
v -0.04496735 -0.32790747 0.42846859
v -0.04697713 -0.32689360 0.44408774
v -0.10399812 -0.31887519 0.37821233
v -0.08323522 -0.32470271 0.40908414
v -0.14066240 -0.30305630 0.35861212
v -0.11245647 -0.30787393 0.35707137
v -0.08817556 -0.31855744 0.39699090
v -0.15484478 -0.29977128 0.37492207
v -0.09251555 -0.30806616 0.36760631
v -0.10177626 -0.29925311 0.34943751
v -0.06992382 -0.31711668 0.40639076
v -0.04465640 -0.31814316 0.41902089
v -0.15890838 -0.28538689 0.35695910
v -0.11660951 -0.31093544 0.35062870
v -0.16146314 -0.29205117 0.38572380
v -0.05608803 -0.31989002 0.45650414
v -0.16354002 -0.28049994 0.36470056
v -0.16889584 -0.26981148 0.35714233
v -0.15817459 -0.29009482 0.35189426
v -0.13766052 -0.31013170 0.35344222
v 0.02131887 0.23040091 0.37937269
v 0.03795897 0.23359764 0.38746950
v 0.02824738 0.23018405 0.35319814
v 0.01187526 0.22531144 0.35448045
v 0.04649523 0.22936957 0.35372281
v 0.00535506 0.22098412 0.38147628
v -0.00359332 0.21719457 0.35273251
v 0.01306021 0.22233358 0.39094710
v -0.01218180 0.20644382 0.35860035
v -0.02869705 0.19996552 0.34642699
v -0.00445735 0.20834392 0.37974998
v 0.03063666 0.22166979 0.39977032
v -0.01786374 0.19308797 0.35966200
v 0.00655297 0.20663667 0.39499658
v 0.06030025 0.22635296 0.37907222
v 0.06522328 0.22303843 0.35377899
v 0.05485292 0.22225063 0.39624250
v 0.07356416 0.21733175 0.37864280
v 0.07807793 0.21577558 0.35328746
v 0.09169380 0.20244604 0.35352358
v -0.16959825 -0.26969260 0.13653053
v -0.18053813 -0.27130684 0.10239874
v -0.17259145 -0.26294565 0.11889960
v -0.17634641 -0.26214376 0.10182974
v -0.17383553 -0.28800604 0.13138855
v -0.18680981 -0.29179609 0.10672781
v -0.16904397 -0.26352400 0.13795775
v -0.16083589 -0.25009808 0.14449108
v -0.16096959 -0.25981522 0.15522949
v -0.18352635 -0.30954099 0.14033015
v -0.17686057 -0.31041172 0.16054401
v -0.18715210 -0.26267409 0.08797474
v -0.19366550 -0.28465495 0.09476697
v -0.16943759 -0.30193773 0.16136125
v -0.16895604 -0.28222242 0.13807954
v -0.18438570 -0.32070759 0.16476612
v -0.17594807 -0.31645730 0.17322230
v -0.19333541 -0.31416750 0.13216268
v -0.16111375 -0.24984184 0.11421490
v -0.16039452 -0.24581450 0.10191264
v -0.15339093 -0.23313315 0.09023421
v -0.14521691 -0.21956733 0.08235645
v -0.18295532 -0.32733622 0.19440992
v -0.20452182 -0.30641055 0.10876136
v -0.20232113 -0.28646252 0.08963718
v -0.16253935 -0.22170337 0.07212950
v -0.13757518 -0.20271236 0.07321479
v -0.16872971 -0.31692037 0.18618767
v -0.16905333 -0.31992123 0.20793357
v -0.17031850 -0.32576299 0.22629601
v -0.16476312 -0.33343467 0.27557352
v -0.20869008 -0.31795669 0.12585820
v -0.19783469 -0.25857392 0.07982530
v -0.15246366 -0.24459825 0.10547626
v -0.19808458 -0.32445177 0.15729076
v -0.15804745 -0.32792124 0.26174808
v -0.16110431 -0.31918284 0.23051739
v -0.14906159 -0.31419709 0.24665189
v -0.14610372 -0.32011765 0.26283440
v -0.13918753 -0.32502145 0.27031112
v -0.14144869 -0.18859605 0.06301802
v -0.16113758 -0.32241285 0.21615091
v -0.22637407 -0.30937594 0.10372588
v -0.22876973 -0.31636605 0.11804002
v -0.19217892 -0.32994479 0.20423961
v -0.22733185 -0.28541449 0.08450697
v -0.12717471 -0.19100510 0.06658370
v -0.17311165 -0.21532910 0.06738792
v -0.21332067 -0.25826824 0.07642858
v -0.12968569 -0.33201930 0.27599743
v -0.14662236 -0.34353992 0.28840679
v -0.12264621 -0.33866444 0.28659984
v -0.13622659 -0.34840739 0.30682081
v -0.11648667 -0.34174043 0.30047375
v -0.12083954 -0.34643108 0.31953424
v -0.10395647 -0.33742952 0.31421003
v -0.14060019 -0.35095665 0.33996290
v -0.12422822 -0.34377944 0.34342813
v -0.14540856 -0.23186770 0.08981103
v -0.14998695 -0.34569165 0.36252630
v -0.10987627 -0.34139118 0.29695347
v -0.15093476 -0.17540249 0.05968470
v -0.13909505 -0.31778440 0.25399733
v -0.15305100 -0.31775823 0.23173496
v -0.13611057 -0.32053226 0.26068103
v -0.24554509 -0.30028212 0.10026747
v 0.23143917 -0.88931698 0.06332092
v 0.23139206 -0.89208758 0.08582176
v 0.21996111 -0.89219081 0.06568224
v 0.24227807 -0.88704693 0.07998278
v 0.23405197 -0.89299375 0.11074680
v 0.22010358 -0.88461858 0.04167095
v 0.20422588 -0.88611406 0.03748624
v 0.23848887 -0.88248831 0.05924900
v 0.20956142 -0.87550217 0.02549664
v 0.17796938 -0.88337964 0.01999407
v 0.20431513 -0.89190483 0.04581708
v 0.19152181 -0.89196986 0.02913927
v 0.18494898 -0.87585229 0.01575179
v 0.22657201 -0.87391776 0.03674753
v 0.15897022 -0.86648023 0.00553833
v 0.15335989 -0.88195282 0.01515662
v 0.18989834 -0.86561507 0.01166501
v 0.04171330 0.16792551 0.38161764
v 0.07232438 0.16947930 0.37397462
v 0.04905158 0.18038364 0.39796355
v 0.02633887 0.17802483 0.39513358
v 0.01481143 0.16909434 0.37931052
v 0.01331488 0.18206280 0.39442378
v 0.03599678 0.18869314 0.40367255
v 0.03654904 0.16092429 0.37575895
v 0.06187472 0.16134612 0.37218279
v 0.00918476 0.16102414 0.37124044
v 0.06965775 0.18289170 0.38976157
v 0.09059692 0.16333257 0.35953909
v -0.00906253 0.17080483 0.36706075
v 0.01419149 0.19201212 0.39925578
v 0.00134550 0.18884794 0.38990614
v 0.06289880 0.19322473 0.39810652
v 0.08798634 0.17789595 0.36718017
v 0.08031510 0.19559811 0.38543382
v 0.04797704 0.20403942 0.40253812
v 0.02755762 0.20275615 0.40329245
v -0.01612216 0.18050168 0.36460531
v 0.16188776 -0.26469156 0.41770265
v 0.15657672 -0.25053719 0.43553820
v 0.17024925 -0.24774973 0.41489869
v 0.15177333 -0.26414901 0.43093681
v 0.15512794 -0.28677949 0.42540610
v 0.16106148 -0.23199405 0.42506075
v 0.15420553 -0.23323785 0.44022822
v 0.18101485 -0.23327614 0.40646526
v 0.17887151 -0.24702650 0.40421516
v 0.16591513 -0.22230250 0.42642903
v 0.17303838 -0.28178382 0.41158533
v 0.15878460 -0.29902145 0.41857171
v 0.15015183 -0.30632079 0.43084875
v 0.18388855 -0.26105845 0.40465316
v 0.16064446 -0.31079927 0.41938496
v 0.18458363 -0.30861643 0.40491763
v 0.18222277 -0.22280826 0.41314995
v 0.18876877 -0.28801751 0.39348081
v 0.19336376 -0.30907881 0.39167395
v 0.15826944 -0.32065067 0.43032327
v 0.18591908 -0.25874168 0.39778724
v 0.18649137 -0.21918786 0.40379232
v 0.16167781 -0.21969090 0.44219074
v 0.19907150 -0.31948704 0.39730322
v 0.18652979 -0.31900308 0.41374505
v 0.20022504 -0.30887294 0.37007412
v 0.19283620 -0.30267805 0.37955183
v 0.18584871 -0.29269063 0.38066387
v 0.17645530 -0.23810090 0.38935941
v 0.18515974 -0.25815168 0.38791233
v 0.21192482 -0.31308505 0.35841697
v 0.17732087 -0.22400028 0.39006838
v 0.20171261 -0.30427715 0.34711778
v 0.21867870 -0.31760553 0.34949720
v 0.20745078 -0.32480413 0.40130937
v 0.22099283 -0.32371041 0.38507232
v 0.19256809 -0.30581030 0.35762647
v -0.35745886 0.40492713 -0.06311140
v -0.35557789 0.41175807 -0.04295498
v -0.35045063 0.41254550 -0.06030478
v -0.35819662 0.39368606 -0.08757591
v -0.35088301 0.43472481 -0.00942371
v -0.36173722 0.38764402 -0.08017139
v -0.36454406 0.34208351 -0.03558997
v -0.35388532 0.39411417 0.00948388
v -0.34869924 0.44385749 0.01446597
v -0.35191968 0.32186082 0.04981064
v -0.33729222 0.40170297 0.07019229
v -0.34009081 0.30071291 0.10189521
v -0.34111431 0.28655681 0.09813162
v -0.34046024 0.27820849 0.11126038
v -0.33445948 0.28646126 0.12721020
v -0.31550691 0.38795400 0.13030066
v -0.32642689 0.29529539 0.14552189
v -0.30705121 0.32298461 0.17914055
v -0.33452076 0.27844256 0.12573637
v -0.32021844 0.46393898 0.06624044
v -0.33471030 0.45456928 0.03927060
v -0.28753161 0.49088427 0.12213276
v -0.30794498 0.47555235 0.08588140
v -0.29460049 0.34087440 0.19616778
v -0.26309076 0.42799687 0.21238223
v -0.28166503 0.35187581 0.21806704
v -0.27139729 0.50718272 0.14530924
v -0.22918689 0.53649497 0.21462987
v -0.20343521 0.48442975 0.28887615
v -0.21542232 0.54652596 0.23598605
v -0.20906225 0.55658960 0.24257995
v -0.21688336 0.55107909 0.22517624
v -0.20881747 0.43655479 0.30171913
v -0.24494611 0.39600548 0.26205039
v -0.25590977 0.38873506 0.24770738
v -0.27468005 0.35905340 0.22567187
v -0.19486089 0.44299257 0.31933269
v -0.25768280 0.37914538 0.24687451
v -0.32636303 0.28279799 0.13771029
v -0.29463711 0.32908344 0.19484985
v -0.34204713 0.45125186 0.01525871
v -0.21809474 0.41637158 0.29119253
v -0.32816800 0.46101925 0.04217423
v -0.19227748 0.47911099 0.30128652
v -0.20002669 0.52253962 0.26948097
v -0.35499072 0.30578595 -0.01099395
v -0.19788906 0.43023634 0.31175596
v -0.30809867 0.30784211 0.17280316
v -0.31619596 0.29406777 0.15857944
v -0.28418371 0.33728194 0.20560104
v -0.28807166 0.49120870 0.10789111
v -0.19577980 0.56134313 0.24910100
v -0.33855617 0.27968973 0.06385640
v -0.30584764 0.47535625 0.07553066
v -0.18067749 0.45163178 0.32322708
v -0.24778748 0.37979987 0.25222841
v -0.33747280 0.27586290 0.02177405
v -0.12179839 0.48237500 0.33740163
v -0.15489249 0.56271356 0.26608288
v -0.19820480 0.56354815 0.23916222
v -0.33362725 0.26508698 0.08675854
v -0.32390666 0.24769171 0.03457109
v -0.33535218 0.26891381 0.10533795
v -0.06502868 0.55718881 0.30272013
v -0.06822929 0.50334173 0.35277712
v -0.07632643 0.49086457 0.35342875
v -0.04031892 0.49917337 0.36499044
v -0.11411050 0.47289976 0.34199965
v -0.13527468 0.45718783 0.33622283
v -0.02883804 0.49026620 0.36971268
v -0.16203311 0.56931376 0.25524658
v -0.03710977 0.50995272 0.35737056
v -0.17477307 0.57043058 0.24701932
v -0.01376026 0.55073977 0.32539058
v -0.00821500 0.57506287 0.30431956
v -0.02745994 0.60133994 0.27125037
v 0.01437487 0.60355598 0.28590068
v -0.06401481 0.59374642 0.26562646
v -0.08725633 0.58392054 0.26712793
v -0.08238721 0.59215605 0.25553799
v -0.11207106 0.58447874 0.25569415
v -0.13229142 0.58191907 0.24817808
v 0.01359950 0.59032130 0.29519698
v -0.02697226 0.50393122 0.36348909
v -0.03544140 0.60130233 0.26521760
v 0.00759298 0.56372112 0.31259128
v 0.05844098 0.50636137 0.32963827
v 0.06633337 0.56117237 0.29258591
v 0.34108573 0.22093533 0.06322577
v 0.35415208 0.22687536 0.07690781
v 0.33942145 0.20776017 0.07651494
v 0.34638962 0.23771296 0.05370130
v 0.34244111 0.19162747 0.09800266
v 0.35787442 0.25514287 0.05480248
v 0.33309013 0.18364444 0.09517016
v 0.34139079 0.17709813 0.11392827
v 0.33070669 0.16065452 0.11393184
v 0.35313809 0.25633261 0.03936173
v 0.34982115 0.20562488 0.09699865
v 0.36534384 0.26191342 0.05806847
v 0.34550053 0.19414648 0.11179710
v 0.35868546 0.23665074 0.08427888
v 0.36111897 0.25983760 0.07736062
v 0.32983416 0.15733767 0.10133418
v 0.32766730 0.15632749 0.12249348
v 0.34100962 0.17949469 0.12055687
v 0.35802734 0.24126033 0.10417047
v 0.36426631 0.27550715 0.09891707
v 0.33494428 0.18458365 0.08004881
v 0.32840663 0.14193991 0.10653992
v 0.32097435 0.10743868 0.10666323
v 0.29972675 0.07059237 0.18917593
v 0.31709659 0.09514929 0.09833583
v 0.31103817 0.08295327 0.08634571
v 0.31525779 0.16704147 0.20053437
v 0.29295170 0.11317980 0.27764609
v 0.34876257 0.23381899 0.12506796
v 0.32604921 0.20870613 0.13963455
v 0.33030832 0.12260492 0.09545160
v 0.34160358 0.19921732 0.06666735
v 0.35703853 0.27204204 0.10311415
v 0.32403061 0.22593454 0.14674059
v 0.32517835 0.10658655 0.09708827
v 0.31077287 0.25270545 0.18741177
v 0.31860009 0.25374401 0.16114941
v 0.34852561 0.23452325 0.04885139
v 0.35219350 0.27882367 0.11434740
v 0.33459592 0.14785355 0.09032091
v 0.28940460 0.16744404 0.27329347
v 0.33806729 0.25677174 0.14772110
v 0.29510748 0.21125665 0.23454404
v 0.31388634 0.28135219 0.15865514
v 0.25304043 0.05686287 0.29246965
v 0.27010086 0.09920605 0.30708864
v 0.32486361 0.26029354 0.15445377
v 0.26419058 0.14974022 0.31833723
v 0.33516964 0.29380417 0.13914615
v 0.26880735 0.17284231 0.30339921
v 0.30094606 0.31499565 0.16370572
v 0.29081210 0.32465586 0.18223567
v 0.27499577 0.28674215 0.23238534
v 0.27303994 0.22072129 0.26129898
v 0.30998808 0.30860177 0.15390785
v 0.27926147 0.33422181 0.19539422
v 0.32785428 0.27715304 0.15371127
v 0.32482022 0.30044928 0.15164495
v 0.26751396 0.34486133 0.20539954
v 0.25238532 0.15936020 0.32764712
v 0.23857538 0.32581231 0.24892831
v 0.25560945 0.35540396 0.21328494
v 0.23864146 0.34233698 0.23914401
v 0.23457821 0.33724660 0.24879017
v 0.23190199 0.32129684 0.26202026
v 0.23915412 0.35468006 0.25198746
v 0.23999442 0.36181331 0.22557412
v 0.23625581 0.34976652 0.23972763
v 0.23925334 0.37416622 0.23711458
v 0.23171976 0.38098457 0.24789289
v 0.23413637 0.34646580 0.27073646
v 0.23379624 0.32076967 0.27495724
v 0.32591426 0.09102285 0.09148736
v 0.29195645 0.05322276 0.09106019
v 0.22148669 0.30889207 0.26750273
v 0.27154735 -0.29498392 0.37372029
v 0.25884828 -0.31264997 0.38780916
v 0.26549813 -0.29963115 0.36398229
v 0.26291013 -0.30884707 0.40047923
v 0.27865791 -0.28227594 0.37995222
v 0.27553999 -0.28352812 0.39847046
v 0.25886959 -0.30570033 0.41729295
v 0.24427089 -0.31790766 0.42489302
v 0.24655637 -0.32184428 0.40244713
v 0.24269284 -0.31051505 0.43486935
v 0.26677030 -0.27874067 0.42025784
v 0.27990812 -0.26526588 0.38742387
v 0.27521318 -0.26187101 0.40362746
v 0.27648541 -0.29758745 0.36662355
v 0.22464250 -0.31463006 0.44732043
v 0.28756920 -0.26209652 0.38238680
v 0.21221882 -0.32380491 0.44086108
v 0.20572779 -0.31930432 0.45239639
v 0.28625426 -0.28030065 0.37873775
v 0.27023280 -0.24153616 0.40446633
v 0.27905571 -0.24493390 0.38028511
v 0.22276771 -0.32486013 0.42523038
v 0.25181425 -0.30972543 0.36460394
v 0.25587577 -0.30984315 0.35757065
v 0.24135092 -0.31977868 0.38100654
v 0.17853291 -0.31998429 0.45535508
v 0.22283795 -0.32581481 0.40115592
v 0.22490548 -0.31377459 0.35633332
v 0.22099283 -0.32371041 0.38507232
v 0.16936725 -0.32336521 0.44114828
v 0.19711876 -0.32440078 0.42641449
v 0.20745078 -0.32480413 0.40130937
v 0.15826944 -0.32065067 0.43032327
v 0.16086574 -0.31852418 0.44866383
v 0.18652979 -0.31900308 0.41374505
v -0.27608511 0.23957238 0.05906416
v -0.28078073 0.22794279 0.07669244
v -0.28057319 0.24715440 0.06010431
v -0.27211612 0.23999640 0.05114513
v -0.27902722 0.25392708 0.05108950
v -0.26806596 0.19337399 0.09487005
v -0.27439484 0.19423775 0.10442566
v -0.27476636 0.18447556 0.11392885
v -0.26308370 0.16430151 0.11113435
v -0.27088478 0.22327925 0.06453446
v -0.27885491 0.20498431 0.10359409
v -0.28628746 0.25711054 0.07039218
v -0.27807462 0.20375007 0.11350399
v -0.27236447 0.17935266 0.12152428
v -0.28501323 0.25588438 0.05276498
v -0.26434615 0.17491068 0.09817147
v -0.26835549 0.20243730 0.07677279
v -0.28408548 0.23184654 0.10531622
v -0.28669974 0.25818270 0.08753032
v -0.27448723 0.23160787 0.05154973
v -0.26297104 0.16745402 0.12490102
v -0.28503931 0.26676995 0.09811740
v -0.27324158 0.22396055 0.13379122
v -0.27853879 0.27262282 0.12009574
v -0.26799697 0.28039700 0.14917505
v -0.26633966 0.29341370 0.14818931
v -0.28328112 0.24910636 0.04129034
v -0.23930335 0.32556802 0.17789863
v -0.23052204 0.32248142 0.18694940
v -0.22360863 0.34137061 0.19319101
v -0.21351090 0.34436455 0.20130445
v -0.24522690 0.30241281 0.16099662
v -0.24638979 0.31484783 0.16167259
v -0.25373352 0.30158177 0.15259326
v -0.25418505 0.26912454 0.15850812
v -0.23125610 0.27487469 0.21905857
v -0.25715703 0.24398364 0.15838203
v -0.23744248 0.19166476 0.23550625
v -0.22054389 0.20180194 0.25987193
v -0.21714079 0.16466300 0.29100385
v -0.23278147 0.13050869 0.27099469
v -0.20963475 0.15043563 0.30783430
v -0.24979573 0.13258255 0.20132536
v -0.25921696 0.25917247 0.15464848
v -0.26092473 0.13744070 0.11058877
v -0.22331809 0.08474980 0.26984909
v -0.26448983 0.14808662 0.09869242
v -0.26316643 0.11890721 0.09623231
v -0.26933873 0.17325881 0.08072361
v -0.25721648 0.11676698 0.10731183
v -0.27076542 0.13951871 0.09039421
v -0.25346768 0.10393087 0.11117177
v -0.25577372 0.10091687 0.09625803
v -0.22834064 0.05742019 0.17642425
v -0.24805391 0.08843545 0.09656557
v -0.21018308 0.08280239 0.29116186
v -0.19414122 0.34984016 0.22389705
v -0.19029033 0.33275810 0.24373882
v -0.19323929 0.35713020 0.22444625
v -0.19868432 0.35962850 0.21411420
v -0.19237643 0.34210110 0.24758755
v -0.18662286 0.32471877 0.26249254
v -0.18612003 0.31735617 0.25606632
v -0.16750768 0.22367644 0.29046321
v -0.19664901 0.20213363 0.28705227
v -0.19438021 0.17871800 0.31191391
v -0.18862297 0.16508460 0.32500288
v -0.17294186 0.13639517 0.34012878
v -0.25371459 0.08545728 0.08591209
v -0.19894397 0.02906712 0.20084476
v -0.24005114 0.07690474 0.08067472
v -0.19832520 0.02188899 0.16490954
v -0.23265946 0.07468007 0.05494747
v -0.16770869 0.02465088 0.25289398
v -0.16554187 0.05197503 0.30136034
v -0.21435849 0.35216632 0.20327441
v -0.24764779 0.08180100 0.07480495
v -0.23927799 0.08502747 0.04283331
v -0.20185804 0.35050178 0.25336981
v -0.19228284 0.33651865 0.27142400
v -0.19341487 0.36099374 0.26322830
v -0.20313281 0.37802944 0.23919256
v -0.20695150 0.36743531 0.22858749
v -0.19326778 0.38134453 0.25275826
v -0.18749864 0.39036274 0.25659305
v -0.17878804 0.36645710 0.27499449
v -0.17451961 0.39919233 0.26323098
v -0.15300615 0.39514753 0.27825880
v -0.14911297 0.41409096 0.27109820
v -0.17163962 0.35648313 0.27903140
v -0.14113966 0.38562164 0.28599194
v -0.12782146 0.40265262 0.28333470
v -0.14236729 0.42046127 0.27263120
v -0.10966861 0.42074853 0.28044006
v 0.20084035 -0.20686635 0.28195146
v 0.22020586 -0.18655844 0.28118202
v 0.21852323 -0.20109822 0.27161568
v 0.19970059 -0.22006924 0.27095550
v 0.20042060 -0.19508448 0.29693285
v 0.20865455 -0.18169700 0.31134486
v 0.20023957 -0.18448281 0.31628716
v 0.22719586 -0.17656590 0.29991105
v 0.24083789 -0.19975194 0.26186278
v 0.24027568 -0.18247172 0.27887386
v 0.21888956 -0.17520469 0.32267338
v 0.24769083 -0.17714392 0.29288951
v 0.25618032 -0.19663787 0.26478747
v 0.23470917 -0.17352183 0.31440458
v 0.26462787 -0.18449588 0.28115022
v 0.27299151 -0.19605699 0.26968113
v 0.27257290 -0.18174142 0.29414210
v 0.28610682 -0.19715798 0.20165278
v 0.30054420 -0.19688031 0.20277576
v 0.25754210 -0.17600773 0.31711224
v 0.22108783 -0.17678750 0.33672875
v 0.24759859 -0.17716679 0.35372686
v 0.26543352 -0.17898820 0.34975499
v 0.30439839 -0.20035414 0.22913679
v 0.31800207 -0.19888021 0.19303459
v 0.28883481 -0.19334877 0.19317169
v 0.28640178 -0.18611810 0.31637877
v 0.29433542 -0.20294444 0.27581972
v 0.29262698 -0.19568761 0.28978765
v 0.33159995 -0.20216480 0.18725897
v 0.27828467 -0.18491437 0.34876698
v 0.27023360 -0.18696414 0.36920813
v 0.26712614 -0.20158079 0.20110129
v 0.31046480 -0.19256973 0.18470734
v 0.31829855 -0.22488922 0.28734970
v 0.34387639 -0.20772566 0.18370304
v 0.30761629 -0.20464136 0.30425993
v 0.28766444 -0.19900899 0.37094125
v 0.30835670 -0.20564167 0.32248265
v 0.31527114 -0.18701503 0.17758572
v 0.25779149 -0.18658262 0.36809126
v 0.20874621 -0.18351160 0.33124509
v 0.28766328 -0.20800132 0.38368660
v 0.32429591 -0.22534676 0.30987749
v 0.30378178 -0.22325832 0.37970105
v 0.32486933 -0.23469226 0.28678158
v 0.32802650 -0.24314001 0.29507110
v 0.34682494 -0.24781513 0.23764783
v 0.36457646 -0.21343967 0.15978192
v 0.34825239 -0.19525345 0.16195196
v 0.34850392 -0.18898378 0.14648391
v 0.35187709 -0.19220552 0.13053122
v 0.36879316 -0.21689923 0.13348913
v 0.32498941 -0.17089032 0.12452012
v 0.37240437 -0.22590759 0.14941232
v 0.29215768 -0.22472015 0.39093870
v 0.30858034 -0.24219091 0.38829079
v 0.31848878 -0.25821435 0.37408024
v 0.33326393 -0.26407859 0.30773023
v 0.33071196 -0.25092557 0.28740484
v 0.37669009 -0.24174541 0.14318770
v 0.37679604 -0.25237894 0.15426864
v 0.35284576 -0.25920007 0.22403334
v 0.31203607 -0.27084413 0.38956112
v -0.15647213 -0.25547916 0.14366233
v -0.16083589 -0.25009808 0.14449108
v -0.15517008 -0.25565675 0.11409114
v -0.16111375 -0.24984184 0.11421490
v -0.16096959 -0.25981522 0.15522949
v -0.15246366 -0.24459825 0.10547626
v 0.06670059 -0.91164118 0.07268944
v 0.06909497 -0.90362149 0.05861571
v 0.06802952 -0.91896290 0.05398627
v 0.06740666 -0.94584531 0.05869938
v 0.06757199 -0.95442784 0.07001630
v 0.07341298 -0.88906229 0.08042263
v 0.07437392 -0.89197451 0.09518381
v 0.07750268 -0.89691103 0.10229228
v 0.08610931 -0.90818006 0.11915284
v 0.09936277 -0.98359507 0.12646560
v 0.10615059 -0.95654643 0.14194034
v 0.10183284 -0.92251301 0.14747371
v 0.11107855 -0.93732858 0.16188036
v 0.09887981 -0.90687937 0.14311254
v 0.11211383 -0.91483921 0.17118119
v 0.11980489 -0.92951787 0.18897445
v 0.10975028 -0.90642053 0.16555899
v 0.13846688 -0.94040114 0.22656268
v 0.14246288 -0.98624885 0.21758205
v 0.16207963 -0.98547530 0.25084740
v 0.12861963 -0.98707968 0.17260747
v 0.11697057 -0.97063506 0.15137775
v 0.08486754 -0.90039426 0.12473527
v 0.07478303 -0.98301339 0.08711152
v 0.07213109 -0.98582292 0.06950321
v 0.12703952 -0.92105174 0.19937740
v 0.17652638 -0.94434959 0.27137330
v 0.17307563 -0.97588623 0.26405481
v 0.09441227 -0.99471092 0.10852449
v 0.15207011 -0.99467629 0.22488926
v 0.12064906 -0.97867978 0.14945206
v 0.07956312 -0.99490321 0.07887557
v 0.18996701 -0.94721872 0.28047037
v 0.13922800 -0.99451464 0.18759345
v 0.17724775 -0.98621440 0.26128197
v 0.18784063 -0.97843391 0.27054393
v 0.11242608 -0.99201423 0.12797423
v 0.11674410 -0.98583055 0.13798943
v 0.08134113 -0.99568999 0.05470870
v 0.07714583 -0.98717636 0.05002024
v 0.18845423 -0.98735327 0.26200268
v 0.09218889 -0.90003264 0.16067258
v 0.20255165 -0.96748835 0.27248618
v 0.20524950 -0.94784433 0.27948481
v 0.20726931 -0.93478423 0.28078777
v -0.02553560 -0.10640153 0.36065382
v -0.02805671 -0.09296137 0.36900494
v -0.03811261 -0.09322811 0.35718995
v -0.03048632 -0.10614873 0.34486690
v -0.03669754 -0.09195273 0.34342682
v -0.01514066 -0.09371013 0.37303206
v 0.00580114 -0.10768931 0.37292591
v -0.02687624 -0.07951929 0.36012581
v -0.03444911 -0.08315901 0.35044646
v 0.00729743 -0.09394933 0.36781803
v -0.14590023 -0.79827964 0.03969285
v -0.10821248 -0.79816228 0.02878323
v -0.14599079 -0.80023044 0.02626017
v -0.16625127 -0.80222541 0.03433501
v -0.16410729 -0.79910201 0.05559101
v -0.11930201 -0.80281752 0.01573217
v -0.18873605 -0.80700636 0.05818009
v -0.17694026 -0.80380601 0.06714167
v -0.19444291 -0.81131434 0.08591134
v -0.17679682 -0.80626845 0.08711240
v -0.17212598 -0.81288153 0.12361852
v -0.17033179 -0.82056546 0.16628425
v -0.15042447 -0.81435084 0.16346522
v -0.18695466 -0.82556641 0.15528236
v -0.13690674 -0.81930816 0.17762761
v -0.16582698 -0.80671769 0.11902296
v -0.12954818 -0.81284666 0.17453824
v -0.08938077 -0.80783284 0.01687568
v -0.08235085 -0.80349749 0.03122206
v -0.14583623 -0.83440310 0.18977630
v -0.11714538 -0.83304590 0.19602738
v -0.11954372 -0.82143813 0.18220966
v -0.10102772 -0.82177711 0.17609604
v -0.09474762 -0.84021920 0.19275801
v -0.07746894 -0.83319545 0.16956423
v -0.02330483 -0.84174454 0.14284153
v -0.06433475 -0.81825930 0.02564216
v -0.05401001 -0.81369442 0.04456012
v -0.04579064 -0.82945627 0.14678322
v -0.01729512 -0.83381027 0.13081750
v -0.02840891 -0.82067239 0.12769389
v -0.17601566 -0.83419544 0.17533202
v -0.04106802 -0.82045007 0.05057101
v -0.03566093 -0.85586798 0.16147476
v -0.06557941 -0.85758328 0.18373196
v -0.12290465 -0.81329173 0.17630462
v -0.10597213 -0.81507325 0.17619187
v -0.07761901 -0.82448530 0.01106520
v -0.14965540 -0.80909550 0.01946092
v -0.10078710 -0.81852978 0.00908230
v 0.12257299 0.26261839 0.30250266
v 0.13919340 0.25267169 0.32127818
v 0.14125098 0.26768282 0.31406870
v 0.12086514 0.24209528 0.31083784
v 0.12903544 0.22640692 0.31885511
v 0.14245351 0.23140624 0.32720521
v 0.14798574 0.20735531 0.32660785
v 0.15816312 0.25381467 0.32508707
v 0.15684868 0.22605029 0.33104536
v 0.13739894 0.27948400 0.29813659
v 0.15721446 0.27460396 0.30954233
v 0.14513189 0.28528497 0.29348284
v 0.17095949 0.24321863 0.32405749
v 0.16669387 0.21651834 0.32771936
v 0.16975975 0.26837465 0.30822629
v 0.21834049 0.26172358 0.27684197
v 0.23073070 0.31004724 0.26218784
v 0.22148669 0.30889207 0.26750273
v 0.27499577 0.28674215 0.23238534
v 0.23190199 0.32129684 0.26202026
v 0.23857538 0.32581231 0.24892831
v 0.27303994 0.22072129 0.26129898
v 0.23389894 0.22072253 0.28878880
v 0.19998860 0.29309464 0.27701399
v 0.21332625 0.31513017 0.27058226
v 0.17913617 0.33306137 0.27923021
v 0.18626857 0.34198564 0.27590436
v 0.16933547 0.34243065 0.28446704
v 0.16741969 0.28403085 0.28697810
v 0.14378853 0.34135425 0.28827852
v 0.18541253 0.25755990 0.28572744
v 0.12586729 0.28087217 0.29832408
v 0.09845678 0.34048238 0.30136469
v 0.08912592 0.26355335 0.31334171
v 0.08466434 0.34782588 0.30418134
v 0.17870310 0.34983307 0.28021133
v 0.09978642 0.34946212 0.30177039
v 0.06496055 0.37340391 0.30071643
v 0.05376339 0.34920147 0.30754802
v 0.05152747 0.37347549 0.30286542
v 0.06752906 0.38880876 0.29970899
v 0.03143681 0.35569850 0.30854806
v 0.03370703 0.36941540 0.30856767
v 0.03273860 0.29522505 0.31387568
v 0.04119942 0.25999558 0.32475284
v 0.10231283 0.36280131 0.29617122
v 0.19359818 0.23149809 0.29422235
v 0.08113765 0.39445677 0.28823429
v 0.13598737 0.37370813 0.28172019
v 0.09580494 0.41052166 0.27620500
v 0.13924691 0.39728397 0.26827100
v 0.10114770 0.42143044 0.26954016
v 0.18392481 0.22016834 0.30295736
v 0.18402626 0.24414936 0.29358870
v 0.14568679 0.38183847 0.27218816
v 0.18471131 0.34971836 0.27630198
v 0.08647450 0.22278041 0.33732527
v 0.12161641 0.22397278 0.31998229
v 0.06251518 0.23522846 0.33818319
v 0.03922420 0.24214925 0.33741793
v 0.16110171 0.36307874 0.27338743
v 0.16258278 0.37083617 0.27178118
v 0.11890528 0.42064080 0.26237956
v 0.13390607 0.41546857 0.26165855
v 0.11995610 0.43101826 0.25937331
v 0.10506073 0.43005955 0.26888946
v 0.10766137 0.20030873 0.34192288
v 0.12899941 0.18614623 0.34057748
v 0.10965252 0.17848729 0.34934059
v 0.13234997 0.16187204 0.34560177
v 0.13995089 0.20114055 0.32778919
v 0.09498630 0.18423449 0.35756811
v 0.09059692 0.16333257 0.35953909
v 0.10054655 0.14683348 0.35379604
v 0.09169380 0.20244604 0.35352358
v 0.00668326 0.25890571 0.32332575
v 0.01746259 0.24000072 0.33747545
v 0.13845369 0.36608377 0.28664592
v 0.06017473 0.15088160 0.37076119
v 0.08144888 0.13283330 0.36669907
v 0.04818651 0.12862831 0.37985146
v 0.03389644 0.14956738 0.37375820
v 0.02650449 0.12937622 0.37985292
v 0.00614066 0.35091138 0.30799398
v 0.16589342 0.20031659 0.32629785
v 0.14882378 0.18704304 0.33819824
v 0.16623797 0.20748392 0.32355449
v 0.18260978 0.20739108 0.31513515
v 0.17755045 0.21459791 0.31494457
v 0.14458191 0.17521565 0.34503207
v 0.17867506 0.18059264 0.34330070
v 0.18430144 0.14922108 0.35380492
v 0.21108590 0.17783156 0.33909318
v 0.12262173 0.35849497 0.30075541
v 0.11709236 0.34968874 0.30181000
v 0.13829233 0.34975260 0.29507014
v 0.00850624 0.15121481 0.36943072
v 0.24316308 0.17983949 0.32327753
v 0.25238532 0.15936020 0.32764712
v -0.03010742 0.30756453 0.30697626
v -0.03198433 0.34069693 0.30472779
v 0.16064705 0.27869081 0.29449466
v 0.17227995 0.26907802 0.29464811
v 0.16324846 0.35672176 0.28980216
v 0.17065257 0.34887642 0.28820395
v -0.01154860 0.35232198 0.30997115
v -0.05737301 0.33999902 0.30012706
v -0.06703210 0.26328668 0.30073392
v -0.06649500 0.22331084 0.31574824
v -0.00902426 0.23233160 0.33562219
v 0.03654904 0.16092429 0.37575895
v 0.06187472 0.16134612 0.37218279
v 0.26880735 0.17284231 0.30339921
v -0.04711766 0.34400785 0.30268392
v -0.05738163 0.35780749 0.29969418
v -0.08244810 0.35841686 0.30069134
v -0.07410215 0.37209430 0.29059717
v -0.06090309 0.37837604 0.29257447
v -0.06796266 0.40616193 0.27584493
v -0.09575413 0.37083954 0.28341386
v -0.07394245 0.41333711 0.26861122
v -0.09922064 0.38338295 0.27475652
v -0.08234143 0.41537687 0.26867819
v -0.07512125 0.42996407 0.26136291
v -0.11239397 0.36625826 0.27841809
v -0.11643004 0.37481728 0.27625918
v -0.10966168 0.39028105 0.28186685
v -0.12737449 0.35996479 0.27254540
v -0.05143267 0.36706474 0.30231270
v -0.10632785 0.36549383 0.28753486
v -0.10685893 0.35770199 0.29352844
v -0.12133338 0.35852531 0.28753930
v -0.12737449 0.35996479 0.27254540
v -0.12695894 0.35042453 0.28689268
v 0.04649523 0.22936957 0.35372281
v 0.06522328 0.22303843 0.35377899
v 0.07807793 0.21577558 0.35328746
v 0.09359641 0.41810337 0.27849433
v 0.08273652 0.40521508 0.29106149
v 0.17923535 0.23843427 0.31690812
v 0.17874037 0.25629056 0.30672193
v -0.06826609 0.42098975 0.27265710
v -0.04190417 0.34719735 0.31029207
v 0.08798634 0.17789595 0.36718017
v 0.08031510 0.19559811 0.38543382
v 0.08003837 0.20635574 0.38306859
v 0.07356416 0.21733175 0.37864280
v 0.05485292 0.22225063 0.39624250
v -0.05968949 0.39120144 0.29190791
v -0.07563942 0.25749975 0.30817357
v -0.08769983 0.24253048 0.32401779
v -0.07418633 0.23610681 0.31519765
v -0.09017549 0.26883203 0.31032699
v -0.08987495 0.22207437 0.32815701
v -0.07558212 0.21180588 0.32045621
v -0.08254737 0.28025579 0.29504913
v -0.10243586 0.24947649 0.32439008
v -0.10080739 0.22031787 0.33074895
v -0.09340657 0.20217416 0.32695818
v -0.07966152 0.19992761 0.32783657
v -0.08178559 0.18328185 0.34052786
v -0.10395570 0.27457362 0.30658844
v -0.12095199 0.18122363 0.34265903
v -0.11580108 0.16115363 0.35200104
v -0.06712210 0.16849138 0.34554851
v -0.09857357 0.14800556 0.35378948
v -0.06326697 0.14997534 0.34666023
v -0.06312775 0.18208827 0.34184596
v -0.05488747 0.16570595 0.34638551
v -0.15135665 0.16641945 0.34374979
v -0.14252694 0.14712319 0.34988993
v -0.14390102 0.18870996 0.33304554
v -0.12248554 0.20214117 0.32335734
v -0.11543373 0.22919056 0.32555068
v -0.02639243 0.14004488 0.35510814
v -0.04300342 0.19658758 0.34140545
v -0.03451008 0.17434593 0.35136282
v -0.16971727 0.18119068 0.32904840
v -0.11494593 0.25781736 0.31483573
v -0.17097107 0.15580356 0.33906916
v -0.10197232 0.28948143 0.28935263
v -0.10443655 0.28004062 0.29494622
v -0.09932326 0.34071755 0.28787148
v -0.17294186 0.13639517 0.34012878
v -0.13889045 0.33623347 0.27555287
v -0.11728247 0.27894229 0.28563413
v -0.16015692 0.32655272 0.26998597
v -0.12842071 0.26369381 0.28518546
v -0.16750768 0.22367644 0.29046321
v -0.13068779 0.22802363 0.29802656
v -0.12872194 0.21849641 0.30508408
v -0.15921888 0.21200472 0.30177534
v -0.02869705 0.19996552 0.34642699
v -0.02544899 0.18014778 0.35578245
v -0.19664901 0.20213363 0.28705227
v -0.17695235 0.31751239 0.26379412
v -0.18862297 0.16508460 0.32500288
v -0.14938964 0.34642339 0.27207214
v -0.13734432 0.34973854 0.27573127
v -0.00906253 0.17080483 0.36706075
v -0.00965973 0.15515769 0.36254117
v -0.00273578 0.13182519 0.37000921
v -0.19438021 0.17871800 0.31191391
v -0.12424320 0.23930721 0.31500602
v -0.15827808 0.11639331 0.34241119
v -0.05658453 0.10632422 0.34361658
v -0.02098509 0.10098114 0.35136911
v -0.06957965 0.12487727 0.34564674
v -0.16928330 0.33404669 0.27102989
v -0.10765345 0.20836242 0.32628682
v -0.12075762 0.21077679 0.31829157
v -0.00359332 0.21719457 0.35273251
v 0.01187526 0.22531144 0.35448045
v -0.11507282 0.27039304 0.30231529
v 0.00918476 0.16102414 0.37124044
v -0.18612003 0.31735617 0.25606632
v 0.00031883 0.11238720 0.36386386
v 0.02824738 0.23018405 0.35319814
v -0.01786374 0.19308797 0.35966200
v -0.01218180 0.20644382 0.35860035
v -0.01612216 0.18050168 0.36460531
v -0.12328363 0.25881636 0.30355728
v -0.12313475 0.26187536 0.29452148
v -0.00799353 0.19363859 0.38014233
v 0.00134550 0.18884794 0.38990614
v 0.00655297 0.20663667 0.39499658
v 0.01419149 0.19201212 0.39925578
v 0.02755762 0.20275615 0.40329245
v 0.03063666 0.22166979 0.39977032
v 0.04797704 0.20403942 0.40253812
v 0.06467690 0.20540646 0.39714053
v -0.00445735 0.20834392 0.37974998
v 0.06289880 0.19322473 0.39810652
v -0.19018981 -0.88647020 0.07189659
v -0.18058488 -0.88429403 0.05301605
v -0.17363472 -0.89178532 0.07020307
v -0.16454838 -0.89167231 0.05684561
v -0.18447873 -0.89237970 0.09700283
v -0.19453719 -0.88640010 0.09323168
v -0.15931062 -0.88496518 0.04208459
v -0.16691712 -0.87745285 0.03394932
v -0.14048776 -0.87662995 0.02186313
v -0.15646425 -0.86776656 0.02112694
v -0.14168420 -0.86711973 0.01401761
v -0.11297504 -0.87623626 0.01492017
v -0.11107254 -0.86965406 0.00929070
v -0.08456232 -0.87657446 0.01811408
v -0.08220620 -0.86813307 0.01085952
v -0.05840496 -0.86885166 0.02216916
v -0.05513234 -0.87643647 0.03573914
v -0.04037138 -0.86724371 0.03818880
v -0.03772853 -0.87691760 0.05735888
v -0.02720051 -0.87070340 0.06182550
v -0.03246385 -0.88490117 0.07382287
v -0.19666192 -0.88148230 0.11179502
v -0.06969071 -0.85857576 0.01146668
v -0.09205504 -0.85725969 0.00541458
v -0.04957467 -0.88411200 0.04417984
v -0.12373087 -0.85906827 0.00761910
v -0.06944632 -0.88423651 0.02654433
v -0.08844946 -0.83996648 0.00528606
v -0.07792401 -0.31835443 0.45788556
v -0.05608803 -0.31989002 0.45650414
v -0.06539123 -0.30910206 0.45963785
v -0.08647712 -0.30433568 0.45900598
v -0.08725487 -0.28710380 0.46581155
v -0.07203590 -0.32702956 0.45363179
v -0.09920011 -0.31789488 0.45213062
v -0.10402698 -0.28089643 0.45899415
v -0.06601084 -0.29379961 0.46865988
v -0.07258951 -0.27877033 0.46796590
v -0.08396266 -0.25868830 0.46770409
v -0.06114189 -0.26204675 0.47162759
v -0.10288946 -0.25730968 0.45964435
v -0.12906399 -0.31144971 0.43557519
v -0.14237238 -0.28692007 0.43282193
v -0.13683085 -0.25568768 0.43613601
v -0.12233553 -0.31936797 0.43415880
v -0.15349257 -0.28966805 0.41768122
v -0.08593056 -0.24625881 0.46300140
v -0.08813231 -0.22458920 0.45719838
v -0.06274109 -0.23465371 0.46660018
v -0.06429979 -0.24608140 0.46673027
v -0.06019004 -0.22241454 0.46236661
v -0.14150287 -0.22438905 0.41795707
v -0.09308972 -0.21521679 0.44854102
v -0.16431478 -0.26968011 0.40129238
v -0.16353403 -0.25152934 0.40129474
v -0.15327486 -0.22613885 0.40226498
v -0.13334955 -0.21246216 0.41446728
v -0.14121300 -0.31185788 0.41564018
v -0.15935569 -0.29254237 0.40163255
v -0.16482821 -0.23695162 0.38126796
v -0.16874672 -0.26772699 0.38171926
v -0.09965101 -0.32769504 0.44005358
v -0.16146314 -0.29205117 0.38572380
v -0.14940415 -0.30876008 0.39290783
v -0.16714822 -0.25434792 0.36577755
v -0.16823024 -0.23493013 0.37766406
v -0.16934265 -0.24613330 0.36213961
v -0.16889584 -0.26981148 0.35714233
v -0.16354002 -0.28049994 0.36470056
v -0.18445368 -0.53680325 0.30249882
v -0.18025056 -0.55381519 0.31054801
v -0.17704250 -0.56338769 0.34041190
v -0.17859982 -0.55064934 0.29788882
v -0.18779327 -0.53244889 0.28332624
v -0.16925670 -0.57230133 0.32282710
v -0.17204793 -0.58067948 0.35256398
v -0.18112196 -0.53275001 0.26465419
v -0.19038747 -0.52268481 0.27902722
v -0.16117932 -0.59521848 0.35638532
v -0.16317259 -0.60343319 0.37837112
v -0.16733567 -0.59468764 0.38484019
v -0.16165861 -0.60991061 0.40078169
v -0.15448049 -0.61978829 0.40254602
v -0.15317228 -0.61206841 0.37701666
v -0.16981934 -0.53506410 0.25493988
v -0.15831773 -0.58430380 0.33096486
v -0.16190669 -0.55390167 0.27904528
v -0.14348362 -0.62338084 0.39780807
v -0.14231960 -0.61658973 0.37812918
v -0.19404864 -0.52250320 0.26869878
v -0.14674962 -0.59099406 0.33610657
v -0.16106535 -0.53374934 0.24945228
v -0.14472422 -0.56230164 0.29112640
v -0.18659392 -0.53262603 0.25664285
v -0.12339307 -0.61539477 0.38298541
v -0.14302848 -0.53047150 0.25093877
v -0.15472718 -0.52981526 0.24032967
v -0.09576495 -0.59192729 0.35961750
v -0.06612398 -0.57109565 0.34194627
v -0.06719276 -0.53554219 0.29523778
v -0.04222611 -0.55949527 0.33492079
v -0.02419815 -0.54701281 0.32620567
v -0.01736637 -0.53830147 0.31263086
v -0.01292374 -0.52905190 0.30096275
v -0.06406775 -0.49013600 0.24817100
v -0.00175160 -0.49043989 0.26380795
v -0.02073632 -0.48654559 0.25298548
v -0.05383838 -0.48435003 0.24242374
v -0.09025572 -0.49042875 0.23968513
v 0.02440079 -0.50998503 0.28899351
v 0.02152924 -0.48606464 0.26348874
v 0.03472770 -0.49897397 0.27856022
v 0.03535227 -0.50611013 0.28942171
v 0.00764201 -0.52439332 0.30763584
v 0.03537002 -0.49243680 0.27254432
v 0.05561698 -0.48712304 0.26319000
v -0.06842657 -0.57805967 0.35424650
v -0.12342863 -0.51014292 0.24098121
v -0.10395575 -0.49087074 0.23249280
v 0.06997644 -0.49012378 0.26442540
v -0.11764621 -0.49455431 0.23019142
v -0.13465540 -0.51239622 0.23323223
v -0.08250764 -0.58895868 0.36928821
v -0.06052051 -0.57414067 0.35923597
v 0.08074377 -0.50553042 0.27421275
v 0.05476593 -0.51453221 0.29155734
v 0.08209097 -0.53417468 0.31140056
v 0.18189611 -0.51008439 0.24318779
v 0.19597360 -0.56857532 0.31137043
v 0.09824211 -0.55650419 0.33581293
v 0.14085309 -0.59314269 0.36978835
v 0.19440675 -0.59531045 0.35259405
v 0.21133770 -0.57517314 0.32098758
v 0.21317838 -0.56196612 0.29779211
v 0.20637932 -0.52517498 0.24626042
v 0.21634533 -0.53141958 0.25198287
v 0.22681451 -0.53333229 0.25456843
v 0.22671391 -0.55136687 0.28588465
v 0.18054198 -0.62670875 0.40288806
v 0.19252422 -0.62338740 0.40078861
v 0.20817912 -0.59182745 0.35260630
v 0.06663199 -0.53094292 0.31507283
v 0.09849712 -0.48971844 0.25587949
v 0.18106605 -0.48926845 0.22646381
v 0.23623665 -0.53304225 0.26227450
v 0.22698332 -0.55969596 0.30607367
v 0.06093814 -0.52968937 0.32123429
v 0.14836365 -0.60485125 0.38748819
v 0.19332109 -0.62731439 0.41855764
v 0.18178396 -0.62910736 0.41911602
v 0.09057681 -0.55564988 0.34386733
v 0.21023601 -0.51199883 0.21487319
v 0.22077593 -0.57223970 0.32859659
v 0.21726835 -0.52539384 0.22726890
v 0.22531123 -0.53249317 0.24741147
v 0.24337953 -0.53330350 0.25543123
v -0.12661932 -0.61843222 0.39951327
v 0.07783850 -0.54556936 0.34285659
v -0.00728074 -0.53635079 0.32492840
v 0.03484848 -0.50859874 0.30562007
v 0.22033806 -0.53110313 0.23697130
v 0.25233835 -0.52651173 0.27462485
v -0.13213904 -0.49151748 0.20542113
v -0.15674511 -0.52973324 0.23329742
v -0.17209442 -0.53879535 0.24241073
v 0.26080590 -0.52148914 0.26300964
v 0.24544363 -0.53815532 0.29376966
v -0.03920431 -0.55915874 0.35080403
v 0.19209228 -0.49094662 0.21584688
v 0.02803294 -0.51148927 0.31815249
v 0.03522670 -0.50787276 0.32277718
v 0.03522670 -0.50787276 0.32277718
v 0.20283648 -0.61777204 0.41618329
v 0.21273264 -0.59720927 0.38465190
v 0.21915847 -0.49996603 0.16869114
v 0.24742787 -0.55243617 0.22102298
v 0.20279621 -0.49624151 0.20394702
v 0.23622778 -0.55507916 0.32185853
v 0.22197354 -0.57893884 0.35595036
v 0.24438860 -0.54034567 0.30676258
v 0.09918476 -0.56139463 0.37156543
v -0.14334530 -0.61831164 0.41426682
v 0.16780308 -0.61784405 0.42168260
v 0.02756406 -0.50011659 0.35686415
v 0.23204371 -0.56213403 0.34297362
v -0.10353683 -0.60189861 0.39281505
v 0.03586886 -0.49553105 0.36137623
v -0.07871986 -0.58169878 0.38889378
v 0.01122368 -0.51306450 0.36334115
v -0.04102554 -0.55260670 0.38315690
v -0.06252162 -0.56777138 0.39097181
v 0.12771787 -0.58366692 0.39833194
v 0.14444481 -0.59424818 0.41420704
v 0.18211058 -0.62386727 0.42925060
v 0.02522767 -0.49550018 0.36721635
v 0.07415392 -0.53430772 0.37112975
v 0.10010784 -0.55601084 0.39064732
v 0.19417590 -0.61927426 0.43063998
v 0.06547243 -0.52309549 0.37383786
v 0.03586886 -0.49553105 0.36137623
v -0.08492512 -0.58184904 0.39876878
v -0.12113338 -0.60767770 0.41009828
v -0.10198864 -0.59230560 0.40580124
v 0.08273415 -0.53686965 0.38399932
v -0.15547326 -0.60951561 0.41557482
v 0.37882423 0.08207786 0.06217324
v 0.38169914 0.07746395 0.04515753
v 0.38965660 0.09625714 0.04249603
v 0.39611101 0.10032050 0.02139086
v 0.37746146 0.09813324 0.06976820
v 0.36739534 0.08470012 0.07916928
v 0.38950622 0.10548277 0.04078172
v 0.37705737 0.10581341 0.06471131
v 0.36623809 0.06776876 0.06326569
v 0.35895413 0.07339849 0.07593037
v 0.34641421 0.07694747 0.08379197
v 0.34704033 0.09321904 0.09058488
v 0.34331316 0.06379748 0.06908853
v 0.33180067 0.07161924 0.07928156
v 0.32591426 0.09102285 0.09148736
v 0.32517835 0.10658655 0.09708827
v 0.39066014 0.18798938 0.01124042
v 0.38069510 0.16473471 0.01998747
v 0.38909256 0.16162103 0.01250608
v 0.38327354 0.19032839 0.01878661
v 0.39012361 0.14625692 0.01586096
v 0.38036010 0.13469180 0.02594562
v 0.37304085 0.13335942 0.03748923
v 0.37538627 0.12277845 0.03638066
v 0.37292182 0.18322180 0.04177257
v 0.37101161 0.15919684 0.04518140
v 0.36586386 0.17708811 0.05236046
v 0.36771190 0.20447157 0.05204159
v 0.36130357 0.12419572 0.07210322
v 0.36644301 0.12455694 0.06059811
v 0.37686583 0.20011850 0.04079024
v 0.35878220 0.17188488 0.06144437
v 0.35624695 0.20555952 0.05847552
v 0.34785903 0.12665944 0.08412770
v 0.33459592 0.14785355 0.09032091
v 0.35925841 0.10143393 0.08461039
v 0.38733664 0.21484338 0.03656581
v 0.33030832 0.12260492 0.09545160
v 0.39712319 0.20164496 0.01297269
v 0.40721977 0.22216055 0.02235785
v 0.41115448 0.11735885 -0.00152551
v 0.39806843 0.10739652 0.02405910
v 0.43617815 0.14550775 -0.01178988
v 0.46329260 0.17388768 -0.03339867
v 0.44074669 0.15741189 -0.01109938
v 0.43079224 0.14744359 -0.00382982
v 0.46853915 0.18300095 -0.03354418
v 0.42879817 0.13440362 -0.01530928
v 0.42399481 0.13401708 -0.00347517
v 0.41577604 0.13347045 0.00843846
v 0.41810331 0.15188907 0.00471940
v 0.39029792 0.11529104 0.03199523
v 0.45026699 0.17405292 -0.01904732
v 0.42740694 0.16819738 -0.00470928
v 0.41831684 0.18782403 0.00484038
v 0.42814705 0.20273386 -0.00344215
v 0.42217258 0.21404865 0.00549970
v 0.41126761 0.13856427 0.01082715
v 0.41272667 0.20925213 0.00956360
v 0.41864738 0.22640450 0.01199633
v 0.42442590 0.23704396 -0.00014221
v 0.45479468 0.18890382 -0.02718244
v 0.43350524 0.18170437 -0.01661061
v 0.44319591 0.19778752 -0.02982073
v 0.43590838 0.20763728 -0.02604890
v 0.44314820 0.22309592 -0.04083014
v 0.43881261 0.23984802 -0.03927350
v 0.46528813 0.25464258 -0.05977123
v 0.47905633 0.25420991 -0.06738553
v 0.45446268 0.22158416 -0.04563432
v 0.43071640 0.23928884 -0.02306013
v 0.45494908 0.20870927 -0.03923003
v 0.50387406 0.23652381 -0.06409246
v 0.49756187 0.25822684 -0.07380710
v 0.52871090 0.25592989 -0.08000213
v 0.48254630 0.26534855 -0.06998043
v 0.51080877 0.27850208 -0.08492618
v 0.53629529 0.27133465 -0.09009930
v 0.53432024 0.28574896 -0.09585983
v 0.52927566 0.29511917 -0.09188907
v 0.55218601 0.30095977 -0.10479554
v 0.54952991 0.27307162 -0.09702594
v 0.46939385 0.19454421 -0.03403423
v 0.55804962 0.27384019 -0.10883086
v 0.56999183 0.29572189 -0.11229678
v 0.54713655 0.26250947 -0.10610893
v 0.57392842 0.29413813 -0.12597032
v 0.58624506 0.31145769 -0.12609747
v 0.54664391 0.26398849 -0.09684226
v 0.53605431 0.25054699 -0.09370022
v 0.52113533 0.23833604 -0.07549545
v 0.57715601 0.31430852 -0.11473930
v 0.58709347 0.32665333 -0.12088811
v 0.56700104 0.32593378 -0.10154038
v 0.55913687 0.31956795 -0.09510729
v 0.50022727 0.21847151 -0.05840879
v 0.58862501 0.32810366 -0.13509028
v 0.51935810 0.30233681 -0.06898738
v 0.48608768 0.28836390 -0.04622002
v 0.50292748 0.28492421 -0.07587362
v 0.46562004 0.26627874 -0.05622743
v 0.46317253 0.27700838 -0.03245807
v 0.54335219 0.31065494 -0.08514117
v 0.43781754 0.25055316 -0.03219047
v 0.47851422 0.28876847 -0.03760896
v 0.45868492 0.28432158 -0.01979346
v 0.50248092 0.30265993 -0.05227834
v 0.42911997 0.25354797 0.00283552
v 0.43984199 0.27082673 -0.00270334
v 0.51015460 0.30973357 -0.05779086
v 0.42555550 0.26523101 0.01007304
v 0.42042622 0.24984315 0.01538973
v 0.35931113 0.24915293 0.03394680
v 0.34852561 0.23452325 0.04885139
v 0.36210591 0.23357958 0.04722969
v 0.38442242 0.24724424 0.03449472
v 0.34802732 0.21390621 0.05860259
v 0.37766612 0.22962019 0.04333767
v 0.39913428 0.24888311 0.02902129
v 0.34160358 0.19921732 0.06666735
v 0.34126955 0.17426628 0.07369069
v 0.40900436 0.23643835 0.02392367
v 0.40477723 0.26066652 0.02726682
v 0.34108573 0.22093533 0.06322577
v 0.41188985 0.26629779 0.01655360
v 0.42399547 0.27500787 0.00610958
v 0.44163764 0.28135502 -0.00549441
v 0.46296585 0.30124936 -0.02858591
v 0.47967842 0.30013686 -0.03618515
v 0.35313809 0.25633261 0.03936173
v 0.36138555 0.25600260 0.03019173
v 0.43119863 0.28890109 -0.00768896
v 0.47185102 0.31065041 -0.04269637
v 0.49008656 0.31183225 -0.04795296
v 0.50550109 0.31829885 -0.06096580
v 0.53373033 0.31826290 -0.07676151
v 0.53521508 0.32787988 -0.08513145
v 0.54539400 0.32674950 -0.08850785
v 0.33494428 0.18458365 0.08004881
v 0.40569463 0.26932967 0.02564268
v 0.55618179 0.33397996 -0.10327755
v 0.58147860 0.33521679 -0.12013703
v 0.39683896 0.25557443 0.03448994
v 0.41258723 0.28103176 -0.00012228
v 0.37762594 0.25526738 0.03724260
v 0.35931113 0.24915293 0.03394680
v 0.40785724 0.29314303 -0.00055226
v 0.41258460 0.28761011 -0.01710775
v 0.41258460 0.28761011 -0.01710775
v 0.45522541 0.30768859 -0.03841807
v 0.40860403 0.29626977 -0.03174107
v 0.57732046 0.33887652 -0.12702473
v 0.53512335 0.33146214 -0.09723179
v 0.39784834 0.36085543 -0.03674311
v 0.38857332 0.38765305 0.06726503
v 0.39978358 0.33519670 0.10640509
v 0.36604676 0.39520916 0.12183508
v 0.37282169 0.46136439 0.01451553
v 0.35938001 0.47198343 0.03751719
v 0.35057676 0.47468406 0.05820457
v 0.33909285 0.48779508 0.07264762
v 0.39176708 0.32021409 0.13758744
v 0.39901778 0.30640611 0.12866436
v 0.38692844 0.31126401 0.14622301
v 0.38076007 0.32661706 0.15687799
v 0.36197770 0.34847751 0.18133095
v 0.49156019 0.20298858 -0.05683715
v 0.50022727 0.21847151 -0.05840879
v 0.46853915 0.18300095 -0.03354418
v 0.50337070 0.21466480 -0.07125057
v 0.52113533 0.23833604 -0.07549545
v 0.53605431 0.25054699 -0.09370022
v 0.46866104 0.17772551 -0.04649134
v 0.46329260 0.17388768 -0.03339867
v 0.44980603 0.15814586 -0.03782836
v 0.42879817 0.13440362 -0.01530928
v 0.43617815 0.14550775 -0.01178988
v 0.48538271 0.19681951 -0.06365383
v 0.52381927 0.24141410 -0.09810250
v 0.54713655 0.26250947 -0.10610893
v 0.42251882 0.13498311 -0.03173070
v 0.40656143 0.11555357 -0.01247535
v 0.41115448 0.11735885 -0.00152551
v 0.39517942 0.09951956 0.00647392
v 0.39611101 0.10032050 0.02139086
v 0.38169914 0.07746395 0.04515753
v 0.37661776 0.07369495 0.02652642
v 0.36870217 0.06624525 0.04709682
v 0.36623809 0.06776876 0.06326569
v 0.38217527 0.09147315 0.00009096
v 0.46095273 0.17572702 -0.05684160
v 0.48516342 0.20142475 -0.07398234
v 0.55039293 0.27188763 -0.12079950
v 0.55804962 0.27384019 -0.10883086
v 0.57392842 0.29413813 -0.12597032
v 0.48747051 0.20969830 -0.08289719
v 0.35834828 0.06619653 0.02243753
v 0.42408487 0.14372812 -0.04170423
v 0.39780828 0.11467270 -0.02024537
v 0.40215078 0.12600420 -0.03141311
v 0.56302577 0.29167446 -0.13292463
v 0.35338187 0.06148170 0.04817413
v 0.57817233 0.30978024 -0.13809542
v 0.58624506 0.31145769 -0.12609747
v 0.58862501 0.32810366 -0.13509028
v 0.51472729 0.24438627 -0.10729327
v 0.45639682 0.18544473 -0.06995413
v 0.35372719 0.07943349 0.00323120
v 0.46908182 0.20499223 -0.08320442
v 0.41096491 0.14389439 -0.04415854
v 0.54127824 0.27928934 -0.13006602
v 0.57749468 0.32427141 -0.14447366
v 0.50070012 0.24190450 -0.10717111
v 0.38902807 0.12526689 -0.03137609
v 0.34064072 0.06412403 0.03431405
v 0.56400591 0.31208956 -0.14372587
v 0.34331316 0.06379748 0.06908853
v 0.33770889 0.06217316 0.05277259
v 0.33660612 0.07241299 0.01913041
v -0.04377492 -0.25145739 0.46031883
v -0.03018859 -0.23074868 0.44776428
v -0.04620979 -0.23248400 0.46197876
v -0.03100536 -0.25593162 0.44246545
v -0.03755770 -0.22289245 0.44924533
v -0.03683472 -0.26335749 0.45939335
v -0.04689404 -0.26192236 0.46837410
v -0.02762108 -0.26616433 0.43952948
v -0.03456973 -0.27949426 0.44877216
v -0.04347851 -0.28013858 0.46008894
v -0.03269548 -0.29431501 0.44890577
v -0.04571535 -0.29499638 0.46431622
v -0.04318563 -0.30880344 0.44987118
v -0.03564585 -0.30676761 0.43985498
v -0.04067064 -0.31855604 0.44623354
v -0.03659237 -0.31882617 0.43245110
v -0.02863763 -0.23192799 0.43163279
v -0.03209554 -0.27947825 0.43342739
v -0.03166323 -0.29376528 0.43334901
v -0.05608803 -0.31989002 0.45650414
v -0.03831436 -0.29963154 0.42301196
v -0.03309361 -0.24924392 0.42660692
v -0.03026248 -0.26497328 0.42784613
v -0.04496735 -0.32790747 0.42846859
v -0.04697713 -0.32689360 0.44408774
v -0.05492393 -0.27962083 0.46665695
v -0.06114189 -0.26204675 0.47162759
v -0.07258951 -0.27877033 0.46796590
v -0.06601084 -0.29379961 0.46865988
v -0.06539123 -0.30910206 0.45963785
v -0.06429979 -0.24608140 0.46673027
v -0.06274109 -0.23465371 0.46660018
v -0.06019004 -0.22241454 0.46236661
v 0.13410507 -0.10620017 0.36651015
v 0.13161868 -0.09363104 0.37416166
v 0.11101023 -0.09855121 0.37190157
v 0.14796267 -0.09267909 0.36933661
v 0.10592712 -0.10856871 0.37065825
v 0.15070178 -0.10651871 0.35136351
v 0.15553366 -0.09257542 0.35365686
v 0.21332625 0.31513017 0.27058226
v 0.22400779 0.31808811 0.27919728
v 0.20341654 0.33779788 0.28027496
v 0.18626857 0.34198564 0.27590436
v 0.22148669 0.30889207 0.26750273
v 0.23379624 0.32076967 0.27495724
v 0.15170144 0.41430467 0.27068502
v 0.14568679 0.38183847 0.27218816
v 0.15365730 0.39168942 0.27655891
v 0.13924691 0.39728397 0.26827100
v 0.13390607 0.41546857 0.26165855
v 0.16703893 0.38955659 0.28056291
v 0.16592400 0.37691772 0.27965423
v 0.19724813 0.35632050 0.28347975
v 0.22881310 0.32582524 0.28098884
v 0.16258278 0.37083617 0.27178118
v 0.18471131 0.34971836 0.27630198
v 0.17884268 0.41205290 0.26615390
v 0.20281428 0.37140736 0.27934590
v 0.20153223 0.40056974 0.26264530
v 0.21442424 0.37698326 0.27003723
v 0.22188078 0.34987903 0.27909184
v 0.23413637 0.34646580 0.27073646
v 0.22027060 0.38642272 0.25570926
v 0.23171976 0.38098457 0.24789289
v 0.22409485 0.39507130 0.25580719
v 0.22351731 -0.81397104 0.11408444
v 0.23236303 -0.82006395 0.14212480
v 0.23168683 -0.81262672 0.09961244
v 0.20774288 -0.81399447 0.15014140
v 0.21945332 -0.82014692 0.16506679
v 0.19713897 -0.81405413 0.16613622
v 0.24630585 -0.82050323 0.11203255
v 0.23659186 -0.81098366 0.08192070
v 0.22219753 -0.80561090 0.09091442
v 0.22144999 -0.80404049 0.07453336
v 0.24126300 -0.81293768 0.06787109
v 0.22765829 -0.80560416 0.05742360
v 0.21663524 -0.79902667 0.06204988
v 0.25235614 -0.82306707 0.08808415
v 0.24017014 -0.82862288 0.14949626
v 0.20319803 -0.82278979 0.17725877
v 0.18084186 -0.81523609 0.17482309
v 0.22731362 -0.80888891 0.03992878
v 0.25266331 -0.82719588 0.11232775
v 0.22566335 -0.83310568 0.17397894
v 0.24691427 -0.83851814 0.15140229
v 0.21714690 -0.80530757 0.11388978
v 0.18663549 -0.83704329 0.19228920
v 0.16843447 -0.82253909 0.18483935
v 0.16327363 -0.81266552 0.17671850
v 0.15279964 -0.83673674 0.19780602
v 0.14468850 -0.82259732 0.17614859
v 0.13258234 -0.83654571 0.18621412
v 0.12063415 -0.83035785 0.16779618
v 0.11615571 -0.84473401 0.18244158
v 0.08861440 -0.83875042 0.15399203
v 0.07635396 -0.84422636 0.15235598
v 0.07678397 -0.83009988 0.13652447
v 0.06348408 -0.84112626 0.13376342
v 0.10786798 -0.85582453 0.18450242
v 0.12735938 -0.85078561 0.19290425
v 0.08404265 -0.82886523 0.14467338
v 0.08707785 -0.85751933 0.16936530
v 0.20500079 -0.80532640 0.14771609
v -0.26545924 0.07810603 0.08342292
v -0.25577372 0.10091687 0.09625803
v -0.27592257 0.08568660 0.08799332
v -0.25371459 0.08545728 0.08591209
v -0.28326195 0.07200225 0.07644831
v -0.29499060 0.08421347 0.08076645
v -0.28126249 0.09871393 0.08997305
v -0.26316643 0.11890721 0.09623231
v -0.29648939 0.10210297 0.08208074
v -0.29651260 0.06967425 0.06268907
v -0.30674616 0.08151641 0.06613423
v -0.26444724 0.06937104 0.07313387
v -0.27773571 0.06455632 0.06381413
v -0.30771589 0.07366310 0.04748348
v -0.31951678 0.08959486 0.04593082
v -0.29321074 0.06484494 0.04651123
v -0.32240117 0.08969026 0.02782017
v -0.30871224 0.07584709 0.02616012
v -0.32819498 0.10071959 0.00984516
v -0.29840344 0.07114115 0.02367119
v -0.32181525 0.09961462 0.00068819
v -0.34236532 0.11558668 -0.00351459
v -0.39726171 0.29199448 -0.03104066
v -0.37084189 0.28672349 -0.01100814
v -0.39322519 0.30165744 -0.03453378
v -0.41065702 0.30316126 -0.04301817
v -0.42831963 0.30023631 -0.05370239
v -0.41820329 0.31035942 -0.05284904
v -0.45082697 0.31093812 -0.07015455
v -0.37954363 0.27651787 -0.01662650
v -0.36754435 0.27787411 -0.00435325
v -0.36168057 0.25945795 -0.00008501
v -0.35469401 0.26875162 0.00693706
v -0.34914413 0.24044627 0.00961997
v -0.39284670 0.28005186 -0.03013994
v -0.45851490 0.30115929 -0.07906193
v -0.47212350 0.31059217 -0.08576636
v -0.33856389 0.23613039 0.02390961
v -0.32992893 0.25463453 0.02568318
v -0.32390666 0.24769171 0.03457109
v -0.31914279 0.24324842 0.03674017
v -0.31979734 0.22330311 0.03894492
v -0.30666560 0.24063405 0.04295353
v -0.30423325 0.21994741 0.04998419
v -0.30339551 0.19767651 0.04820192
v -0.29367244 0.20016474 0.05686149
v -0.28002456 0.21429151 0.06036215
v -0.27870551 0.19270185 0.06680427
v -0.28528935 0.17173491 0.06471074
v -0.27088478 0.22327925 0.06453446
v -0.26933873 0.17325881 0.08072361
v -0.27076542 0.13951871 0.09039421
v -0.28443217 0.12192278 0.08263638
v -0.26835549 0.20243730 0.07677279
v -0.30725560 0.10673255 0.06962831
v -0.30993971 0.09227329 0.07003715
v -0.29754040 0.12299062 0.06340615
v -0.29638797 0.18456589 0.05092045
v -0.29457438 0.16775504 0.05093487
v -0.34215558 0.21749295 0.01638547
v -0.34982765 0.21879683 0.00865544
v -0.34905651 0.19445930 0.00279516
v -0.32752839 0.10623605 0.03447864
v -0.34009457 0.19827826 0.01035614
v -0.34422553 0.15205739 0.00517902
v -0.33315912 0.14907573 0.01429846
v -0.33333561 0.13290274 0.02064822
v -0.35360271 0.13877520 0.00443303
v -0.32291877 0.11548423 0.03613716
v -0.36273775 0.15107496 -0.00435592
v -0.36433959 0.13857596 -0.00869354
v -0.37891442 0.15825428 -0.01657916
v -0.38136157 0.17173621 -0.02022956
v -0.38697445 0.15978047 -0.02830436
v -0.39104849 0.17712446 -0.02566982
v -0.33784387 0.11388779 0.01388048
v -0.31134653 0.11396891 0.05270320
v -0.32425323 0.21396281 0.02944199
v -0.35391712 0.20300114 -0.00351357
v -0.35128617 0.17642409 -0.00505320
v -0.35730284 0.16876987 -0.01190695
v -0.35644311 0.18326208 -0.01583507
v -0.37766570 0.20040482 -0.03721682
v -0.36552343 0.20228450 -0.02860546
v -0.36006334 0.21635205 -0.01909523
v -0.37616691 0.22132312 -0.04623010
v -0.36469054 0.23776570 -0.03431053
v -0.37385798 0.23616242 -0.04763292
v -0.39619726 0.24310353 -0.06442861
v -0.38702050 0.25285411 -0.05736544
v -0.40980691 0.25875685 -0.07272365
v -0.37244138 0.25072798 -0.04182910
v -0.39598963 0.16738601 -0.03869247
v -0.40510961 0.26886040 -0.06460363
v -0.42345464 0.27144587 -0.07793503
v -0.35923719 0.24249786 -0.02114818
v -0.43376875 0.26223254 -0.08454593
v -0.45465535 0.27872890 -0.09575590
v -0.33747280 0.27586290 0.02177405
v -0.30232593 0.16628399 0.02735765
v -0.31051627 0.18788113 0.02127275
v -0.31198597 0.16482162 0.01699259
v -0.30922469 0.13373512 0.02847331
v -0.32157299 0.18636106 0.01284860
v -0.30301702 0.12755126 0.03861530
v -0.32432836 0.20144019 0.01697430
v -0.31858313 0.14115706 0.02097509
v -0.49945500 0.30938971 -0.11194981
v -0.48550174 0.31832913 -0.09635903
v -0.50818753 0.31850120 -0.11502498
v -0.46786955 0.27536768 -0.10009261
v -0.47330949 0.28904548 -0.10553710
v -0.44481522 0.28476688 -0.08554016
v -0.40090829 0.22741774 -0.06058627
v -0.48892614 0.27337015 -0.10689398
v -0.50881410 0.29067352 -0.12113281
v -0.50126654 0.30429471 -0.11815667
v -0.52419937 0.31163538 -0.13001525
v -0.52505153 0.32660353 -0.12674606
v -0.42974314 0.29065335 -0.06183220
v -0.53266114 0.32377434 -0.14161165
v -0.46690729 0.25730070 -0.09159376
v -0.48372883 0.26019254 -0.10327699
v -0.45535308 0.23440057 -0.08076849
v -0.44601977 0.23432431 -0.07469416
v -0.45314431 0.22523192 -0.08349469
v -0.44611654 0.22404811 -0.07295173
v -0.43549260 0.22484162 -0.06620087
v -0.44057941 0.21393652 -0.07163358
v -0.42552155 0.20581792 -0.05614038
v -0.42102718 0.21755120 -0.05824856
v -0.40417364 0.19461238 -0.03953997
v -0.41154027 0.18463254 -0.04805452
v -0.39805314 0.18043444 -0.03043035
v -0.49292150 0.26490122 -0.11848989
v -0.27448723 0.23160787 0.05154973
v -0.43403256 0.24039428 -0.07490240
v -0.38731498 0.26375332 -0.04839420
v -0.34215304 0.27672896 0.00934531
v -0.35499072 0.30578595 -0.01099395
v -0.34857982 0.28418726 -0.00068338
v -0.42733827 0.19883823 -0.06680734
v -0.37790090 0.26682681 -0.02419159
v -0.51272279 0.29023486 -0.12947023
v -0.28690758 0.23972869 0.04419645
v -0.28328112 0.24910636 0.04129034
v -0.52189231 0.33695480 -0.13512808
v -0.43638673 0.20771953 -0.08050773
v -0.52558273 0.30781758 -0.14302444
v -0.46932966 0.24024953 -0.10323980
v -0.49985242 0.27569455 -0.13011195
v -0.37043867 0.14172803 -0.02376271
v -0.40465939 0.17592499 -0.05614986
v -0.37799191 0.14988084 -0.03698043
v -0.44774351 0.22204705 -0.09822843
v -0.40480962 0.31247744 -0.05574274
v -0.43581530 0.31791654 -0.06956089
v -0.37779903 0.30531701 -0.03837311
v -0.36930460 0.29481527 -0.01993036
v -0.35378674 0.29455501 -0.01495276
v -0.35740709 0.30355343 -0.03081566
v -0.46090949 0.32032421 -0.08272269
v -0.46458381 0.32658491 -0.09588715
v -0.49391726 0.32691565 -0.10666175
v -0.36544079 0.30199972 -0.03931988
v 0.26073557 -0.29149628 0.42431709
v 0.26677030 -0.27874067 0.42025784
v 0.24832903 -0.28018293 0.44113538
v 0.24269284 -0.31051505 0.43486935
v 0.23695509 -0.29160827 0.44603088
v 0.22464250 -0.31463006 0.44732043
v 0.25886959 -0.30570033 0.41729295
v 0.22538467 -0.27842215 0.45685112
v 0.21653551 -0.29829112 0.45496929
v 0.21301669 -0.28757024 0.46159220
v 0.19956146 -0.30966052 0.45918575
v 0.20572779 -0.31930432 0.45239639
v 0.22958061 -0.24872270 0.45190221
v 0.20748025 -0.27138621 0.46432698
v 0.20356610 -0.24906883 0.46514347
v 0.25126353 -0.25167343 0.43547830
v 0.19542536 -0.28537673 0.46755251
v 0.19469236 -0.30002266 0.46051562
v 0.23686312 -0.22753119 0.43808639
v 0.18254220 -0.26596302 0.46744975
v 0.18083556 -0.25165921 0.46884456
v 0.25136462 -0.22821544 0.42486009
v 0.27521318 -0.26187101 0.40362746
v 0.27023280 -0.24153616 0.40446633
v 0.20811290 -0.24005947 0.45774814
v 0.19822927 -0.22298753 0.45464084
v 0.17572892 -0.22602494 0.46217969
v 0.17466795 -0.24022704 0.46299297
v 0.23397569 -0.21471462 0.42771617
v 0.21619277 -0.21483658 0.43757272
v 0.25974253 -0.22362927 0.40546340
v 0.24997540 -0.21450549 0.40634599
v 0.27084380 -0.22922432 0.38520530
v 0.27905571 -0.24493390 0.38028511
v -0.02905046 -0.02114745 0.18692578
v -0.01122005 -0.02145034 0.20017472
v -0.02305972 -0.01112300 0.19341327
v -0.00240082 -0.01169138 0.20636350
v -0.04582333 -0.01120603 0.16800262
v -0.04785499 -0.02147484 0.16157264
v 0.01138275 -0.01955773 0.20914046
v 0.02961715 -0.01081906 0.21513720
v -0.02739960 -0.08723852 0.33722571
v 0.01015434 -0.09731141 0.33333597
v -0.02621341 -0.09511967 0.33417934
v 0.00773606 -0.10590287 0.33040065
v 0.01782946 -0.10938916 0.32677817
v -0.02440862 -0.11097970 0.32874566
v 0.04426220 -0.10379782 0.33986327
v -0.02286697 -0.08015435 0.34511387
v 0.04471000 -0.11071764 0.32792637
v -0.03444911 -0.08315901 0.35044646
v -0.03669754 -0.09195273 0.34342682
v 0.07213109 -0.98582292 0.06950321
v 0.06757199 -0.95442784 0.07001630
v 0.07076440 -0.97288561 0.05918808
v 0.06740666 -0.94584531 0.05869938
v 0.07714583 -0.98717636 0.05002024
v 0.07195938 -0.94727886 0.04551435
v 0.06802952 -0.91896290 0.05398627
v 0.08029500 -0.97029865 0.03938764
v 0.07695718 -0.91291815 0.03995219
v 0.06909497 -0.90362149 0.05861571
v 0.08060869 -0.89651698 0.04210723
v 0.09258614 -0.98680866 0.03242997
v 0.08939210 -0.94690132 0.02800683
v 0.09505238 -0.89829129 0.02713061
v 0.09300544 -0.99518561 0.03812936
v 0.10925534 -0.98614877 0.02292304
v 0.11932446 -0.89772159 0.01481372
v 0.14867572 -0.92735428 0.00455348
v 0.15609691 -0.96131063 0.00650742
v 0.13432251 -0.98728770 0.01503060
v 0.14501064 -0.89666277 0.00855342
v 0.12101229 -0.99491870 0.02308319
v 0.16334005 -0.98661780 0.01204702
v 0.16470058 -0.90330374 0.00704743
v 0.10825431 -0.88415515 0.02860555
v 0.12447312 -0.88416773 0.02006677
v 0.11425696 -0.87662041 0.02319087
v 0.13709986 -0.87687331 0.01461543
v 0.16624276 -0.93343830 0.00518956
v 0.15335989 -0.88195282 0.01515662
v 0.15897022 -0.86648023 0.00553833
v 0.16265109 -0.99517667 0.01735082
v 0.17342652 -0.96037710 0.00970820
v 0.13307713 -0.86467820 0.00635951
v 0.15020080 -0.83893025 0.00402188
v 0.12403808 -0.84727716 0.00768833
v 0.11149745 -0.86649567 0.01440446
v 0.12804472 -0.82579857 0.01134841
v 0.10749257 -0.83259261 0.01932193
v 0.14644435 -0.81586939 0.01067575
v 0.11677907 -0.81950766 0.02116571
v 0.16843438 -0.81579506 0.00992372
v 0.18467125 -0.84139729 0.00846562
v 0.14254308 -0.80698538 0.01827046
v 0.18989834 -0.86561507 0.01166501
v 0.16853043 -0.80402529 0.01768173
v 0.18494898 -0.87585229 0.01575179
v 0.19883813 -0.81725436 0.01837534
v 0.17796938 -0.88337964 0.01999407
v 0.19437343 -0.80316365 0.02286620
v 0.08134113 -0.99568999 0.05470870
v 0.21482398 -0.80864596 0.02915662
v 0.21878988 -0.84735495 0.02785599
v 0.20956142 -0.87550217 0.02549664
v 0.22657201 -0.87391776 0.03674753
v 0.13571051 -0.08230811 0.36598521
v 0.13161868 -0.09363104 0.37416166
v 0.14796267 -0.09267909 0.36933661
v 0.14538783 -0.07792543 0.35911271
v 0.11188018 -0.09015731 0.36687976
v 0.11101023 -0.09855121 0.37190157
v 0.09581752 -0.09922673 0.36515927
v 0.10180268 -0.08867083 0.35747477
v 0.08316706 -0.09490259 0.34556714
v 0.08700143 -0.10497992 0.36565134
v 0.09943607 -0.08847098 0.34871310
v 0.10592712 -0.10856871 0.37065825
v 0.15553366 -0.09257542 0.35365686
v 0.19437343 -0.80316365 0.02286620
v 0.18945862 -0.79887784 0.03872298
v 0.20816936 -0.80148232 0.03782002
v 0.20278840 -0.79663652 0.04927678
v 0.16853043 -0.80402529 0.01768173
v 0.15907255 -0.79963952 0.03040695
v 0.14254308 -0.80698538 0.01827046
v 0.13630177 -0.80472147 0.02774447
v 0.22765829 -0.80560416 0.05742360
v 0.22731362 -0.80888891 0.03992878
v 0.21663524 -0.79902667 0.06204988
v 0.21482398 -0.80864596 0.02915662
v 0.13137750 -0.79733372 0.03583201
v 0.11677907 -0.81950766 0.02116571
v 0.11706688 -0.80852348 0.03637020
v 0.14499928 -0.78985262 0.03438685
v 0.18216543 -0.78939998 0.04051720
v 0.20997880 -0.76132166 0.05728603
v 0.18794563 -0.66202861 0.05911781
v 0.21766603 -0.74183369 0.06749120
v 0.22170207 -0.72777259 0.07888833
v 0.21292304 -0.61668628 0.09496092
v 0.18463263 -0.61358857 0.05502224
v 0.14151379 -0.63354290 0.04763268
v 0.20578116 -0.49998760 0.09530927
v 0.22144999 -0.80404049 0.07453336
v 0.19288227 -0.51854497 0.06341322
v 0.19246978 -0.49977294 0.07024384
v 0.17668971 -0.49789482 0.05132077
v 0.18769196 -0.49063745 0.06064541
v 0.20022112 -0.49128643 0.07839565
v 0.18369180 -0.48827684 0.05096689
v 0.21159582 -0.54481870 0.12293158
v 0.20920323 -0.50753653 0.11083992
v 0.22219753 -0.80561090 0.09091442
v 0.20961235 -0.50654662 0.13539450
v 0.22187975 -0.72609991 0.11268058
v 0.20557460 -0.59617126 0.15296885
v 0.19951619 -0.16646490 0.19225857
v 0.20827419 -0.13844016 0.19650884
v 0.20015113 -0.13194053 0.20017178
v 0.20603457 -0.16562662 0.19010548
v 0.20884527 -0.11934484 0.19711044
v 0.20115499 -0.11142804 0.20074990
v 0.20254260 -0.18213762 0.19101845
v 0.22706009 -0.16051216 0.19704549
v 0.24680547 -0.15673015 0.19685254
v 0.27116606 -0.19234139 0.19315226
v 0.28239590 -0.18533161 0.19158345
v 0.28883481 -0.19334877 0.19317169
v 0.25659877 -0.14955086 0.19320951
v 0.20895366 -0.10386942 0.19351044
v 0.30081961 -0.18286912 0.18381466
v 0.31046480 -0.19256973 0.18470734
v 0.26697117 -0.14542793 0.18590011
v 0.26712614 -0.20158079 0.20110129
v 0.31527114 -0.18701503 0.17758572
v 0.22475280 -0.19985406 0.18024282
v 0.24771513 -0.20048137 0.18809493
v 0.22531576 -0.17700385 0.19241571
v 0.24510539 -0.21483068 0.17841274
v 0.21603072 -0.19261129 0.18016580
v 0.26178738 -0.19894888 0.19173509
v 0.24036624 -0.23065791 0.16117394
v 0.21578920 -0.21182612 0.16340148
v 0.22372080 -0.21853924 0.15762381
v 0.24233870 -0.24736516 0.14388037
v 0.21728793 -0.22774598 0.15025906
v 0.25592098 -0.20850903 0.19311157
v 0.20841175 -0.19935705 0.17947878
v 0.24582033 -0.22061646 0.18203701
v 0.12706536 -0.01988984 0.15473863
v 0.13297552 -0.01957405 0.11945558
v 0.13132930 -0.01160738 0.13931860
v 0.12187187 -0.01147688 0.16762984
v 0.10753759 -0.02173722 0.18637201
v 0.10642023 -0.01076347 0.18988803
v 0.08836069 -0.02176655 0.20109139
v 0.06366618 -0.01974304 0.20970735
v 0.08125665 -0.01205333 0.20584540
v 0.05386896 -0.00984018 0.21395211
v 0.03637892 -0.01973869 0.21200325
v 0.02961715 -0.01081906 0.21513720
v 0.01138275 -0.01955773 0.20914046
v 0.08373318 -0.00483327 0.21576652
v 0.03013688 -0.00517992 0.22409435
v -0.00240082 -0.01169138 0.20636350
v -0.00689451 -0.00559909 0.21428820
v -0.02305972 -0.01112300 0.19341327
v -0.05518254 -0.01975889 0.13170959
v -0.04785499 -0.02147484 0.16157264
v -0.05366706 -0.01173626 0.13796057
v -0.04582333 -0.01120603 0.16800262
v -0.05433436 -0.01177189 0.10608639
v -0.05479149 -0.01959774 0.10213133
v -0.04766910 -0.01155823 0.06848970
v -0.04708118 -0.02040357 0.06730688
v -0.03792156 -0.01024744 0.04691580
v -0.05988115 -0.02284746 0.13372630
v -0.03318383 -0.02049197 0.04203947
v 0.07499318 -0.03950180 -0.00396996
v 0.09041860 -0.03840663 0.00561210
v 0.12138485 -0.03766437 0.00550128
v 0.11871733 -0.03436118 0.02274361
v 0.14130437 -0.03665641 0.01465738
v 0.13950638 -0.03134545 0.03930296
v 0.04285411 -0.03801007 0.00342240
v 0.00457067 -0.03919509 -0.00457946
v 0.01227662 -0.03761816 0.00531518
v -0.04414897 -0.03840524 0.00224502
v -0.03836999 -0.03364099 0.01977595
v -0.07920279 -0.03653016 0.01643226
v -0.06223928 -0.03114096 0.03265851
v 0.15895995 -0.03482373 0.03480260
v -0.09711999 -0.03520952 0.03734724
v 0.16781226 -0.03205334 0.06362660
v -0.11323027 -0.03362447 0.07936092
v 0.13063100 -0.02679226 0.05857220
v 0.13735221 -0.02610127 0.07759647
v -0.05539049 -0.02423013 0.06523354
v -0.04279350 -0.02792602 0.03200281
v 0.19376203 -0.03543845 0.12121011
v 0.18495592 -0.03507542 0.14916921
v 0.13638157 -0.02449008 0.15606911
v 0.11173578 -0.02556825 0.03702294
v 0.09774181 -0.02769819 0.02608048
v -0.11410455 -0.03506098 0.14307351
v -0.12172022 -0.03626347 0.11505521
v -0.06802344 -0.03220521 0.19602896
v 0.18276967 -0.04348437 0.19199407
v 0.13692148 -0.03343031 0.21282798
v 0.10753759 -0.02173722 0.18637201
v 0.08836069 -0.02176655 0.20109139
v -0.02905046 -0.02114745 0.18692578
v -0.01122005 -0.02145034 0.20017472
v -0.11469182 -0.04209263 0.17341663
v -0.10123344 -0.04644438 0.21242498
v 0.17718442 -0.04987792 0.22718365
v 0.07470626 -0.02495882 0.21419820
v 0.17397472 -0.03516112 0.06114224
v -0.04708118 -0.02040357 0.06730688
v -0.09650695 -0.05149166 0.22911876
v 0.10523333 -0.05146465 0.26230723
v 0.15706448 -0.05141268 0.24394904
v 0.00264234 -0.02447023 0.21427311
v -0.08721275 -0.06144924 0.25190735
v -0.05626022 -0.07080159 0.27699482
v 0.03684562 -0.02490878 0.21670613
v 0.01138275 -0.01955773 0.20914046
v 0.12706536 -0.01988984 0.15473863
v 0.13297552 -0.01957405 0.11945558
v 0.05995538 -0.04325741 -0.01139047
v 0.02184200 -0.04298071 -0.01266051
v -0.03318383 -0.02049197 0.04203947
v 0.06366618 -0.01974304 0.20970735
v 0.14722690 -0.06237100 0.26706639
v -0.01350865 -0.02079671 0.02717570
v 0.11026770 -0.04270471 -0.00405985
v 0.12150408 -0.02012921 0.06312484
v 0.12944333 -0.01981433 0.08851589
v -0.02535571 -0.04352365 -0.00768609
v 0.13293184 -0.04168028 0.00345260
v -0.06891409 -0.04292314 0.00328552
v 0.10194746 -0.01933847 0.03827087
v -0.10560735 -0.05352082 0.22157246
v 0.19246732 -0.04331693 0.15970322
v 0.03404156 -0.03001975 0.01028846
v 0.00025863 -0.02885058 0.01583673
v 0.07821389 -0.01951030 0.02346362
v 0.00150345 -0.01919805 0.02124461
v 0.03854962 -0.01972887 0.01462281
v 0.12450634 -0.01166470 0.07194832
v 0.12150408 -0.02012921 0.06312484
v 0.10999882 -0.01176424 0.04676899
v 0.12944333 -0.01981433 0.08851589
v 0.13085248 -0.01173383 0.10014725
v 0.13297552 -0.01957405 0.11945558
v 0.13132930 -0.01160738 0.13931860
v 0.10194746 -0.01933847 0.03827087
v 0.09015076 -0.01104178 0.02604128
v -0.52189231 0.33695480 -0.13512808
v -0.51856136 0.33569315 -0.14856093
v -0.53266114 0.32377434 -0.14161165
v -0.52214593 0.32325637 -0.15510491
v -0.51323229 0.32739106 -0.15495138
v -0.52558273 0.30781758 -0.14302444
v -0.51232821 0.30745360 -0.15203050
v -0.51009852 0.29345539 -0.14301200
v -0.51272279 0.29023486 -0.12947023
v -0.49985242 0.27569455 -0.13011195
v -0.48073655 0.26528397 -0.13081911
v -0.49292150 0.26490122 -0.11848989
v -0.47160122 0.25076887 -0.12074461
v -0.46932966 0.24024953 -0.10323980
v -0.44774351 0.22204705 -0.09822843
v 0.20081490 -0.17636625 0.06059824
v 0.19892466 -0.14514095 0.05578016
v 0.20717388 -0.16063371 0.06015704
v 0.20788653 -0.13708827 0.06069914
v 0.19819085 -0.12289936 0.05727398
v 0.20857389 -0.18386379 0.06719337
v 0.20910262 -0.11143792 0.06726559
v 0.19466241 -0.09225839 0.06266842
v 0.17510569 -0.11291675 0.02733945
v 0.19078600 -0.16894078 0.03810291
v 0.16723514 -0.19652939 0.00601167
v 0.20150064 -0.19749415 0.04636091
v 0.15774289 -0.04198175 0.02354470
v 0.17732848 -0.26220879 -0.00311429
v 0.21350586 -0.22448497 0.05999354
v 0.22248316 -0.25962752 0.06661621
v 0.18418714 -0.32695669 -0.01220002
v 0.17113811 -0.04223789 0.04531551
v 0.23690046 -0.28746319 0.08871369
v 0.24669999 -0.40472558 0.06588753
v 0.18491709 -0.40324843 -0.02839648
v 0.20574129 -0.19418558 0.05943006
v 0.22158967 -0.24013360 0.07359521
v 0.20955838 -0.20603390 0.06900344
v 0.19055650 -0.06199222 0.07909434
v 0.19197747 -0.04507209 0.09497783
v 0.20104639 -0.05670951 0.10102942
v 0.17397472 -0.03516112 0.06114224
v 0.25182247 -0.34371230 0.12440728
v 0.26443779 -0.40459675 0.13002841
v 0.23365723 -0.26867005 0.09542232
v 0.13293184 -0.04168028 0.00345260
v 0.17695703 -0.36832628 -0.02712496
v 0.26211232 -0.41244403 0.12776189
v 0.24992883 -0.10733524 0.10292230
v 0.15895995 -0.03482373 0.03480260
v 0.19376203 -0.03543845 0.12121011
v 0.21042286 -0.41284660 0.01782659
v 0.29198900 -0.14874566 0.10222123
v 0.25836259 -0.18355589 0.06574483
v 0.32764813 -0.18228221 0.10670937
v 0.31144360 -0.23900121 0.07502341
v 0.14130437 -0.03665641 0.01465738
v 0.35227770 -0.23767054 0.09543610
v 0.35228145 -0.20200144 0.11603044
v 0.36156237 -0.23048514 0.10732344
v 0.34026179 -0.26107636 0.08352796
v 0.35572225 -0.26102957 0.09427014
v 0.34309453 -0.27543858 0.08586024
v 0.32510251 -0.26819602 0.07801681
v 0.21579652 -0.19510373 0.07092710
v 0.36784279 -0.24752557 0.10905160
v 0.24891365 -0.19217698 0.06466180
v 0.30323312 -0.25386715 0.07534557
v 0.30771062 -0.26638705 0.07648060
v 0.35850370 -0.28165862 0.10075778
v 0.33044559 -0.28989300 0.08683932
v 0.37103453 -0.26212054 0.11314271
v 0.31224170 -0.28521788 0.08247613
v 0.34759232 -0.29446986 0.09859622
v 0.28923020 -0.25404423 0.07678326
v 0.22633283 -0.19159538 0.06592041
v 0.36696798 -0.22533751 0.11856999
v 0.32962620 -0.30344912 0.09700248
v 0.31181356 -0.30142653 0.09275538
v 0.29228717 -0.28372288 0.08600089
v 0.37431568 -0.24473862 0.12437059
v 0.36871189 -0.28201041 0.11936197
v 0.18300132 -0.41415796 -0.02200810
v 0.17544177 -0.41476566 -0.03011350
v 0.35187709 -0.19220552 0.13053122
v 0.36879316 -0.21689923 0.13348913
v 0.23627678 -0.41328377 0.05826426
v 0.21643949 -0.22044791 0.09504335
v 0.32498941 -0.17089032 0.12452012
v 0.28179067 -0.13275060 0.11434940
v 0.37645957 -0.26273558 0.13510169
v 0.37669009 -0.24174541 0.14318770
v -0.10638660 -0.40357316 -0.03503941
v -0.10602471 -0.29289997 -0.01094241
v -0.09592171 -0.28941664 -0.01433714
v -0.11676940 -0.40329629 -0.03114398
v -0.08995637 -0.22166224 -0.00403712
v -0.04535319 -0.40435722 -0.04132076
v 0.00212897 -0.30933389 -0.02861722
v -0.04310402 -0.22596881 -0.01058786
v 0.04575155 -0.40502334 -0.04919133
v 0.03488278 -0.22191998 -0.00923563
v -0.07443562 -0.16562822 -0.00312560
v 0.10190138 -0.29569554 -0.02233969
v 0.15035450 -0.19307451 -0.00100588
v -0.08440852 -0.41246790 -0.03755070
v 0.11442293 -0.40479252 -0.04109345
v 0.16860251 -0.24940255 -0.00500732
v 0.17544392 -0.40499324 -0.03334269
v -0.00902425 -0.15717325 -0.01561111
v -0.06573359 -0.11274792 -0.00386630
v 0.01065031 -0.05105121 -0.01296610
v 0.10465410 -0.13037443 -0.01294162
v 0.05995538 -0.04325741 -0.01139047
v 0.02184200 -0.04298071 -0.01266051
v -0.02535571 -0.04352365 -0.00768609
v 0.11026770 -0.04270471 -0.00405985
v -0.10616722 -0.41331503 -0.03438570
v -0.00323895 -0.41384789 -0.04393036
v 0.04499064 -0.41185170 -0.04840163
v -0.06891409 -0.04292314 0.00328552
v -0.04803933 -0.41267064 -0.03992600
v -0.03339184 -0.42023632 -0.04211910
v -0.06044131 -0.42060697 -0.04159271
v 0.04981671 -0.42110249 -0.04539980
v 0.07986553 -0.41296142 -0.04338635
v 0.16135822 -0.42137188 -0.03465410
v 0.16603798 -0.41233003 -0.03210911
v -0.00555661 -0.49323788 -0.07772125
v 0.05351960 -0.52114892 -0.08887857
v 0.04192619 -0.52648252 -0.08780693
v 0.06860904 -0.54617691 -0.09770829
v 0.11896590 -0.47398454 -0.06404347
v 0.09109339 -0.55560738 -0.10642005
v 0.01017009 -0.53761828 -0.09643972
v -0.01146534 -0.55876011 -0.10739802
v -0.03438688 -0.57155728 -0.11651362
v -0.10555518 -0.49827757 -0.08501575
v 0.02164729 -0.54518563 -0.09312038
v 0.17730972 -0.51273817 -0.08882675
v 0.14695026 -0.57160735 -0.11885754
v 0.11802597 -0.57945955 -0.11942089
v 0.12882106 -0.59285975 -0.12429387
v 0.15608180 -0.60859948 -0.13711952
v 0.18305521 -0.60835171 -0.14184360
v 0.17582953 -0.62108809 -0.14590624
v 0.19240665 -0.62495613 -0.14946748
v 0.19271432 -0.58446652 -0.12937522
v 0.18555789 -0.54124075 -0.10569708
v 0.17583780 -0.44259459 -0.04695291
v 0.18882737 -0.63751274 -0.14765777
v -0.11271151 -0.57592243 -0.12993173
v -0.05726213 -0.58262461 -0.12448011
v -0.07353508 -0.60219735 -0.13582268
v -0.05541541 -0.59781647 -0.12723356
v -0.11153913 -0.61044616 -0.14687498
v -0.10017006 -0.62101430 -0.14894804
v -0.11734797 -0.62988842 -0.15355110
v -0.12243145 -0.61431760 -0.14604333
v 0.18441871 -0.48081148 -0.06823932
v -0.02345967 -0.57428694 -0.11289215
v 0.15312244 -0.16432633 0.00242385
v -0.03785574 -0.58875465 -0.11653657
v -0.11402882 -0.49322683 -0.07847459
v -0.11415686 -0.41404617 -0.02823361
v 0.20047438 -0.62990290 -0.14684938
v -0.10303543 -0.63339716 -0.14795651
v -0.07707888 -0.61759907 -0.13659129
v -0.13024402 -0.62161338 -0.14297581
v -0.04414897 -0.03840524 0.00224502
v 0.08565310 -0.56321400 -0.10285234
v -0.00801145 -0.56735331 -0.10427484
v 0.16480365 -0.62241125 -0.13970402
v -0.09264446 -0.18474716 0.00736930
v -0.10131574 -0.15440591 0.02079290
v 0.18079369 -0.63921452 -0.13954853
v 0.14109018 -0.60855472 -0.12467532
v 0.11561471 -0.58827806 -0.11388265
v -0.11126832 -0.64228201 -0.14286776
v 0.04160787 -0.53465378 -0.08308781
v 0.02265941 -0.55084974 -0.08517677
v 0.06645747 -0.55583441 -0.08774402
v 0.18254220 -0.26596302 0.46744975
v 0.18083556 -0.25165921 0.46884456
v 0.16621281 -0.25628367 0.46211323
v 0.17561235 -0.28435275 0.46731701
v 0.17466795 -0.24022704 0.46299297
v 0.15753311 -0.27412340 0.45570332
v 0.19542536 -0.28537673 0.46755251
v 0.16143793 -0.28808826 0.45289019
v 0.17001025 -0.29518995 0.45768183
v 0.15383747 -0.30906364 0.44901100
v 0.17176335 -0.31105283 0.45839435
v 0.16086574 -0.31852418 0.44866383
v 0.19469236 -0.30002266 0.46051562
v 0.19956146 -0.30966052 0.45918575
v 0.17853291 -0.31998429 0.45535508
v 0.20572779 -0.31930432 0.45239639
v 0.16249955 -0.24931423 0.45438200
v 0.15979508 -0.23179743 0.45366129
v 0.17572892 -0.22602494 0.46217969
v 0.16816309 -0.22176459 0.45532185
v 0.15233792 -0.26510629 0.44729996
v 0.15420553 -0.23323785 0.44022822
v 0.15291668 -0.28762162 0.44033912
v 0.15657672 -0.25053719 0.43553820
v 0.15015183 -0.30632079 0.43084875
v 0.16167781 -0.21969090 0.44219074
v 0.15177333 -0.26414901 0.43093681
v 0.15512794 -0.28677949 0.42540610
v 0.15826944 -0.32065067 0.43032327
v -0.45189366 0.89995098 -0.36870295
v -0.45847657 0.91311657 -0.36235732
v -0.45368284 0.91061521 -0.34993076
v -0.12458337 -0.19359726 0.20778744
v -0.12146568 -0.18221141 0.18724559
v -0.12178481 -0.18955518 0.18221201
v -0.11864805 -0.15053371 0.19962886
v -0.11763514 -0.12953536 0.22352450
v -0.11886311 -0.11100859 0.21096382
v -0.11959711 -0.19547427 0.23729412
v -0.11359558 -0.10889232 0.23277026
v -0.12150275 -0.09624168 0.19992235
v -0.12206571 -0.11905893 0.20059852
v -0.11263371 -0.16136903 0.24778177
v -0.12113638 -0.08482148 0.19584042
v -0.10766815 -0.09573443 0.24014871
v -0.10560735 -0.05352082 0.22157246
v -0.11357377 -0.05093731 0.19200110
v -0.12160417 -0.05432772 0.16629454
v -0.13033785 -0.21579559 0.22267012
v -0.13129781 -0.21035041 0.19414686
v -0.11787516 -0.20236400 0.24449523
v -0.11226618 -0.18648194 0.24850349
v -0.10595873 -0.10857595 0.24734014
v -0.11469182 -0.04209263 0.17341663
v -0.12175877 -0.14935501 0.19465837
v -0.12196545 -0.04304359 0.14461105
v -0.12975965 -0.05572849 0.12430815
v -0.12908670 -0.07471944 0.17319421
v -0.13750072 -0.22537540 0.20041263
v -0.13797358 -0.22461408 0.18107627
v -0.13026591 -0.20818682 0.17030875
v -0.12953077 -0.20060901 0.16701531
v -0.12172022 -0.03626347 0.11505521
v -0.13025248 -0.05537617 0.11015438
v -0.13728197 -0.21018125 0.15871511
v -0.09699135 -0.06053882 0.24025722
v -0.14256892 -0.22895317 0.14898133
v -0.14564686 -0.23844475 0.16008656
v -0.12946914 -0.21944596 0.23956883
v -0.14526896 -0.23761967 0.17714782
v -0.12997508 -0.09751801 0.19244023
v -0.12348483 -0.04597520 0.09369426
v -0.12903292 -0.06864592 0.08163390
v -0.09466014 -0.07885051 0.24883626
v -0.11454598 -0.21307693 0.25478125
v -0.08721275 -0.06144924 0.25190735
v -0.10123344 -0.04644438 0.21242498
v -0.11323027 -0.03362447 0.07936092
v -0.11210262 -0.04359515 0.05731132
v -0.12250131 -0.07404106 0.06330328
v -0.10331570 -0.04336623 0.03810083
v -0.11240459 -0.07484771 0.04024751
v -0.12946796 -0.09062988 0.06496157
v -0.14540856 -0.22886549 0.19256809
v -0.15515858 -0.08103269 0.11943869
v -0.11926349 -0.10579868 0.04384816
v -0.09921829 -0.20544831 0.26404062
v -0.06939372 -0.07583687 0.27382821
v -0.07831039 -0.10673553 0.26878637
v -0.06383134 -0.10529953 0.28289419
v -0.07227241 -0.12026072 0.27939689
v -0.06759164 -0.11303067 0.28781080
v -0.06581110 -0.11363053 0.38986039
v -0.19004831 -0.11935648 0.12813246
v -0.19082178 -0.13528869 0.17098792
v -0.07395426 -0.12238944 0.38875520
v -0.06985468 -0.12200696 0.40020028
v -0.05904578 -0.11085550 0.29649103
v -0.11410455 -0.03506098 0.14307351
v -0.22704194 -0.15889399 0.14145261
v -0.25218877 -0.19390236 0.16589652
v -0.24677031 -0.17905280 0.12880991
v -0.25471431 -0.18674172 0.14682692
v -0.26557404 -0.20560607 0.16211109
v -0.27173313 -0.20885938 0.15006325
v -0.28042060 -0.23256083 0.16013812
v -0.25432134 -0.21600914 0.19396999
v -0.27212587 -0.25287038 0.19268742
v -0.25652391 -0.23978855 0.22106160
v -0.22053765 -0.23154292 0.28566131
v -0.22305422 -0.24099621 0.29202279
v -0.21542361 -0.22395422 0.29383743
v -0.22863309 -0.25232166 0.28850019
v -0.27830923 -0.22114113 0.14116810
v -0.21715896 -0.21574742 0.26641753
v -0.20404950 -0.21208856 0.28457671
v -0.25178102 -0.20980401 0.18615362
v -0.09650695 -0.05149166 0.22911876
v -0.27984655 -0.23042092 0.13208899
v -0.12713072 -0.22108965 0.25491837
v -0.22724319 -0.26240954 0.29270595
v -0.22842675 -0.26092219 0.31378964
v -0.21891589 -0.22498928 0.30728954
v -0.20120853 -0.23259562 0.38719344
v -0.19536528 -0.20394480 0.34937662
v -0.19125101 -0.21807195 0.38822469
v -0.18117431 -0.19656238 0.37189376
v -0.20284145 -0.20243950 0.30420056
v -0.20410071 -0.25488561 0.39513597
v -0.17695022 -0.20036173 0.38133904
v -0.28395632 -0.26307893 0.14904109
v -0.13648015 -0.21990931 0.22640228
v -0.14252126 -0.07933855 0.08962432
v -0.28192517 -0.25411615 0.12607351
v -0.15798178 -0.10964874 0.08193401
v -0.09711999 -0.03520952 0.03734724
v -0.25310591 -0.20578197 0.10581829
v -0.27359465 -0.22689402 0.11933558
v -0.23593999 -0.19661887 0.18157996
v -0.22541353 -0.18242122 0.17676409
v -0.17754342 -0.15292445 0.19217192
v -0.19189946 -0.23687656 0.39698327
v -0.19142567 -0.15155174 0.08255302
v -0.18327552 -0.22133733 0.39329544
v -0.16845402 -0.19961783 0.38212278
v -0.16573972 -0.18824618 0.37306395
v -0.12154569 -0.21134563 0.26343060
v -0.02621341 -0.09511967 0.33417934
v -0.01769193 -0.10707175 0.33514452
v -0.03048632 -0.10614873 0.34486690
v -0.03669754 -0.09195273 0.34342682
v 0.00773606 -0.10590287 0.33040065
v -0.02739960 -0.08723852 0.33722571
v -0.18195993 -0.53929800 -0.00326154
v -0.18382804 -0.52931815 -0.01021852
v -0.17908408 -0.54496449 -0.01938659
v -0.18663505 -0.53279138 0.00300193
v -0.19353002 -0.52173102 0.00576331
v -0.16705586 -0.55490571 -0.04838067
v -0.16935779 -0.56040561 -0.03191880
v -0.16819724 -0.56284732 -0.04709250
v -0.16014943 -0.57702661 -0.05819223
v -0.15883942 -0.56875384 -0.06815185
v -0.15797444 -0.58090806 -0.07301719
v -0.15046427 -0.59467584 -0.08226542
v -0.14887998 -0.58849567 -0.09664115
v -0.14845997 -0.60076183 -0.09693515
v -0.13836844 -0.61737382 -0.12789075
v -0.13319390 -0.62731266 -0.12400581
v -0.12582172 -0.63640386 -0.14502792
v -0.13024402 -0.62161338 -0.14297581
v -0.13601734 -0.59819990 -0.12222352
v -0.11734797 -0.62988842 -0.15355110
v -0.11402882 -0.49322683 -0.07847459
v -0.15625273 -0.46793199 -0.00479647
v -0.11415686 -0.41404617 -0.02823361
v -0.16312833 -0.42033610 0.04192238
v -0.11271151 -0.57592243 -0.12993173
v -0.17947462 -0.43085805 0.06169570
v -0.17761944 -0.42084184 0.06539513
v -0.23461965 -0.54673022 0.04523986
v -0.24172294 -0.54382282 0.05785606
v -0.23907274 -0.47262064 0.12916297
v -0.25674462 -0.49702340 0.13661380
v -0.28703246 -0.57627076 0.10290593
v -0.31602398 -0.59380156 0.13661744
v -0.24907641 -0.55616540 0.06011372
v -0.23478000 -0.55351073 0.04378706
v -0.31715488 -0.60292232 0.13399568
v -0.12243145 -0.61431760 -0.14604333
v -0.25766906 -0.56684119 0.06800752
v -0.19728282 -0.41973704 0.11444226
v -0.32100469 -0.59852779 0.14541492
v -0.28807119 -0.58783031 0.10293366
v -0.20151563 -0.53531998 0.01286220
v -0.22207281 -0.55332226 0.03548472
v -0.32027248 -0.61105162 0.14542246
v -0.23769517 -0.56396478 0.05234984
v -0.18348809 -0.41145563 0.06502938
v -0.18617465 -0.40421939 0.06762209
v -0.11676940 -0.40329629 -0.03114398
v -0.14336273 -0.30702144 0.03192764
v -0.10602471 -0.29289997 -0.01094241
v -0.11249734 -0.22742249 0.01995464
v -0.14971289 -0.25072190 0.06222850
v -0.11758904 -0.18553954 0.04257238
v -0.08995637 -0.22166224 -0.00403712
v -0.10454245 -0.18335192 0.02102255
v -0.09264446 -0.18474716 0.00736930
v -0.17279404 -0.30025393 0.09468903
v -0.10983147 -0.17213887 0.03187858
v -0.10131574 -0.15440591 0.02079290
v -0.12133105 -0.17417881 0.05444249
v -0.12327888 -0.13590845 0.04982035
v -0.11926349 -0.10579868 0.04384816
v -0.12906222 -0.11175951 0.05748649
v -0.12946796 -0.09062988 0.06496157
v -0.13759190 -0.10964831 0.06554986
v -0.14029813 -0.09074698 0.07739367
v -0.13958335 -0.13142610 0.06093847
v -0.12903292 -0.06864592 0.08163390
v -0.14252126 -0.07933855 0.08962432
v -0.12717471 -0.19100510 0.06658370
v -0.06573359 -0.11274792 -0.00386630
v -0.13025810 -0.13378501 0.05626596
v -0.15798178 -0.10964874 0.08193401
v -0.11240459 -0.07484771 0.04024751
v -0.09316356 -0.04294141 0.02374312
v -0.10331570 -0.04336623 0.03810083
v -0.09711999 -0.03520952 0.03734724
v -0.06891409 -0.04292314 0.00328552
v -0.12951918 -0.16365795 0.05753050
v -0.19142567 -0.15155174 0.08255302
v -0.07920279 -0.03653016 0.01643226
v -0.19020449 -0.18032317 0.07058901
v -0.25310591 -0.20578197 0.10581829
v -0.21157160 -0.22065832 0.07295567
v -0.23525983 -0.26217017 0.07944888
v -0.25390145 -0.26047260 0.09006133
v -0.26852366 -0.23806606 0.10691004
v -0.27359465 -0.22689402 0.11933558
v -0.28192517 -0.25411615 0.12607351
v -0.27023160 -0.26568183 0.10514589
v -0.27829230 -0.27712789 0.12266248
v -0.26482591 -0.28245378 0.10388619
v -0.24965295 -0.28032640 0.08890977
v -0.15093476 -0.17540249 0.05968470
v -0.31267518 -0.61107492 0.13375181
v -0.18098512 -0.19254255 0.06556479
v -0.25739613 -0.29906946 0.10831443
v -0.20312542 -0.23118567 0.07099335
v -0.24554509 -0.30028212 0.10026747
v -0.28147110 -0.59337687 0.10293294
v -0.22733185 -0.28541449 0.08450697
v -0.29555458 -0.60938072 0.12484654
v -0.21332067 -0.25826824 0.07642858
v -0.17311165 -0.21532910 0.06738792
v -0.16373774 -0.28034884 0.12683642
v -0.16959825 -0.26969260 0.13653053
v -0.15977590 -0.27039397 0.14508800
v -0.16904397 -0.26352400 0.13795775
v -0.16096959 -0.25981522 0.15522949
v -0.14503807 -0.49887770 0.09966771
v -0.14558095 -0.50688678 0.10091623
v -0.15292808 -0.49955714 0.11045428
v -0.14024247 -0.51399362 0.07827304
v -0.13701046 -0.49919611 0.07859711
v -0.14905874 -0.57525378 0.08033028
v -0.12675226 -0.49911511 0.06207586
v -0.13983402 -0.59921962 0.06530008
v -0.15649974 -0.65173829 0.08378990
v -0.15897034 -0.65033633 0.09056200
v -0.17013890 -0.70909375 0.09037702
v -0.14404073 -0.65536511 0.06748343
v -0.17012967 -0.71629620 0.08295409
v -0.16295660 -0.73352551 0.06615391
v -0.17153080 -0.76021475 0.07559275
v -0.16746338 -0.79635268 0.06354801
v -0.17218617 -0.79830623 0.07718623
v -0.16020995 -0.78611100 0.05592998
v -0.16410729 -0.79910201 0.05559101
v -0.11422438 -0.49920246 0.05082950
v -0.14790304 -0.50722051 0.13033564
v -0.14972456 -0.59269357 0.15301600
v -0.15894850 -0.70873088 0.14473806
v -0.17175350 -0.79808962 0.09468262
v -0.14361425 -0.49897945 0.14805464
v -0.16582698 -0.80671769 0.11902296
v -0.17679682 -0.80626845 0.08711240
v -0.15972993 -0.80556995 0.13593547
v -0.17694026 -0.80380601 0.06714167
v -0.12627091 -0.55597150 0.19021215
v -0.12994628 -0.49922007 0.17847976
v -0.14490585 -0.80487669 0.16429806
v -0.13770571 -0.73446691 0.18270379
v -0.12981534 -0.67356235 0.18417229
v -0.15042447 -0.81435084 0.16346522
v -0.11039726 -0.49027285 0.20173670
v -0.12857056 -0.49148884 0.17796937
v -0.17212598 -0.81288153 0.12361852
v -0.15300465 -0.49894911 0.13598228
v -0.13790707 -0.80443907 0.17151327
v -0.12408293 -0.68281353 0.18808478
v -0.12234802 -0.60283220 0.19518061
v -0.09515768 -0.56338829 0.21039048
v -0.09056870 -0.49047819 0.21413580
v -0.12938482 -0.74268126 0.18653102
v -0.12954818 -0.81284666 0.17453824
v -0.14271435 -0.49270108 0.08022358
v -0.13751836 -0.49057981 0.06601013
v -0.12182217 -0.75740945 0.18657896
v -0.07575613 -0.50715011 0.21822496
v -0.06751452 -0.48985279 0.22162840
v -0.12290465 -0.81329173 0.17630462
v 0.20077486 -0.20022081 0.33143184
v 0.20047113 -0.21555515 0.33417901
v 0.20854028 -0.20840366 0.34266195
v 0.21938878 -0.20511082 0.35310581
v 0.41264009 0.26743117 -0.06167619
v 0.41185728 0.24775834 -0.05892579
v 0.40886480 0.27033660 -0.07092504
v 0.40112615 0.24082811 -0.07451433
v 0.36543882 0.25309891 -0.14745666
v 0.40469480 0.30006546 -0.08961391
v 0.39649680 0.34886843 -0.13038647
v 0.36104569 0.30696881 -0.19551018
v 0.36333877 0.36977553 -0.19597903
v 0.39118433 0.39763322 -0.15917397
v 0.35082752 0.36017150 -0.21415000
v 0.40955421 0.28511170 -0.07031643
v 0.33944803 0.34942070 -0.22733986
v 0.36101565 0.20677546 -0.11423893
v 0.39743745 0.22440019 -0.06554264
v 0.40555635 0.23806120 -0.06179637
v 0.31199446 0.24010241 -0.21165660
v 0.31897420 0.33382007 -0.23872656
v 0.34708765 0.19679935 -0.12579252
v 0.30018204 0.19219969 -0.18710768
v 0.38399437 0.20907861 -0.07232066
v 0.23144233 0.17790517 -0.25599790
v 0.23440464 0.17067795 -0.24609016
v 0.39539915 0.21582443 -0.05748609
v 0.18648902 0.15119268 -0.28143364
v 0.16524284 0.12670486 -0.28253055
v 0.16293207 0.13007200 -0.28792146
v 0.29649535 0.32380456 -0.25409132
v 0.25460780 0.30238691 -0.28088680
v 0.22692077 0.24204122 -0.28136799
v 0.20672315 0.28300083 -0.31050563
v 0.17940785 0.23524442 -0.31352481
v 0.18704002 0.27171516 -0.32069278
v 0.35441273 0.19139706 -0.10384311
v 0.40460986 0.21614678 -0.05963273
v 0.39539915 0.21582443 -0.05748609
v 0.16348760 0.16919400 -0.29959998
v 0.17455441 0.27198035 -0.32644573
v 0.23001890 0.15122296 -0.21395379
v 0.26514691 0.16266420 -0.18419571
v 0.31765479 0.17696828 -0.13043875
v 0.16924877 0.26519138 -0.32572567
v 0.30481565 0.33485144 -0.24737345
v 0.36590952 0.19474609 -0.07675827
v 0.39954752 0.34885377 -0.11489076
v 0.40849587 0.29844859 -0.07065451
v 0.41213867 0.27864233 -0.05141080
v 0.31377894 0.34342539 -0.23918389
v 0.18011135 0.27856487 -0.32241002
v 0.14096721 0.26266953 -0.32949701
v 0.12090018 0.25614747 -0.33001077
v 0.07739554 0.24652778 -0.33282933
v 0.08277775 0.12977435 -0.29467669
v 0.04319179 0.23947814 -0.33462015
v 0.15155526 0.12530190 -0.28672317
v 0.16045555 0.12414007 -0.27812639
v 0.03783557 0.12062807 -0.29513016
v 0.08749596 0.12111048 -0.28746185
v -0.00417789 0.15800066 -0.30942234
v 0.01153474 0.23989618 -0.33737424
v 0.00985773 0.11970126 -0.29643622
v -0.03730994 0.22101703 -0.33316174
v 0.05496718 0.24817553 -0.33469683
v -0.05571108 0.23962182 -0.33902872
v 0.37743789 0.39819175 -0.17011507
v 0.07950787 0.25383171 -0.33213395
v 0.15234798 0.27142659 -0.32625458
v 0.28998405 0.33158037 -0.25361165
v 0.23358172 0.30220371 -0.28993046
v 0.01911727 0.24642219 -0.33458066
v 0.34098074 0.18380667 -0.10166053
v 0.40860403 0.29626977 -0.03174107
v 0.41241631 0.28793776 -0.03212324
v 0.38475639 0.21084370 -0.05457855
v 0.26951134 0.16317093 -0.17216320
v 0.39784834 0.36085543 -0.03674311
v 0.38099530 0.43279430 -0.06555967
v 0.37763408 0.44879222 -0.02235011
v 0.38797712 0.40566796 -0.13311131
v 0.38857332 0.38765305 0.06726503
v 0.38095683 0.42841166 -0.08475184
v 0.37282169 0.46136439 0.01451553
v 0.37291098 0.45149150 -0.03893731
v 0.37371445 0.45876440 -0.01295944
v 0.41258460 0.28761011 -0.01710775
v 0.23139440 -0.30959848 0.21655591
v 0.23332699 -0.31932792 0.23527017
v 0.22444482 -0.31812569 0.22347139
v 0.23405197 -0.89299375 0.11074680
v 0.23174407 -0.90001273 0.09722503
v 0.23139206 -0.89208758 0.08582176
v 0.21996111 -0.89219081 0.06568224
v 0.21423595 -0.89982682 0.06349760
v 0.20431513 -0.89190483 0.04581708
v 0.21834633 -0.97690248 0.08572844
v 0.20882781 -0.97643268 0.06444333
v 0.19508269 -0.90607309 0.02885324
v 0.18321918 -0.98357594 0.02180673
v 0.20296334 -0.98701167 0.05782086
v 0.24413013 -0.91221458 0.11137935
v 0.26535121 -0.92343849 0.14773166
v 0.26992679 -0.98624760 0.16903618
v 0.23927173 -0.99478489 0.12104379
v 0.26449206 -0.99447489 0.16193947
v 0.27357617 -0.92748034 0.16543618
v 0.17342652 -0.96037710 0.00970820
v 0.18160705 -0.90971541 0.01319232
v 0.27640313 -0.93234968 0.17753741
v 0.27328384 -0.98559195 0.18165612
v 0.19152181 -0.89196986 0.02913927
v 0.24877012 -0.90694261 0.12424295
v 0.19302315 -0.99672878 0.05203531
v 0.18188678 -0.99492419 0.02998256
v 0.27184021 -0.99426138 0.19120397
v 0.17796938 -0.88337964 0.01999407
v 0.27447218 -0.98547870 0.19960102
v 0.27644390 -0.93897998 0.18999463
v 0.20377922 -0.98919404 0.07396774
v 0.27582213 -0.94228941 0.22890061
v 0.16624276 -0.93343830 0.00518956
v 0.16334005 -0.98661780 0.01204702
v 0.27263314 -0.98404974 0.22538999
v 0.16265109 -0.99517667 0.01735082
v 0.16470058 -0.90330374 0.00704743
v 0.27035692 -0.92162430 0.17402337
v 0.27211317 -0.93184263 0.20587517
v 0.27207562 -0.93087780 0.23155445
v 0.21196921 -0.98343325 0.08752029
v 0.22278909 -0.99502766 0.11121790
v 0.27168941 -0.94066519 0.24310285
v 0.23378202 -0.89019090 0.12370393
v 0.26439551 -0.92506331 0.25070328
v 0.23797670 -0.89167911 0.14742312
v 0.23130482 -0.88281935 0.14311463
v 0.26084313 -0.91778010 0.23550808
v 0.26377863 -0.93507928 0.25486881
v 0.26483890 -0.97782350 0.23986869
v 0.20113881 -0.17659801 0.31833783
v 0.20874621 -0.18351160 0.33124509
v 0.20865455 -0.18169700 0.31134486
v 0.20092806 -0.17698555 0.33560583
v -0.06685291 -0.24412452 0.34291357
v -0.07387271 -0.24484280 0.34359875
v -0.06740097 -0.21899432 0.34067398
v -0.07377252 -0.26910669 0.35230303
v -0.07489598 -0.22120698 0.34506053
v -0.06758086 -0.20138924 0.35228693
v -0.07647114 -0.20163234 0.35587737
v -0.15339687 -0.25038546 0.15829386
v -0.14564686 -0.23844475 0.16008656
v -0.15579778 -0.24986576 0.14660090
v -0.15361442 -0.24013601 0.14801311
v -0.14256892 -0.22895317 0.14898133
v -0.15344864 -0.23419446 0.16787733
v 0.22116752 -0.23223279 0.12453590
v 0.21723957 -0.23093535 0.09070973
v 0.22388379 -0.22979555 0.11112601
v 0.22412142 -0.23059456 0.12825795
v 0.21728793 -0.22774598 0.15025906
v 0.22372080 -0.21853924 0.15762381
v 0.22397378 -0.22481821 0.09737985
v 0.22444482 -0.31812569 0.22347139
v 0.23332699 -0.31932792 0.23527017
v 0.22350483 -0.30854228 0.22898082
v -0.16373774 -0.28034884 0.12683642
v -0.16895604 -0.28222242 0.13807954
v -0.16959825 -0.26969260 0.13653053
v -0.16724792 -0.29081905 0.13497135
v -0.16943759 -0.30193773 0.16136125
v -0.16912460 -0.31073278 0.15604654
v -0.16912460 -0.31073278 0.15604654
v -0.17686057 -0.31041172 0.16054401
v -0.16943759 -0.30193773 0.16136125
v -0.17053071 -0.31936568 0.16131890
v -0.17594807 -0.31645730 0.17322230
v -0.16872971 -0.31692037 0.18618767
v -0.12994628 -0.49922007 0.17847976
v -0.13764262 -0.49208134 0.18442965
v -0.13797693 -0.49261343 0.17055190
v -0.14361425 -0.49897945 0.14805464
v -0.15375468 -0.49847820 0.14841731
v -0.15300465 -0.49894911 0.13598228
v 0.35931113 0.24915293 0.03394680
v 0.37762594 0.25526738 0.03724260
v 0.36138555 0.25600260 0.03019173
v 0.23951815 -0.29239959 0.16166513
v 0.23655076 -0.28874466 0.15422636
v 0.23965627 -0.27321160 0.14993568
v 0.23346253 -0.27951878 0.14483745
v 0.23466410 -0.30397910 0.17138846
v 0.23797579 -0.30559891 0.18429051
v 0.23191974 -0.26341602 0.16892783
v 0.22545752 -0.25641298 0.16471849
v 0.23190489 -0.24766724 0.17102991
v 0.23230191 -0.27505645 0.15811110
v 0.17668971 -0.49789482 0.05132077
v 0.18485078 -0.49828765 0.04328623
v 0.18369180 -0.48827684 0.05096689
v 0.18485078 -0.49828765 0.04328623
v 0.17668971 -0.49789482 0.05132077
v 0.17453112 -0.49059525 0.04336420
v 0.16207433 -0.49650842 0.04050936
v 0.16522625 -0.49600956 0.03258798
v 0.15351684 -0.49128702 0.02737642
v 0.14924495 -0.49888843 0.03454627
v 0.14147452 -0.49042720 0.02602757
v 0.12565678 -0.49622282 0.02787790
v 0.13115534 -0.49132219 0.02022601
v 0.10801300 -0.50017756 0.02772474
v 0.09647698 -0.49304441 0.01951220
v 0.08602930 -0.49811554 0.02781168
v 0.06605385 -0.49111125 0.02016507
v 0.03758635 -0.48451680 0.01971309
v 0.05966663 -0.50283402 0.04268739
v 0.01385437 -0.49520114 0.03628701
v 0.01591513 -0.48603824 0.02262970
v 0.02433307 -0.48548061 0.01212872
v 0.03902063 -0.51704842 0.05741303
v 0.01146610 -0.51810169 0.06104776
v 0.02616309 -0.52769220 0.07420164
v 0.01646340 -0.53273296 0.07870304
v 0.01724120 -0.53859156 0.08743281
v 0.03567437 -0.53454614 0.08087338
v 0.04601894 -0.52564567 0.06353282
v 0.09595501 -0.50888294 0.03284359
v -0.00883593 -0.51108462 0.03942290
v -0.01515871 -0.49833664 0.02004607
v -0.02307852 -0.51194668 0.03380114
v -0.04611616 -0.51042169 0.02817830
v -0.04898620 -0.50212455 0.01888351
v -0.07087635 -0.50554389 0.02725010
v -0.08131712 -0.49872628 0.02036400
v -0.05217906 -0.50141466 0.01198481
v -0.01090803 -0.49651906 0.01112117
v -0.06791069 -0.50614667 0.01133671
v -0.08131712 -0.49872628 0.02036400
v -0.08634266 -0.50196731 0.03337314
v 0.02741364 -0.53771842 0.10417615
v -0.10334381 -0.49139014 0.03787385
v -0.10180575 -0.49991214 0.04295950
v -0.11422438 -0.49920246 0.05082950
v -0.12191335 -0.49527180 0.04323036
v 0.05026124 -0.48916036 0.01107162
v 0.09523623 -0.49526522 0.01194590
v 0.11863855 -0.55125117 0.03933547
v 0.19288227 -0.51854497 0.06341322
v 0.18463263 -0.61358857 0.05502224
v 0.14151379 -0.63354290 0.04763268
v 0.23346253 -0.27951878 0.14483745
v 0.23230191 -0.27505645 0.15811110
v 0.23965627 -0.27321160 0.14993568
v 0.21774910 -0.31914759 0.23637950
v 0.22366768 -0.31154740 0.24081533
v 0.21503493 -0.30639568 0.24293366
v 0.21635422 -0.23200144 0.18600394
v 0.21632586 -0.23890500 0.19702709
v 0.22393949 -0.23331624 0.19370550
v 0.20874621 -0.18351160 0.33124509
v 0.20092806 -0.17698555 0.33560583
v 0.19995150 -0.18382594 0.32624266
v -0.12994628 -0.49922007 0.17847976
v -0.12857056 -0.49148884 0.17796937
v -0.13764262 -0.49208134 0.18442965
v 0.06547243 -0.52309549 0.37383786
v 0.07197139 -0.51886916 0.38096604
v 0.07926477 -0.51499307 0.38101131
v 0.06633337 0.56117237 0.29258591
v 0.10734452 0.57799113 0.24391852
v 0.07354815 0.58909839 0.25681517
v 0.16832061 0.50649083 0.27669704
v 0.14667560 0.56974131 0.22397798
v 0.17631727 0.56325805 0.20858040
v 0.20790121 0.55170327 0.19805956
v 0.04861427 0.59785944 0.26638299
v 0.01437487 0.60355598 0.28590068
v 0.23853706 0.53780711 0.18436600
v 0.26991725 0.45339042 0.22748484
v 0.23591828 0.43492651 0.28552774
v 0.19125786 0.44479498 0.32380360
v 0.16943024 0.45319915 0.32750806
v 0.30412862 0.47852463 0.17145634
v 0.28658372 0.52227467 0.15385252
v 0.29961386 0.51342654 0.14442620
v 0.28819633 0.52731884 0.14512591
v 0.28502372 0.40037256 0.25279769
v 0.30810568 0.38673869 0.23668268
v 0.33281213 0.40277013 0.19261922
v 0.05844098 0.50636137 0.32963827
v 0.13292457 0.45994219 0.33450633
v 0.32201630 0.37119994 0.23007666
v 0.34304067 0.35771373 0.21686845
v 0.34570920 0.36261335 0.21131654
v 0.24650915 0.41881227 0.28285366
v 0.10791250 0.45968372 0.34267083
v 0.03110014 0.47612736 0.35710338
v -0.02883804 0.49026620 0.36971268
v -0.02697226 0.50393122 0.36348909
v 0.28945982 0.39004180 0.25067031
v 0.15327168 0.45125997 0.33276922
v 0.36604676 0.39520916 0.12183508
v 0.31622416 0.50690931 0.10794687
v 0.36197770 0.34847751 0.18133095
v 0.30972350 0.50945634 0.12116554
v 0.33909285 0.48779508 0.07264762
v 0.37198055 0.32711187 0.17033498
v 0.38076007 0.32661706 0.15687799
v 0.17116053 -0.69134724 0.19106272
v 0.16328670 -0.58287573 0.20609117
v 0.12461798 -0.64395630 0.20432954
v 0.12962280 -0.73732156 0.19157603
v 0.18384939 -0.73642308 0.18610765
v 0.16327363 -0.81266552 0.17671850
v 0.18155763 -0.79932195 0.17537525
v 0.18084186 -0.81523609 0.17482309
v 0.19253820 -0.80437410 0.16719003
v 0.19381909 -0.73597240 0.17969061
v 0.19713897 -0.81405413 0.16613622
v 0.19417807 -0.68272197 0.17557530
v 0.19944838 -0.80524302 0.15817443
v 0.20557460 -0.59617126 0.15296885
v 0.17656040 -0.51922756 0.19659361
v 0.16037735 -0.51047051 0.20935354
v 0.14973216 -0.52757329 0.21396282
v 0.14986730 -0.49932256 0.21306314
v 0.12275775 -0.49916929 0.22120854
v 0.12373994 -0.51566070 0.21944334
v 0.10300080 -0.50349385 0.22502042
v 0.17131349 -0.49827924 0.19828697
v 0.18943909 -0.49896115 0.18034072
v 0.19510134 -0.50674659 0.17062657
v 0.20394705 -0.50721091 0.15588208
v 0.20500079 -0.80532640 0.14771609
v 0.22187975 -0.72609991 0.11268058
v 0.20772362 -0.50475532 0.14655629
v 0.21714690 -0.80530757 0.11388978
v 0.22219753 -0.80561090 0.09091442
v 0.21159582 -0.54481870 0.12293158
v 0.20961235 -0.50654662 0.13539450
v -0.07232489 -0.72440094 0.18816704
v -0.05465051 -0.61596614 0.20294179
v -0.12408293 -0.68281353 0.18808478
v -0.12938482 -0.74268126 0.18653102
v -0.12182217 -0.75740945 0.18657896
v -0.06281649 -0.95779693 0.02247456
v -0.11115592 -0.96631742 0.00844566
v -0.08566757 -0.89697444 0.01247261
v -0.09279009 -0.98667115 0.01559728
v -0.11723839 -0.90209776 0.00736573
v -0.06313480 -0.98648214 0.02736375
v -0.04543449 -0.92849290 0.03123236
v -0.05419663 -0.89801681 0.02722036
v -0.10957086 -0.88434160 0.01487266
v -0.09100724 -0.88394064 0.01669913
v -0.06944632 -0.88423651 0.02654433
v -0.08456232 -0.87657446 0.01811408
v -0.11297504 -0.87623626 0.01492017
v -0.05513234 -0.87643647 0.03573914
v -0.04957467 -0.88411200 0.04417984
v -0.04597653 0.38060319 0.32240090
v 0.01044970 0.39982757 0.33538038
v -0.05117328 0.41576454 0.30979714
v -0.02068986 0.37518987 0.33387929
v -0.04146465 0.35809901 0.32675138
v -0.06325663 0.41639900 0.30063844
v -0.05802229 0.43611214 0.29530150
v -0.02443377 0.42422462 0.31183845
v 0.03678564 0.40765014 0.33521819
v 0.00066817 0.43591037 0.30847481
v 0.05224078 0.43622258 0.31574604
v -0.03796359 0.43658957 0.29833305
v -0.03198719 0.44396597 0.29582250
v 0.06228369 0.44383124 0.31373912
v 0.07352954 0.43702891 0.31137204
v 0.06936064 0.41743219 0.32169971
v 0.00772741 0.38161743 0.33586046
v 0.08591081 0.42803037 0.30974427
v 0.03450708 0.39035231 0.33423048
v 0.05491101 0.40101996 0.32856604
v -0.03176618 0.35024801 0.32613733
v -0.06687219 0.42406556 0.29068258
v -0.05261582 0.37652716 0.31428406
v -0.04391463 0.34674105 0.32096773
v -0.05704657 0.38345554 0.30199131
v -0.05033929 0.36343449 0.31122094
v -0.05968949 0.39120144 0.29190791
v -0.06796266 0.40616193 0.27584493
v 0.39978358 0.33519670 0.10640509
v 0.40502995 0.27023035 0.05889400
v 0.40569463 0.26932967 0.02564268
v 0.40476242 0.27359945 0.08663043
v 0.40308735 0.28709453 0.11228851
v 0.39901778 0.30640611 0.12866436
v 0.40477723 0.26066652 0.02726682
v 0.48045918 0.31643644 -0.05802751
v 0.53799719 0.33354098 -0.11300729
v 0.45868361 0.31114772 -0.05763371
v 0.53512335 0.33146214 -0.09723179
v 0.49786577 0.32172260 -0.09561279
v 0.55618179 0.33397996 -0.10327755
v 0.57732046 0.33887652 -0.12702473
v 0.47185102 0.31065041 -0.04269637
v 0.45522541 0.30768859 -0.03841807
v 0.50550109 0.31829885 -0.06096580
v 0.53521508 0.32787988 -0.08513145
v 0.56662899 0.33602640 -0.13674782
v 0.43871465 0.30146819 -0.05010863
v 0.43397442 0.30088654 -0.03656399
v 0.42974055 0.29678729 -0.02356891
v 0.43119863 0.28890109 -0.00768896
v 0.49008656 0.31183225 -0.04795296
v 0.41258460 0.28761011 -0.01710775
v 0.41241631 0.28793776 -0.03212324
v 0.41993892 0.28982785 -0.03874416
v 0.57775176 0.33480278 -0.13859238
v 0.58862501 0.32810366 -0.13509028
v -0.12290465 -0.81329173 0.17630462
v -0.10597213 -0.81507325 0.17619187
v -0.12182217 -0.75740945 0.18657896
v 0.03404156 -0.03001975 0.01028846
v 0.07821389 -0.01951030 0.02346362
v 0.09774181 -0.02769819 0.02608048
v 0.03854962 -0.01972887 0.01462281
v -0.36062157 0.13714771 -0.03262258
v -0.34236532 0.11558668 -0.00351459
v -0.37043867 0.14172803 -0.02376271
v -0.37799191 0.14988084 -0.03698043
v -0.08844946 -0.83996648 0.00528606
v -0.07761901 -0.82448530 0.01106520
v -0.06969071 -0.85857576 0.01146668
v -0.10078710 -0.81852978 0.00908230
v -0.41363826 0.19081451 -0.07703041
v -0.40465939 0.17592499 -0.05614986
v -0.42733827 0.19883823 -0.06680734
v -0.43638673 0.20771953 -0.08050773
v 0.00729743 -0.09394933 0.36781803
v -0.02687624 -0.07951929 0.36012581
v -0.01514066 -0.09371013 0.37303206
v -0.39034480 0.16526940 -0.05444521
v -0.37799191 0.14988084 -0.03698043
v -0.39598963 0.16738601 -0.03869247
v -0.40465939 0.17592499 -0.05614986
v 0.22490548 -0.31377459 0.35633332
v 0.22099283 -0.32371041 0.38507232
v 0.21192482 -0.31308505 0.35841697
v 0.12230661 -0.56984437 0.40447944
v 0.12771787 -0.58366692 0.39833194
v 0.14444481 -0.59424818 0.41420704
v 0.20524950 -0.94784433 0.27948481
v 0.23404823 -0.93165332 0.27450520
v 0.20726931 -0.93478423 0.28078777
v 0.18402626 0.24414936 0.29358870
v 0.17227995 0.26907802 0.29464811
v 0.17874037 0.25629056 0.30672193
v -0.04711766 0.34400785 0.30268392
v -0.05033929 0.36343449 0.31122094
v -0.05143267 0.36706474 0.30231270
v -0.05261582 0.37652716 0.31428406
v -0.05704657 0.38345554 0.30199131
v -0.06090309 0.37837604 0.29257447
v -0.05968949 0.39120144 0.29190791
v -0.06325663 0.41639900 0.30063844
v -0.04190417 0.34719735 0.31029207
v -0.04391463 0.34674105 0.32096773
v -0.03198433 0.34069693 0.30472779
v -0.25413463 0.12887704 -0.02610990
v -0.24211183 0.13034807 -0.01147297
v -0.25772801 0.14510313 -0.01813828
v -0.25589609 0.15260777 -0.01178988
v -0.26396146 0.16161315 -0.01111268
v 0.10010784 -0.55601084 0.39064732
v 0.08273415 -0.53686965 0.38399932
v 0.07415392 -0.53430772 0.37112975
v 0.25224787 -0.97871059 0.24841540
v 0.26483890 -0.97782350 0.23986869
v 0.24551260 -0.96008146 0.25783613
v -0.29321074 0.06484494 0.04651123
v -0.27629650 0.06361865 0.04630121
v -0.27773571 0.06455632 0.06381413
v -0.26444724 0.06937104 0.07313387
v -0.26092160 0.06758002 0.06021057
v -0.24764779 0.08180100 0.07480495
v -0.24694303 0.07830766 0.06224545
v -0.25371459 0.08545728 0.08591209
v -0.27773571 0.06455632 0.06381413
v -0.24805391 0.08843545 0.09656557
v -0.06687219 0.42406556 0.29068258
v -0.06826609 0.42098975 0.27265710
v -0.06796266 0.40616193 0.27584493
v 0.21072237 -0.31010088 0.26140955
v 0.19855325 -0.31106839 0.28130376
v 0.20028460 -0.32013538 0.26730889
v 0.22378297 -0.25280255 0.17962024
v 0.21635422 -0.23200144 0.18600394
v 0.22393949 -0.23331624 0.19370550
v -0.15265420 -0.22069490 0.17194727
v -0.15344864 -0.23419446 0.16787733
v -0.15361442 -0.24013601 0.14801311
v -0.15579778 -0.24986576 0.14660090
v -0.15763885 -0.21735208 0.18818900
v -0.15339687 -0.25038546 0.15829386
v -0.16019921 -0.20849869 0.18504870
v -0.02169437 -0.01111000 0.02998198
v -0.03318383 -0.02049197 0.04203947
v -0.03792156 -0.01024744 0.04691580
v -0.08492512 -0.58184904 0.39876878
v -0.07871986 -0.58169878 0.38889378
v -0.07249051 -0.56714714 0.39745650
v 0.20017277 -0.21464494 0.24384138
v 0.20865719 -0.21932310 0.25591519
v 0.20759283 -0.22649710 0.24135444
v 0.19256809 -0.30581030 0.35762647
v 0.20171261 -0.30427715 0.34711778
v 0.20022504 -0.30887294 0.37007412
v 0.19254772 -0.30320129 0.33889210
v 0.23797579 -0.30559891 0.18429051
v 0.23160750 -0.29719278 0.19083951
v 0.23466410 -0.30397910 0.17138846
v -0.12697099 -0.34099671 0.27224389
v -0.10987627 -0.34139118 0.29695347
v -0.12264621 -0.33866444 0.28659984
v -0.13909505 -0.31778440 0.25399733
v -0.14906159 -0.31419709 0.24665189
v -0.15305100 -0.31775823 0.23173496
v -0.14521691 -0.21956733 0.08235645
v -0.13757518 -0.20271236 0.07321479
v -0.13785583 -0.21973011 0.07786229
v -0.13140088 -0.20597784 0.06893959
v -0.12717471 -0.19100510 0.06658370
v -0.14540856 -0.23186770 0.08981103
v 0.23139440 -0.30959848 0.21655591
v 0.22701490 -0.30717486 0.20535679
v 0.23160750 -0.29719278 0.19083951
v -0.10013220 -0.34203297 0.30237651
v -0.10395647 -0.33742952 0.31421003
v -0.10987627 -0.34139118 0.29695347
v -0.24764779 0.08180100 0.07480495
v -0.24694303 0.07830766 0.06224545
v -0.24005114 0.07690474 0.08067472
v 0.34111458 0.19934119 -0.06812586
v 0.34017912 0.20336534 -0.05894361
v 0.33652177 0.19181049 -0.05777283
v 0.22397378 -0.22481821 0.09737985
v 0.21723957 -0.23093535 0.09070973
v 0.21643949 -0.22044791 0.09504335
v -0.15339093 -0.23313315 0.09023421
v -0.14540856 -0.23186770 0.08981103
v -0.14809015 -0.24140517 0.08325519
v 0.20865455 -0.18169700 0.31134486
v 0.20023957 -0.18448281 0.31628716
v 0.20113881 -0.17659801 0.31833783
v -0.16110431 -0.31918284 0.23051739
v -0.15752976 -0.32586738 0.22471648
v -0.15305100 -0.31775823 0.23173496
v -0.19018188 -0.51243609 0.27348500
v -0.19038747 -0.52268481 0.27902722
v -0.18779327 -0.53244889 0.28332624
v -0.16450843 -0.32747382 0.20234288
v -0.17053071 -0.31936568 0.16131890
v -0.17907411 -0.35793546 0.17191094
v -0.18237408 -0.33316430 0.12583901
v -0.20202340 -0.40475938 0.13063249
v -0.18203941 -0.40488318 0.21543305
v -0.18617465 -0.40421939 0.06762209
v -0.17279404 -0.30025393 0.09468903
v -0.17110015 -0.36488414 0.21583335
v -0.18984082 -0.41407225 0.17370531
v -0.18111934 -0.41202560 0.21853925
v -0.20205541 -0.41515651 0.13461822
v -0.18102188 -0.42134780 0.18964015
v -0.16872971 -0.31692037 0.18618767
v -0.16905333 -0.31992123 0.20793357
v -0.16113758 -0.32241285 0.21615091
v -0.16912460 -0.31073278 0.15604654
v -0.19728282 -0.41973704 0.11444226
v -0.15752976 -0.32586738 0.22471648
v -0.17784296 -0.40494666 0.22335546
v -0.16724792 -0.29081905 0.13497135
v -0.16373774 -0.28034884 0.12683642
v -0.15684353 -0.26144886 0.10893623
v -0.15134081 -0.24762593 0.06974656
v -0.14809015 -0.24140517 0.08325519
v -0.15246366 -0.24459825 0.10547626
v -0.15517008 -0.25565675 0.11409114
v -0.15647213 -0.25547916 0.14366233
v -0.15977590 -0.27039397 0.14508800
v -0.15339093 -0.23313315 0.09023421
v -0.14971289 -0.25072190 0.06222850
v -0.13785583 -0.21973011 0.07786229
v -0.14540856 -0.23186770 0.08981103
v -0.13140088 -0.20597784 0.06893959
v -0.22197637 -0.44625664 0.13748737
v -0.20505403 -0.47298118 0.21147072
v -0.17490868 -0.42872661 0.21707958
v -0.19018188 -0.51243609 0.27348500
v -0.15798140 -0.50849968 0.32521734
v -0.18445368 -0.53680325 0.30249882
v -0.14361197 -0.42015526 0.26335233
v -0.13798095 -0.51451898 0.36778450
v -0.14519431 -0.52951330 0.37116531
v -0.11130605 -0.41955811 0.31673396
v -0.24638271 -0.48458183 0.14453577
v -0.23814276 -0.53611577 0.22522111
v -0.27509323 -0.56241119 0.19027291
v -0.26015484 -0.56020743 0.20895013
v -0.27665529 -0.56808102 0.19211490
v -0.29410630 -0.58529902 0.17701930
v -0.31731570 -0.59620363 0.15356727
v -0.31526744 -0.60505736 0.15702905
v -0.32100469 -0.59852779 0.14541492
v -0.27207816 -0.57794279 0.19277614
v -0.17704250 -0.56338769 0.34041190
v -0.25674462 -0.49702340 0.13661380
v -0.18779327 -0.53244889 0.28332624
v -0.21545106 -0.52300912 0.24887861
v -0.12246381 -0.41238159 0.30118510
v -0.10658886 -0.41293687 0.32078880
v -0.10979571 -0.40464339 0.32237810
v -0.28835934 -0.54596186 0.14589286
v -0.32027248 -0.61105162 0.14542246
v -0.17153791 -0.57046568 0.35887796
v -0.15309711 -0.56729311 0.39303502
v -0.17204793 -0.58067948 0.35256398
v -0.16733567 -0.59468764 0.38484019
v -0.16189031 -0.58485740 0.39164579
v -0.11758904 -0.18553954 0.04257238
v -0.12717471 -0.19100510 0.06658370
v -0.19404864 -0.52250320 0.26869878
v -0.20515975 -0.53098232 0.25731683
v -0.22867520 -0.53785276 0.23839627
v -0.31602398 -0.59380156 0.13661744
v -0.17324179 -0.42068136 0.21689704
v -0.16096959 -0.25981522 0.15522949
v -0.15101962 -0.40487579 0.26131290
v -0.15611470 -0.60184139 0.41431892
v -0.16165861 -0.60991061 0.40078169
v -0.15547326 -0.60951561 0.41557482
v -0.15448049 -0.61978829 0.40254602
v -0.10666355 -0.38868019 0.31969085
v -0.10521081 -0.35139695 0.30105191
v -0.12697099 -0.34099671 0.27224389
v -0.10987627 -0.34139118 0.29695347
v -0.16687143 -0.36538410 0.22533953
v -0.14351647 -0.32775095 0.24732745
v -0.15305100 -0.31775823 0.23173496
v -0.13909505 -0.31778440 0.25399733
v -0.13611057 -0.32053226 0.26068103
v -0.13236395 -0.33404043 0.26331252
v -0.13918753 -0.32502145 0.27031112
v -0.16110431 -0.31918284 0.23051739
v -0.12968569 -0.33201930 0.27599743
v -0.12264621 -0.33866444 0.28659984
v -0.18111934 -0.41202560 0.21853925
v -0.12246381 -0.41238159 0.30118510
v -0.15101962 -0.40487579 0.26131290
v -0.14361197 -0.42015526 0.26335233
v -0.17324179 -0.42068136 0.21689704
v -0.19728282 -0.41973704 0.11444226
v -0.23907274 -0.47262064 0.12916297
v -0.20205541 -0.41515651 0.13461822
v -0.22197637 -0.44625664 0.13748737
v -0.25674462 -0.49702340 0.13661380
v -0.19018188 -0.51243609 0.27348500
v -0.19404864 -0.52250320 0.26869878
v -0.19038747 -0.52268481 0.27902722
v 0.03541185 -0.48919839 0.25606605
v 0.05719534 -0.48782513 0.25525352
v 0.05561698 -0.48712304 0.26319000
v 0.05372442 -0.51046234 0.23119059
v 0.01073865 -0.52311409 0.21043415
v 0.05318529 -0.52462959 0.21065250
v 0.07777829 -0.52110922 0.21527843
v 0.01773572 -0.48639211 0.25731334
v -0.00973480 -0.49008870 0.24742302
v -0.02073632 -0.48654559 0.25298548
v -0.01319983 -0.52289569 0.21147574
v -0.03481011 -0.51236886 0.22107625
v -0.00175160 -0.49043989 0.26380795
v -0.04143949 -0.49039325 0.23671965
v 0.00477166 -0.53392738 0.19650987
v 0.01655479 -0.53321832 0.18564706
v -0.02461937 -0.53074640 0.20867766
v 0.08561217 -0.51277435 0.22182631
v 0.03687883 -0.52942455 0.19791204
v 0.02152924 -0.48606464 0.26348874
v -0.04187377 -0.52054471 0.21433343
v 0.06997644 -0.49012378 0.26442540
v 0.08578326 -0.48693910 0.25527695
v 0.09849712 -0.48971844 0.25587949
v 0.11630208 -0.48539847 0.23787540
v 0.18106605 -0.48926845 0.22646381
v 0.12793972 -0.49018461 0.22172531
v 0.10553446 -0.49040368 0.23136804
v 0.15976132 -0.49144155 0.21261089
v 0.17431948 -0.49289653 0.20722382
v 0.17131349 -0.49827924 0.19828697
v 0.12275775 -0.49916929 0.22120854
v 0.19209228 -0.49094662 0.21584688
v 0.19897626 -0.49598762 0.18623699
v 0.20279621 -0.49624151 0.20394702
v 0.21915847 -0.49996603 0.16869114
v 0.20638712 -0.49915999 0.16261183
v 0.10300080 -0.50349385 0.22502042
v 0.21658765 -0.49871999 0.14781134
v 0.20772362 -0.50475532 0.14655629
v 0.20961235 -0.50654662 0.13539450
v 0.21552633 -0.50047648 0.09874643
v 0.20920323 -0.50753653 0.11083992
v 0.20578116 -0.49998760 0.09530927
v 0.07752328 -0.48997560 0.24600238
v 0.14986730 -0.49932256 0.21306314
v 0.21552633 -0.50047648 0.09874643
v 0.22858922 -0.50422263 0.12408867
v 0.27471146 -0.57376987 0.08598948
v 0.21318018 -0.51385170 0.07091317
v 0.24911176 -0.55776715 0.06826544
v 0.22223970 -0.54074800 0.04565080
v 0.23831883 -0.55374408 0.04790019
v 0.28309697 -0.55784649 0.13743605
v 0.19406343 -0.51635319 0.04195489
v 0.20673266 -0.53344113 0.03651192
v 0.31148100 -0.59636092 0.11578911
v 0.33256978 -0.60641962 0.13772213
v 0.31705621 -0.59277499 0.14722651
v 0.33508998 -0.60882378 0.14505826
v 0.32347849 -0.60166961 0.16002858
v 0.34377864 -0.60860300 0.15611647
v 0.32907030 -0.60802716 0.11999200
v 0.33797002 -0.59491038 0.17158680
v 0.32053313 -0.59442937 0.17321789
v 0.32859629 -0.57754648 0.19054021
v 0.34935719 -0.58239746 0.17450409
v 0.31044951 -0.59161937 0.16231567
v 0.20711905 -0.50081742 0.07283462
v 0.23029764 -0.54521751 0.03279260
v 0.20394705 -0.50721091 0.15588208
v 0.18449023 -0.51592928 0.03261841
v 0.19264570 -0.49873728 0.05098435
v 0.14556463 -0.53459549 -0.01097387
v 0.14258827 -0.51032585 0.01066828
v 0.16522625 -0.49600956 0.03258798
v 0.18485078 -0.49828765 0.04328623
v 0.10117924 -0.51715440 -0.00412023
v 0.11084694 -0.49937794 0.01078964
v 0.09523623 -0.49526522 0.01194590
v 0.13115534 -0.49132219 0.02022601
v 0.14147452 -0.49042720 0.02602757
v 0.05026124 -0.48916036 0.01107162
v 0.04633728 -0.52974588 -0.02731325
v 0.02433307 -0.48548061 0.01212872
v 0.03460703 -0.53352523 -0.03151664
v -0.00534696 -0.50380474 0.00081640
v 0.01029926 -0.54833090 -0.04060501
v -0.03503931 -0.50559348 0.00429440
v 0.01510833 -0.55731034 -0.05279258
v -0.01704030 -0.57016438 -0.05815169
v -0.00086772 -0.56940043 -0.06658515
v 0.03502569 -0.54468167 -0.05135364
v -0.04961000 -0.53834933 -0.02189692
v 0.04378069 -0.53931290 -0.03999663
v 0.01606389 -0.56071365 -0.07111221
v -0.01090803 -0.49651906 0.01112117
v 0.09647698 -0.49304441 0.01951220
v 0.20837501 -0.55916363 0.00549973
v 0.20982641 -0.58164495 -0.02670065
v 0.19788559 -0.59329820 -0.04736181
v 0.12949181 -0.59845299 -0.08461317
v 0.19326727 -0.61795199 -0.07976243
v 0.15877771 -0.62318009 -0.10689009
v 0.18276304 -0.63344860 -0.10875224
v 0.18030252 -0.64094186 -0.12814064
v 0.15460382 -0.62192082 -0.12318716
v 0.18079369 -0.63921452 -0.13954853
v 0.19807394 -0.64294410 -0.13343608
v 0.16480365 -0.62241125 -0.13970402
v 0.14109018 -0.60855472 -0.12467532
v 0.18882737 -0.63751274 -0.14765777
v 0.19221064 -0.63952142 -0.11738657
v 0.12765665 -0.60369116 -0.10018501
v 0.22058497 -0.56210041 0.00473836
v 0.21922117 -0.58505780 -0.03831432
v 0.23687184 -0.55427110 0.00448222
v 0.23435158 -0.56863254 -0.02538009
v 0.23224723 -0.58008236 -0.05697031
v 0.23990341 -0.56271905 -0.03778170
v 0.24278177 -0.55597740 -0.01043757
v 0.34588528 -0.61563164 0.14552632
v 0.18943909 -0.49896115 0.18034072
v 0.15351684 -0.49128702 0.02737642
v 0.20047438 -0.62990290 -0.14684938
v 0.23722388 -0.54540664 0.02024329
v 0.25112179 -0.53771180 0.01715721
v 0.24967155 -0.54376882 0.02684160
v 0.27436924 -0.54462117 0.03105371
v 0.30954516 -0.57657200 0.19549298
v 0.20746611 -0.59949434 -0.05447043
v 0.30225396 -0.56224382 0.21353953
v 0.28719351 -0.57153028 0.20327897
v 0.22963688 -0.50226057 0.14201394
v 0.29122600 -0.58518952 0.09047975
v 0.28811601 -0.58141965 0.08011973
v 0.26016098 -0.56666332 0.06333946
v 0.28426141 -0.57222182 0.06498286
v 0.28296101 -0.55673695 0.22290498
v 0.24459019 -0.54707241 0.23551992
v 0.27368701 -0.54587257 0.23863113
v 0.24337953 -0.53330350 0.25543123
v 0.22531123 -0.53249317 0.24741147
v 0.22671892 -0.58663410 -0.05663272
v 0.23137999 -0.57713991 -0.06760357
v 0.22569957 -0.59553736 -0.08361425
v 0.26330739 -0.53097260 0.25581867
v 0.26080590 -0.52148914 0.26300964
v 0.31280997 -0.58895999 0.08813086
v 0.20722604 -0.63140088 -0.13377729
v 0.29374641 -0.54906350 0.22830603
v 0.22033806 -0.53110313 0.23697130
v 0.27688426 -0.53859442 0.24435379
v 0.30683950 -0.57146627 0.06519718
v 0.33560619 -0.59749568 0.10009971
v 0.33797845 -0.58353132 0.08746461
v 0.35630158 -0.60899371 0.11515643
v 0.29439980 -0.55933225 0.05004752
v 0.27601087 -0.55725121 0.04323547
v 0.31867975 -0.60005879 0.10512187
v 0.24752258 -0.54761893 -0.01536651
v -0.04588697 -0.59230918 -0.07704136
v -0.13543738 -0.55539215 -0.00323242
v -0.12089916 -0.59570158 -0.05786306
v -0.14806311 -0.55964041 -0.00519417
v -0.14857480 -0.54011470 0.01965036
v -0.13658847 -0.53142625 0.02287980
v -0.11250784 -0.51171964 0.02466204
v -0.13076659 -0.51342028 0.03840612
v -0.16571729 -0.54216117 0.01390157
v -0.16555341 -0.55540997 -0.00972449
v -0.18195993 -0.53929800 -0.00326154
v -0.17908408 -0.54496449 -0.01938659
v -0.17370012 -0.54002744 0.01697607
v -0.18663505 -0.53279138 0.00300193
v -0.20151563 -0.53531998 0.01286220
v -0.19978170 -0.54764259 0.02449952
v -0.22207281 -0.55332226 0.03548472
v -0.19983850 -0.55820614 0.03951528
v -0.22233391 -0.56204891 0.04680670
v -0.23478000 -0.55351073 0.04378706
v -0.20505054 -0.56858152 0.05914837
v -0.22272080 -0.57484627 0.06757943
v -0.20660006 -0.57117873 0.07370592
v -0.17264786 -0.55148911 0.03830111
v -0.18042280 -0.55421746 0.05453206
v -0.21873201 -0.57868546 0.07828348
v -0.24500433 -0.58915937 0.09042703
v -0.23944278 -0.59061396 0.10524772
v -0.21088359 -0.57208407 0.08456080
v -0.27196127 -0.60851753 0.12426092
v -0.27684647 -0.61158770 0.13786736
v -0.16935779 -0.56040561 -0.03191880
v -0.13996430 -0.60017908 -0.07472300
v -0.28147110 -0.59337687 0.10293294
v -0.17691933 -0.54973614 0.02950658
v -0.16014943 -0.57702661 -0.05819223
v -0.15046427 -0.59467584 -0.08226542
v -0.13719071 -0.61567050 -0.10308369
v -0.12798069 -0.61411655 -0.08655539
v -0.11907426 -0.64228475 -0.13307677
v -0.14845997 -0.60076183 -0.09693515
v -0.13319390 -0.62731266 -0.12400581
v -0.11267300 -0.63760775 -0.11969627
v -0.11719259 -0.61657393 -0.08640776
v -0.10286960 -0.63818830 -0.12152677
v -0.28590468 -0.61235416 0.12811258
v -0.23769517 -0.56396478 0.05234984
v -0.25414652 -0.58759469 0.14231582
v -0.27106804 -0.60453075 0.14627920
v -0.25642717 -0.59531248 0.16583984
v -0.22481747 -0.57479119 0.18418132
v -0.23441623 -0.58140641 0.18895641
v -0.26497802 -0.59474128 0.17545483
v -0.23918881 -0.57618761 0.19994824
v -0.21614179 -0.56843746 0.20829962
v -0.19182160 -0.54639643 0.24019036
v -0.21327184 -0.54527700 0.24207212
v -0.20515975 -0.53098232 0.25731683
v -0.22867520 -0.53785276 0.23839627
v -0.26015484 -0.56020743 0.20895013
v -0.18659392 -0.53262603 0.25664285
v -0.19404864 -0.52250320 0.26869878
v -0.18715152 -0.55146176 0.22741592
v -0.17209442 -0.53879535 0.24241073
v -0.25772157 -0.57195252 0.20281495
v -0.18191388 -0.52853602 0.17112400
v -0.17323139 -0.51084590 0.13303094
v -0.15375468 -0.49847820 0.14841731
v -0.13764262 -0.49208134 0.18442965
v -0.15300465 -0.49894911 0.13598228
v -0.16668107 -0.50911272 0.10740133
v -0.15292808 -0.49955714 0.11045428
v -0.15446804 -0.49830353 0.09236068
v -0.14503807 -0.49887770 0.09966771
v -0.14271435 -0.49270108 0.08022358
v -0.14711297 -0.49287680 0.07546152
v -0.16117556 -0.51425481 0.08015027
v -0.17542367 -0.52254897 0.09569350
v -0.14313614 -0.49608579 0.06553753
v -0.20200256 -0.56166530 0.20634399
v -0.14551204 -0.53083813 0.03599708
v -0.10937029 -0.49572939 0.03250621
v -0.12191335 -0.49527180 0.04323036
v -0.13204145 -0.59213567 -0.05203281
v -0.08925055 -0.51448321 0.01119194
v -0.27490449 -0.60699385 0.15582347
v 0.12186904 -0.59739584 -0.10805979
v 0.12882106 -0.59285975 -0.12429387
v 0.11561471 -0.58827806 -0.11388265
v -0.12582172 -0.63640386 -0.14502792
v 0.29120708 -0.53814304 0.23364270
v -0.05217906 -0.50141466 0.01198481
v 0.27881485 -0.57208222 0.19184937
v 0.25119606 -0.54356509 0.00052031
v -0.07676174 -0.61540872 -0.09723013
v -0.29555458 -0.60938072 0.12484654
v 0.35753632 -0.61832553 0.12591109
v 0.37209862 -0.61395717 0.12500472
v 0.37372637 -0.62058228 0.13728561
v 0.20040579 -0.49446249 0.06574993
v 0.10997035 -0.59112620 -0.09025326
v 0.08565310 -0.56321400 -0.10285234
v 0.08604593 -0.57216561 -0.08707996
v 0.06645747 -0.55583441 -0.08774402
v 0.06775215 -0.56124097 -0.07174898
v 0.09710399 -0.58008665 -0.07568934
v -0.15674511 -0.52973324 0.23329742
v -0.11126832 -0.64228201 -0.14286776
v -0.05383838 -0.48435003 0.24242374
v -0.07415980 -0.48449579 0.22475307
v -0.06751452 -0.48985279 0.22162840
v -0.09056870 -0.49047819 0.21413580
v -0.08449795 -0.48546037 0.22856335
v -0.09025572 -0.49042875 0.23968513
v -0.10395575 -0.49087074 0.23249280
v -0.06791069 -0.50614667 0.01133671
v -0.28225851 -0.59935474 0.16971040
v 0.03479782 -0.54558784 -0.07050145
v 0.02265941 -0.55084974 -0.08517677
v -0.01967352 -0.58032537 -0.10112032
v -0.00801145 -0.56735331 -0.10427484
v -0.02345967 -0.57428694 -0.11289215
v -0.03785574 -0.58875465 -0.11653657
v 0.04160787 -0.53465378 -0.08308781
v 0.04326048 -0.54229635 -0.06984066
v -0.04220426 -0.59824747 -0.10301632
v -0.06444970 -0.61247176 -0.12253454
v -0.05541541 -0.59781647 -0.12723356
v -0.07707888 -0.61759907 -0.13659129
v 0.21283765 -0.60285169 -0.06705736
v 0.09249800 -0.52437490 0.21646225
v 0.10864685 -0.52349037 0.21891318
v 0.07444613 -0.56691992 0.20106497
v 0.12373994 -0.51566070 0.21944334
v 0.16328670 -0.58287573 0.20609117
v 0.09658126 -0.61037117 0.20321795
v 0.19510134 -0.50674659 0.17062657
v 0.17453112 -0.49059525 0.04336420
v 0.35287252 -0.62019742 0.13581194
v -0.29036194 -0.61822581 0.14189941
v -0.30631635 -0.61947602 0.14348012
v -0.31267518 -0.61107492 0.13375181
v -0.32027248 -0.61105162 0.14542246
v -0.31078675 -0.61267745 0.15429573
v -0.31526744 -0.60505736 0.15702905
v -0.29410630 -0.58529902 0.17701930
v 0.24742787 -0.55243617 0.22102298
v 0.22059332 -0.54542875 0.02767080
v -0.21847692 -0.55560297 0.12905523
v 0.08376202 -0.50050002 0.23345567
v -0.13213904 -0.49151748 0.20542113
v -0.12564318 -0.48656720 0.18984665
v -0.12857056 -0.49148884 0.17796937
v -0.29418722 -0.61418915 0.15405156
v 0.18769196 -0.49063745 0.06064541
v 0.20040579 -0.49446249 0.06574993
v 0.19246978 -0.49977294 0.07024384
v 0.18769196 -0.49063745 0.06064541
v 0.18369180 -0.48827684 0.05096689
v 0.08462137 -0.56404394 -0.05524738
v -0.19778682 -0.56142288 0.07760327
v -0.27207816 -0.57794279 0.19277614
v -0.13751836 -0.49057981 0.06601013
v 0.29628614 -0.58283311 0.18524146
v 0.02797922 -0.53441656 0.17886925
v 0.01839661 -0.53998739 0.16791973
v 0.02719210 -0.54422945 0.13320307
v 0.01928083 -0.54458439 0.10980988
v 0.02741364 -0.53771842 0.10417615
v 0.01724120 -0.53859156 0.08743281
v 0.03690901 -0.53770250 0.18651682
v 0.05304297 -0.53659797 0.20093833
v 0.04325448 -0.54357332 -0.05477922
v -0.04854951 -0.60200691 -0.09271310
v 0.21946158 -0.60284126 -0.08130073
v 0.06823377 -0.53066033 0.20893580
v -0.15640049 -0.54062623 0.02423441
v 0.36462590 -0.61721843 0.14566509
v -0.05485637 -0.50491631 0.22150329
v 0.20022112 -0.49128643 0.07839565
v 0.20022112 -0.49128643 0.07839565
v 0.20040579 -0.49446249 0.06574993
v -0.09429603 -0.63507670 -0.13589673
v -0.07575613 -0.50715011 0.21822496
v -0.06035804 -0.51780814 0.21731797
v 0.20372005 -0.62494987 -0.09914658
v -0.11734797 -0.62988842 -0.15355110
v 0.36042300 -0.60450113 0.15754843
v -0.15810966 -0.54193026 0.03485554
v -0.09515768 -0.56338829 0.21039048
v -0.05465051 -0.61596614 0.20294179
v -0.12408293 -0.68281353 0.18808478
v -0.07902752 -0.62516636 -0.11654517
v 0.37870672 -0.61243880 0.14317456
v -0.10303543 -0.63339716 -0.14795651
v -0.11039726 -0.49027285 0.20173670
v -0.09056870 -0.49047819 0.21413580
v -0.08449795 -0.48546037 0.22856335
v -0.10395575 -0.49087074 0.23249280
v -0.12564318 -0.48656720 0.18984665
v -0.12857056 -0.49148884 0.17796937
v -0.13213904 -0.49151748 0.20542113
v -0.11764621 -0.49455431 0.23019142
v 0.08376202 -0.50050002 0.23345567
v 0.08561217 -0.51277435 0.22182631
v 0.10300080 -0.50349385 0.22502042
v 0.12373994 -0.51566070 0.21944334
v 0.27881485 -0.57208222 0.19184937
v 0.29628614 -0.58283311 0.18524146
v 0.28719351 -0.57153028 0.20327897
v 0.24742787 -0.55243617 0.22102298
v 0.27471146 -0.57376987 0.08598948
v 0.24911176 -0.55776715 0.06826544
v 0.26016098 -0.56666332 0.06333946
v 0.23831883 -0.55374408 0.04790019
v 0.25103667 -0.55754924 0.04493328
v 0.23029764 -0.54521751 0.03279260
v 0.24967155 -0.54376882 0.02684160
v 0.27601087 -0.55725121 0.04323547
v 0.27436924 -0.54462117 0.03105371
v 0.28426141 -0.57222182 0.06498286
v 0.23722388 -0.54540664 0.02024329
v 0.22059332 -0.54542875 0.02767080
v 0.06775215 -0.56124097 -0.07174898
v 0.04325448 -0.54357332 -0.05477922
v 0.04326048 -0.54229635 -0.06984066
v 0.04160787 -0.53465378 -0.08308781
v 0.06645747 -0.55583441 -0.08774402
v -0.12089916 -0.59570158 -0.05786306
v -0.11719259 -0.61657393 -0.08640776
v -0.07676174 -0.61540872 -0.09723013
v -0.12798069 -0.61411655 -0.08655539
v -0.13204145 -0.59213567 -0.05203281
v -0.06791069 -0.50614667 0.01133671
v -0.08131712 -0.49872628 0.02036400
v -0.08925055 -0.51448321 0.01119194
v -0.10937029 -0.49572939 0.03250621
v -0.10334381 -0.49139014 0.03787385
v -0.12191335 -0.49527180 0.04323036
v -0.14551204 -0.53083813 0.03599708
v -0.18042280 -0.55421746 0.05453206
v -0.15810966 -0.54193026 0.03485554
v -0.16117556 -0.51425481 0.08015027
v -0.17542367 -0.52254897 0.09569350
v -0.13076659 -0.51342028 0.03840612
v -0.14313614 -0.49608579 0.06553753
v -0.12191335 -0.49527180 0.04323036
v -0.12241323 -0.49261287 0.05145695
v -0.11422438 -0.49920246 0.05082950
v -0.12675226 -0.49911511 0.06207586
v -0.19778682 -0.56142288 0.07760327
v -0.13751836 -0.49057981 0.06601013
v -0.13751836 -0.49057981 0.06601013
v -0.28225851 -0.59935474 0.16971040
v -0.31078675 -0.61267745 0.15429573
v -0.29418722 -0.61418915 0.15405156
v -0.27207816 -0.57794279 0.19277614
v 0.21946158 -0.60284126 -0.08130073
v 0.20372005 -0.62494987 -0.09914658
v 0.20722604 -0.63140088 -0.13377729
v 0.22569957 -0.59553736 -0.08361425
v -0.40153152 0.93186146 -0.32250661
v -0.32026437 0.95792329 -0.31911853
v -0.32124135 0.95389098 -0.33235323
v -0.39400294 0.93013644 -0.28434986
v -0.32876724 0.95609659 -0.21858455
v -0.36520720 0.93695140 -0.24606651
v -0.32618153 0.95495868 -0.20830087
v -0.29547292 0.97145683 -0.20348267
v -0.30613458 0.96540278 -0.19329259
v -0.23868807 0.98211998 -0.24942331
v -0.22752392 0.98622388 -0.30442315
v -0.18520944 0.98156250 -0.26254910
v -0.23050480 0.97086149 -0.15817103
v -0.12176790 0.96524644 -0.19126327
v -0.19493681 0.96779227 -0.12945515
v -0.12225032 0.94370425 -0.29538849
v -0.05206082 0.94395202 -0.22716539
v -0.16469318 0.96382707 -0.10336509
v -0.07531946 0.94279295 -0.12883526
v -0.01116426 0.93479341 -0.20074874
v 0.01826848 0.91218644 -0.22266902
v -0.03129453 0.89554626 -0.29235128
v 0.02804454 0.89746261 -0.15445785
v -0.42946509 0.92293489 -0.33762875
v -0.43809998 0.91603231 -0.35350397
v -0.45368284 0.91061521 -0.34993076
v -0.44458157 0.91297239 -0.32922164
v -0.00938240 0.88222480 -0.06730444
v 0.06160928 0.86184961 -0.10793478
v 0.06489097 0.84614480 -0.05969349
v -0.14778605 0.96043384 -0.09344010
v -0.08878478 0.89794368 -0.03049790
v -0.04157929 0.83049601 0.03510011
v -0.41986251 0.92351955 -0.31265709
v -0.45919192 0.90730566 -0.34577864
v -0.29261717 0.97052407 -0.19284543
v -0.07515615 0.87703604 -0.00846492
v 0.01913674 0.91422087 -0.21258038
v -0.23081544 0.96944022 -0.15189677
v -0.02771389 0.81507879 0.04855464
v 0.04672741 0.80082804 0.02380683
v 0.11550231 0.80589759 -0.02734865
v 0.13042700 0.78045917 -0.01080753
v 0.10367057 0.71681052 0.07355858
v 0.00905182 0.76772439 0.09565030
v 0.17764308 0.68070114 0.04595874
v -0.01215065 0.80047905 0.06173855
v 0.17908901 0.65821558 0.08194256
v 0.09616602 0.64990830 0.15274310
v 0.17792504 0.59534925 0.12756826
v 0.02110882 0.74878037 0.11198654
v 0.09743009 0.82726330 -0.05770957
v -0.22339058 0.98380256 -0.31965294
v 0.26220530 0.60832965 0.02558337
v 0.10018337 0.58492589 0.19833648
v 0.11576967 0.57631713 0.19586185
v 0.10228033 0.57955915 0.21179037
v 0.08489589 0.58419752 0.21377189
v 0.16278303 0.56377131 0.16808815
v 0.18362923 0.56194997 0.15031366
v 0.16020177 0.56218904 0.17948817
v -0.45847657 0.91311657 -0.36235732
v -0.46671516 0.91084981 -0.33831033
v -0.31295198 0.95714998 -0.19375759
v -0.19618034 0.96349311 -0.12218501
v -0.04082192 0.81580251 0.04524184
v -0.43649054 0.91011208 -0.36430103
v 0.14288814 0.76395631 -0.00895887
v -0.45924413 0.89806908 -0.33557960
v -0.45924413 0.89806908 -0.33557960
v 0.18927714 0.55263317 0.15892130
v 0.06339329 0.59161681 0.22029281
v -0.41341767 0.90773529 -0.37345263
v -0.37108397 0.90897679 -0.37766865
v -0.33550861 0.90681350 -0.37894455
v -0.26061231 0.90451741 -0.37387392
v -0.23517661 0.98078007 -0.32530019
v -0.43310863 0.89993000 -0.37422153
v -0.24578305 0.96334088 -0.15578568
v 0.12593268 0.80023271 -0.02752206
v 0.18960932 0.69481289 -0.05121375
v 0.15043315 0.76966727 -0.12221063
v 0.21272716 0.68477648 -0.12493055
v 0.25859082 0.63073975 -0.10917870
v 0.25556442 0.64266473 -0.16440505
v 0.21706738 0.68744785 -0.16796450
v 0.25084794 0.64328206 -0.17537412
v 0.20023847 0.70354748 -0.17847045
v 0.17392354 0.71058011 -0.20629784
v 0.17537665 0.72263426 -0.19826166
v 0.18651722 0.71769810 -0.18113489
v 0.12047598 0.77396119 -0.25108287
v 0.26522595 0.61266679 -0.02819607
v 0.28895637 0.57884115 -0.13672210
v 0.29899976 0.54793537 -0.03620837
v 0.31706187 0.52174580 -0.11454196
v 0.34235394 0.47103629 -0.08965227
v 0.33356294 0.46960098 -0.03303654
v 0.34229019 0.45878854 -0.05510347
v 0.31361529 0.49093148 0.01135121
v 0.30113626 0.49947888 0.04370254
v 0.34651113 0.45202431 -0.07712389
v 0.29076821 0.56973392 -0.14549100
v 0.18764564 0.71894711 -0.16233240
v 0.28690481 0.51373512 0.06554417
v 0.29398277 0.50926995 0.07563965
v 0.28344938 0.51399010 0.08238824
v 0.27617490 0.52159399 0.08738013
v 0.34139654 0.46858075 -0.10578284
v 0.27497295 0.60488236 -0.15393136
v 0.34997338 0.44569433 -0.07258313
v 0.34880897 0.42988816 -0.10362227
v 0.10690557 0.80674100 -0.19452666
v 0.02920353 0.67978346 0.17388631
v -0.13959853 0.95577133 -0.08702992
v -0.13341449 0.94319052 -0.07106466
v -0.06820348 0.85306042 0.01211688
v -0.11219232 0.78497416 0.03910722
v -0.15393186 0.84692049 -0.01809138
v -0.17001671 0.75912124 0.03290035
v -0.16852018 0.74328595 0.05039844
v -0.17782739 0.70057732 0.08772010
v -0.04624590 0.76972777 0.07553588
v -0.05537886 0.71679097 0.11735091
v -0.12874803 0.64582264 0.15616836
v -0.18564509 0.63663632 0.14718047
v -0.17232768 0.57333344 0.22401154
v -0.18653713 0.56298506 0.22421020
v -0.11637069 0.58023375 0.23173079
v -0.09069058 0.58712929 0.23194525
v -0.06830063 0.64974433 0.17170371
v -0.00329222 0.76792723 0.09292768
v -0.17514671 0.56639361 0.23150772
v -0.06627496 0.59365916 0.23190758
v -0.07053751 0.58752108 0.23978963
v 0.02017950 0.64841419 0.20163214
v -0.03951465 0.59389812 0.23983474
v 0.01841986 0.62660903 0.22238138
v 0.01040649 0.60626954 0.24149013
v 0.01991761 0.59977227 0.24671625
v 0.03760029 0.60107023 0.22967823
v 0.03995987 0.59468913 0.23935415
v -0.01729203 0.59653735 0.24760111
v 0.00867998 0.60021329 0.25066650
v -0.09497420 0.88475335 -0.35990924
v -0.12472018 0.90048635 -0.35948196
v 0.01608102 0.82810742 -0.31083331
v 0.02790838 0.63689834 0.20812880
v -0.45189366 0.89995098 -0.36870295
v -0.18515135 0.94300783 -0.34370700
v 0.06899629 0.58784997 0.22738194
v 0.34180507 0.42606759 -0.12629358
v -0.01170483 0.78930950 0.07387723
v -0.09253311 0.89037931 -0.02123309
v 0.18854810 0.67204589 0.03748379
v 0.20636694 0.54912728 0.14348896
v 0.22481918 0.54559940 0.12965831
v 0.22562662 0.54001594 0.14175832
v 0.24138317 0.53451836 0.12645322
v 0.26445869 0.55834913 0.07722979
v -0.42235488 0.91576785 -0.30451503
v 0.33447677 0.40962926 -0.17076047
v 0.33054322 0.41271093 -0.18755314
v 0.33303618 0.39297050 -0.18943274
v 0.01069694 0.75677317 0.10649876
v -0.14827454 0.95318127 -0.08349839
v 0.09822691 0.80213737 -0.25514531
v 0.07113597 0.83668613 -0.25087667
v 0.09282102 0.79650831 -0.26931906
v 0.10398001 0.78484583 -0.26761866
v -0.29916471 0.96292323 -0.18462577
v 0.07735003 0.85151452 -0.13274117
v 0.26820827 0.52512860 0.11155490
v -0.23876822 0.98460734 -0.31763157
v -0.46782041 0.89612484 -0.33008483
v -0.48051625 0.92118108 -0.32238087
v -0.47802705 0.89526618 -0.31599349
v 0.06048032 0.85738915 -0.23747663
v -0.23876822 0.98460734 -0.31763157
v -0.22339058 0.98380256 -0.31965294
v -0.23517661 0.98078007 -0.32530019
v -0.18515135 0.94300783 -0.34370700
v 0.00905182 0.76772439 0.09565030
v -0.00329222 0.76792723 0.09292768
v 0.01069694 0.75677317 0.10649876
v -0.01170483 0.78930950 0.07387723
v 0.26522595 0.61266679 -0.02819607
v 0.18854810 0.67204589 0.03748379
v 0.26220530 0.60832965 0.02558337
v 0.29899976 0.54793537 -0.03620837
v 0.26445869 0.55834913 0.07722979
v 0.01608102 0.82810742 -0.31083331
v 0.06048032 0.85738915 -0.23747663
v 0.07113597 0.83668613 -0.25087667
v 0.03760029 0.60107023 0.22967823
v 0.06339329 0.59161681 0.22029281
v 0.02790838 0.63689834 0.20812880
v 0.03995987 0.59468913 0.23935415
v 0.06899629 0.58784997 0.22738194
v 0.02017950 0.64841419 0.20163214
v 0.02790838 0.63689834 0.20812880
v 0.02920353 0.67978346 0.17388631
v -0.06830063 0.64974433 0.17170371
v -0.05537886 0.71679097 0.11735091
v 0.01069694 0.75677317 0.10649876
v -0.13341449 0.94319052 -0.07106466
v -0.15393186 0.84692049 -0.01809138
v -0.09253311 0.89037931 -0.02123309
v -0.14827454 0.95318127 -0.08349839
v -0.02553560 -0.10640153 0.36065382
v -0.03048632 -0.10614873 0.34486690
v -0.04016085 -0.11104982 0.34565344
v -0.02440862 -0.11097970 0.32874566
v -0.03899371 -0.11068437 0.30904374
v -0.03235264 -0.11110914 0.36349058
v -0.05893534 -0.11208813 0.36402133
v -0.06581110 -0.11363053 0.38986039
v -0.01728366 -0.11321901 0.39047131
v -0.05904578 -0.11085550 0.29649103
v -0.00474648 -0.11176667 0.37748075
v -0.05832398 -0.11542654 0.39673468
v 0.01768836 -0.11531354 0.39703506
v -0.00403741 -0.11163994 0.31847328
v 0.00400930 -0.11006189 0.31063893
v 0.04610186 -0.11291245 0.31923908
v 0.03910346 -0.10649264 0.31049204
v 0.06469635 -0.10087169 0.31068122
v -0.00126158 -0.09770329 0.30744329
v 0.06848840 -0.08859737 0.30681109
v 0.09164182 -0.10861710 0.30931354
v 0.10273197 -0.09072599 0.30459365
v 0.10523333 -0.05146465 0.26230723
v 0.12794630 -0.06986272 0.28266880
v 0.03684562 -0.02490878 0.21670613
v 0.12658592 -0.08722411 0.29365602
v 0.14722690 -0.06237100 0.26706639
v 0.14045005 -0.08315609 0.28361857
v 0.12263379 -0.10683648 0.29945076
v -0.00423692 -0.08918788 0.30506647
v -0.01267025 -0.10612869 0.30661100
v 0.01782946 -0.10938916 0.32677817
v -0.01769193 -0.10707175 0.33514452
v 0.00773606 -0.10590287 0.33040065
v -0.06985468 -0.12200696 0.40020028
v 0.04471000 -0.11071764 0.32792637
v 0.00264234 -0.02447023 0.21427311
v -0.05626022 -0.07080159 0.27699482
v 0.01138275 -0.01955773 0.20914046
v 0.03637892 -0.01973869 0.21200325
v 0.07470626 -0.02495882 0.21419820
v 0.06366618 -0.01974304 0.20970735
v 0.15288186 -0.08891135 0.27265218
v 0.16132383 -0.06177824 0.25306088
v 0.17360121 -0.10576812 0.25897688
v 0.14218980 -0.10740948 0.28975114
v 0.17429008 -0.10926339 0.26650077
v 0.18434685 -0.11244819 0.25133237
v 0.18694361 -0.08277033 0.22851132
v 0.15706448 -0.05141268 0.24394904
v 0.00580114 -0.10768931 0.37292591
v -0.06759164 -0.11303067 0.28781080
v 0.17718442 -0.04987792 0.22718365
v 0.14143227 -0.09847192 0.28611031
v -0.04365496 -0.10663237 0.29954222
v 0.01609652 -0.11316073 0.38502926
v 0.02854059 -0.09988213 0.38890314
v 0.02700655 -0.10400087 0.39907712
v 0.02328165 -0.10607869 0.37278187
v 0.00729743 -0.09394933 0.36781803
v -0.02964648 -0.09112606 0.30179477
v -0.04733154 -0.08700048 0.29305369
v -0.06939372 -0.07583687 0.27382821
v -0.06383134 -0.10529953 0.28289419
v -0.08721275 -0.06144924 0.25190735
v 0.12263379 -0.10683648 0.29945076
v 0.14218980 -0.10740948 0.28975114
v 0.14143227 -0.09847192 0.28611031
v 0.11712018 -0.11106308 0.30916107
v -0.06383134 -0.10529953 0.28289419
v -0.05904578 -0.11085550 0.29649103
v -0.04365496 -0.10663237 0.29954222
v -0.04733154 -0.08700048 0.29305369
v 0.21584448 -0.23071928 0.21373321
v 0.22878964 -0.21650514 0.21230114
v 0.22609434 -0.22249444 0.20455655
v 0.21632586 -0.23890500 0.19702709
v 0.22393949 -0.23331624 0.19370550
v 0.24582033 -0.22061646 0.18203701
v 0.24024257 -0.23692840 0.16481468
v 0.24036624 -0.23065791 0.16117394
v 0.24510539 -0.21483068 0.17841274
v 0.23190489 -0.24766724 0.17102991
v 0.24072169 -0.25274625 0.15050800
v 0.21606961 -0.22460236 0.22655918
v 0.20865719 -0.21932310 0.25591519
v 0.20759283 -0.22649710 0.24135444
v 0.22088048 -0.20813477 0.25860631
v 0.19970059 -0.22006924 0.27095550
v 0.21852323 -0.20109822 0.27161568
v 0.24083789 -0.19975194 0.26186278
v 0.20026982 -0.22598538 0.25968191
v 0.26712614 -0.20158079 0.20110129
v 0.25618032 -0.19663787 0.26478747
v 0.28610682 -0.19715798 0.20165278
v 0.22378297 -0.25280255 0.17962024
v 0.25592098 -0.20850903 0.19311157
v 0.24233870 -0.24736516 0.14388037
v 0.20812403 -0.22477408 0.22398606
v 0.22545752 -0.25641298 0.16471849
v 0.20865719 -0.21932310 0.25591519
v 0.20017277 -0.21464494 0.24384138
v 0.20026982 -0.22598538 0.25968191
v 0.26178738 -0.19894888 0.19173509
v 0.25592098 -0.20850903 0.19311157
v 0.26712614 -0.20158079 0.20110129
v 0.27116606 -0.19234139 0.19315226
v 0.04471000 -0.11071764 0.32792637
v 0.04426220 -0.10379782 0.33986327
v 0.06224580 -0.09621347 0.32494956
v 0.06365468 -0.10514002 0.31744108
v 0.04610186 -0.11291245 0.31923908
v 0.06469635 -0.10087169 0.31068122
v 0.07852537 -0.09736074 0.32522765
v 0.05957229 -0.09316932 0.33725062
v 0.05225132 -0.09990611 0.35912126
v 0.06264028 -0.09848746 0.37403998
v 0.04418884 -0.09968118 0.34978461
v 0.04750323 -0.09990215 0.38914064
v -0.02286697 -0.08015435 0.34511387
v 0.07146258 -0.09008432 0.33606583
v 0.04308318 -0.10325407 0.36662957
v 0.08255709 -0.09990690 0.38804966
v 0.06565876 -0.10591139 0.39731526
v 0.02700655 -0.10400087 0.39907712
v 0.02854059 -0.09988213 0.38890314
v 0.08244885 -0.10435736 0.39809024
v 0.07752791 -0.10699297 0.31801102
v 0.09697889 -0.11161983 0.38751018
v 0.09536495 -0.11347506 0.39749497
v 0.08700143 -0.10497992 0.36565134
v 0.10592712 -0.10856871 0.37065825
v 0.14534256 -0.11039894 0.37217262
v 0.13410507 -0.10620017 0.36651015
v 0.15070178 -0.10651871 0.35136351
v 0.15948729 -0.10921330 0.35441679
v 0.14897673 -0.10909221 0.33364847
v 0.14599988 -0.10610895 0.34137917
v 0.13623367 -0.10651943 0.33514130
v 0.10480496 -0.11117955 0.31815037
v 0.11712018 -0.11106308 0.30916107
v 0.14218980 -0.10740948 0.28975114
v 0.19254823 -0.10994980 0.32838681
v 0.17429008 -0.10926339 0.26650077
v 0.19212379 -0.11099130 0.38836804
v 0.19123715 -0.11300838 0.39765099
v 0.19211814 -0.10917258 0.26925382
v 0.18434685 -0.11244819 0.25133237
v 0.03372442 -0.10060584 0.37043130
v 0.02328165 -0.10607869 0.37278187
v 0.03067959 -0.09681481 0.35908124
v -0.02687624 -0.07951929 0.36012581
v -0.03444911 -0.08315901 0.35044646
v 0.19984336 -0.11492343 0.38747811
v 0.08869556 -0.09603377 0.33659902
v 0.08316706 -0.09490259 0.34556714
v 0.09943607 -0.08847098 0.34871310
v 0.14575341 -0.08007710 0.34505859
v 0.14538783 -0.07792543 0.35911271
v 0.07075860 -0.09820632 0.36168611
v 0.00729743 -0.09394933 0.36781803
v 0.08700143 -0.10497992 0.36565134
v 0.08316706 -0.09490259 0.34556714
v 0.07075860 -0.09820632 0.36168611
v 0.06469635 -0.10087169 0.31068122
v 0.07752791 -0.10699297 0.31801102
v 0.09164182 -0.10861710 0.30931354
v 0.09038910 -0.11191070 0.31832686
v 0.10480496 -0.11117955 0.31815037
v 0.11712018 -0.11106308 0.30916107
v 0.12263379 -0.10683648 0.29945076
v -0.36556026 0.29781103 -0.05761528
v -0.35723367 0.30174616 -0.04300097
v -0.35764781 0.28683776 -0.05885884
v -0.36544079 0.30199972 -0.03931988
v -0.40406874 0.31192642 -0.08305967
v -0.40096471 0.30281076 -0.09166618
v -0.37818959 0.28965273 -0.07871085
v -0.44421941 0.32001725 -0.11419407
v -0.35740709 0.30355343 -0.03081566
v -0.40501025 0.31462365 -0.07640980
v -0.46362814 0.32712799 -0.12156327
v -0.46764421 0.31552801 -0.13590382
v -0.48660815 0.32756853 -0.13953306
v -0.49877256 0.33503920 -0.13344717
v -0.43626156 0.32234526 -0.08957442
v -0.51856136 0.33569315 -0.14856093
v -0.51323229 0.32739106 -0.15495138
v -0.52189231 0.33695480 -0.13512808
v -0.37779903 0.30531701 -0.03837311
v -0.46458381 0.32658491 -0.09588715
v -0.40480962 0.31247744 -0.05574274
v -0.34965834 0.27532387 -0.05971849
v -0.43581530 0.31791654 -0.06956089
v -0.34965834 0.27532387 -0.05971849
v -0.35764781 0.28683776 -0.05885884
v -0.35233253 0.30205533 -0.05324457
v 0.20077486 -0.20022081 0.33143184
v 0.19349962 -0.20985234 0.33554482
v 0.20047113 -0.21555515 0.33417901
v 0.19627652 -0.18469164 0.33453599
v 0.19395888 -0.19354951 0.34225169
v 0.19544996 -0.18631423 0.38102305
v 0.19273391 -0.19346777 0.38075912
v 0.20092806 -0.17698555 0.33560583
v 0.20293388 -0.17755890 0.38176239
v 0.19388488 -0.17723311 0.39369500
v 0.20357960 -0.16703932 0.34616712
v 0.20446716 -0.16905704 0.38049123
v 0.20113881 -0.17659801 0.31833783
v 0.20344034 -0.12452132 0.38817793
v 0.20302464 -0.12228663 0.32646281
v 0.19984336 -0.11492343 0.38747811
v 0.19965622 -0.11378047 0.26535687
v 0.19254823 -0.10994980 0.32838681
v 0.19211814 -0.10917258 0.26925382
v 0.18434685 -0.11244819 0.25133237
v 0.19397657 -0.12339333 0.25503603
v 0.20084544 -0.12895913 0.26410270
v 0.19164221 -0.12052716 0.24352752
v 0.18694361 -0.08277033 0.22851132
v 0.19616093 -0.10330503 0.21109307
v 0.19688956 -0.12500036 0.21321280
v 0.19453858 -0.14674328 0.22776514
v 0.19556932 -0.15175191 0.20453461
v 0.20015113 -0.13194053 0.20017178
v 0.19533369 -0.17342936 0.21561842
v 0.19951619 -0.16646490 0.19225857
v 0.19994619 -0.12215373 0.39765334
v 0.20059405 -0.09386486 0.19517758
v 0.19319513 -0.05214861 0.17411582
v 0.20197639 -0.12214293 0.27195624
v 0.20115499 -0.11142804 0.20074990
v 0.17718442 -0.04987792 0.22718365
v 0.18276967 -0.04348437 0.19199407
v 0.19246732 -0.04331693 0.15970322
v 0.19958170 -0.05868057 0.16010515
v 0.19123715 -0.11300838 0.39765099
v 0.19995150 -0.18382594 0.32624266
v 0.19664016 -0.17605753 0.25737882
v 0.19321571 -0.20031187 0.37584540
v 0.20274174 -0.17460950 0.38976899
v 0.19913931 -0.04992968 0.14104730
v 0.24915874 -0.10966281 0.16647626
v 0.28179067 -0.13275060 0.11434940
v 0.32126677 -0.16775011 0.14113548
v 0.32498941 -0.17089032 0.12452012
v 0.34850392 -0.18898378 0.14648391
v 0.31884551 -0.17357183 0.16223072
v 0.20139290 -0.05043402 0.11882821
v 0.24992883 -0.10733524 0.10292230
v 0.20104639 -0.05670951 0.10102942
v 0.19197747 -0.04507209 0.09497783
v 0.19376203 -0.03543845 0.12121011
v 0.26697117 -0.14542793 0.18590011
v 0.30081961 -0.18286912 0.18381466
v 0.32058090 -0.18060191 0.16806552
v 0.31527114 -0.18701503 0.17758572
v 0.34387639 -0.20772566 0.18370304
v 0.19497882 -0.20841427 0.36510873
v 0.34825239 -0.19525345 0.16195196
v 0.20895366 -0.10386942 0.19351044
v 0.20254260 -0.18213762 0.19101845
v 0.18660468 -0.21279435 0.38538247
v 0.20290032 -0.16781305 0.29865122
v 0.19755431 -0.18498598 0.29527405
v 0.20023957 -0.18448281 0.31628716
v 0.20042060 -0.19508448 0.29693285
v 0.20084035 -0.20686635 0.28195146
v 0.19626521 -0.21444076 0.26590037
v 0.19657432 -0.18560252 0.26567382
v 0.19970059 -0.22006924 0.27095550
v 0.20026982 -0.22598538 0.25968191
v 0.20250177 -0.16791017 0.27347738
v 0.20017277 -0.21464494 0.24384138
v 0.21069156 -0.22404073 0.20725060
v 0.20812403 -0.22477408 0.22398606
v 0.20759283 -0.22649710 0.24135444
v 0.21584448 -0.23071928 0.21373321
v 0.20841175 -0.19935705 0.17947878
v 0.20603457 -0.16562662 0.19010548
v 0.21191755 -0.21317674 0.17288470
v 0.21632586 -0.23890500 0.19702709
v 0.21635422 -0.23200144 0.18600394
v 0.20250177 -0.16791017 0.27347738
v 0.19657432 -0.18560252 0.26567382
v 0.19664016 -0.17605753 0.25737882
v 0.20017277 -0.21464494 0.24384138
v 0.21069156 -0.22404073 0.20725060
v 0.21728793 -0.22774598 0.15025906
v 0.21191755 -0.21317674 0.17288470
v 0.21635422 -0.23200144 0.18600394
v 0.22378297 -0.25280255 0.17962024
v 0.22545752 -0.25641298 0.16471849
v 0.22015491 -0.23932236 0.13166773
v 0.23230191 -0.27505645 0.15811110
v 0.23346253 -0.27951878 0.14483745
v 0.21968071 -0.23959009 0.10613864
v 0.23365723 -0.26867005 0.09542232
v 0.23601003 -0.28895384 0.14145584
v 0.22158967 -0.24013360 0.07359521
v 0.21723957 -0.23093535 0.09070973
v 0.20955838 -0.20603390 0.06900344
v 0.25182247 -0.34371230 0.12440728
v 0.23620075 -0.30574852 0.15667257
v 0.24048041 -0.34526917 0.18085411
v 0.23090364 -0.30681646 0.18036687
v 0.22853048 -0.31831211 0.20849860
v 0.23269656 -0.34188208 0.21606177
v 0.22444482 -0.31812569 0.22347139
v 0.23139440 -0.30959848 0.21655591
v 0.24483505 -0.40549392 0.21536285
v 0.22701490 -0.30717486 0.20535679
v 0.26443779 -0.40459675 0.13002841
v 0.23466410 -0.30397910 0.17138846
v 0.21643949 -0.22044791 0.09504335
v 0.21578920 -0.21182612 0.16340148
v 0.23655076 -0.28874466 0.15422636
v 0.21774910 -0.31914759 0.23637950
v 0.20841175 -0.19935705 0.17947878
v 0.22350483 -0.30854228 0.22898082
v 0.22950582 -0.34433272 0.22461885
v 0.22116752 -0.23223279 0.12453590
v 0.22366768 -0.31154740 0.24081533
v 0.25158221 -0.41270384 0.18052195
v 0.25396529 -0.42044231 0.15204775
v 0.24202248 -0.42047536 0.19490835
v 0.27891305 -0.49040866 0.20074905
v 0.26331773 -0.41980723 0.13011618
v 0.28435004 -0.45380291 0.12922575
v 0.31164753 -0.54498297 0.20471923
v 0.33539549 -0.53255469 0.13784377
v 0.34410763 -0.54305983 0.12990721
v 0.29120708 -0.53814304 0.23364270
v 0.31409359 -0.55697942 0.20900939
v 0.29374641 -0.54906350 0.22830603
v 0.30225396 -0.56224382 0.21353953
v 0.33180687 -0.56401402 0.18887947
v 0.23860319 -0.42942044 0.21298292
v 0.36768311 -0.58165824 0.12968940
v 0.37818825 -0.59773028 0.14020035
v 0.26013365 -0.51289415 0.26429656
v 0.28390121 -0.52764499 0.23936997
v 0.22856933 -0.42869574 0.23322982
v 0.24975364 -0.51453114 0.28359649
v 0.25233835 -0.52651173 0.27462485
v 0.26080590 -0.52148914 0.26300964
v 0.25000572 -0.52674371 0.29301462
v 0.24255423 -0.52768028 0.30591244
v 0.17690367 -0.43604645 0.32586530
v 0.24438860 -0.54034567 0.30676258
v 0.17812258 -0.46674326 0.34826082
v 0.16876614 -0.44361162 0.33898896
v 0.16784109 -0.41855812 0.32465646
v 0.17557615 -0.42017689 0.31532457
v 0.17783250 -0.40590158 0.32124427
v 0.18723211 -0.41266999 0.30519068
v 0.21557233 -0.40537405 0.26337200
v 0.21243452 -0.41273981 0.26731682
v 0.18630759 -0.37854922 0.30132851
v 0.19277343 -0.35697541 0.28400952
v 0.18851824 -0.31931606 0.28919885
v 0.19226083 -0.32333311 0.27852923
v 0.19238451 -0.30681723 0.28225574
v 0.17357548 -0.38097814 0.31903949
v 0.18801886 -0.32319200 0.31193158
v 0.19258662 -0.31316084 0.30591199
v 0.19254772 -0.30320129 0.33889210
v 0.18933365 -0.31299040 0.34533584
v 0.19256809 -0.30581030 0.35762647
v 0.18881828 -0.31516147 0.36633959
v 0.18795604 -0.36443093 0.36407936
v 0.19283620 -0.30267805 0.37955183
v 0.18592072 -0.31369814 0.37573975
v 0.18373655 -0.37324718 0.31803113
v 0.18686265 -0.36327636 0.30645755
v 0.23445921 -0.54745430 0.33326083
v 0.24544363 -0.53815532 0.29376966
v 0.20287362 -0.42053124 0.27107665
v 0.26211232 -0.41244403 0.12776189
v 0.24360861 -0.41241020 0.22249508
v 0.20028460 -0.32013538 0.26730889
v 0.32859629 -0.57754648 0.19054021
v 0.35081258 -0.57279301 0.16443093
v 0.37081152 -0.59787244 0.15258771
v 0.37870672 -0.61243880 0.14317456
v 0.36042300 -0.60450113 0.15754843
v 0.38043746 -0.60596859 0.12956077
v 0.37372637 -0.62058228 0.13728561
v 0.18526699 -0.51367038 0.37411767
v 0.17651412 -0.50122011 0.37305483
v 0.18516448 -0.54884988 0.39865240
v 0.22224127 -0.56865686 0.36640382
v 0.23204371 -0.56213403 0.34297362
v 0.22197354 -0.57893884 0.35595036
v 0.22233447 -0.57837492 0.36796007
v 0.21336251 -0.58707547 0.39230844
v 0.21273264 -0.59720927 0.38465190
v 0.19357845 -0.56963474 0.40683016
v 0.23622778 -0.55507916 0.32185853
v 0.27370304 -0.52412903 0.25272518
v 0.18438749 -0.36295053 0.37222028
v 0.18446140 -0.37277326 0.36488077
v 0.34935719 -0.58239746 0.17450409
v 0.27688426 -0.53859442 0.24435379
v 0.26330739 -0.53097260 0.25581867
v 0.20233116 -0.60677993 0.42157695
v 0.19421549 -0.60711253 0.42961290
v 0.23160750 -0.29719278 0.19083951
v 0.20283648 -0.61777204 0.41618329
v 0.19417590 -0.61927426 0.43063998
v 0.19332109 -0.62731439 0.41855764
v 0.23652674 -0.42095989 0.21850659
v 0.20028460 -0.32013538 0.26730889
v 0.21774910 -0.31914759 0.23637950
v 0.21503493 -0.30639568 0.24293366
v 0.21072237 -0.31010088 0.26140955
v 0.22950582 -0.34433272 0.22461885
v 0.20028460 -0.32013538 0.26730889
v 0.19277343 -0.35697541 0.28400952
v 0.21557233 -0.40537405 0.26337200
v 0.24360861 -0.41241020 0.22249508
v 0.18686265 -0.36327636 0.30645755
v 0.18795604 -0.36443093 0.36407936
v 0.18373655 -0.37324718 0.31803113
v 0.18446140 -0.37277326 0.36488077
v -0.34965834 0.27532387 -0.05971849
v -0.35233253 0.30205533 -0.05324457
v -0.34279600 0.27964717 -0.06717543
v -0.34928292 0.33224580 -0.08684056
v -0.36454406 0.34208351 -0.03558997
v -0.36173722 0.38764402 -0.08017139
v -0.35034573 0.37587419 -0.11038177
v -0.35700849 0.31134918 -0.03553103
v -0.35723367 0.30174616 -0.04300097
v -0.35740709 0.30355343 -0.03081566
v -0.35152015 0.39205417 -0.09575903
v -0.34273213 0.35766760 -0.12666960
v -0.33898997 0.36532840 -0.13774319
v -0.33579972 0.35378674 -0.14966290
v -0.33503547 0.33600992 -0.14083274
v -0.33743599 0.28446814 -0.09292326
v -0.35499072 0.30578595 -0.01099395
v -0.32950470 0.34877607 -0.16498722
v -0.32859477 0.33908850 -0.16938867
v -0.31234872 0.31956792 -0.20753030
v -0.31738847 0.31729496 -0.19412971
v -0.31173185 0.30924818 -0.20312050
v -0.30120191 0.31081545 -0.21346106
v -0.29547763 0.31832686 -0.21642992
v -0.27997801 0.30769700 -0.22476691
v -0.26175967 0.22725777 -0.20827016
v -0.24438348 0.30019879 -0.24380715
v -0.20686924 0.28620115 -0.26363567
v -0.22262806 0.29961550 -0.25452679
v -0.19686097 0.29450876 -0.26667154
v -0.18368159 0.28828824 -0.27654409
v -0.17486213 0.20307995 -0.26005217
v -0.16222619 0.27072221 -0.28980491
v -0.09502079 0.19025083 -0.30113596
v -0.12845847 0.26221162 -0.31005427
v -0.10385112 0.25058010 -0.32160053
v -0.08295583 0.24381149 -0.33128309
v -0.06232428 0.23147577 -0.33539578
v -0.05571108 0.23962182 -0.33902872
v -0.15561359 0.13733049 -0.24995941
v -0.21746504 0.15078165 -0.21036068
v -0.23848984 0.17151687 -0.19989607
v -0.21978202 0.14416717 -0.19854206
v -0.23475024 0.15011717 -0.17589323
v -0.20239069 0.13654335 -0.21563488
v -0.25242776 0.16583905 -0.16264218
v -0.23864235 0.15303898 -0.16097364
v -0.24816191 0.15812086 -0.15938012
v -0.21757150 0.14272362 -0.18985990
v -0.03730994 0.22101703 -0.33316174
v -0.27529269 0.31674030 -0.22388026
v -0.11431346 0.12729949 -0.26080027
v -0.15091322 0.12659855 -0.24569470
v -0.09028976 0.12532119 -0.26814714
v -0.06230430 0.12927800 -0.27951372
v -0.06545774 0.12070680 -0.26891688
v -0.15025166 0.27802765 -0.29398480
v -0.17864680 0.13147429 -0.23615351
v -0.09816840 0.12378898 -0.25514388
v -0.03577442 0.12053950 -0.28340656
v -0.27289382 0.23411208 -0.20069744
v -0.26075628 0.16471864 -0.13799551
v -0.35819662 0.39368606 -0.08757591
v -0.16846971 0.27902722 -0.28667337
v -0.17516661 0.12849423 -0.22879687
v -0.32111236 0.27219638 -0.13983178
v -0.27219072 0.17417496 -0.13020374
v -0.34139335 0.26512399 -0.06162554
v -0.01484036 0.15456584 -0.30688101
v -0.00417789 0.15800066 -0.30942234
v -0.28828040 0.18482165 -0.10682043
v -0.27425757 0.17308222 -0.12020822
v -0.28094274 0.18039413 -0.10022639
v -0.30270526 0.19263141 -0.08254629
v -0.32809716 0.22058462 -0.06594842
v -0.31932807 0.20499045 -0.06120248
v -0.30732179 0.19839846 -0.06379917
v -0.32949546 0.21220203 -0.05663034
v -0.32610843 0.20014822 -0.05071455
v 0.00985773 0.11970126 -0.29643622
v -0.12380102 0.12564041 -0.24625906
v 0.00365465 0.11734117 -0.28612351
v -0.35378674 0.29455501 -0.01495276
v -0.34857982 0.28418726 -0.00068338
v -0.33564585 0.24061804 -0.06815945
v -0.26214224 0.17168674 -0.12074865
v -0.32774654 0.23483635 -0.08490536
v -0.34150395 0.23578914 -0.06335932
v -0.35764781 0.28683776 -0.05885884
v -0.35723367 0.30174616 -0.04300097
v -0.35233253 0.30205533 -0.05324457
v -0.33564585 0.24061804 -0.06815945
v -0.32774654 0.23483635 -0.08490536
v -0.32809716 0.22058462 -0.06594842
v 0.19238451 -0.30681723 0.28225574
v 0.20028460 -0.32013538 0.26730889
v 0.19855325 -0.31106839 0.28130376
v 0.19258662 -0.31316084 0.30591199
v 0.20336367 -0.32603058 0.30229729
v 0.22082563 -0.33432141 0.28185561
v 0.21991792 -0.34084925 0.30574951
v 0.21297967 -0.33425468 0.32472196
v 0.19911674 -0.31602848 0.32684109
v 0.22549175 -0.34198734 0.33897012
v 0.23653422 -0.34885734 0.33673829
v 0.23375291 -0.34068659 0.35175020
v 0.25374320 -0.35082409 0.35192099
v 0.19254772 -0.30320129 0.33889210
v 0.21495882 -0.32987911 0.34012976
v 0.25572985 -0.26236409 0.10971619
v 0.22397378 -0.22481821 0.09737985
v 0.26647076 -0.26431268 0.09557369
v 0.22953226 -0.21642043 0.07939947
v 0.21643949 -0.22044791 0.09504335
v 0.22388379 -0.22979555 0.11112601
v 0.24588293 -0.25366548 0.12465677
v 0.27777958 -0.25996563 0.08413789
v 0.28210926 -0.29334420 0.09799216
v 0.26429400 -0.28365466 0.10878202
v 0.22412142 -0.23059456 0.12825795
v 0.24233870 -0.24736516 0.14388037
v 0.22372080 -0.21853924 0.15762381
v 0.24744318 -0.26289326 0.13486385
v 0.29228717 -0.28372288 0.08600089
v 0.28923020 -0.25404423 0.07678326
v 0.27686819 -0.30955827 0.12053934
v 0.21579652 -0.19510373 0.07092710
v 0.25897682 -0.29968846 0.13258167
v 0.24753433 -0.28375763 0.13812111
v 0.23951815 -0.29239959 0.16166513
v 0.29972544 -0.30827338 0.10228726
v 0.23965627 -0.27321160 0.14993568
v 0.26022711 -0.31724074 0.15525384
v 0.22633283 -0.19159538 0.06592041
v 0.28020251 -0.31979403 0.13537486
v 0.28308403 -0.32632241 0.14990591
v 0.26168352 -0.32596594 0.17740245
v 0.24818183 -0.31797984 0.18454099
v 0.24595293 -0.32551020 0.21863544
v 0.26072249 -0.33207953 0.21135572
v 0.24771760 -0.33181167 0.24024341
v 0.23139440 -0.30959848 0.21655591
v 0.23332699 -0.31932792 0.23527017
v 0.24229972 -0.33374053 0.27062592
v 0.22366768 -0.31154740 0.24081533
v 0.22350483 -0.30854228 0.22898082
v 0.21072237 -0.31010088 0.26140955
v 0.22082563 -0.33432141 0.28185561
v 0.19855325 -0.31106839 0.28130376
v 0.21503493 -0.30639568 0.24293366
v 0.23797579 -0.30559891 0.18429051
v 0.31181356 -0.30142653 0.09275538
v 0.25396687 -0.27080894 0.11964934
v 0.23160750 -0.29719278 0.19083951
v 0.29989567 -0.31825325 0.11707642
v 0.24072169 -0.25274625 0.15050800
v 0.24744318 -0.26289326 0.13486385
v 0.25396687 -0.27080894 0.11964934
v 0.23965627 -0.27321160 0.14993568
v 0.24072169 -0.25274625 0.15050800
v 0.23230191 -0.27505645 0.15811110
v 0.23191974 -0.26341602 0.16892783
v 0.23190489 -0.24766724 0.17102991
vt 0.63011456 0.12395096
vt 0.62130535 0.15223330
vt 0.59768951 0.12726569
vt 0.63506711 0.10841697
vt 0.63482600 0.11807197
vt 0.64307636 0.10454595
vt 0.62876976 0.13836884
vt 0.59435338 0.14413834
vt 0.61441141 0.16254884
vt 0.62080991 0.15901434
vt 0.61240214 0.17186123
vt 0.60807675 0.17291987
vt 0.60012406 0.17637670
vt 0.58253706 0.15032667
vt 0.58404309 0.14630198
vt 0.57632673 0.15038151
vt 0.61267185 0.17558861
vt 0.57313842 0.15980405
vt 0.58300328 0.13985634
vt 0.59291673 0.12710088
vt 0.60191166 0.11898392
vt 0.62203777 0.09945613
vt 0.62838048 0.08813262
vt 0.61958718 0.16975343
vt 0.62300110 0.17130798
vt 0.59042370 0.19503397
vt 0.58050096 0.18299347
vt 0.55781192 0.20323992
vt 0.57514757 0.21432221
vt 0.61176229 0.22628778
vt 0.57214618 0.16962898
vt 0.63015163 0.20464081
vt 0.64205796 0.22319758
vt 0.63950330 0.23933804
vt 0.64693904 0.21311611
vt 0.54989320 0.23794144
vt 0.57640928 0.24175358
vt 0.60205519 0.24472451
vt 0.61659104 0.24769270
vt 0.63437247 0.24677718
vt 0.54301536 0.23757440
vt 0.64830524 0.21752214
vt 0.56692833 0.17396301
vt 0.60198283 0.07712919
vt 0.62770003 0.07564193
vt 0.63238549 0.08560467
vt 0.57443219 0.14711660
vt 0.57119423 0.15442634
vt 0.57060909 0.11118138
vt 0.56988984 0.06683087
vt 0.63393456 0.07908964
vt 0.63764340 0.08823520
vt 0.60905701 0.04986554
vt 0.65700167 0.18955934
vt 0.63381201 0.16329384
vt 0.65527117 0.15731883
vt 0.65469748 0.15415281
vt 0.65037560 0.15266836
vt 0.65798742 0.13995200
vt 0.66299212 0.15083963
vt 0.66624838 0.13365161
vt 0.67278135 0.14813709
vt 0.67241800 0.15059972
vt 0.63912892 0.15718913
vt 0.65106493 0.21510279
vt 0.64401209 0.14603609
vt 0.67580199 0.15153068
vt 0.67029649 0.13001806
vt 0.62723559 0.16226995
vt 0.62522686 0.15238017
vt 0.65083605 0.20937192
vt 0.63916141 0.24593592
vt 0.63192689 0.24996126
vt 0.65883613 0.19474459
vt 0.66670614 0.17299616
vt 0.65271497 0.24553698
vt 0.67388743 0.15769261
vt 0.64354408 0.24760121
vt 0.65472329 0.24871874
vt 0.66809303 0.24533248
vt 0.63466024 0.12626392
vt 0.58205265 0.24562383
vt 0.61200911 0.24967605
vt 0.56074065 0.24233377
vt 0.62591189 0.24991518
vt 0.63733339 0.10185653
vt 0.63464552 0.09125996
vt 0.67578959 0.21740663
vt 0.67802471 0.24517238
vt 0.70549977 0.24537128
vt 0.67107785 0.24738055
vt 0.65574569 0.12298381
vt 0.71203727 0.22405034
vt 0.71723604 0.24530691
vt 0.72392821 0.24258262
vt 0.69247973 0.18634933
vt 0.72459763 0.24759293
vt 0.69104034 0.12395400
vt 0.72072434 0.19106603
vt 0.69587708 0.09663403
vt 0.66238141 0.10229814
vt 0.71281183 0.24744338
vt 0.72870529 0.22078127
vt 0.72866678 0.19800085
vt 0.70338923 0.09726733
vt 0.71031898 0.09527791
vt 0.72628468 0.25042951
vt 0.63733578 0.25042951
vt 0.66364151 0.24965566
vt 0.68654388 0.13657933
vt 0.67987084 0.14670223
vt 0.67235148 0.09874284
vt 0.70602292 0.24835515
vt 0.69466454 0.24838787
vt 0.65628147 0.10084313
vt 0.63963574 0.09971380
vt 0.58917075 0.05653584
vt 0.64020699 0.06281632
vt 0.62904084 0.04268003
vt 0.63508248 0.04257500
vt 0.63718456 0.04554754
vt 0.64164066 0.04072052
vt 0.66145897 0.03930300
vt 0.66799700 0.04274285
vt 0.68801928 0.04119748
vt 0.69051474 0.03513116
vt 0.65880549 0.06953239
vt 0.67128158 0.06002688
vt 0.64886260 0.08151090
vt 0.64691830 0.08673286
vt 0.65756780 0.07551593
vt 0.67401350 0.05320591
vt 0.68152910 0.05370837
vt 0.68174309 0.04799283
vt 0.69600832 0.04205376
vt 0.70835453 0.03460705
vt 0.70545942 0.04202938
vt 0.70148039 0.03135741
vt 0.71041781 0.03894174
vt 0.50357586 0.39547002
vt 0.50786519 0.39322811
vt 0.51068509 0.38097608
vt 0.50107646 0.41064215
vt 0.49758080 0.40814376
vt 0.49828807 0.41936278
vt 0.49478939 0.42673475
vt 0.49388635 0.38261628
vt 0.49949551 0.37222040
vt 0.51241320 0.36905324
vt 0.50926417 0.35567784
vt 0.51603216 0.36606455
vt 0.51739681 0.35324073
vt 0.48724520 0.39541721
vt 0.48866764 0.40199292
vt 0.48614725 0.41515106
vt 0.51250356 0.34359264
vt 0.48612651 0.42975461
vt 0.48529997 0.40568924
vt 0.53487509 0.34174967
vt 0.53841203 0.32679152
vt 0.54120755 0.33612275
vt 0.54736590 0.33361363
vt 0.54647124 0.31979740
vt 0.55693555 0.32475257
vt 0.56056267 0.31235880
vt 0.57630676 0.31014556
vt 0.57664424 0.30388296
vt 0.58248097 0.30845392
vt 0.58751243 0.30282605
vt 0.58523375 0.29607308
vt 0.59731334 0.29700637
vt 0.59588397 0.29116070
vt 0.60413903 0.29326069
vt 0.60572463 0.28206944
vt 0.49511838 0.43901408
vt 0.49480140 0.44661069
vt 0.48697373 0.43797100
vt 0.48334360 0.44729125
vt 0.48365402 0.45949578
vt 0.49733353 0.45941710
vt 0.48517466 0.46486825
vt 0.49876985 0.47320855
vt 0.57407206 0.30140048
vt 0.49183735 0.47491771
vt 0.50276399 0.48082978
vt 0.49751732 0.48656738
vt 0.50667208 0.49648809
vt 0.51349962 0.49511856
vt 0.50964642 0.50076556
vt 0.51474142 0.50340092
vt 0.52466291 0.50380862
vt 0.53372788 0.52085418
vt 0.53862274 0.51455456
vt 0.54758978 0.52338499
vt 0.54761237 0.53163433
vt 0.55510682 0.52737814
vt 0.56034327 0.53234792
vt 0.55171591 0.53610629
vt 0.55356944 0.53888774
vt 0.56134868 0.53943110
vt 0.56822085 0.53504616
vt 0.57826746 0.54317546
vt 0.57512230 0.53841859
vt 0.58114612 0.53837782
vt 0.58676863 0.54701167
vt 0.58871692 0.54174042
vt 0.59563851 0.54203188
vt 0.59529012 0.54967105
vt 0.60205406 0.54568118
vt 0.60788035 0.55099654
vt 0.61354542 0.54717457
vt 0.61608344 0.55021673
vt 0.54245263 0.53145921
vt 0.49767983 0.49180353
vt 0.56321466 0.53055429
vt 0.59307033 0.28767979
vt 0.49382204 0.48567855
vt 0.48324612 0.43317640
vt 0.52984750 0.34797049
vt 0.52076203 0.35464191
vt 0.51925516 0.36355722
vt 0.61039066 0.55369413
vt 0.47998297 0.46152657
vt 0.62308347 0.54890847
vt 0.52713686 0.50181729
vt 0.50964439 0.48537242
vt 0.57224619 0.54535735
vt 0.56524032 0.54288065
vt 0.53241235 0.32747316
vt 0.50310534 0.35884452
vt 0.54996818 0.31510091
vt 0.48918113 0.47864020
vt 0.57233095 0.31650352
vt 0.49825162 0.44676334
vt 0.54217511 0.33999860
vt 0.53877300 0.32051086
vt 0.55969185 0.30804205
vt 0.50461584 0.35383773
vt 0.48407367 0.39593709
vt 0.48026511 0.45183003
vt 0.48242703 0.42633128
vt 0.60406709 0.27878010
vt 0.49525148 0.37303555
vt 0.58426321 0.29233086
vt 0.62308347 0.28078544
vt 0.61976796 0.27952409
vt 0.50193584 0.46301281
vt 0.48864409 0.38683879
vt 0.50175029 0.47171295
vt 0.49022818 0.37910026
vt 0.57242864 0.29858863
vt 0.50637132 0.34497124
vt 0.51164460 0.34007764
vt 0.52752024 0.32663339
vt 0.39455640 0.14331448
vt 0.39091700 0.15116453
vt 0.39310133 0.15237772
vt 0.38943541 0.13167512
vt 0.38646728 0.13202488
vt 0.38819027 0.12832236
vt 0.39815769 0.14828956
vt 0.39757755 0.17709130
vt 0.39485931 0.17425692
vt 0.39738098 0.13595581
vt 0.39212385 0.12975657
vt 0.39883947 0.13069785
vt 0.40044999 0.14074481
vt 0.39617965 0.18060225
vt 0.40005016 0.18298805
vt 0.38153574 0.17376173
vt 0.41028535 0.21562499
vt 0.40622771 0.18870920
vt 0.40273714 0.17689550
vt 0.39975157 0.16895735
vt 0.41425446 0.21144843
vt 0.42444593 0.19213367
vt 0.40198061 0.15506303
vt 0.41539925 0.16879755
vt 0.40544915 0.12907845
vt 0.43331167 0.15135026
vt 0.43217778 0.13970965
vt 0.44124216 0.16748297
vt 0.45163333 0.17483759
vt 0.43722981 0.16201526
vt 0.43736705 0.15469319
vt 0.43524465 0.14346582
vt 0.44236082 0.16430521
vt 0.46216014 0.21579242
vt 0.41971079 0.21920985
vt 0.45979425 0.17744428
vt 0.48222542 0.17732835
vt 0.49458003 0.21850061
vt 0.43375355 0.12994069
vt 0.42224926 0.10848963
vt 0.44992170 0.17010164
vt 0.43740159 0.12410647
vt 0.49468148 0.17306864
vt 0.44268757 0.11518157
vt 0.43690258 0.13356507
vt 0.52369332 0.19654053
vt 0.44837305 0.09930056
vt 0.45258129 0.11316419
vt 0.40393347 0.10947168
vt 0.50194311 0.16819406
vt 0.47811058 0.10949647
vt 0.52447081 0.21124893
vt 0.45490572 0.07099175
vt 0.48605743 0.08217221
vt 0.48782641 0.11000568
vt 0.51057744 0.10337001
vt 0.49567154 0.11625665
vt 0.50235933 0.12528706
vt 0.39732939 0.11878157
vt 0.39327586 0.11792696
vt 0.39318001 0.10770392
vt 0.39824533 0.11126703
vt 0.44440982 0.12107718
vt 0.42757088 0.07618940
vt 0.47709590 0.05834502
vt 0.39520359 0.09825468
vt 0.38750914 0.11633855
vt 0.51050746 0.06537312
vt 0.53548962 0.16794991
vt 0.50624883 0.15681458
vt 0.49078333 0.17089570
vt 0.50837725 0.15049160
vt 0.43953797 0.12714815
vt 0.53960818 0.13319349
vt 0.49777231 0.16516787
vt 0.39917776 0.10274309
vt 0.48483807 0.11350250
vt 0.50714999 0.13792336
vt 0.41617870 0.22212428
vt 0.41425967 0.22660935
vt 0.48132074 0.17478848
vt 0.49042714 0.05576199
vt 0.39094889 0.09985644
vt 0.39582708 0.07844365
vt 0.40320548 0.07282865
vt 0.49421376 0.12054932
vt 0.47449520 0.11214054
vt 0.50402552 0.14659119
vt 0.42033339 0.22681439
vt 0.46810558 0.17541611
vt 0.53155601 0.08509254
vt 0.45853060 0.17422372
vt 0.41544402 0.23771572
vt 0.41198090 0.23415101
vt 0.40705213 0.22909135
vt 0.35934150 0.14698184
vt 0.44091266 0.23306501
vt 0.34608719 0.15488154
vt 0.46830466 0.23738444
vt 0.39770782 0.05703282
vt 0.42328477 0.23498112
vt 0.45124388 0.11711967
vt 0.46368366 0.11350304
vt 0.53057957 0.06248569
vt 0.37492809 0.20154828
vt 0.34947613 0.17050993
vt 0.40813673 0.25016510
vt 0.34392548 0.15646088
vt 0.41603708 0.24920118
vt 0.37667349 0.22899395
vt 0.43305647 0.04560506
vt 0.50378799 0.24150616
vt 0.53960818 0.22171474
vt 0.41464031 0.26133323
vt 0.41863760 0.25618321
vt 0.42429250 0.24256039
vt 0.36650404 0.21722949
vt 0.46005961 0.24637550
vt 0.45055839 0.24714124
vt 0.44393110 0.24955678
vt 0.42429250 0.24256039
vt 0.40329334 0.05257273
vt 0.34163985 0.18942410
vt 0.46595475 0.24992430
vt 0.45986891 0.24961138
vt 0.45357913 0.24934745
vt 0.45055839 0.24714124
vt 0.46363387 0.25196242
vt 0.44498113 0.25110030
vt 0.47174904 0.25107479
vt 0.46958750 0.25434887
vt 0.39129189 0.25449169
vt 0.45715892 0.25614572
vt 0.45058501 0.25383157
vt 0.45319489 0.26085895
vt 0.45877740 0.26280993
vt 0.44679081 0.26109368
vt 0.44139117 0.25832140
vt 0.46270171 0.25839293
vt 0.43707326 0.25306714
vt 0.34317484 0.17645329
vt 0.40657243 0.26196778
vt 0.39179182 0.26627696
vt 0.42018059 0.26649523
vt 0.41692290 0.27154052
vt 0.42528927 0.25276816
vt 0.42528927 0.25276816
vt 0.42327601 0.04528487
vt 0.40689871 0.06165010
vt 0.42736965 0.04239613
vt 0.39828706 0.04729527
vt 0.34143534 0.16517526
vt 0.41255587 0.27261555
vt 0.41617131 0.04107165
vt 0.40361267 0.04326379
vt 0.39906195 0.04109359
vt 0.43915048 0.13543123
vt 0.43850318 0.14726663
vt 0.44288051 0.15952897
vt 0.44772813 0.16713494
vt 0.40816534 0.03531367
vt 0.40065038 0.03653121
vt 0.42533389 0.26059645
vt 0.42741650 0.26546001
vt 0.42006090 0.26970041
vt 0.43026140 0.25721765
vt 0.43542117 0.25868213
vt 0.40726808 0.27924395
vt 0.41168296 0.27711320
vt 0.34689388 0.20116442
vt 0.34281871 0.19960582
vt 0.33644375 0.18224245
vt 0.33689904 0.16728938
vt 0.33402094 0.17135870
vt 0.31527603 0.17836261
vt 0.33104005 0.16062212
vt 0.33387524 0.15759343
vt 0.32987574 0.14802265
vt 0.33411801 0.15010607
vt 0.33302677 0.14338362
vt 0.33198306 0.13029742
vt 0.33619362 0.13164651
vt 0.33461872 0.12329102
vt 0.31511813 0.14744306
vt 0.31203184 0.16014361
vt 0.31132880 0.14984488
vt 0.31912011 0.13485014
vt 0.31432590 0.13371426
vt 0.31696016 0.12273592
vt 0.34753922 0.20741951
vt 0.34359005 0.20727664
vt 0.34968054 0.21696627
vt 0.35333446 0.21610576
vt 0.35611969 0.22535545
vt 0.31861237 0.11040437
vt 0.32679147 0.10334694
vt 0.31886438 0.10096407
vt 0.31826591 0.08153141
vt 0.31567392 0.09180331
vt 0.33671579 0.10812819
vt 0.33687425 0.12147081
vt 0.33974046 0.10896349
vt 0.33772099 0.09833467
vt 0.31693736 0.20530403
vt 0.32210174 0.20822942
vt 0.31541511 0.20724112
vt 0.34002855 0.23277813
vt 0.34096670 0.22934031
vt 0.35503507 0.24422586
vt 0.35045233 0.24685895
vt 0.35473141 0.24871558
vt 0.36979091 0.26457918
vt 0.36871755 0.26792955
vt 0.37764108 0.27870154
vt 0.37841141 0.26755667
vt 0.34756207 0.22683281
vt 0.35233253 0.21966767
vt 0.35263467 0.22392911
vt 0.36110371 0.23840123
vt 0.36107138 0.23147994
vt 0.36580122 0.24019831
vt 0.36903289 0.24987650
vt 0.37107900 0.25423551
vt 0.37462598 0.25368643
vt 0.38137767 0.26723439
vt 0.38602111 0.27277017
vt 0.38636485 0.27855730
vt 0.39080787 0.27521348
vt 0.38345408 0.26520979
vt 0.32327750 0.07286739
vt 0.34288430 0.08869851
vt 0.31970763 0.07037556
vt 0.32661659 0.06181175
vt 0.38407359 0.29160213
vt 0.34521240 0.07515109
vt 0.34778601 0.07573569
vt 0.34860569 0.06846738
vt 0.33256581 0.05877596
vt 0.32946208 0.05389017
vt 0.33398932 0.05047381
vt 0.34823349 0.06009048
vt 0.35355845 0.05421722
vt 0.35591263 0.04134470
vt 0.33676139 0.04852527
vt 0.34568274 0.03631431
vt 0.36115408 0.03156310
vt 0.36016461 0.02845019
vt 0.34992814 0.02622902
vt 0.36149362 0.02389675
vt 0.35642532 0.01707906
vt 0.36723545 0.01950365
vt 0.36600101 0.02636743
vt 0.34397107 0.03206509
vt 0.33960786 0.03934979
vt 0.33366075 0.04655665
vt 0.35236856 0.01462698
vt 0.35800555 0.00896817
vt 0.36508170 0.01073956
vt 0.36365482 0.00300688
vt 0.37194762 0.01430118
vt 0.37299946 0.00711930
vt 0.35708266 0.00318819
vt 0.39132851 0.28389156
vt 0.39119333 0.27974743
vt 0.39638218 0.28120422
vt 0.39482993 0.28864002
vt 0.39577159 0.29615968
vt 0.40044349 0.29185987
vt 0.39588121 0.30043608
vt 0.39108247 0.30283505
vt 0.39470056 0.28523481
vt 0.39909008 0.28647983
vt 0.40147305 0.02818424
vt 0.39508304 0.02756464
vt 0.39257529 0.02290255
vt 0.40459111 0.28704655
vt 0.39355883 0.03722727
vt 0.44142580 0.13081276
vt 0.44440535 0.12357032
vt 0.38350400 0.03091049
vt 0.38687143 0.02755708
vt 0.37903029 0.02091908
vt 0.38333628 0.02020580
vt 0.37685642 0.01217061
vt 0.38631049 0.01911688
vt 0.39352247 0.03017008
vt 0.39257529 0.02290255
vt 0.38331565 0.01496917
vt 0.39517972 0.04941291
vt 0.38836405 0.04896754
vt 0.37858096 0.03446275
vt 0.39327213 0.05665237
vt 0.37356624 0.02140957
vt 0.36723545 0.01950365
vt 0.38737187 0.05685395
vt 0.37489533 0.05304927
vt 0.36541432 0.03087956
vt 0.35995924 0.04103792
vt 0.37341824 0.08311766
vt 0.35470554 0.05948740
vt 0.35254231 0.10872191
vt 0.34572774 0.08788943
vt 0.34223410 0.09789807
vt 0.34212640 0.10350871
vt 0.37621972 0.00830477
vt 0.33973697 0.12435526
vt 0.37609792 0.12309539
vt 0.33683199 0.14400375
vt 0.34168252 0.15289694
vt 0.36016461 0.02845019
vt 0.22587739 0.38831496
vt 0.21535558 0.41105676
vt 0.20184660 0.39646566
vt 0.22564253 0.41544086
vt 0.24067488 0.39007092
vt 0.24820440 0.42032099
vt 0.23501270 0.43035072
vt 0.19429407 0.39630783
vt 0.21857053 0.41472876
vt 0.18128040 0.40444332
vt 0.17717880 0.41067696
vt 0.15781163 0.42208016
vt 0.15090275 0.43248451
vt 0.14647046 0.43219101
vt 0.18962725 0.42948747
vt 0.16323434 0.45019233
vt 0.20915858 0.44498920
vt 0.17930211 0.46532238
vt 0.17208041 0.46120584
vt 0.20246500 0.47075653
vt 0.18090177 0.47473204
vt 0.19244789 0.49099839
vt 0.15650176 0.44501638
vt 0.19974279 0.49027658
vt 0.17387314 0.46786118
vt 0.19806981 0.49523926
vt 0.21016917 0.48187935
vt 0.20711026 0.48032045
vt 0.21865237 0.46773547
vt 0.22420804 0.45742679
vt 0.23703915 0.44196022
vt 0.22714733 0.45936906
vt 0.24287261 0.43392932
vt 0.24525124 0.43500006
vt 0.25917846 0.44034696
vt 0.16141005 0.45302415
vt 0.27295715 0.45666873
vt 0.27960196 0.44723201
vt 0.26669383 0.42288852
vt 0.25656429 0.48529977
vt 0.24615949 0.49990559
vt 0.25004059 0.49901593
vt 0.24648304 0.50681382
vt 0.24061990 0.51263916
vt 0.24123782 0.51979595
vt 0.21398456 0.51216614
vt 0.23220828 0.52965373
vt 0.14746219 0.43971097
vt 0.19627170 0.49756849
vt 0.26276302 0.41046667
vt 0.23362595 0.53416425
vt 0.26129627 0.48021662
vt 0.27194747 0.46205115
vt 0.27741417 0.45463777
vt 0.28157771 0.44886523
vt 0.28110853 0.44171560
vt 0.28496483 0.43576485
vt 0.14166255 0.44741964
vt 0.18450862 0.39114445
vt 0.13592318 0.46849000
vt 0.15246505 0.47877115
vt 0.14294617 0.43117326
vt 0.12742309 0.48125327
vt 0.18558773 0.49737495
vt 0.17760624 0.38585758
vt 0.14471461 0.39415359
vt 0.13752894 0.43015444
vt 0.13777806 0.43328148
vt 0.13138150 0.43399227
vt 0.11654305 0.43369162
vt 0.11544233 0.43722743
vt 0.10199068 0.43729866
vt 0.09327747 0.43558621
vt 0.09366053 0.43847573
vt 0.09934250 0.44140732
vt 0.13380370 0.45417702
vt 0.23060405 0.38452756
vt 0.13798515 0.44926560
vt 0.12010366 0.47801721
vt 0.11141969 0.46158648
vt 0.12518285 0.48894012
vt 0.12622550 0.49562424
vt 0.12810297 0.50220019
vt 0.16075329 0.51218110
vt 0.22745827 0.52975750
vt 0.23126811 0.53262007
vt 0.11146107 0.46777660
vt 0.08919426 0.43757772
vt 0.10688775 0.38874185
vt 0.09658004 0.41509837
vt 0.16576396 0.36737812
vt 0.13478921 0.35333240
vt 0.11471245 0.36309952
vt 0.17887548 0.38180870
vt 0.10575895 0.38070321
vt 0.08206940 0.40214014
vt 0.07995614 0.38319856
vt 0.07239444 0.44975895
vt 0.08163740 0.44612193
vt 0.04349858 0.43162656
vt 0.06630721 0.45588911
vt 0.05471770 0.46213031
vt 0.05908255 0.46410358
vt 0.03497990 0.45722824
vt 0.05304134 0.46611971
vt 0.04445259 0.47884727
vt 0.02174950 0.48654962
vt 0.03991770 0.48805964
vt 0.03113493 0.50685555
vt 0.01838143 0.50746924
vt 0.02533621 0.51699275
vt 0.01410116 0.52402395
vt 0.01670926 0.52914274
vt 0.01190438 0.53167135
vt 0.02278159 0.53056824
vt 0.01713487 0.49950981
vt 0.04940204 0.42044073
vt 0.05849735 0.40245789
vt 0.05392151 0.40585649
vt 0.02084172 0.53479379
vt 0.01368112 0.53286427
vt 0.03064309 0.45939684
vt 0.04810221 0.41529226
vt 0.04792215 0.47954094
vt 0.01299043 0.51568049
vt 0.28436908 0.43223870
vt 0.11509788 0.35258639
vt 0.10893437 0.35337794
vt 0.27770165 0.38913214
vt 0.11863759 0.35269237
vt 0.11812586 0.34328437
vt 0.11067725 0.34596902
vt 0.28556716 0.39442241
vt 0.28368995 0.38924426
vt 0.28794041 0.38433194
vt 0.28519750 0.37822258
vt 0.28054944 0.37342072
vt 0.25369200 0.35079771
vt 0.28602633 0.36952829
vt 0.10292546 0.35415447
vt 0.19129469 0.39242876
vt 0.28567794 0.40903592
vt 0.28780833 0.39787990
vt 0.28918228 0.39195395
vt 0.28888527 0.40625620
vt 0.28717563 0.41314429
vt 0.28419992 0.42364073
vt 0.28800201 0.42068172
vt 0.17476863 0.37099290
vt 0.09588957 0.36636579
vt 0.08612745 0.37418067
vt 0.21238863 0.35644448
vt 0.18553770 0.35793793
vt 0.08888728 0.36740160
vt 0.02264853 0.42704248
vt 0.28459522 0.36533815
vt 0.28715068 0.36112297
vt 0.07744332 0.37926131
vt 0.22994542 0.31359488
vt 0.24404314 0.30781841
vt 0.25537476 0.30635357
vt 0.26667064 0.31395817
vt 0.28082672 0.33229148
vt 0.28265202 0.35064578
vt 0.25914070 0.30311072
vt 0.28512120 0.34879708
vt 0.06257983 0.39570922
vt 0.04515596 0.41077781
vt 0.20776100 0.32697231
vt 0.22553304 0.31249678
vt 0.00212947 0.43968618
vt 0.27681467 0.30855650
vt 0.11527001 0.33969760
vt 0.12705988 0.34359515
vt 0.03154188 0.51308554
vt 0.00495395 0.53329945
vt 0.16385579 0.33085835
vt 0.26239136 0.30075657
vt 0.27408275 0.30275786
vt 0.27724522 0.30000502
vt 0.24828516 0.30472642
vt 0.05386866 0.40134555
vt 0.02780356 0.52098727
vt 0.20112948 0.30423164
vt 0.22872145 0.30899382
vt 0.27403480 0.29169929
vt 0.27057403 0.29244888
vt 0.22450568 0.53479379
vt 0.10994501 0.34165728
vt 0.14641298 0.31132054
vt 0.17730270 0.28978419
vt 0.05829810 0.36726123
vt 0.09272468 0.33824545
vt 0.12590241 0.33489656
vt 0.12037482 0.33215797
vt 0.13758567 0.32417494
vt 0.14234014 0.30815989
vt 0.23490573 0.30512321
vt 0.25843537 0.29808331
vt 0.19239314 0.28037810
vt 0.20583226 0.27641362
vt 0.26333275 0.29049718
vt 0.24173784 0.28684783
vt 0.24501111 0.25987971
vt 0.91529775 0.89152282
vt 0.90691143 0.87773699
vt 0.88449562 0.87812620
vt 0.94436777 0.89103401
vt 0.94432265 0.87724823
vt 0.87117207 0.89237171
vt 0.87340802 0.87599641
vt 0.85854065 0.88367939
vt 0.85601860 0.87585604
vt 0.85817522 0.89375198
vt 0.88151735 0.87511426
vt 0.91827488 0.87467867
vt 0.85709548 0.87209195
vt 0.94350618 0.89443445
vt 0.87976259 0.89539474
vt 0.85461104 0.89494401
vt 0.85454643 0.88364434
vt 0.94336301 0.87086433
vt 0.87373388 0.87116373
vt 0.85571063 0.83679897
vt 0.87565964 0.83472353
vt 0.87685508 0.87121630
vt 0.87477136 0.83118558
vt 0.85575014 0.83299869
vt 0.94519740 0.87057412
vt 0.94401020 0.84016299
vt 0.92038560 0.83972234
vt 0.91819721 0.87084997
vt 0.91167611 0.84003806
vt 0.90113908 0.84220654
vt 0.87988645 0.86984926
vt 0.89180684 0.84325743
vt 0.88264507 0.83781135
vt 0.87943631 0.83745646
vt 0.92545217 0.83677405
vt 0.88946438 0.83693570
vt 0.91787559 0.83695406
vt 0.92131895 0.83438927
vt 0.94300598 0.83719170
vt 0.88297510 0.83454394
vt 0.88076681 0.83351123
vt 0.90554833 0.83682519
vt 0.85744095 0.89846694
vt 0.87702209 0.89898431
vt 0.86001879 0.92708713
vt 0.87321740 0.92751151
vt 0.87628412 0.92981678
vt 0.87241799 0.93055004
vt 0.85661650 0.93105596
vt 0.94761497 0.83995277
vt 0.85231787 0.83630741
vt 0.85397190 0.92684436
vt 0.94752300 0.83665198
vt 0.85332143 0.87091166
vt 0.85051107 0.87570512
vt 0.88077277 0.92764050
vt 0.88036972 0.89967006
vt 0.88355488 0.90317768
vt 0.88408589 0.92738807
vt 0.88996357 0.92173225
vt 0.90212739 0.90205282
vt 0.91882187 0.92650139
vt 0.89899689 0.92180401
vt 0.91462117 0.89869034
vt 0.94485956 0.92558712
vt 0.94504040 0.89740705
vt 0.90203255 0.92748004
vt 0.89566803 0.92456800
vt 0.88767296 0.92650467
vt 0.88516468 0.93170100
vt 0.88164979 0.93166703
vt 0.91395956 0.92997956
vt 0.90397102 0.92996150
vt 0.92446601 0.92810696
vt 0.94761497 0.89337659
vt 0.89850748 0.83954972
vt 0.89381784 0.83948112
vt 0.85067588 0.89535564
vt 0.85078514 0.88168663
vt 0.85394913 0.89937031
vt 0.89916629 0.93053716
vt 0.90397102 0.92996150
vt 0.41715187 0.41633141
vt 0.41511029 0.41901481
vt 0.41852212 0.41977322
vt 0.41233674 0.41841316
vt 0.41652721 0.40229470
vt 0.40266773 0.41111565
vt 0.40274322 0.42050326
vt 0.40642864 0.43095124
vt 0.40297213 0.43062139
vt 0.40115365 0.40441656
vt 0.41758350 0.39693177
vt 0.39774826 0.39599895
vt 0.39648059 0.40389669
vt 0.37366173 0.40336072
vt 0.36759451 0.39495748
vt 0.36666384 0.40303886
vt 0.35570374 0.40290701
vt 0.34464836 0.39432728
vt 0.33308458 0.40227544
vt 0.32442716 0.39427936
vt 0.32257086 0.40246737
vt 0.40970084 0.42775929
vt 0.41412404 0.42202950
vt 0.40682265 0.44228888
vt 0.40341222 0.45856637
vt 0.40797147 0.45507210
vt 0.40021855 0.40847838
vt 0.40916082 0.46543545
vt 0.41667101 0.39408517
vt 0.34590682 0.38881105
vt 0.32465985 0.38969874
vt 0.32463452 0.38004231
vt 0.34375462 0.36736774
vt 0.36940491 0.36470789
vt 0.35515240 0.35291559
vt 0.34986359 0.34628510
vt 0.35753223 0.35180259
vt 0.32263303 0.35749030
vt 0.33837259 0.33562100
vt 0.32018578 0.33926177
vt 0.34833488 0.34159118
vt 0.37818697 0.38924515
vt 0.37699810 0.36231041
vt 0.40602103 0.35684061
vt 0.38628134 0.35644889
vt 0.40121764 0.34578133
vt 0.39418215 0.34702063
vt 0.40948591 0.33904886
vt 0.40415600 0.34035981
vt 0.41538695 0.33238316
vt 0.43015847 0.33072412
vt 0.42727169 0.32668662
vt 0.43006971 0.32174516
vt 0.33096901 0.32897151
vt 0.33450800 0.32818401
vt 0.32775784 0.31871974
vt 0.42025873 0.38078886
vt 0.41613454 0.39160228
vt 0.42580241 0.35664630
vt 0.32085460 0.32533002
vt 0.32251135 0.31591475
vt 0.31782296 0.31697977
vt 0.40612730 0.33586466
vt 0.43398637 0.32359040
vt 0.42239976 0.32431746
vt 0.39695120 0.34231359
vt 0.38081276 0.35662198
vt 0.38585439 0.35150200
vt 0.34154159 0.33248109
vt 0.35966250 0.35369313
vt 0.31821370 0.31270134
vt 0.31729132 0.33179456
vt 0.37343544 0.36117136
vt 0.41877848 0.39233708
vt 0.42784002 0.35653389
vt 0.43078458 0.35169792
vt 0.43369401 0.32078403
vt 0.41592661 0.32701826
vt 0.35467497 0.34547561
vt 0.41000628 0.33079243
vt 0.43342286 0.33710796
vt 0.33487755 0.32305336
vt 0.32138398 0.37171644
vt 0.32110634 0.39403737
vt 0.40220633 0.33576256
vt 0.40640122 0.47422695
vt 0.41464508 0.47813964
vt 0.41464332 0.46664959
vt 0.40514544 0.49087894
vt 0.41478670 0.49903053
vt 0.41383991 0.46134496
vt 0.32256800 0.31142610
vt 0.41979477 0.48637599
vt 0.42110553 0.47772431
vt 0.42418712 0.48187792
vt 0.43398637 0.49282289
vt 0.42216021 0.32144463
vt 0.43373910 0.50630778
vt 0.40692076 0.51526743
vt 0.40784058 0.49989164
vt 0.42978841 0.53466558
vt 0.41105619 0.53479379
vt 0.39470389 0.34091496
vt 0.42953399 0.31782818
vt 0.36064982 0.35062540
vt 0.38267386 0.40633470
vt 0.34969497 0.33810043
vt 0.37019706 0.36040390
vt 0.37019706 0.36040390
vt 0.41750586 0.47352791
vt 0.32803905 0.31378073
vt 0.37655750 0.35451031
vt 0.40621126 0.32989907
vt 0.34209988 0.32710952
vt 0.50207466 0.88537514
vt 0.50438899 0.88657027
vt 0.50530547 0.88378143
vt 0.52007550 0.88737732
vt 0.51783919 0.88989633
vt 0.54569703 0.89540297
vt 0.55380011 0.90066379
vt 0.50529295 0.87989843
vt 0.52978957 0.87060559
vt 0.55153757 0.86441702
vt 0.55700648 0.87621349
vt 0.56711197 0.88793617
vt 0.56907481 0.90487093
vt 0.57359588 0.90194714
vt 0.54840249 0.85619050
vt 0.54508775 0.84806108
vt 0.57846528 0.90718883
vt 0.50618798 0.85424799
vt 0.50600368 0.83381206
vt 0.50562721 0.86806756
vt 0.51359665 0.81995451
vt 0.50356251 0.82504874
vt 0.52842844 0.81098133
vt 0.53921556 0.80914003
vt 0.55611724 0.82979482
vt 0.56518626 0.81936580
vt 0.57560647 0.80081278
vt 0.56706643 0.79327333
vt 0.57537907 0.79281980
vt 0.58084750 0.79606575
vt 0.55456859 0.86457026
vt 0.56072366 0.87418014
vt 0.54809791 0.84557825
vt 0.50339442 0.82111663
vt 0.58400553 0.78914142
vt 0.55056798 0.79927427
vt 0.50339234 0.84223217
vt 0.54836541 0.85082716
vt 0.57483059 0.89748830
vt 0.55957800 0.83018512
vt 0.55393624 0.83833438
vt 0.57180494 0.81343991
vt 0.51351684 0.81581497
vt 0.57469749 0.91022336
vt 0.55327940 0.85767412
vt 0.58161134 0.78651202
vt 0.56941342 0.88635778
vt 0.58475298 0.79451329
vt 0.50325960 0.85918063
vt 0.55234146 0.84369737
vt 0.58121830 0.90374535
vt 0.56613994 0.82319951
vt 0.55946922 0.86664569
vt 0.49957410 0.86295444
vt 0.55174857 0.84896809
vt 0.58475298 0.90725636
vt 0.56459188 0.87294686
vt 0.57967168 0.89705110
vt 0.55890226 0.85981637
vt 0.18434255 0.92506856
vt 0.21261264 0.92295337
vt 0.18373927 0.93286240
vt 0.22703332 0.94409209
vt 0.22542758 0.91909778
vt 0.18347880 0.94899398
vt 0.25537628 0.92280167
vt 0.26170072 0.93610907
vt 0.27157676 0.92874324
vt 0.27721581 0.93275183
vt 0.27699643 0.94375819
vt 0.28206900 0.92174590
vt 0.28156224 0.92901117
vt 0.28323057 0.93996131
vt 0.23223500 0.94960260
vt 0.22596166 0.95012003
vt 0.27332303 0.95240402
vt 0.28181070 0.95071948
vt 0.18296053 0.95661515
vt 0.17944942 0.94500262
vt 0.28724226 0.95108753
vt 0.28153533 0.95661515
vt 0.27969179 0.91449237
vt 0.18079297 0.93367440
vt 0.22499038 0.95590788
vt 0.23313457 0.95651048
vt 0.18110353 0.92485356
vt 0.28886038 0.93596649
vt 0.28788677 0.92814106
vt 0.28986442 0.94096673
vt 0.28787461 0.91977316
vt 0.28746077 0.91415709
vt 0.29770017 0.94632924
vt 0.24921434 0.90045625
vt 0.28658059 0.90794075
vt 0.22968104 0.90266353
vt 0.20182781 0.89991409
vt 0.18330781 0.91622329
vt 0.18236910 0.90731096
vt 0.17929153 0.91157818
vt 0.28568348 0.90278053
vt 0.18369812 0.90413338
vt 0.17919300 0.90324050
vt 0.17759795 0.95021093
vt 0.32436612 0.67809576
vt 0.31880802 0.67396325
vt 0.33195007 0.67209899
vt 0.31371996 0.67963862
vt 0.31659886 0.68585098
vt 0.30971912 0.68693954
vt 0.33177319 0.67687565
vt 0.32504544 0.68735272
vt 0.33982828 0.67283791
vt 0.33522531 0.68375134
vt 0.31599456 0.69018847
vt 0.34324265 0.68502623
vt 0.34947079 0.67884088
vt 0.35490108 0.67656618
vt 0.34935802 0.68751699
vt 0.35753843 0.68069822
vt 0.35522410 0.69013506
vt 0.30877343 0.69046390
vt 0.31237805 0.69372851
vt 0.36209249 0.68524325
vt 0.36058429 0.69372851
vt 0.36584327 0.67969155
vt 0.34913760 0.67101473
vt 0.33907589 0.66795534
vt 0.36049482 0.67461360
vt 0.33048272 0.66889536
vt 0.30040523 0.76305389
vt 0.30515927 0.76886439
vt 0.30983287 0.76490492
vt 0.29898202 0.77276635
vt 0.30868539 0.75630438
vt 0.30060872 0.75386083
vt 0.31464192 0.75933564
vt 0.30653045 0.74842596
vt 0.29986528 0.74610007
vt 0.31652883 0.76442915
vt 0.30230540 0.73898965
vt 0.29684839 0.73593742
vt 0.31421766 0.75156820
vt 0.30135223 0.73198307
vt 0.31984669 0.75830972
vt 0.31875151 0.75196344
vt 0.31196219 0.73888969
vt 0.30993670 0.73347414
vt 0.31368738 0.73155671
vt 0.31248215 0.72535318
vt 0.30830669 0.71192366
vt 0.30033845 0.72415048
vt 0.31563529 0.72452557
vt 0.31565744 0.71688008
vt 0.31984669 0.71482217
vt 0.31942451 0.70747423
vt 0.31327543 0.77178991
vt 0.30312476 0.70906097
vt 0.50318545 0.04675722
vt 0.49460867 0.01674592
vt 0.49840435 0.01597637
vt 0.51916879 0.02911830
vt 0.50609070 0.01074106
vt 0.52886331 0.00715399
vt 0.51165205 0.00689900
vt 0.54074413 0.03719682
vt 0.53180605 0.05048782
vt 0.51804668 0.04905128
vt 0.51041847 0.04634464
vt 0.54466259 0.01381576
vt 0.54196399 0.04765493
vt 0.53893089 0.00690037
vt 0.49631926 0.01049584
vt 0.54928088 0.04442680
vt 0.49819469 0.03925020
vt 0.49830854 0.04896975
vt 0.55164921 0.01627785
vt 0.48736358 0.01590550
vt 0.49044108 0.04695767
vt 0.46873918 0.01767105
vt 0.46275109 0.04161251
vt 0.48518795 0.05164313
vt 0.48188660 0.01179504
vt 0.46626535 0.04780859
vt 0.47363880 0.05197597
vt 0.46209541 0.03044653
vt 0.47323924 0.01196891
vt 0.46636704 0.01625776
vt 0.49404308 0.04880291
vt 0.49069974 0.01144695
vt 0.52843291 0.00472510
vt 0.54754943 0.04815030
vt 0.51131672 0.05065221
vt 0.50261378 0.05034876
vt 0.55088854 0.01154155
vt 0.55478394 0.03562510
vt 0.54211235 0.05197597
vt 0.55563301 0.02191287
vt 0.55339861 0.04606014
vt 0.55545098 0.01631415
vt 0.55848849 0.04182172
vt 0.56229240 0.02576339
vt 0.56598419 0.04238212
vt 0.57282794 0.03250319
vt 0.57281917 0.02470541
vt 0.57163715 0.01947123
vt 0.35211265 0.98856115
vt 0.36746728 0.98672044
vt 0.35668460 0.99316168
vt 0.36555648 0.99264431
vt 0.37264678 0.98895621
vt 0.34195435 0.99174190
vt 0.33949450 0.98887032
vt 0.34461477 0.98519528
vt 0.35074431 0.97595948
vt 0.37125361 0.97527206
vt 0.36333922 0.96876752
vt 0.37105608 0.96856362
vt 0.34463918 0.97845352
vt 0.33769339 0.98101503
vt 0.35191315 0.96778351
vt 0.34747162 0.96971196
vt 0.34084523 0.97340953
vt 0.38061285 0.96913981
vt 0.38023841 0.98883736
vt 0.33887765 0.97613859
vt 0.33125833 0.97245574
vt 0.32836455 0.98878914
vt 0.33153260 0.97630167
vt 0.33153260 0.97630167
vt 0.38717276 0.97727060
vt 0.37457418 0.99441582
vt 0.38573173 0.99231702
vt 0.39139694 0.99078357
vt 0.33074513 0.99441582
vt 0.89228582 0.38977689
vt 0.88957274 0.38887566
vt 0.88800037 0.40264559
vt 0.88122213 0.40818483
vt 0.89176971 0.38163638
vt 0.88520294 0.38353091
vt 0.87750816 0.40717542
vt 0.88813710 0.37527514
vt 0.88218313 0.37680829
vt 0.88176680 0.41303182
vt 0.87529582 0.41735262
vt 0.87996358 0.41896582
vt 0.89408964 0.41296482
vt 0.89889240 0.40997994
vt 0.90305287 0.40124607
vt 0.90423197 0.40803427
vt 0.89857519 0.41860354
vt 0.90341896 0.41583699
vt 0.89827913 0.38212943
vt 0.89558840 0.42573118
vt 0.90477163 0.38708389
vt 0.90826738 0.39763510
vt 0.90879208 0.39277995
vt 0.90701675 0.38758254
vt 0.90725350 0.38192874
vt 0.90198553 0.42349094
vt 0.90905678 0.40591806
vt 0.91132265 0.40209544
vt 0.90935105 0.41624343
vt 0.91256201 0.41720200
vt 0.91477519 0.40707761
vt 0.92829990 0.41966289
vt 0.91789365 0.43132097
vt 0.93223321 0.40976334
vt 0.93729800 0.41075897
vt 0.94278061 0.42139769
vt 0.94217509 0.41160965
vt 0.90970707 0.42197824
vt 0.94340658 0.42940974
vt 0.94760501 0.41785157
vt 0.94647121 0.42308414
vt 0.92603546 0.43714774
vt 0.94037414 0.40540045
vt 0.91660136 0.39538741
vt 0.94220400 0.39666986
vt 0.92070776 0.38958716
vt 0.94311106 0.38347906
vt 0.94046974 0.37704736
vt 0.94593608 0.37792146
vt 0.94289052 0.37094688
vt 0.92590696 0.36636364
vt 0.94213045 0.36048043
vt 0.92306817 0.37159729
vt 0.92173517 0.37882888
vt 0.92680359 0.35314095
vt 0.91652203 0.38682729
vt 0.91693300 0.43572688
vt 0.90940470 0.43260169
vt 0.94623363 0.36832476
vt 0.94363588 0.43766165
vt 0.91833109 0.37636018
vt 0.94673973 0.39009744
vt 0.87719083 0.42776752
vt 0.94292778 0.35391390
vt 0.91551578 0.44092214
vt 0.88809282 0.43576050
vt 0.94695163 0.43380630
vt 0.94433409 0.40260422
vt 0.89456850 0.43711352
vt 0.90714943 0.42751366
vt 0.92739958 0.34767032
vt 0.92221636 0.36070776
vt 0.92364264 0.34862667
vt 0.89873040 0.43166077
vt 0.90747291 0.44071180
vt 0.92784458 0.44323951
vt 0.94147313 0.44353282
vt 0.90440440 0.43753302
vt 0.87228292 0.42895776
vt 0.94761497 0.39865613
vt 0.87403095 0.43715769
vt 0.88655198 0.44125068
vt 0.89371753 0.44299102
vt 0.92493373 0.34149486
vt 0.94761497 0.44345582
vt 0.89004135 0.44945347
vt 0.94267190 0.34865975
vt 0.91440928 0.44728768
vt 0.88302714 0.44997907
vt 0.90715784 0.44893843
vt 0.90426487 0.44774610
vt 0.93700445 0.44822097
vt 0.87010223 0.44746363
vt 0.87459779 0.45517504
vt 0.88138187 0.46091068
vt 0.88763553 0.46061039
vt 0.94553483 0.45389926
vt 0.90707320 0.45565343
vt 0.99207616 0.36598563
vt 0.97733182 0.36841679
vt 0.96759105 0.37596202
vt 0.99034238 0.37007463
vt 0.96152091 0.37635219
vt 0.96664768 0.37103927
vt 0.95885438 0.37285626
vt 0.97576946 0.35033834
vt 0.99383932 0.35990047
vt 0.99546355 0.33191311
vt 0.96157706 0.36393464
vt 0.95304930 0.35471284
vt 0.95466191 0.34219420
vt 0.95623821 0.36237580
vt 0.95754915 0.33077037
vt 0.99752748 0.35191369
vt 0.96102887 0.32327044
vt 0.95486623 0.36706090
vt 0.95324761 0.33411252
vt 0.96752495 0.31889594
vt 0.99397385 0.32102406
vt 0.95102215 0.34309959
vt 0.99676234 0.36708236
vt 0.99872231 0.35900491
vt 0.97746563 0.37875855
vt 0.99105871 0.37730706
vt 0.99274325 0.38501620
vt 0.98074639 0.39593059
vt 0.99676138 0.39711428
vt 0.99481148 0.40125442
vt 0.96145135 0.38700628
vt 0.96058398 0.39817500
vt 0.97753221 0.40699124
vt 0.96601862 0.40497309
vt 0.98872918 0.40579438
vt 0.99577546 0.38070786
vt 0.99825287 0.39042759
vt 0.96015155 0.38292783
vt 0.95837069 0.38789684
vt 0.99550325 0.37171960
vt 0.95657945 0.37594306
vt 0.95285195 0.37110966
vt 0.95763797 0.32036000
vt 0.96187633 0.31710887
vt 0.99869281 0.37652457
vt 0.99027711 0.31613696
vt 0.99869281 0.32919538
vt 0.96791691 0.31582892
vt 0.95943367 0.40298522
vt 0.97365373 0.41022336
vt 0.98503804 0.40985548
vt 0.99004984 0.40911853
vt 0.96269798 0.41019475
vt 0.98279673 0.30019951
vt 0.98726183 0.30327564
vt 0.99093133 0.30509919
vt 0.97168696 0.29768038
vt 0.96466076 0.29863334
vt 0.90927428 0.97146982
vt 0.91397327 0.95173705
vt 0.90523964 0.95355767
vt 0.89586538 0.97410995
vt 0.89858472 0.95021254
vt 0.89501280 0.94606286
vt 0.92443460 0.96499383
vt 0.93025410 0.94159651
vt 0.92395288 0.93990797
vt 0.94330782 0.95337397
vt 0.95537740 0.93919957
vt 0.95295143 0.95464587
vt 0.89146793 0.94043732
vt 0.94785893 0.95974320
vt 0.89514017 0.94000435
vt 0.95868826 0.95246840
vt 0.93456602 0.93838543
vt 0.91772348 0.97044170
vt 0.89663368 0.97671384
vt 0.93890184 0.96433240
vt 0.90776509 0.97566730
vt 0.95651925 0.95560783
vt 0.89234740 0.97430789
vt 0.89041883 0.97759336
vt 0.88921732 0.97438151
vt 0.88044709 0.97890931
vt 0.87261224 0.97920579
vt 0.88699907 0.95512062
vt 0.86911386 0.94075119
vt 0.87800318 0.93980551
vt 0.88585603 0.93941236
vt 0.88821262 0.93951648
vt 0.86846036 0.93643987
vt 0.86839867 0.98410654
vt 0.95516163 0.93556154
vt 0.88401997 0.93526655
vt 0.95868826 0.93850416
vt 0.89838469 0.94521028
vt 0.88808525 0.93513745
vt 0.45272183 0.90063500
vt 0.45984676 0.91362739
vt 0.44546482 0.91174716
vt 0.43315950 0.94432437
vt 0.46563518 0.89006454
vt 0.45417154 0.88979024
vt 0.44087481 0.94451547
vt 0.45351684 0.93138808
vt 0.44171640 0.94783372
vt 0.42963898 0.95297074
vt 0.44661504 0.90181035
vt 0.47215149 0.88858986
vt 0.47802132 0.89796734
vt 0.43946967 0.95447618
vt 0.44037592 0.91755933
vt 0.45512971 0.88549364
vt 0.49014693 0.90154701
vt 0.44907036 0.95295346
vt 0.46046355 0.95103061
vt 0.46624818 0.94094491
vt 0.46721637 0.95325577
vt 0.47381487 0.95131856
vt 0.47673675 0.92666554
vt 0.43084180 0.93951124
vt 0.42877799 0.95661515
vt 0.45698884 0.95549816
vt 0.44236591 0.90685099
vt 0.44930688 0.88804924
vt 0.48478556 0.89384079
vt 0.49346611 0.90100336
vt 0.50016600 0.90998018
vt 0.47269073 0.95547980
vt 0.50282723 0.90421969
vt 0.51205140 0.91191548
vt 0.42546847 0.95322925
vt 0.42698202 0.94612128
vt 0.44879919 0.95661515
vt 0.47085622 0.88605648
vt 0.45305559 0.88273197
vt 0.49084905 0.89411092
vt 0.47693124 0.88641894
vt 0.51390606 0.92682493
vt 0.49628392 0.91513956
vt 0.51274854 0.91809106
vt 0.52042961 0.92402655
vt 0.48539123 0.95231307
vt 0.52109820 0.92074919
vt 0.49321812 0.90867305
vt 0.48589307 0.90817857
vt 0.51877856 0.94500858
vt 0.52625376 0.94300646
vt 0.53111106 0.93948865
vt 0.53559911 0.94124579
vt 0.53746170 0.93232030
vt 0.53961164 0.93817747
vt 0.53976935 0.94110841
vt 0.52481234 0.91993529
vt 0.53498113 0.92671335
vt 0.54045999 0.92898929
vt 0.52913260 0.91927630
vt 0.24848390 0.84729725
vt 0.24681374 0.82442081
vt 0.22170784 0.82825369
vt 0.21302231 0.84695172
vt 0.26082173 0.84953666
vt 0.20113054 0.82710457
vt 0.19207586 0.84472769
vt 0.17247714 0.83371228
vt 0.17305475 0.82804143
vt 0.26175809 0.83013767
vt 0.27036673 0.82755113
vt 0.23764670 0.85086662
vt 0.26998812 0.83793855
vt 0.26977292 0.84869087
vt 0.26129994 0.85746324
vt 0.20120208 0.84986675
vt 0.17255747 0.84351927
vt 0.27422026 0.85734141
vt 0.26791513 0.82205480
vt 0.27436128 0.82105917
vt 0.24885549 0.82107812
vt 0.22363177 0.82392079
vt 0.21521464 0.82447433
vt 0.19850245 0.81632626
vt 0.17412324 0.82142323
vt 0.22043835 0.82052732
vt 0.16936101 0.83507293
vt 0.26701304 0.81791294
vt 0.17427346 0.81348038
vt 0.16945453 0.84285492
vt 0.16680838 0.82472706
vt 0.16540433 0.83108068
vt 0.27425212 0.82933456
vt 0.27230519 0.83900326
vt 0.27640545 0.85404688
vt 0.27640545 0.81385416
vt 0.25294015 0.81228524
vt 0.22172214 0.81455547
vt 0.16420045 0.84005547
vt 0.16256657 0.83628649
vt 0.15859723 0.84571719
vt 0.15310013 0.84101236
vt 0.15242559 0.84966469
vt 0.14552020 0.84581405
vt 0.14749390 0.83664459
vt 0.14352280 0.83986622
vt 0.14041147 0.82944530
vt 0.14774096 0.82843363
vt 0.14196041 0.82644421
vt 0.14192350 0.82089710
vt 0.18587761 0.84971547
vt 0.14750694 0.85343897
vt 0.16958569 0.84665394
vt 0.16583127 0.84984314
vt 0.16306035 0.84834337
vt 0.13972193 0.85168660
vt 0.15833695 0.85577559
vt 0.27298909 0.86454231
vt 0.26098835 0.86280507
vt 0.24498917 0.87212342
vt 0.20062120 0.86721468
vt 0.16997474 0.85749996
vt 0.18454330 0.86583436
vt 0.16665183 0.86179543
vt 0.26118201 0.86769605
vt 0.13500851 0.84603596
vt 0.13903521 0.83813006
vt 0.27322546 0.87058735
vt 0.27347711 0.88369071
vt 0.16877918 0.86592996
vt 0.16741756 0.87116998
vt 0.17216642 0.87011921
vt 0.23150370 0.87964791
vt 0.19861303 0.87427545
vt 0.16921405 0.87843472
vt 0.24999762 0.89733678
vt 0.95151561 0.15208983
vt 0.94466180 0.17502856
vt 0.95567060 0.15267885
vt 0.94662637 0.18395001
vt 0.95163614 0.18965060
vt 0.94566226 0.19890088
vt 0.95136589 0.20806581
vt 0.94314879 0.16368914
vt 0.94440901 0.15277314
vt 0.94099784 0.18706793
vt 0.94276243 0.20418757
vt 0.94814622 0.21277410
vt 0.95379502 0.21650398
vt 0.95898533 0.21841121
vt 0.95764220 0.18776107
vt 0.96651864 0.20977062
vt 0.96504587 0.21719241
vt 0.95746660 0.14755034
vt 0.94777584 0.14570200
vt 0.95416135 0.13730615
vt 0.96134841 0.14387715
vt 0.96019113 0.12748432
vt 0.95587087 0.12586212
vt 0.94636559 0.13787943
vt 0.94867373 0.12943655
vt 0.96597618 0.12706339
vt 0.93824530 0.14706695
vt 0.94013822 0.13866013
vt 0.94683796 0.21968585
vt 0.96323460 0.14958435
vt 0.95810771 0.22406703
vt 0.96358907 0.12144899
vt 0.96416861 0.15495068
vt 0.97207129 0.17993897
vt 0.97384286 0.20874804
vt 0.96900809 0.14705700
vt 0.97154033 0.21683538
vt 0.96585548 0.22560757
vt 0.97166616 0.15562242
vt 0.96998018 0.12072814
vt 0.97222412 0.12437451
vt 0.97826397 0.20585907
vt 0.95090872 0.22499895
vt 0.97936219 0.21298569
vt 0.97226435 0.22723365
vt 0.98426914 0.15666705
vt 0.99087751 0.18298995
vt 0.97734803 0.22058588
vt 0.99263835 0.15189117
vt 0.98640174 0.12475669
vt 0.98045856 0.12069339
vt 0.98560381 0.20951885
vt 0.98832512 0.15860808
vt 0.98668444 0.21677476
vt 0.99255919 0.12696844
vt 0.99182504 0.15789515
vt 0.98406512 0.22514009
vt 0.99525046 0.12285256
vt 0.98892707 0.11984539
vt 0.99186319 0.21015608
vt 0.99872231 0.12933201
vt 0.99518216 0.21506339
vt 0.99567825 0.15950406
vt 0.99872231 0.15759593
vt 0.43443230 0.39759147
vt 0.43071589 0.41419733
vt 0.43440732 0.41245747
vt 0.43043679 0.42499804
vt 0.44402909 0.40426993
vt 0.44874409 0.39784521
vt 0.43649995 0.38352048
vt 0.45411965 0.39328134
vt 0.45725319 0.38103223
vt 0.45517549 0.36728215
vt 0.44368982 0.41207057
vt 0.43494418 0.37445998
vt 0.44535294 0.42507529
vt 0.44737107 0.43860626
vt 0.45176631 0.44363821
vt 0.45713496 0.35678983
vt 0.44868878 0.34602189
vt 0.46021625 0.36469841
vt 0.45113757 0.45405483
vt 0.46030521 0.37526345
vt 0.44563738 0.41220808
vt 0.43457481 0.45720702
vt 0.43891695 0.46654665
vt 0.43607306 0.46645993
vt 0.46284851 0.34535265
vt 0.45967966 0.33418292
vt 0.44099367 0.47595358
vt 0.45797387 0.47515678
vt 0.45563993 0.46252656
vt 0.45120597 0.33862644
vt 0.46081236 0.32476223
vt 0.47677988 0.32914728
vt 0.48011485 0.31974757
vt 0.47015694 0.31280607
vt 0.48557568 0.30277580
vt 0.47161090 0.29965323
vt 0.46127716 0.31937706
vt 0.49294835 0.28210121
vt 0.47092316 0.29315478
vt 0.49014211 0.30710828
vt 0.49606484 0.29822427
vt 0.50002688 0.28740656
vt 0.50323957 0.29333144
vt 0.46310228 0.31250489
vt 0.46596324 0.33785945
vt 0.45887747 0.46258163
vt 0.43349904 0.39065516
vt 0.42830077 0.44572341
vt 0.42614666 0.43521255
vt 0.44771445 0.40779352
vt 0.50363463 0.28147823
vt 0.46186113 0.35482210
vt 0.48167038 0.32566261
vt 0.47810471 0.28504205
vt 0.49599633 0.27574015
vt 0.43797922 0.47675228
vt 0.46479592 0.30415589
vt 0.44251353 0.48632151
vt 0.45978537 0.48364854
vt 0.46114233 0.47982305
vt 0.50024277 0.29859132
vt 0.46018916 0.46912599
vt 0.46238944 0.46499771
vt 0.48527879 0.31928647
vt 0.45578673 0.45644343
vt 0.45896330 0.46009767
vt 0.50148183 0.26763153
vt 0.49764344 0.26642227
vt 0.50324070 0.25325990
vt 0.51036948 0.26889288
vt 0.51566750 0.26876998
vt 0.51906031 0.26130974
vt 0.50931132 0.25003409
vt 0.52297610 0.24472767
vt 0.53499168 0.25348705
vt 0.46095285 0.49480128
vt 0.46530104 0.49118817
vt 0.46269259 0.48246855
vt 0.45669654 0.49688268
vt 0.44353586 0.48989713
vt 0.44763744 0.49691498
vt 0.45640737 0.50229722
vt 0.47230387 0.50964487
vt 0.46729541 0.49884105
vt 0.46268725 0.51041108
vt 0.46890077 0.51679170
vt 0.48129874 0.52736503
vt 0.48350117 0.51516491
vt 0.49095047 0.52223074
vt 0.48541713 0.53362501
vt 0.49567109 0.52687281
vt 0.48860952 0.53817129
vt 0.49623951 0.53433836
vt 0.49368483 0.53993285
vt 0.50383198 0.54368091
vt 0.49684441 0.54552394
vt 0.50211477 0.55015457
vt 0.50572181 0.55150592
vt 0.49938384 0.52911431
vt 0.50417745 0.53912812
vt 0.45421574 0.50416362
vt 0.47972503 0.53114051
vt 0.47709820 0.52807987
vt 0.51070970 0.54488546
vt 0.47575164 0.50306737
vt 0.43289280 0.38010561
vt 0.47885284 0.50834650
vt 0.48025763 0.50530553
vt 0.51859248 0.55137372
vt 0.48788053 0.27208245
vt 0.50860429 0.55589825
vt 0.52131081 0.56028855
vt 0.51178610 0.55983478
vt 0.51883835 0.56242019
vt 0.51690334 0.54217339
vt 0.52937466 0.55160499
vt 0.53465736 0.55640888
vt 0.53559244 0.55068600
vt 0.53252512 0.56225741
vt 0.53930360 0.56011331
vt 0.54203779 0.55732560
vt 0.54333186 0.56080288
vt 0.54642248 0.55562031
vt 0.51800936 0.54452282
vt 0.52652162 0.54697818
vt 0.45564169 0.32595140
vt 0.50660497 0.53511447
vt 0.46757832 0.49505532
vt 0.46674633 0.49158365
vt 0.46674633 0.49158365
vt 0.54330474 0.56527060
vt 0.49432972 0.30613583
vt 0.48986119 0.31303990
vt 0.50417894 0.28651285
vt 0.49344823 0.51456875
vt 0.49150264 0.51071680
vt 0.47215036 0.33617949
vt 0.46835887 0.34082448
vt 0.50468594 0.52564770
vt 0.50900364 0.52968341
vt 0.51075327 0.53455484
vt 0.49897939 0.52163982
vt 0.44317591 0.49565262
vt 0.45659018 0.31902087
vt 0.47874364 0.33384228
vt 0.45449069 0.39712906
vt 0.48369455 0.50682831
vt 0.48916554 0.50968665
vt 0.49150264 0.51071680
vt 0.48606616 0.50376070
vt 0.43283758 0.46277082
vt 0.42206132 0.44338000
vt 0.54119670 0.55167925
vt 0.54532123 0.55260772
vt 0.54256499 0.55014151
vt 0.53143281 0.23955959
vt 0.54114646 0.24508852
vt 0.53884280 0.23733723
vt 0.54642248 0.25020391
vt 0.54439676 0.25491822
vt 0.45350993 0.45214987
vt 0.45390826 0.44585502
vt 0.45176631 0.44363821
vt 0.49172688 0.54414660
vt 0.46930873 0.52042514
vt 0.52490628 0.56405711
vt 0.43154541 0.39722806
vt 0.46965566 0.49632299
vt 0.47249076 0.49854493
vt 0.53063864 0.54842114
vt 0.46296543 0.45720017
vt 0.46375230 0.46139145
vt 0.46087906 0.38108456
vt 0.46471065 0.38098955
vt 0.45959696 0.38903397
vt 0.52070844 0.54174900
vt 0.49154285 0.26129597
vt 0.50778610 0.28028595
vt 0.46310034 0.51507944
vt 0.42476553 0.45936364
vt 0.50380629 0.55532420
vt 0.51640004 0.24326974
vt 0.48361722 0.50071347
vt 0.44577858 0.33993363
vt 0.43371192 0.36510700
vt 0.54282928 0.56743985
vt 0.46677172 0.29190576
vt 0.48297006 0.27170861
vt 0.46503553 0.38869476
vt 0.42668909 0.42380083
vt 0.44036341 0.49122965
vt 0.46230918 0.30272436
vt 0.46765387 0.47018921
vt 0.53931659 0.23238832
vt 0.46346927 0.46943438
vt 0.43233526 0.47073013
vt 0.46853974 0.47378927
vt 0.47133330 0.47203469
vt 0.47365007 0.47938234
vt 0.46981713 0.47758919
vt 0.47443348 0.47491205
vt 0.47345892 0.48506010
vt 0.47510332 0.48427486
vt 0.47670153 0.48049706
vt 0.47603455 0.47773486
vt 0.47853205 0.48514843
vt 0.47914156 0.48839784
vt 0.48175508 0.48750067
vt 0.48050508 0.48975080
vt 0.48256257 0.48991650
vt 0.47716770 0.48989749
vt 0.52649748 0.23731697
vt 0.50511754 0.24829066
vt 0.48448923 0.26526064
vt 0.44872788 0.41568440
vt 0.46747413 0.47769201
vt 0.49519277 0.25291586
vt 0.45271471 0.32104611
vt 0.46392688 0.47409356
vt 0.43116018 0.37384224
vt 0.45723256 0.45231372
vt 0.43031037 0.38781488
vt 0.45163593 0.40358216
vt 0.45746100 0.31001079
vt 0.46123382 0.45374542
vt 0.46296543 0.45720017
vt 0.36025897 0.92203784
vt 0.37118012 0.92302400
vt 0.37027228 0.92894280
vt 0.36658683 0.94481814
vt 0.34709036 0.92438477
vt 0.32930499 0.93477106
vt 0.33348906 0.95433974
vt 0.31628850 0.94859236
vt 0.31146756 0.93629807
vt 0.30984148 0.94237202
vt 0.30373684 0.93560582
vt 0.36638129 0.95542598
vt 0.31088918 0.95257044
vt 0.30652180 0.92597526
vt 0.34274313 0.91803694
vt 0.30130783 0.93127716
vt 0.30281621 0.94418472
vt 0.37635219 0.92905092
vt 0.38244039 0.93182236
vt 0.38242719 0.92582530
vt 0.38888043 0.92820013
vt 0.38997245 0.93443334
vt 0.39751101 0.93195724
vt 0.39679453 0.92451441
vt 0.39970699 0.94285506
vt 0.38784489 0.92143381
vt 0.39042798 0.94959092
vt 0.40393960 0.94241416
vt 0.40173012 0.95199984
vt 0.37300932 0.95757020
vt 0.40354395 0.93292040
vt 0.40296501 0.95714831
vt 0.32719499 0.95789391
vt 0.40147778 0.92658061
vt 0.40149060 0.96434706
vt 0.30150646 0.95315635
vt 0.31416228 0.96434706
vt 0.36474335 0.95904678
vt 0.40587735 0.95107746
vt 0.29684839 0.93720073
vt 0.37716535 0.92098802
vt 0.38265133 0.91869742
vt 0.32602090 0.91460145
vt 0.30876184 0.92051554
vt 0.29923776 0.92608243
vt 0.37008646 0.91757977
vt 0.39441958 0.91481811
vt 0.37655082 0.91221905
vt 0.30285519 0.91875833
vt 0.38378495 0.91022336
vt 0.40107793 0.92064971
vt 0.37349936 0.79972035
vt 0.36417684 0.79354227
vt 0.37674943 0.79555303
vt 0.36325827 0.79835719
vt 0.36772281 0.78877187
vt 0.37823465 0.78958380
vt 0.37574589 0.78213274
vt 0.36712617 0.78249955
vt 0.36247563 0.78748888
vt 0.36945364 0.77394438
vt 0.38001513 0.78016853
vt 0.37235048 0.76933318
vt 0.36545083 0.77849436
vt 0.36719614 0.76939946
vt 0.37091628 0.76213616
vt 0.37822196 0.76268828
vt 0.38546509 0.78120697
vt 0.38286728 0.77348733
vt 0.38441649 0.76229483
vt 0.36726877 0.76121974
vt 0.38282418 0.75558418
vt 0.37135109 0.75643569
vt 0.38501236 0.79216093
vt 0.38757297 0.78638804
vt 0.42990682 0.78844625
vt 0.41084787 0.79915315
vt 0.43924627 0.78980118
vt 0.41192332 0.80443990
vt 0.43590748 0.80836779
vt 0.46618953 0.78872526
vt 0.48200658 0.78112125
vt 0.48962548 0.78717899
vt 0.47364244 0.79419672
vt 0.48776379 0.79565585
vt 0.49169829 0.78381890
vt 0.38574094 0.79826933
vt 0.40975469 0.80786198
vt 0.45485342 0.81453836
vt 0.47786736 0.82200712
vt 0.41425154 0.81207645
vt 0.48330981 0.81715107
vt 0.38203868 0.79594934
vt 0.35899308 0.79429734
vt 0.38214076 0.80315483
vt 0.49012682 0.81731272
vt 0.35667741 0.79839677
vt 0.45811558 0.82047254
vt 0.48344356 0.82520169
vt 0.35985547 0.78159142
vt 0.36281899 0.80309552
vt 0.37019402 0.80442637
vt 0.35794660 0.80399936
vt 0.46622333 0.82576221
vt 0.45706171 0.82895976
vt 0.49275979 0.82362998
vt 0.37610835 0.80255538
vt 0.35582098 0.78895426
vt 0.35776505 0.77920151
vt 0.35717490 0.77249473
vt 0.35489044 0.78412110
vt 0.35389474 0.77607185
vt 0.32815421 0.77498031
vt 0.35077035 0.77049249
vt 0.33946177 0.76749831
vt 0.32904166 0.76781124
vt 0.35547915 0.76843894
vt 0.32443425 0.76989812
vt 0.32598501 0.78210270
vt 0.35200593 0.79585350
vt 0.34780109 0.76466793
vt 0.32882920 0.76257962
vt 0.32336047 0.77452183
vt 0.34283042 0.80406576
vt 0.32300037 0.78134251
vt 0.32738075 0.79887754
vt 0.33063751 0.80466813
vt 0.33650398 0.82323408
vt 0.32135305 0.81102926
vt 0.32349434 0.80365038
vt 0.34725714 0.81027955
vt 0.33160147 0.83312529
vt 0.31708127 0.83700937
vt 0.31773511 0.81646705
vt 0.34865049 0.80234599
vt 0.32358280 0.79455841
vt 0.32901272 0.84087378
vt 0.33795664 0.82628787
vt 0.36152786 0.80906665
vt 0.40803066 0.81881833
vt 0.37771931 0.81248409
vt 0.32175261 0.79948366
vt 0.48400077 0.82947189
vt 0.36628717 0.81239277
vt 0.35326442 0.80570698
vt 0.35372514 0.81218410
vt 0.33325183 0.83708137
vt 0.31558773 0.84521908
vt 0.32676882 0.85069299
vt 0.35826606 0.81775624
vt 0.37266222 0.80665851
vt 0.49114835 0.82902098
vt 0.35148579 0.80972254
vt 0.36182040 0.82336432
vt 0.48385340 0.83445507
vt 0.32525718 0.76240796
vt 0.34762827 0.81982398
vt 0.34959126 0.81416178
vt 0.32927147 0.85474348
vt 0.37666881 0.83113748
vt 0.41372988 0.83684713
vt 0.45516473 0.84161139
vt 0.37302735 0.82643282
vt 0.35284334 0.82209498
vt 0.32586071 0.85524052
vt 0.48903608 0.84045851
vt 0.35798043 0.83049476
vt 0.37540910 0.83618379
vt 0.37735689 0.83852834
vt 0.31688574 0.85067463
vt 0.36240870 0.77046311
vt 0.49093634 0.84812641
vt 0.35853460 0.76394099
vt 0.33845776 0.75743800
vt 0.48995084 0.85524052
vt 0.32875004 0.75780141
vt 0.39641657 0.85094362
vt 0.25219116 0.61546242
vt 0.25440338 0.60596818
vt 0.24244246 0.61521399
vt 0.25458884 0.59320223
vt 0.24200252 0.58439475
vt 0.25751606 0.58458704
vt 0.24092689 0.62063432
vt 0.25237006 0.62809068
vt 0.24125311 0.63600022
vt 0.25295624 0.64182651
vt 0.24389191 0.63992888
vt 0.25551608 0.64921814
vt 0.24563718 0.66792631
vt 0.25660145 0.66480631
vt 0.24314339 0.58153582
vt 0.25968382 0.58118558
vt 0.25519943 0.61936015
vt 0.25891083 0.66881442
vt 0.25817111 0.59633976
vt 0.24051176 0.64052862
vt 0.25648895 0.63922971
vt 0.23748717 0.63475543
vt 0.23722316 0.62102365
vt 0.24027501 0.61495280
vt 0.26022145 0.58544588
vt 0.24140130 0.66825640
vt 0.25629058 0.62042558
vt 0.25572896 0.63197219
vt 0.26022145 0.66312945
vt 0.64568907 0.35278964
vt 0.63607240 0.32760441
vt 0.62468737 0.34596723
vt 0.65773147 0.33273852
vt 0.65311575 0.35348487
vt 0.64415556 0.36269641
vt 0.64785320 0.37802243
vt 0.65533286 0.38093776
vt 0.63960630 0.37447286
vt 0.63081962 0.36438394
vt 0.62923497 0.37634599
vt 0.62408406 0.36497915
vt 0.61906093 0.37391591
vt 0.63989794 0.38535053
vt 0.63451028 0.37831962
vt 0.64301902 0.38917017
vt 0.63999289 0.39589053
vt 0.64624673 0.39401972
vt 0.64426577 0.40280735
vt 0.64033133 0.40199959
vt 0.61626917 0.33663654
vt 0.62223101 0.32059473
vt 0.63366067 0.39573103
vt 0.63276350 0.38329715
vt 0.63438690 0.40364051
vt 0.65013498 0.39920461
vt 0.62627614 0.31564760
vt 0.64436811 0.31142610
vt 0.66129827 0.31570578
vt 0.67889178 0.36294019
vt 0.67923707 0.39780480
vt 0.64357340 0.41202414
vt 0.66031480 0.40858483
vt 0.65520447 0.41284978
vt 0.64622015 0.40924454
vt 0.65708834 0.42554092
vt 0.66426587 0.42717946
vt 0.65967661 0.43547839
vt 0.65117776 0.43178403
vt 0.64533782 0.43719447
vt 0.63778609 0.44879508
vt 0.64063740 0.46460855
vt 0.65260357 0.46905327
vt 0.65017343 0.41894305
vt 0.68270868 0.44582427
vt 0.68035614 0.46808565
vt 0.63637531 0.41399789
vt 0.67373234 0.48496562
vt 0.64701068 0.47496200
vt 0.68270868 0.33328652
vt 0.67778236 0.31958807
vt 0.97894317 0.44104671
vt 0.97658986 0.43248677
vt 0.97159338 0.43647301
vt 0.98456156 0.43415165
vt 0.98598927 0.41997886
vt 0.97936106 0.41896480
vt 0.98928225 0.42510879
vt 0.97169942 0.42352986
vt 0.96897960 0.43234050
vt 0.97414201 0.41872287
vt 0.96723825 0.42388892
vt 0.96279663 0.43421453
vt 0.97023189 0.44030857
vt 0.98886937 0.44136435
vt 0.99083704 0.43618798
vt 0.99234718 0.41544425
vt 0.98663443 0.41451889
vt 0.99758202 0.41823697
vt 0.99501812 0.44212419
vt 0.98449528 0.44988531
vt 0.99957412 0.42731237
vt 0.99426979 0.44975781
vt 0.98793805 0.46798915
vt 0.98328394 0.46924961
vt 0.99068272 0.48577237
vt 0.97993004 0.45304561
vt 0.97649002 0.44764817
vt 0.97859401 0.47818559
vt 0.99346280 0.47114038
vt 0.98466980 0.48348343
vt 0.97530341 0.45779163
vt 0.97092408 0.44896924
vt 0.99656147 0.49103975
vt 0.97129154 0.47519624
vt 0.98864728 0.49061233
vt 0.99663341 0.45779014
vt 0.99957412 0.48829162
vt 0.99773639 0.50300688
vt 0.96495545 0.45163167
vt 0.96437907 0.44718766
vt 0.96373576 0.46209860
vt 0.96474838 0.42042339
vt 0.96770525 0.47571415
vt 0.96202242 0.42429566
vt 0.96481258 0.44061959
vt 0.96095216 0.47665346
vt 0.97802413 0.48166645
vt 0.98255372 0.48719317
vt 0.97318769 0.47945178
vt 0.95700216 0.43271250
vt 0.95755148 0.43991089
vt 0.95799625 0.46924078
vt 0.95823699 0.46085346
vt 0.95469987 0.46974325
vt 0.95533359 0.47386205
vt 0.95774245 0.45555878
vt 0.95849299 0.41824090
vt 0.95187193 0.47928852
vt 0.95402920 0.48341870
vt 0.95017922 0.48526645
vt 0.95199913 0.43831003
vt 0.95387113 0.44085491
vt 0.95543164 0.42153847
vt 0.95762753 0.45018488
vt 0.95920098 0.44588649
vt 0.95387113 0.44085491
vt 0.95574963 0.44676197
vt 0.95017034 0.43525136
vt 0.85728323 0.52517962
vt 0.85626853 0.50562763
vt 0.84992355 0.52314836
vt 0.86531359 0.49841785
vt 0.84763390 0.53349197
vt 0.85038507 0.54972535
vt 0.84369677 0.54617387
vt 0.86881751 0.50639886
vt 0.87153709 0.49007320
vt 0.86612326 0.49011445
vt 0.87411088 0.48208755
vt 0.86305928 0.55006677
vt 0.85379058 0.55675638
vt 0.85718292 0.56591696
vt 0.84544158 0.55051088
vt 0.87309182 0.50448018
vt 0.87601972 0.49037755
vt 0.87501520 0.52188981
vt 0.86431009 0.57026941
vt 0.87533468 0.55814385
vt 0.87204057 0.57127529
vt 0.87736541 0.53836823
vt 0.87186319 0.59090632
vt 0.85925156 0.57044113
vt 0.85402685 0.57727164
vt 0.85359061 0.59423250
vt 0.85045022 0.58920664
vt 0.84690440 0.58109349
vt 0.86007112 0.60267293
vt 0.87112671 0.60924357
vt 0.86311698 0.61515218
vt 0.87710214 0.50830472
vt 0.87341410 0.61884534
vt 0.86339051 0.61948007
vt 0.87684405 0.58596075
vt 0.87582654 0.60369569
vt 0.87770373 0.61508018
vt 0.85638773 0.60722560
vt 0.85349804 0.59951061
vt 0.87797183 0.56843323
vt 0.84690124 0.57806128
vt 0.86679327 0.62445134
vt 0.88021201 0.51841170
vt 0.87944639 0.49996829
vt 0.88080156 0.53021473
vt 0.87980390 0.55065459
vt 0.87748063 0.48067009
vt 0.85401946 0.57224709
vt 0.87532431 0.62369096
vt 0.88020855 0.60425276
vt 0.88208884 0.61111313
vt 0.88122529 0.62056851
vt 0.87952411 0.48738700
vt 0.86995327 0.62976211
vt 0.86764657 0.63136578
vt 0.85046655 0.59377944
vt 0.88336039 0.53912669
vt 0.85883617 0.61499727
vt 0.88257939 0.57656056
vt 0.88187015 0.56140840
vt 0.88307369 0.50773501
vt 0.88298565 0.59086615
vt 0.87697661 0.62961662
vt 0.88331336 0.49225831
vt 0.88493532 0.51475239
vt 0.86207026 0.62290108
vt 0.88584107 0.54885763
vt 0.88700271 0.53044462
vt 0.88530445 0.61799783
vt 0.88231915 0.62879610
vt 0.87255597 0.63707769
vt 0.88522726 0.60278165
vt 0.88696063 0.56366992
vt 0.87841898 0.63508004
vt 0.87225008 0.64390033
vt 0.88591605 0.58023274
vt 0.85614085 0.56683081
vt 0.88883728 0.57292020
vt 0.88843054 0.61541647
vt 0.88969338 0.53927737
vt 0.88752085 0.62615234
vt 0.88901466 0.59427226
vt 0.88969338 0.55783427
vt 0.88449705 0.63456839
vt 0.58245730 0.50111586
vt 0.58861512 0.50427222
vt 0.59651631 0.50134790
vt 0.57617497 0.50839919
vt 0.60089779 0.49556208
vt 0.60628521 0.49904549
vt 0.60295302 0.50400299
vt 0.60911250 0.50255829
vt 0.60914105 0.50880122
vt 0.60176402 0.51002944
vt 0.60320485 0.51668859
vt 0.60937607 0.51529300
vt 0.59653276 0.51897264
vt 0.60151029 0.52181786
vt 0.59254253 0.51051515
vt 0.59351319 0.51488143
vt 0.61107278 0.51817733
vt 0.61563122 0.50938344
vt 0.57456470 0.52216870
vt 0.56971264 0.51749128
vt 0.57072228 0.50771517
vt 0.59679532 0.52537221
vt 0.59337759 0.52186143
vt 0.57759696 0.49965858
vt 0.61670691 0.50166535
vt 0.61869711 0.50873542
vt 0.61867827 0.51760060
vt 0.61569691 0.49299026
vt 0.61873078 0.49417484
vt 0.60853624 0.48926198
vt 0.61781025 0.48668385
vt 0.61967629 0.48708069
vt 0.58683980 0.51929253
vt 0.60739523 0.52369612
vt 0.61070096 0.52444518
vt 0.61056125 0.52792096
vt 0.59190124 0.52561677
vt 0.61967629 0.52369547
vt 0.58874339 0.52329725
vt 0.58377463 0.52374518
vt 0.58683980 0.51929253
vt 0.57796144 0.52630097
vt 0.58377463 0.52374518
vt 0.57238907 0.52543974
vt 0.56771719 0.52118242
vt 0.64495194 0.49447447
vt 0.66023886 0.49752212
vt 0.66649556 0.49228632
vt 0.64539915 0.48876464
vt 0.63688046 0.49029768
vt 0.64164227 0.48552561
vt 0.63549429 0.48025739
vt 0.63026184 0.48363334
vt 0.63074136 0.47020358
vt 0.61244708 0.45029807
vt 0.62030029 0.45077801
vt 0.60750550 0.43545425
vt 0.60704201 0.42299688
vt 0.60191095 0.42232698
vt 0.60738224 0.41792500
vt 0.60227746 0.40972108
vt 0.59466225 0.40913296
vt 0.59532201 0.40624428
vt 0.59995568 0.40395117
vt 0.59871000 0.39850092
vt 0.59035146 0.39867675
vt 0.59116477 0.39141595
vt 0.60187560 0.39226055
vt 0.59180820 0.37891370
vt 0.67041969 0.49563360
vt 0.67046398 0.49906206
vt 0.68241668 0.49749887
vt 0.67768145 0.50294185
vt 0.68595403 0.50421238
vt 0.68924809 0.50134140
vt 0.69397938 0.50888401
vt 0.70103061 0.50301969
vt 0.71010840 0.50538743
vt 0.71032697 0.51503438
vt 0.71422487 0.50439781
vt 0.60248441 0.38109165
vt 0.60240018 0.37210232
vt 0.58826339 0.36859190
vt 0.60215998 0.36527294
vt 0.58816707 0.35414249
vt 0.60544699 0.35407245
vt 0.59267920 0.34307492
vt 0.60867941 0.34137297
vt 0.58725852 0.38815856
vt 0.59694380 0.32876229
vt 0.61125916 0.33011830
vt 0.61419374 0.32375413
vt 0.60374588 0.30933118
vt 0.61527944 0.31036991
vt 0.61518526 0.30188572
vt 0.62833869 0.30057061
vt 0.62688208 0.29573530
vt 0.64074671 0.29405755
vt 0.63354242 0.28940034
vt 0.64445412 0.28917527
vt 0.64255232 0.28481162
vt 0.65304488 0.28411305
vt 0.64709651 0.28066289
vt 0.65736389 0.27905416
vt 0.60565490 0.36502111
vt 0.58560479 0.35688472
vt 0.69351792 0.49921924
vt 0.66111004 0.28216755
vt 0.65224910 0.27569199
vt 0.65870208 0.27343559
vt 0.66596323 0.27718830
vt 0.67326802 0.26471895
vt 0.68355381 0.26576465
vt 0.67530388 0.26045042
vt 0.68373787 0.25765473
vt 0.69032240 0.25982338
vt 0.69574934 0.25534034
vt 0.59602636 0.32536137
vt 0.60802400 0.30429184
vt 0.69095111 0.25183487
vt 0.64807099 0.28967750
vt 0.59258401 0.33658457
vt 0.66594732 0.26523775
vt 0.70904469 0.25529230
vt 0.71422487 0.25128865
vt 0.66694254 0.50132155
vt 0.58717334 0.39721632
vt 0.62559092 0.29230702
vt 0.60868806 0.35844195
vt 0.68359530 0.50750262
vt 0.60054123 0.42582011
vt 0.59311819 0.33067250
vt 0.67417377 0.25896657
vt 0.60178989 0.30700576
vt 0.68148279 0.25485218
vt 0.67583930 0.49351978
vt 0.59174436 0.40750027
vt 0.58761656 0.34646356
vt 0.63854432 0.47920895
vt 0.63216889 0.49045050
vt 0.63895160 0.55288666
vt 0.65165013 0.55418956
vt 0.65313977 0.54617393
vt 0.64742249 0.54070008
vt 0.64077634 0.54229534
vt 0.64314479 0.55880326
vt 0.64866483 0.55824625
vt 0.63354087 0.54702652
vt 0.65791845 0.55334926
vt 0.65440863 0.53907430
vt 0.64458466 0.53339404
vt 0.65848869 0.54580045
vt 0.65223575 0.53243536
vt 0.63709581 0.53523946
vt 0.63283187 0.54053628
vt 0.66043198 0.53766119
vt 0.64736086 0.52559364
vt 0.64040816 0.52591926
vt 0.65680134 0.52883089
vt 0.62843776 0.53456962
vt 0.63503212 0.56139123
vt 0.62700105 0.55219644
vt 0.64612114 0.56517702
vt 0.62478703 0.54189491
vt 0.62872785 0.52570289
vt 0.63854891 0.56682140
vt 0.65392733 0.56630528
vt 0.62984031 0.56409431
vt 0.66695565 0.54188043
vt 0.66805321 0.55019969
vt 0.66558981 0.56332082
vt 0.65453750 0.52180672
vt 0.66685832 0.53325146
vt 0.66427344 0.52650666
vt 0.64533812 0.51741469
vt 0.64544493 0.57232714
vt 0.67341435 0.56050766
vt 0.66307515 0.57006025
vt 0.67589438 0.54110372
vt 0.66194010 0.51880050
vt 0.65489316 0.57542485
vt 0.63998276 0.57670492
vt 0.63199270 0.57339418
vt 0.66975546 0.57139611
vt 0.64806139 0.58073199
vt 0.67589438 0.56728989
vt 0.66422522 0.58118558
vt 0.65395021 0.51503438
vt 0.63638300 0.51599568
vt 0.56200576 0.57874030
vt 0.57383943 0.57480973
vt 0.56625986 0.58479100
vt 0.56666714 0.57096058
vt 0.57750911 0.58037430
vt 0.55976480 0.58361185
vt 0.56880736 0.59048980
vt 0.57947999 0.58812207
vt 0.58132887 0.57273024
vt 0.57554913 0.56915939
vt 0.58387685 0.57861537
vt 0.57325435 0.59661996
vt 0.56092566 0.59128445
vt 0.56386513 0.59601372
vt 0.55778295 0.57039994
vt 0.55371410 0.57868016
vt 0.55176598 0.58911467
vt 0.56595188 0.56452233
vt 0.57361788 0.56052071
vt 0.55642676 0.56102067
vt 0.58293891 0.56343740
vt 0.58750772 0.57133764
vt 0.56595486 0.55693585
vt 0.59048599 0.57840961
vt 0.58612472 0.59132677
vt 0.58162194 0.60041004
vt 0.59453148 0.58629018
vt 0.59061480 0.56368399
vt 0.57164496 0.60321862
vt 0.56212348 0.60352236
vt 0.55450785 0.59856504
vt 0.54764724 0.57391679
vt 0.59151560 0.59605074
vt 0.59686524 0.57691479
vt 0.59596187 0.56864208
vt 0.59023988 0.60352236
vt 0.58129954 0.55283505
vt 0.60074663 0.58301359
vt 0.58979988 0.55530763
vt 0.59900439 0.59866834
vt 0.60379958 0.59157515
vt 0.60519594 0.57514000
vt 0.59910268 0.55792105
vt 0.60446787 0.60015148
vt 0.54386711 0.57956225
vt 0.54448259 0.58614320
vt 0.54705995 0.56443632
vt 0.40098071 0.87308282
vt 0.39289078 0.88118047
vt 0.39524105 0.87453097
vt 0.41129786 0.88231826
vt 0.37693790 0.87199336
vt 0.37989458 0.86683363
vt 0.37572128 0.87683904
vt 0.40797171 0.89120013
vt 0.41811937 0.88854951
vt 0.41810825 0.89241225
vt 0.37159377 0.87207431
vt 0.36645606 0.87977582
vt 0.42202878 0.89524460
vt 0.42585149 0.89294463
vt 0.39089039 0.89111096
vt 0.37460473 0.89282584
vt 0.37655872 0.86745101
vt 0.36240509 0.87907290
vt 0.35740322 0.87815332
vt 0.36776400 0.87359852
vt 0.34823415 0.89543241
vt 0.35223809 0.87285149
vt 0.34685391 0.86890352
vt 0.41162172 0.89704460
vt 0.43195450 0.89770865
vt 0.43515301 0.89389980
vt 0.34215045 0.86933231
vt 0.33424175 0.87608868
vt 0.33179048 0.89344770
vt 0.32609093 0.87924045
vt 0.41706374 0.90071595
vt 0.30942559 0.89828134
vt 0.32062244 0.87807697
vt 0.39592236 0.89924145
vt 0.30790848 0.87778062
vt 0.31555042 0.87271661
vt 0.30213770 0.88203323
vt 0.36011049 0.87677884
vt 0.37680581 0.89944363
vt 0.33154348 0.87454605
vt 0.32461634 0.87602955
vt 0.36748201 0.90075892
vt 0.43861923 0.89692903
vt 0.35648677 0.87482983
vt 0.33316442 0.89682174
vt 0.34414306 0.89826310
vt 0.29787615 0.88444030
vt 0.30138531 0.89532232
vt 0.39960951 0.90277267
vt 0.33610460 0.90044683
vt 0.34652215 0.90235811
vt 0.42575255 0.90335053
vt 0.33467564 0.87171406
vt 0.41853362 0.87951094
vt 0.34716484 0.86530340
vt 0.32774252 0.87457299
vt 0.32774252 0.87457299
vt 0.30286476 0.87784237
vt 0.29688931 0.88166565
vt 0.29172286 0.89115375
vt 0.29092318 0.88458598
vt 0.30274609 0.90335053
vt 0.38234836 0.86235905
vt 0.37833604 0.86262721
vt 0.43770483 0.89032441
vt 0.44092599 0.89303935
vt 0.28918228 0.88621336
vt 0.31988260 0.87561578
vt 0.41370293 0.87411863
vt 0.39039069 0.85998487
vt 0.38209888 0.85739809
vt 0.42834061 0.88085079
vt 0.37932646 0.85524052
vt 0.44420785 0.89676142
vt 0.39842194 0.86178511
vt 0.38808620 0.85545582
vt 0.52834427 0.97615266
vt 0.52181768 0.98051405
vt 0.52728444 0.97072423
vt 0.52429122 0.99002528
vt 0.51912695 0.98905361
vt 0.51937765 0.97419411
vt 0.51243657 0.98164415
vt 0.51215434 0.98858118
vt 0.50988078 0.97359705
vt 0.50250870 0.99004066
vt 0.50078934 0.98657835
vt 0.51398718 0.96972895
vt 0.52443612 0.96419597
vt 0.51438540 0.96145260
vt 0.51785839 0.95706594
vt 0.52432215 0.95840222
vt 0.50439847 0.96960723
vt 0.50847960 0.95890087
vt 0.51406759 0.95488578
vt 0.48868763 0.97530687
vt 0.49738672 0.96298504
vt 0.49760854 0.99368978
vt 0.51105076 0.99249446
vt 0.50460106 0.99294960
vt 0.51745355 0.99332440
vt 0.52281344 0.95443946
vt 0.50506508 0.95428479
vt 0.52496159 0.99581856
vt 0.49823824 0.99421299
vt 0.48509368 0.98507291
vt 0.49178392 0.99501276
vt 0.48787817 0.99871135
vt 0.52973455 0.96106327
vt 0.48850340 0.96883601
vt 0.52895105 0.99224067
vt 0.51120216 0.95084846
vt 0.53089607 0.95580697
vt 0.53819847 0.95726299
vt 0.51851487 0.95060140
vt 0.54642248 0.97504604
vt 0.54063654 0.99871135
vt 0.53001881 0.95141464
vt 0.53587443 0.95199805
vt 0.53979659 0.95381159
vt 0.86123353 0.04928052
vt 0.85348922 0.05858463
vt 0.85243672 0.05215567
vt 0.86403978 0.06065238
vt 0.85612327 0.06395692
vt 0.86779153 0.05648941
vt 0.86492532 0.06829894
vt 0.85649830 0.04641044
vt 0.86456913 0.04655486
vt 0.86961496 0.06379318
vt 0.87040752 0.04816782
vt 0.85927325 0.03748190
vt 0.85057068 0.04550242
vt 0.86203539 0.03088975
vt 0.86915594 0.04311156
vt 0.85646892 0.03124559
vt 0.86658394 0.03457832
vt 0.86938584 0.03376788
vt 0.85832560 0.02510065
vt 0.85068500 0.03587401
vt 0.84546071 0.04780370
vt 0.86921644 0.02577418
vt 0.86683536 0.02299768
vt 0.86243129 0.02166694
vt 0.85100597 0.02370596
vt 0.84481817 0.04012084
vt 0.87691653 0.04222357
vt 0.87480974 0.03536797
vt 0.84564656 0.03400409
vt 0.84236717 0.03301692
vt 0.82086974 0.04701179
vt 0.84575075 0.02199620
vt 0.83686757 0.02766240
vt 0.84053248 0.02576017
vt 0.85591167 0.01684868
vt 0.87508196 0.02845883
vt 0.83566123 0.02157229
vt 0.80485827 0.02958739
vt 0.79675078 0.04776877
vt 0.79068196 0.03358036
vt 0.76546162 0.05723041
vt 0.77698302 0.02794737
vt 0.74813485 0.03935188
vt 0.74318570 0.06829894
vt 0.83229870 0.01707089
vt 0.78938901 0.02484709
vt 0.82960141 0.00386596
vt 0.78407347 0.00948161
vt 0.13525259 0.74301714
vt 0.14074190 0.73895049
vt 0.14158931 0.74794847
vt 0.13384221 0.75558418
vt 0.14536880 0.73796153
vt 0.14305066 0.72995281
vt 0.13663240 0.73802578
vt 0.14760840 0.74479860
vt 0.13245316 0.75019270
vt 0.14792626 0.73213840
vt 0.14747058 0.72360361
vt 0.15351334 0.74289352
vt 0.15348341 0.73305577
vt 0.15271184 0.71435195
vt 0.16156654 0.73889405
vt 0.15859668 0.74379349
vt 0.14677843 0.71943682
vt 0.13984472 0.72875822
vt 0.15709317 0.72763079
vt 0.16367711 0.74589103
vt 0.15174040 0.70992744
vt 0.15737066 0.71406984
vt 0.15863909 0.70489693
vt 0.15252633 0.74637443
vt 0.16331424 0.73039591
vt 0.17010823 0.74866384
vt 0.13805306 0.73105836
vt 0.13663240 0.73802578
vt 0.14637928 0.74786347
vt 0.17448780 0.74754584
vt 0.17416820 0.75398231
vt 0.17342755 0.72690564
vt 0.18185690 0.75558418
vt 0.11945534 0.94112921
vt 0.12255542 0.94781041
vt 0.11609239 0.94781119
vt 0.11264411 0.94074452
vt 0.11818868 0.95347792
vt 0.10880398 0.94919902
vt 0.10596484 0.94313496
vt 0.10932930 0.95551199
vt 0.11352623 0.96049035
vt 0.10120366 0.94675320
vt 0.10038371 0.95447856
vt 0.10819798 0.93411380
vt 0.09944699 0.93969655
vt 0.11681640 0.93477869
vt 0.09417073 0.94859403
vt 0.10199000 0.93087131
vt 0.09369738 0.93760288
vt 0.11354253 0.92729110
vt 0.12470018 0.93557751
vt 0.12221333 0.92760551
vt 0.10483361 0.92310995
vt 0.12840423 0.94112045
vt 0.12594695 0.95476454
vt 0.12131563 0.96140271
vt 0.12947114 0.94925159
vt 0.10523617 0.96935785
vt 0.08716860 0.94308263
vt 0.09080447 0.95906734
vt 0.09539451 0.96612704
vt 0.08607671 0.95161945
vt 0.12089345 0.96919793
vt 0.12895872 0.96141726
vt 0.09311689 0.92613077
vt 0.13460989 0.95461953
vt 0.12956594 0.96720731
vt 0.13773903 0.94445026
vt 0.13583267 0.96204209
vt 0.12501083 0.97346824
vt 0.09559856 0.97379726
vt 0.13702327 0.93841010
vt 0.14408135 0.95043063
vt 0.14295651 0.95359910
vt 0.14052512 0.95858157
vt 0.14527069 0.96022344
vt 0.13270143 0.92623901
vt 0.13521272 0.97379726
vt 0.08390119 0.93512928
vt 0.08800965 0.97092324
vt 0.14852875 0.94003010
vt 0.15034072 0.94642633
vt 0.14492030 0.92575264
vt 0.15028395 0.93357843
vt 0.84677398 0.96062762
vt 0.84974891 0.97137702
vt 0.85136288 0.96434307
vt 0.84971476 0.95503020
vt 0.84069127 0.95476991
vt 0.83534998 0.95837653
vt 0.84456861 0.97183639
vt 0.84571904 0.98374742
vt 0.83373219 0.96003658
vt 0.85121644 0.98068082
vt 0.84846699 0.98899394
vt 0.84443218 0.98926115
vt 0.83919394 0.98811966
vt 0.83892643 0.97472787
vt 0.82348818 0.94953853
vt 0.82872713 0.94958633
vt 0.83589375 0.94783801
vt 0.83541155 0.98351181
vt 0.82534647 0.95612633
vt 0.83048290 0.96244794
vt 0.82526916 0.95867604
vt 0.81729132 0.95236677
vt 0.83348054 0.97238642
vt 0.83485591 0.97596151
vt 0.82873935 0.96765316
vt 0.82860422 0.94680774
vt 0.81770241 0.94800067
vt 0.81876940 0.94955772
vt 0.81876940 0.94955772
vt 0.84418225 0.94701254
vt 0.84371841 0.94397688
vt 0.82763392 0.97283131
vt 0.85123509 0.94351321
vt 0.85136288 0.94115120
vt 0.82614928 0.96288568
vt 0.82614928 0.96288568
vt 0.82024229 0.49546546
vt 0.83056903 0.48423493
vt 0.82812321 0.49784982
vt 0.83469081 0.49483168
vt 0.81756163 0.48723114
vt 0.82425272 0.47980350
vt 0.83762348 0.48766708
vt 0.82120949 0.50257540
vt 0.83487016 0.50235438
vt 0.82810909 0.50691199
vt 0.81313723 0.50006288
vt 0.81263000 0.49188226
vt 0.82161438 0.50845867
vt 0.81420231 0.50634360
vt 0.80596048 0.49773276
vt 0.81400084 0.48100567
vt 0.80717534 0.48827350
vt 0.83498758 0.47806108
vt 0.81541443 0.47325742
vt 0.82219458 0.47151321
vt 0.82984066 0.47098041
vt 0.84255922 0.49649930
vt 0.84497255 0.48817015
vt 0.84575039 0.47962910
vt 0.84104967 0.50440943
vt 0.83420146 0.51158196
vt 0.82642913 0.51375580
vt 0.81562936 0.51427859
vt 0.82318044 0.52018899
vt 0.80158508 0.50430751
vt 0.80580080 0.51117951
vt 0.83179104 0.51991540
vt 0.84101146 0.51495564
vt 0.84946150 0.49765074
vt 0.80998337 0.52018899
vt 0.85051107 0.50746745
vt 0.79720396 0.49452055
vt 0.80445087 0.47699755
vt 0.79524195 0.50127405
vt 0.79514480 0.50921541
vt 0.79747254 0.51939005
vt 0.82304502 0.46434706
vt 0.76548499 0.93665957
vt 0.77735990 0.93766528
vt 0.77795064 0.94039863
vt 0.76277673 0.93965346
vt 0.78745621 0.94101185
vt 0.78642929 0.94705957
vt 0.79642814 0.95140535
vt 0.79176432 0.95394289
vt 0.79687029 0.96299529
vt 0.80284071 0.96778834
vt 0.79739070 0.96970999
vt 0.78023672 0.94712394
vt 0.79904759 0.98001331
vt 0.77411026 0.94403917
vt 0.76760203 0.94467992
vt 0.76208025 0.94270343
vt 0.75730717 0.93825012
vt 0.75442231 0.94413751
vt 0.76118106 0.94984150
vt 0.80153972 0.95516759
vt 0.80489838 0.97702497
vt 0.80509734 0.98067009
vt 0.75645161 0.95368826
vt 0.75096393 0.94907361
vt 0.74863100 0.94380015
vt 0.74784327 0.94858593
vt 0.74901891 0.95716381
vt 0.74578547 0.95928013
vt 0.74452573 0.94839561
vt 0.75151104 0.96138227
vt 0.75539804 0.95691538
vt 0.74231088 0.96225250
vt 0.74894142 0.96950257
vt 0.74355292 0.97098053
vt 0.75997257 0.95382798
vt 0.75253946 0.97636461
vt 0.79370785 0.94322044
vt 0.75182432 0.96753645
vt 0.79339337 0.96311843
vt 0.80706984 0.97200531
vt 0.80614448 0.96064436
vt 0.73952496 0.96693277
vt 0.74496460 0.97978711
vt 0.80189770 0.95062089
vt 0.73892677 0.95502865
vt 0.75150770 0.98067009
vt 0.77160215 0.93341923
vt 0.78630954 0.94955814
vt 0.78162730 0.93476641
vt 0.75219989 0.97217500
vt 0.20656867 0.98474449
vt 0.21529169 0.98246729
vt 0.21735737 0.98582476
vt 0.21848382 0.98200357
vt 0.18338862 0.97771060
vt 0.19519950 0.97678483
vt 0.18983735 0.98342580
vt 0.17921592 0.97999978
vt 0.21418603 0.97936249
vt 0.18324773 0.98492378
vt 0.17539859 0.98344815
vt 0.17256081 0.97934002
vt 0.16679764 0.98307711
vt 0.16412365 0.97744972
vt 0.15937139 0.98449391
vt 0.15808913 0.97815269
vt 0.15246069 0.98500121
vt 0.15448380 0.97760117
vt 0.14873460 0.98111254
vt 0.14608178 0.98582476
vt 0.17136006 0.97507626
vt 0.15754201 0.97267562
vt 0.18800005 0.97157407
vt 0.17966563 0.97179538
vt 0.19793268 0.97148943
vt 0.16366971 0.97215819
vt 0.17167157 0.97036082
vt 0.26639840 0.10504133
vt 0.26804292 0.10036445
vt 0.26421604 0.10434842
vt 0.26050630 0.11211824
vt 0.25421128 0.10991317
vt 0.25689626 0.11867404
vt 0.25386930 0.10305089
vt 0.24947608 0.10485458
vt 0.25439116 0.11921179
vt 0.25405869 0.09883505
vt 0.26185542 0.11858821
vt 0.26157820 0.12394834
vt 0.24845260 0.09962124
vt 0.25686976 0.09091020
vt 0.26298016 0.08868676
vt 0.25921750 0.08623946
vt 0.26879233 0.08209080
vt 0.27596915 0.08372498
vt 0.27710831 0.07888722
vt 0.28376272 0.08004355
vt 0.28779069 0.08391219
vt 0.28165185 0.08930552
vt 0.28846812 0.09079790
vt 0.29627556 0.09571296
vt 0.29761153 0.09068859
vt 0.30242184 0.10810608
vt 0.29826015 0.10349977
vt 0.29391879 0.08415031
vt 0.30020687 0.11329365
vt 0.26714492 0.12120813
vt 0.30213094 0.09145838
vt 0.30432001 0.10086787
vt 0.30649111 0.11176437
vt 0.30372548 0.12099159
vt 0.29769194 0.11945915
vt 0.27313584 0.08909130
vt 0.26263291 0.09378409
vt 0.29292083 0.09761679
vt 0.29318774 0.08088690
vt 0.29959303 0.08522296
vt 0.25229511 0.09127653
vt 0.24574105 0.10538107
vt 0.24699916 0.11091816
vt 0.26845026 0.09743643
vt 0.27191770 0.09919304
vt 0.26837736 0.10403055
vt 0.26639840 0.10504133
vt 0.27891099 0.09515154
vt 0.26278055 0.11038423
vt 0.30962521 0.10463583
vt 0.26259533 0.08052611
vt 0.26930866 0.07689005
vt 0.30940107 0.11589766
vt 0.30938771 0.09837848
vt 0.25349307 0.13839173
vt 0.25678876 0.13696539
vt 0.25464648 0.13373345
vt 0.26079264 0.13132006
vt 0.25631157 0.12496471
vt 0.25053036 0.12168419
vt 0.26681709 0.12812382
vt 0.26514339 0.13599169
vt 0.26373786 0.13979626
vt 0.27101350 0.13160717
vt 0.24874853 0.13006067
vt 0.27644441 0.12415200
vt 0.27236411 0.12368876
vt 0.27056748 0.13857847
vt 0.28273195 0.13263535
vt 0.26746327 0.14257497
vt 0.27644315 0.14148968
vt 0.27993074 0.13904798
vt 0.28259644 0.12516677
vt 0.28952056 0.13075650
vt 0.29087800 0.12307698
vt 0.29556587 0.12785619
vt 0.29825607 0.12367684
vt 0.28659028 0.14227813
vt 0.28926864 0.13838482
vt 0.29322109 0.14029193
vt 0.30325747 0.12609816
vt 0.29424447 0.14475942
vt 0.29644287 0.14241457
vt 0.30296278 0.14055425
vt 0.30430949 0.14411998
vt 0.30962521 0.13626432
vt 0.07926591 0.47637773
vt 0.07897341 0.48826265
vt 0.07527898 0.48253483
vt 0.07451311 0.49098492
vt 0.07856582 0.49390936
vt 0.08383392 0.47578073
vt 0.07561699 0.50304717
vt 0.06990704 0.50901562
vt 0.07517050 0.51009166
vt 0.07436973 0.47360075
vt 0.05789549 0.48722661
vt 0.05174609 0.50372809
vt 0.05388970 0.51472449
vt 0.06396096 0.47336447
vt 0.04727428 0.51477545
vt 0.06768598 0.46864259
vt 0.08049355 0.47203350
vt 0.05193238 0.49081004
vt 0.06869523 0.51385605
vt 0.04835819 0.51847076
vt 0.07547678 0.46932060
vt 0.08786286 0.48007411
vt 0.08256508 0.51050711
vt 0.08138219 0.50244874
vt 0.08901511 0.47344756
vt 0.08676504 0.49215138
vt 0.08953711 0.50145328
vt 0.08788925 0.50796294
vt 0.09361504 0.47995007
vt 0.09567731 0.49122500
vt 0.09404948 0.51092368
vt 0.09252269 0.51418167
vt 0.09802365 0.47440064
vt 0.10360041 0.49055141
vt 0.09887030 0.48056155
vt 0.10252276 0.51508820
vt 0.11201022 0.49905646
vt 0.10919046 0.48731494
vt 0.09987495 0.51847076
vt 0.08548895 0.46868771
vt 0.09308645 0.46964395
vt 0.09822037 0.47048986
vt 0.04114252 0.97963274
vt 0.04427132 0.97583079
vt 0.04114842 0.96678364
vt 0.04552926 0.96726996
vt 0.04353185 0.98284996
vt 0.04094065 0.96072322
vt 0.04592007 0.95601797
vt 0.05111339 0.98140019
vt 0.04847392 0.98625231
vt 0.05420651 0.98650324
vt 0.05123757 0.96672213
vt 0.05552129 0.95723450
vt 0.05705487 0.96394300
vt 0.05515555 0.97100902
vt 0.05370254 0.97683066
vt 0.05716700 0.98119396
vt 0.04574773 0.99026555
vt 0.03949850 0.95317870
vt 0.05876439 0.97603309
vt 0.05901683 0.98718220
vt 0.06090290 0.96632487
vt 0.06090290 0.95762545
vt 0.06037471 0.97105676
vt 0.05868737 0.95368981
vt 0.02900607 0.95679122
vt 0.03254684 0.96606886
vt 0.02436318 0.96717989
vt 0.02118533 0.95791298
vt 0.02419816 0.97285742
vt 0.01871120 0.96868223
vt 0.01463940 0.97466987
vt 0.01868790 0.98132545
vt 0.01142928 0.98408312
vt 0.01545058 0.99040270
vt 0.01963114 0.96420288
vt 0.03229599 0.97140211
vt 0.02076584 0.98228085
vt 0.03635880 0.96915227
vt 0.00724020 0.99203777
vt 0.01461292 0.99957043
vt 0.03704634 0.97964644
vt 0.03897922 0.98343974
vt 0.03398726 0.98116475
vt 0.03951015 0.99049520
vt 0.04574773 0.99026555
vt 0.04425988 0.99367899
vt 0.04224526 0.99802393
vt 0.04789376 0.72440237
vt 0.04481414 0.71547228
vt 0.04084064 0.72466493
vt 0.03579392 0.71915227
vt 0.05210740 0.71954149
vt 0.03752746 0.71185881
vt 0.04847013 0.70538223
vt 0.05688661 0.71261442
vt 0.04011177 0.70027441
vt 0.03135115 0.70298249
vt 0.02836593 0.71241486
vt 0.02714507 0.71756589
vt 0.02188500 0.70667839
vt 0.02962343 0.72667152
vt 0.03784016 0.72975028
vt 0.04478467 0.73247856
vt 0.05626478 0.72756499
vt 0.05017109 0.73323238
vt 0.06037969 0.72071785
vt 0.02089748 0.72293764
vt 0.03590185 0.73612553
vt 0.02761630 0.73462039
vt 0.01895661 0.71543819
vt 0.04530619 0.74019283
vt 0.01779474 0.73510909
vt 0.05455942 0.73906195
vt 0.02699432 0.74284095
vt 0.01286152 0.72717655
vt 0.01221043 0.72138959
vt 0.03645720 0.74681550
vt 0.04527593 0.74629605
vt 0.05384953 0.74677187
vt 0.06280605 0.74012440
vt 0.04191316 0.75276864
vt 0.06516182 0.72433037
vt 0.05074330 0.75386596
vt 0.06476893 0.71463549
vt 0.01149915 0.71328866
vt 0.05739977 0.70329511
vt 0.05173903 0.69984037
vt 0.05316267 0.69630587
vt 0.05733649 0.69911182
vt 0.06516184 0.70549512
vt 0.06422371 0.70014083
vt 0.06122551 0.69659054
vt 0.06010947 0.75252080
vt 0.00771184 0.75365239
vt 0.01293287 0.75962776
vt 0.01206846 0.74936152
vt 0.01019369 0.76263624
vt 0.01261739 0.77017367
vt 0.00703600 0.74922401
vt 0.01655243 0.74747247
vt 0.01831346 0.76873887
vt 0.01710021 0.77439660
vt 0.01264570 0.77620274
vt 0.00692972 0.76690388
vt 0.00929271 0.77189863
vt 0.01141567 0.74333626
vt 0.01831346 0.74269760
vt 0.00638842 0.74540073
vt 0.77927870 0.86726803
vt 0.78741759 0.87050593
vt 0.78399879 0.87424386
vt 0.76960713 0.86833501
vt 0.77358317 0.87585974
vt 0.76234394 0.87346435
vt 0.77973467 0.87913340
vt 0.78876406 0.87742931
vt 0.76260030 0.88172603
vt 0.75549334 0.87981981
vt 0.75204921 0.87766373
vt 0.77244169 0.88221955
vt 0.78501338 0.88307691
vt 0.75254530 0.89108211
vt 0.74872792 0.88682097
vt 0.78035676 0.88631868
vt 0.76702178 0.88536686
vt 0.79489565 0.88083839
vt 0.78886032 0.88915741
vt 0.77187401 0.88728768
vt 0.79435188 0.87308025
vt 0.78158635 0.89277971
vt 0.78906232 0.89475948
vt 0.76523370 0.89070922
vt 0.75582600 0.89475948
vt 0.80233610 0.87548620
vt 0.79174137 0.88930905
vt 0.79482508 0.86781031
vt 0.74659282 0.88105810
vt 0.80262995 0.87170798
vt 0.80792165 0.87141597
vt 0.80258870 0.87798017
vt 0.79426551 0.88411742
vt 0.79596728 0.35011667
vt 0.80134177 0.34773350
vt 0.79782468 0.35953605
vt 0.79159266 0.35867083
vt 0.80436236 0.35944301
vt 0.78996319 0.34854972
vt 0.78507155 0.35851705
vt 0.79292953 0.34559661
vt 0.78038025 0.35521615
vt 0.77299827 0.35941303
vt 0.78430158 0.34753263
vt 0.79883099 0.34197223
vt 0.77526736 0.35334468
vt 0.78825092 0.34149486
vt 0.80916834 0.35016388
vt 0.81151253 0.35936403
vt 0.80748326 0.34360683
vt 0.81488448 0.34987366
vt 0.81698799 0.35941303
vt 0.82410562 0.35892248
vt 0.80325198 0.92135692
vt 0.81317979 0.91369271
vt 0.80977440 0.91995513
vt 0.81516880 0.91673559
vt 0.80137956 0.91481912
vt 0.80816901 0.90817219
vt 0.80392683 0.92340809
vt 0.80424058 0.92935002
vt 0.79932994 0.92835414
vt 0.79546976 0.90849465
vt 0.78891742 0.91184962
vt 0.81938398 0.91192555
vt 0.81300300 0.90670735
vt 0.78984314 0.91571021
vt 0.80019855 0.91814494
vt 0.78622091 0.90786356
vt 0.78385901 0.91177297
vt 0.79745859 0.90434480
vt 0.81377804 0.92489082
vt 0.81829292 0.92436790
vt 0.82420468 0.92731917
vt 0.82908630 0.93130398
vt 0.77538991 0.90890437
vt 0.80572939 0.90098304
vt 0.81435281 0.90364802
vt 0.83205384 0.92471123
vt 0.83511758 0.93552601
vt 0.77936137 0.91473484
vt 0.77144229 0.91533124
vt 0.76437145 0.91499311
vt 0.74617708 0.91781521
vt 0.79914248 0.89890069
vt 0.82316834 0.90858477
vt 0.81758583 0.92740643
vt 0.78825223 0.90252215
vt 0.75160199 0.92037469
vt 0.76337278 0.91933179
vt 0.75833923 0.92490411
vt 0.75218886 0.92553782
vt 0.74873179 0.92757559
vt 0.84146380 0.93560654
vt 0.76844090 0.91818225
vt 0.80761355 0.89358962
vt 0.80219001 0.89221388
vt 0.77151936 0.90575510
vt 0.81781262 0.89577681
vt 0.83889329 0.94029212
vt 0.83574897 0.92181808
vt 0.82539165 0.90345091
vt 0.74507302 0.93072701
vt 0.73953301 0.92383599
vt 0.74026316 0.93292791
vt 0.73230982 0.92733741
vt 0.73492408 0.93510485
vt 0.72765172 0.93323445
vt 0.72999394 0.94029212
vt 0.71987653 0.92571718
vt 0.71860266 0.93248707
vt 0.82409674 0.93021733
vt 0.71081769 0.92318487
vt 0.73628765 0.93756241
vt 0.84710389 0.93384534
vt 0.75516462 0.92834389
vt 0.76344836 0.92233747
vt 0.75241590 0.92918420
vt 0.81222957 0.88788658
vt 0.71051818 0.15489072
vt 0.71518147 0.16156238
vt 0.71453798 0.15322447
vt 0.71032333 0.16203874
vt 0.71933562 0.16967356
vt 0.70880997 0.14628309
vt 0.71237499 0.14151525
vt 0.70668691 0.15511751
vt 0.70669711 0.13901156
vt 0.71490180 0.13025665
vt 0.71493316 0.14418340
vt 0.71603388 0.13682377
vt 0.71083128 0.13036567
vt 0.70400339 0.14584595
vt 0.71276695 0.11984539
vt 0.71933562 0.12225395
vt 0.70647860 0.12962472
vt 0.89979351 0.02611697
vt 0.90026730 0.01478302
vt 0.89227545 0.02424914
vt 0.89403391 0.03181642
vt 0.90062803 0.03585947
vt 0.89325052 0.03645724
vt 0.88919955 0.02879041
vt 0.90327984 0.02773559
vt 0.90332621 0.01858085
vt 0.90502554 0.03766286
vt 0.89286530 0.01668561
vt 0.90502554 0.00730240
vt 0.90362936 0.04530686
vt 0.88913602 0.03660589
vt 0.89259434 0.04166251
vt 0.88801974 0.01918912
vt 0.89887691 0.00796890
vt 0.88969690 0.01140928
vt 0.88373083 0.02464956
vt 0.88443309 0.03204972
vt 0.90163440 0.04939860
vt 0.53950012 0.27916288
vt 0.53358907 0.28505385
vt 0.53341091 0.27573276
vt 0.53890127 0.28514004
vt 0.54694957 0.28341997
vt 0.52739787 0.28046387
vt 0.52730066 0.28651202
vt 0.52798629 0.27037758
vt 0.53338790 0.27020168
vt 0.52366614 0.27961850
vt 0.54590487 0.27513659
vt 0.55135363 0.28122896
vt 0.55353159 0.28651202
vt 0.53888100 0.26994604
vt 0.55520713 0.28124350
vt 0.55591995 0.27121735
vt 0.52382535 0.27208227
vt 0.54871339 0.26612818
vt 0.55655175 0.26517403
vt 0.55888283 0.28465891
vt 0.53826827 0.26750827
vt 0.52279145 0.26866531
vt 0.52172059 0.28548145
vt 0.56111300 0.26629543
vt 0.56027842 0.27337611
vt 0.55684263 0.25679928
vt 0.55418378 0.26075578
vt 0.55005860 0.26124775
vt 0.53069848 0.26430166
vt 0.53808939 0.26403302
vt 0.55990648 0.25157881
vt 0.52597499 0.26370096
vt 0.55450302 0.24868882
vt 0.56197596 0.24785221
vt 0.56476015 0.26639885
vt 0.56686544 0.25931400
vt 0.55329776 0.25293434
vt 0.75916237 0.26158011
vt 0.75780332 0.26902753
vt 0.76192504 0.26408535
vt 0.76031107 0.25214779
vt 0.75890273 0.28351939
vt 0.75687331 0.25318146
vt 0.73516971 0.25868815
vt 0.74319655 0.28203976
vt 0.75749725 0.29250658
vt 0.71410173 0.28186983
vt 0.73486257 0.30288422
vt 0.69854099 0.29485136
vt 0.69485521 0.29119623
vt 0.69018781 0.29387510
vt 0.68976635 0.30044031
vt 0.72004145 0.32058334
vt 0.68921334 0.30819267
vt 0.69168013 0.32491410
vt 0.68748909 0.29858279
vt 0.75449312 0.31446695
vt 0.75638431 0.30324739
vt 0.75272614 0.33931106
vt 0.75450164 0.32367551
vt 0.69406033 0.33444065
vt 0.71764004 0.35785389
vt 0.69354773 0.34425646
vt 0.75355268 0.35084629
vt 0.75016761 0.38125622
vt 0.72122461 0.39747179
vt 0.74944663 0.39093161
vt 0.75132507 0.39538920
vt 0.75284475 0.38850284
vt 0.70440412 0.39258611
vt 0.69914162 0.36932635
vt 0.69943541 0.36242408
vt 0.69436026 0.34863162
vt 0.70324403 0.40081477
vt 0.69669038 0.36033213
vt 0.68628240 0.30386996
vt 0.69053543 0.33218867
vt 0.75996995 0.29501903
vt 0.69996744 0.38510078
vt 0.75810111 0.30616271
vt 0.71736562 0.40226603
vt 0.73617554 0.39910769
vt 0.71947449 0.26019824
vt 0.70019150 0.39642644
vt 0.68780375 0.32058775
vt 0.68611586 0.31319493
vt 0.69054151 0.33816320
vt 0.75598258 0.33546615
vt 0.75147098 0.40088487
vt 0.69798690 0.27918267
vt 0.75725597 0.32122505
vt 0.70510679 0.40659380
vt 0.69515395 0.36392415
vt 0.70347875 0.26524329
vt 0.71169770 0.42974472
vt 0.74882632 0.41629446
vt 0.75460625 0.39896715
vt 0.68949199 0.28389341
vt 0.69166648 0.26424474
vt 0.68769550 0.29047668
vt 0.74072760 0.44976807
vt 0.71493429 0.45054370
vt 0.71097153 0.44713449
vt 0.71170074 0.46078110
vt 0.70774484 0.43209422
vt 0.70386130 0.42339772
vt 0.70807332 0.46472418
vt 0.75295371 0.41324413
vt 0.71628612 0.46177202
vt 0.75497073 0.40822303
vt 0.73492986 0.46895880
vt 0.74637687 0.47015369
vt 0.76051295 0.46195269
vt 0.75868571 0.47754586
vt 0.75899541 0.44869083
vt 0.75558335 0.44044948
vt 0.76074523 0.44150597
vt 0.75792503 0.43105936
vt 0.75875580 0.42340457
vt 0.75301367 0.47757214
vt 0.71341735 0.46548778
vt 0.76192504 0.45871508
vt 0.74170005 0.47626328
vt 0.72287345 0.49672425
vt 0.74628496 0.49785221
vt 0.92253143 0.11383516
vt 0.91622776 0.11145198
vt 0.91894883 0.11931372
vt 0.92421895 0.10708392
vt 0.91200620 0.12541384
vt 0.92171049 0.10024554
vt 0.91434211 0.12894475
vt 0.90761620 0.13115156
vt 0.90891641 0.13783288
vt 0.92717206 0.09923011
vt 0.91113979 0.12008721
vt 0.91979355 0.09720165
vt 0.90719652 0.12522376
vt 0.91299057 0.10844511
vt 0.91352075 0.09993041
vt 0.91351461 0.13820821
vt 0.90599591 0.14044011
vt 0.90548670 0.13090521
vt 0.90620059 0.10854244
vt 0.90530580 0.09570521
vt 0.91925371 0.12760556
vt 0.91302097 0.14395344
vt 0.91630542 0.15589809
vt 0.89205885 0.17808020
vt 0.92029017 0.15957069
vt 0.92562640 0.16318440
vt 0.87832987 0.14597738
vt 0.85809076 0.17317444
vt 0.89964831 0.11315769
vt 0.89410651 0.12474275
vt 0.91875172 0.14912057
vt 0.92298216 0.12144685
vt 0.90361387 0.09826756
vt 0.88974953 0.11976105
vt 0.91973054 0.15471780
vt 0.87232256 0.11548609
vt 0.88153219 0.11184466
vt 0.92628628 0.10752469
vt 0.89887470 0.09730947
vt 0.91823959 0.14041460
vt 0.85257816 0.15489614
vt 0.88929504 0.10817194
vt 0.86015195 0.13529938
vt 0.87832582 0.10198927
vt 0.85694236 0.19802403
vt 0.84809029 0.18285239
vt 0.88408768 0.10861492
vt 0.83743483 0.16709006
vt 0.88760632 0.09522909
vt 0.83970290 0.15710771
vt 0.87093788 0.09113944
vt 0.86269248 0.09017658
vt 0.84921867 0.10932517
vt 0.84731263 0.13530719
vt 0.87605643 0.09218377
vt 0.85575444 0.08840561
vt 0.88375920 0.10242188
vt 0.88160604 0.09440702
vt 0.84949434 0.08580500
vt 0.83121890 0.16525578
vt 0.83293098 0.09728134
vt 0.84374398 0.08292198
vt 0.83399415 0.09029168
vt 0.83108366 0.09335810
vt 0.82829922 0.10034239
vt 0.82812184 0.08746535
vt 0.83627582 0.08185750
vt 0.83287013 0.08770633
vt 0.83086812 0.07905221
vt 0.82567930 0.07774913
vt 0.82240206 0.09243649
vt 0.82382423 0.10176295
vt 0.92417884 0.15829974
vt 0.92717206 0.17580879
vt 0.82856220 0.10654044
vt 0.45522961 0.98003596
vt 0.44644877 0.98259008
vt 0.45341593 0.97597283
vt 0.44687021 0.98724490
vt 0.45951939 0.98396891
vt 0.45626536 0.98986185
vt 0.44485500 0.99301809
vt 0.43760544 0.99301535
vt 0.44008806 0.98567605
vt 0.43708119 0.99742520
vt 0.45363250 0.99788362
vt 0.46405819 0.98918307
vt 0.46206567 0.99506873
vt 0.45693472 0.97737485
vt 0.42917502 0.99957043
vt 0.46664470 0.98694223
vt 0.42499426 0.99521416
vt 0.42175657 0.99912536
vt 0.46203363 0.98294395
vt 0.46776965 0.99957043
vt 0.47146508 0.99123842
vt 0.43003163 0.99077696
vt 0.44761947 0.97413915
vt 0.44972128 0.97214729
vt 0.44112775 0.97829181
vt 0.41176030 0.99761689
vt 0.43245628 0.98265415
vt 0.43968719 0.96778351
vt 0.43382594 0.97697473
vt 0.40986991 0.99158573
vt 0.42101574 0.98873597
vt 0.42715913 0.98097634
vt 0.40666461 0.98676503
vt 0.40587735 0.99370897
vt 0.41822720 0.98299801
vt 0.02567714 0.78938967
vt 0.03243002 0.79195589
vt 0.02590566 0.78637481
vt 0.02325275 0.78965431
vt 0.02242594 0.78518915
vt 0.03915116 0.80416191
vt 0.04277531 0.80268848
vt 0.04644664 0.80545849
vt 0.04631805 0.81353784
vt 0.02783997 0.79503608
vt 0.04217932 0.79875541
vt 0.02916001 0.78222489
vt 0.04554170 0.79889369
vt 0.04901753 0.80711800
vt 0.02329897 0.78325349
vt 0.04125286 0.81038207
vt 0.03270397 0.80179638
vt 0.04174716 0.78951174
vt 0.03492827 0.78113228
vt 0.02331444 0.79212177
vt 0.05137382 0.81195599
vt 0.03840518 0.77782977
vt 0.05220090 0.79155302
vt 0.04614719 0.77523243
vt 0.05659617 0.77190250
vt 0.05621833 0.76737559
vt 0.01916525 0.78674072
vt 0.06983167 0.75449365
vt 0.07438937 0.75528741
vt 0.07683583 0.74813926
vt 0.08118377 0.74638772
vt 0.06434270 0.76312411
vt 0.06393947 0.75879157
vt 0.06029724 0.76382154
vt 0.06274697 0.77528322
vt 0.08562279 0.77242500
vt 0.06257793 0.78439659
vt 0.09145042 0.80226308
vt 0.10191618 0.79793644
vt 0.11231107 0.81171358
vt 0.10386564 0.82365716
vt 0.11874255 0.81675357
vt 0.07912279 0.82334810
vt 0.06073226 0.77909905
vt 0.04694353 0.82319134
vt 0.10486399 0.83958131
vt 0.04231771 0.81969678
vt 0.04211699 0.82996285
vt 0.03511679 0.81160533
vt 0.04647737 0.83078790
vt 0.03891203 0.82290912
vt 0.04828358 0.83542734
vt 0.04303145 0.83671939
vt 0.07313592 0.85137111
vt 0.04389749 0.84183788
vt 0.11360904 0.84090286
vt 0.09144175 0.74296558
vt 0.09893750 0.74892604
vt 0.09147505 0.74031395
vt 0.08723798 0.73987997
vt 0.10009708 0.74528319
vt 0.10618648 0.75140548
vt 0.10403278 0.75425524
vt 0.12197382 0.78594357
vt 0.11490595 0.79679865
vt 0.12314482 0.80615449
vt 0.12824807 0.81145048
vt 0.13586031 0.82213712
vt 0.03955080 0.84234029
vt 0.08393666 0.86414629
vt 0.03891829 0.84754139
vt 0.07146181 0.86816627
vt 0.03016668 0.85118288
vt 0.10487899 0.86898625
vt 0.12188581 0.85898560
vt 0.08088316 0.74350190
vt 0.03631372 0.84470904
vt 0.02526625 0.84756076
vt 0.10236604 0.74084967
vt 0.10932938 0.74644786
vt 0.10706416 0.73721933
vt 0.09796634 0.73063487
vt 0.09371667 0.73431689
vt 0.10408669 0.72937554
vt 0.10660159 0.72585905
vt 0.11389239 0.73502821
vt 0.11176187 0.72201431
vt 0.12178228 0.72274190
vt 0.12092629 0.71487778
vt 0.11726812 0.73850185
vt 0.12756792 0.72575867
vt 0.13090208 0.71797341
vt 0.12311018 0.71197873
vt 0.13586031 0.70919245
vt 0.94862181 0.02189612
vt 0.95021725 0.03088570
vt 0.94517112 0.02835441
vt 0.94331384 0.01932991
vt 0.95482361 0.02353156
vt 0.96042407 0.02805513
vt 0.96209449 0.02505106
vt 0.95636767 0.03414905
vt 0.94137454 0.03580791
vt 0.94907445 0.03719276
vt 0.96388412 0.03243959
vt 0.95327288 0.04018003
vt 0.94188082 0.04130614
vt 0.96061909 0.03712440
vt 0.94820005 0.04499465
vt 0.94245869 0.04772687
vt 0.95210510 0.04811317
vt 0.91685688 0.04645902
vt 0.91582835 0.05171287
vt 0.96027684 0.04451841
vt 0.96854860 0.03367603
vt 0.97268534 0.04350495
vt 0.97013688 0.04915208
vt 0.92499000 0.05578691
vt 0.91061252 0.05706489
vt 0.91343051 0.04650372
vt 0.95816594 0.05410552
vt 0.94292569 0.05654532
vt 0.94868356 0.05568951
vt 0.90718508 0.06158417
vt 0.96897399 0.05365914
vt 0.97636080 0.05299705
vt 0.91910702 0.03988457
vt 0.90812355 0.05302763
vt 0.94510883 0.06925410
vt 0.90485847 0.06623143
vt 0.95250559 0.06238180
vt 0.97551048 0.06029046
vt 0.95833355 0.06385773
vt 0.90444005 0.05305439
vt 0.97729224 0.04872561
vt 0.96737033 0.02847373
vt 0.97997224 0.06322908
vt 0.95292807 0.07150769
vt 0.97715735 0.07043391
vt 0.94443536 0.07363731
vt 0.94721812 0.07708323
vt 0.92519659 0.08098465
vt 0.89416128 0.07181555
vt 0.89579749 0.06263250
vt 0.88965470 0.06038046
vt 0.88337272 0.06203699
vt 0.88418096 0.07358772
vt 0.88117546 0.04837054
vt 0.89021689 0.07725447
vt 0.98253834 0.06927645
vt 0.97980434 0.07718235
vt 0.97429484 0.08317387
vt 0.95128554 0.08490229
vt 0.94452393 0.08001816
vt 0.88812900 0.08353215
vt 0.89266807 0.08719933
vt 0.92026043 0.08594245
vt 0.98038131 0.08719933
vt 0.98476845 0.04288656
vt 0.98193109 0.04257894
vt 0.98509371 0.05338597
vt 0.98168653 0.05332077
vt 0.98509371 0.03823024
vt 0.98265189 0.05798972
vt 0.77550721 0.51368493
vt 0.78025901 0.51047140
vt 0.78217161 0.51593375
vt 0.78083682 0.52559459
vt 0.77694154 0.52878857
vt 0.77219504 0.50558418
vt 0.76702952 0.50695628
vt 0.76434028 0.50884765
vt 0.75786602 0.51312250
vt 0.75478220 0.54028225
vt 0.74826121 0.53105104
vt 0.74670005 0.51871878
vt 0.74088478 0.52426004
vt 0.74835259 0.51310098
vt 0.73756939 0.51616091
vt 0.73083937 0.52148545
vt 0.73963374 0.51313019
vt 0.71609968 0.52560031
vt 0.71866328 0.54213762
vt 0.70505571 0.54242021
vt 0.73522365 0.54265404
vt 0.74371314 0.53664863
vt 0.75615525 0.51016402
vt 0.77089280 0.53917509
vt 0.77709782 0.54023963
vt 0.72637033 0.51847553
vt 0.69541538 0.52817655
vt 0.69880247 0.53933221
vt 0.76123363 0.54442310
vt 0.71495908 0.54581040
vt 0.74380273 0.53990090
vt 0.77310592 0.54407650
vt 0.68976438 0.52967668
vt 0.72900450 0.54596221
vt 0.69861042 0.54344153
vt 0.69324273 0.54092288
vt 0.75176656 0.54488748
vt 0.74788845 0.54267389
vt 0.78180277 0.54596221
vt 0.78407156 0.54276294
vt 0.69492418 0.54502368
vt 0.74378711 0.50773543
vt 0.68722910 0.53834146
vt 0.68456304 0.53128892
vt 0.68270868 0.52689224
vt 0.99175143 0.97093266
vt 0.98642033 0.96997833
vt 0.98694158 0.97455347
vt 0.99275982 0.97670168
vt 0.98751152 0.97895187
vt 0.98615062 0.96530086
vt 0.99275982 0.95749134
vt 0.98168653 0.97234070
vt 0.98370546 0.97679943
vt 0.98698246 0.95575601
vt 0.29814047 0.43410122
vt 0.29543394 0.44744074
vt 0.29348433 0.43453360
vt 0.29525530 0.42714882
vt 0.30284142 0.42699111
vt 0.29041415 0.44396937
vt 0.30226609 0.41779244
vt 0.30612111 0.42155290
vt 0.31159940 0.41372120
vt 0.31316701 0.42012990
vt 0.32649103 0.41868830
vt 0.34174988 0.41573799
vt 0.34209695 0.42330116
vt 0.33685112 0.41022336
vt 0.34864292 0.42643225
vt 0.32511845 0.42199135
vt 0.34737998 0.42988968
vt 0.29083943 0.45417547
vt 0.29584152 0.45653677
vt 0.35387164 0.42080235
vt 0.35889938 0.43010330
vt 0.35254121 0.43174440
vt 0.35373035 0.43869805
vt 0.36282054 0.43765295
vt 0.35820511 0.44726729
vt 0.36152834 0.46888852
vt 0.29181316 0.46368486
vt 0.29826242 0.46756995
vt 0.35632676 0.46119845
vt 0.35768172 0.47293818
vt 0.35214967 0.47003257
vt 0.34628248 0.41148257
vt 0.29897076 0.47293818
vt 0.36776826 0.46177238
vt 0.36925042 0.44846737
vt 0.34873104 0.43185604
vt 0.35110262 0.43740213
vt 0.28613991 0.45948994
vt 0.28969085 0.43312556
vt 0.28577513 0.45125318
vt 0.70131135 0.75137371
vt 0.70779485 0.74574101
vt 0.70851988 0.75068164
vt 0.70064741 0.74389839
vt 0.70340043 0.73795730
vt 0.70859039 0.73912507
vt 0.71025187 0.73111600
vt 0.71315247 0.74553120
vt 0.71298194 0.73744535
vt 0.70684206 0.75717449
vt 0.71334291 0.75294459
vt 0.70998037 0.75986671
vt 0.71677935 0.74288702
vt 0.71635330 0.73469037
vt 0.71714205 0.75135821
vt 0.73867428 0.75503051
vt 0.74183923 0.77410573
vt 0.73813599 0.77284002
vt 0.76277685 0.76957113
vt 0.74111003 0.77822536
vt 0.74581766 0.78122944
vt 0.76138306 0.74294263
vt 0.74431431 0.73919058
vt 0.73059011 0.76573831
vt 0.73466635 0.77457649
vt 0.72106421 0.77916503
vt 0.72338223 0.78297162
vt 0.71659636 0.78197086
vt 0.71871054 0.76061475
vt 0.70794564 0.78018790
vt 0.72660208 0.75203532
vt 0.70264876 0.75787741
vt 0.69138575 0.77881694
vt 0.68894380 0.75037336
vt 0.68608117 0.78127652
vt 0.71965998 0.78551853
vt 0.69161284 0.78231788
vt 0.67866611 0.79037088
vt 0.67491889 0.78117001
vt 0.67392623 0.78991896
vt 0.67871004 0.79595172
vt 0.66695333 0.78328431
vt 0.66760337 0.78815502
vt 0.66774249 0.76096171
vt 0.67128915 0.74729478
vt 0.69244391 0.78771126
vt 0.72955382 0.74249464
vt 0.68443882 0.79919058
vt 0.70472020 0.79374194
vt 0.68977290 0.80632651
vt 0.70589036 0.80346859
vt 0.69176412 0.81080735
vt 0.72581017 0.73810297
vt 0.72608411 0.74646628
vt 0.70852792 0.79791808
vt 0.72232467 0.78586370
vt 0.68788528 0.73371452
vt 0.70090997 0.73699343
vt 0.67913538 0.73713762
vt 0.67074656 0.73915374
vt 0.71446329 0.79184991
vt 0.71506828 0.79460996
vt 0.69840384 0.81181920
vt 0.70384097 0.81035173
vt 0.69854569 0.81572163
vt 0.69239426 0.81410426
vt 0.69542456 0.72622883
vt 0.70310891 0.72192687
vt 0.69615901 0.71862024
vt 0.70396370 0.71327507
vt 0.70738840 0.72879285
vt 0.69050026 0.71941596
vt 0.69026601 0.71268386
vt 0.69480789 0.70788223
vt 0.68914539 0.72493702
vt 0.65850747 0.74668461
vt 0.66292542 0.73819131
vt 0.70545179 0.79049122
vt 0.67990375 0.70700401
vt 0.68803853 0.70178223
vt 0.67620432 0.69838494
vt 0.67066658 0.70570350
vt 0.66873497 0.69800824
vt 0.65797168 0.78153867
vt 0.71694398 0.72839928
vt 0.71023762 0.72232199
vt 0.71714336 0.73137921
vt 0.72401893 0.73218918
vt 0.72197294 0.73485112
vt 0.70847386 0.71755046
vt 0.72051454 0.71845341
vt 0.72141880 0.70665145
vt 0.73198611 0.71692759
vt 0.69949752 0.78567117
vt 0.69765317 0.78273028
vt 0.70520163 0.78315765
vt 0.66141808 0.70581228
vt 0.74451369 0.71942377
vt 0.74806190 0.71197104
vt 0.64475775 0.76588172
vt 0.64422995 0.77795047
vt 0.71575612 0.75754660
vt 0.72001350 0.75443840
vt 0.71319270 0.78615135
vt 0.71600890 0.78429049
vt 0.65166485 0.78231710
vt 0.63494134 0.77802163
vt 0.63083839 0.75022912
vt 0.63143200 0.73510641
vt 0.65332294 0.73563194
vt 0.67131221 0.70983380
vt 0.67994344 0.71069926
vt 0.75639880 0.72022527
vt 0.63884848 0.77928013
vt 0.63536668 0.78474671
vt 0.62646967 0.78508788
vt 0.62922961 0.79121256
vt 0.63439882 0.79299074
vt 0.63160110 0.80519372
vt 0.62076110 0.79193997
vt 0.62908787 0.80887938
vt 0.61902279 0.79768282
vt 0.62599331 0.80974966
vt 0.62898451 0.81572163
vt 0.61402160 0.79086220
vt 0.61249423 0.79417086
vt 0.61438823 0.80062824
vt 0.60794044 0.78873491
vt 0.63827413 0.78780103
vt 0.61745733 0.78876406
vt 0.61786425 0.78530967
vt 0.61274111 0.78580397
vt 0.60794044 0.78873491
vt 0.61069465 0.78343093
vt 0.67322463 0.73190027
vt 0.67951149 0.73026073
vt 0.68404174 0.72847277
vt 0.68805850 0.80875671
vt 0.68329155 0.80302721
vt 0.71994239 0.74226642
vt 0.72062916 0.74846560
vt 0.63243216 0.81084251
vt 0.64073896 0.78109419
vt 0.68746310 0.71677536
vt 0.68097401 0.72006065
vt 0.68078738 0.72286111
vt 0.67992616 0.72616655
vt 0.67367870 0.72578865
vt 0.63604802 0.79756492
vt 0.62768048 0.74709660
vt 0.62311238 0.74043000
vt 0.62856007 0.73938739
vt 0.62219834 0.74978650
vt 0.62251633 0.73380232
vt 0.62828869 0.73072058
vt 0.62486023 0.75644404
vt 0.61871153 0.74233508
vt 0.61898953 0.73320901
vt 0.62163681 0.72664171
vt 0.62687987 0.72567350
vt 0.62636471 0.71780568
vt 0.61772054 0.75165027
vt 0.61180514 0.71618950
vt 0.61400002 0.70816833
vt 0.63201773 0.71193886
vt 0.62042451 0.70350450
vt 0.63369858 0.70489466
vt 0.63344949 0.71740031
vt 0.63668287 0.71094513
vt 0.60090411 0.71055073
vt 0.60413504 0.70306838
vt 0.60306537 0.71971881
vt 0.61023176 0.72684270
vt 0.61459261 0.73648232
vt 0.64772999 0.70134312
vt 0.64093161 0.72270840
vt 0.64447612 0.71404058
vt 0.59353626 0.71734798
vt 0.61480373 0.74574125
vt 0.59325868 0.70739067
vt 0.61736387 0.76024443
vt 0.61675960 0.75598466
vt 0.61943096 0.77879161
vt 0.59185147 0.70024592
vt 0.60471702 0.77871954
vt 0.61099184 0.75706112
vt 0.59645486 0.77603066
vt 0.60621870 0.75219244
vt 0.59156460 0.73871213
vt 0.60492349 0.73912621
vt 0.60618144 0.73518664
vt 0.59511137 0.73293942
vt 0.64631355 0.72333366
vt 0.64817011 0.71603334
vt 0.57964224 0.73181874
vt 0.58975345 0.77363968
vt 0.58572900 0.71240944
vt 0.60100353 0.78276157
vt 0.60551155 0.78378576
vt 0.65508622 0.71284020
vt 0.65433162 0.70703650
vt 0.65792924 0.69862008
vt 0.58263958 0.71928298
vt 0.61146158 0.74055612
vt 0.59656543 0.69213790
vt 0.63614130 0.68870533
vt 0.64929861 0.68685567
vt 0.63164288 0.69550008
vt 0.59366721 0.77920729
vt 0.61611027 0.72908902
vt 0.61054766 0.73084253
vt 0.65630758 0.72780550
vt 0.66187119 0.73005557
vt 0.61383003 0.75110948
vt 0.66167867 0.70935440
vt 0.58558899 0.77443320
vt 0.65801412 0.69126093
vt 0.66722447 0.73204839
vt 0.65129328 0.71996760
vt 0.65323883 0.72432184
vt 0.65240800 0.71616071
vt 0.61102068 0.74757016
vt 0.60925269 0.75010312
vt 0.65719140 0.71940011
vt 0.66045433 0.71800709
vt 0.66239846 0.72219563
vt 0.66421652 0.71863991
vt 0.66745788 0.72099382
vt 0.66809195 0.72541106
vt 0.67203540 0.72130954
vt 0.67602617 0.72185910
vt 0.65794045 0.72311687
vt 0.67582154 0.71893597
vt 0.24424057 0.98649049
vt 0.25013709 0.98161381
vt 0.24997909 0.98892599
vt 0.25495109 0.98597544
vt 0.24228927 0.99595052
vt 0.23932216 0.99264377
vt 0.25860590 0.98101228
vt 0.25713369 0.97634941
vt 0.26740083 0.97565418
vt 0.26219741 0.97170109
vt 0.26797342 0.97119027
vt 0.27738518 0.97624284
vt 0.27861327 0.97332156
vt 0.28714558 0.97874403
vt 0.28847173 0.97491276
vt 0.29682100 0.97875434
vt 0.29786387 0.98439699
vt 0.30396396 0.98347145
vt 0.30504093 0.99124599
vt 0.30962521 0.99141502
vt 0.30701467 0.99785221
vt 0.23466781 0.99785221
vt 0.29357779 0.97290564
vt 0.28593680 0.96996915
vt 0.29869661 0.98890096
vt 0.27485582 0.96879750
vt 0.29147846 0.98283017
vt 0.28889588 0.96434706
vt 0.73602253 0.22251248
vt 0.73431337 0.23067009
vt 0.73905343 0.22758269
vt 0.74141502 0.21980500
vt 0.74812645 0.22023696
vt 0.73209763 0.22413349
vt 0.73657030 0.21454513
vt 0.74991143 0.21370459
vt 0.74572486 0.22817367
vt 0.75137883 0.22556138
vt 0.75826609 0.22079325
vt 0.75800031 0.22930455
vt 0.75812006 0.21359336
vt 0.73836654 0.20226079
vt 0.74700987 0.19768363
vt 0.75765610 0.19930696
vt 0.73491085 0.20395136
vt 0.74579316 0.19133312
vt 0.76274836 0.21910304
vt 0.77048028 0.21654081
vt 0.76819605 0.22693044
vt 0.76391327 0.22706068
vt 0.77302003 0.22672325
vt 0.76866722 0.19311953
vt 0.77385008 0.21302277
vt 0.75231570 0.18435454
vt 0.75852758 0.18423378
vt 0.76805216 0.18598056
vt 0.77385008 0.19411850
vt 0.73703057 0.19369870
vt 0.74432880 0.18551201
vt 0.76390463 0.17719823
vt 0.75270367 0.17730480
vt 0.73126066 0.21254838
vt 0.74363846 0.17964733
vt 0.73677927 0.18444842
vt 0.75734502 0.17128009
vt 0.76488262 0.17542076
vt 0.76046449 0.16965860
vt 0.75149137 0.16795534
vt 0.74737567 0.17135853
vt 0.79719311 0.68685567
vt 0.80289423 0.69028163
vt 0.81349641 0.68742913
vt 0.79870105 0.69213790
vt 0.79066503 0.68892318
vt 0.81052554 0.69423622
vt 0.82063913 0.69019866
vt 0.78547871 0.69352800
vt 0.78762740 0.68691808
vt 0.82494396 0.69515002
vt 0.83295602 0.69290560
vt 0.83341980 0.68877125
vt 0.84127569 0.69180667
vt 0.84353155 0.69578969
vt 0.83426690 0.69724280
vt 0.78357697 0.69870758
vt 0.81565368 0.69791263
vt 0.79472148 0.70008111
vt 0.84227353 0.69986010
vt 0.83564824 0.70086628
vt 0.78412986 0.68772268
vt 0.81886637 0.70164204
vt 0.78224921 0.70235306
vt 0.80077142 0.70523280
vt 0.78226203 0.69310045
vt 0.83769315 0.70688683
vt 0.78312731 0.70897943
vt 0.77917480 0.70509642
vt 0.82866937 0.71834737
vt 0.82167852 0.73045832
vt 0.80148959 0.73412061
vt 0.81906432 0.73969996
vt 0.81552690 0.74727052
vt 0.81037915 0.75077194
vt 0.80555701 0.75346923
vt 0.77913100 0.74007016
vt 0.78767031 0.76113689
vt 0.78257990 0.75515926
vt 0.77700317 0.74416655
vt 0.77513158 0.73126101
vt 0.80031842 0.76875806
vt 0.78794754 0.76898438
vt 0.79493833 0.77305019
vt 0.79995596 0.77349651
vt 0.80826133 0.76117355
vt 0.79164034 0.77316874
vt 0.78712624 0.77915365
vt 0.82639188 0.72883093
vt 0.77746564 0.71789449
vt 0.77243328 0.72656232
vt 0.78661084 0.78390092
vt 0.77172768 0.72162670
vt 0.77502662 0.71374881
vt 0.83201069 0.72301847
vt 0.82792300 0.73196125
vt 0.79135537 0.78938580
vt 0.80049610 0.78192425
vt 0.80737275 0.79474014
vt 0.77280080 0.82256192
vt 0.80197924 0.83715892
vt 0.81668514 0.80420375
vt 0.82854480 0.82420242
vt 0.81886613 0.84129441
vt 0.80449766 0.84354830
vt 0.79519248 0.84164399
vt 0.77401018 0.83301008
vt 0.77588856 0.83739644
vt 0.77599555 0.84146655
vt 0.78851539 0.84491706
vt 0.83977658 0.84215212
vt 0.83784813 0.84570497
vt 0.81698763 0.84599763
vt 0.80969906 0.78913254
vt 0.78132468 0.79263556
vt 0.76411498 0.81858569
vt 0.77719325 0.84586209
vt 0.79587978 0.84739053
vt 0.81231153 0.78709257
vt 0.83495295 0.82875317
vt 0.84401548 0.84765035
vt 0.84486109 0.84355319
vt 0.81985581 0.80188447
vt 0.76180756 0.83194470
vt 0.80527806 0.84792954
vt 0.76699281 0.83644217
vt 0.77380902 0.84021759
vt 0.77374655 0.84692293
vt 0.84301805 0.70549279
vt 0.81960660 0.79604465
vt 0.81477731 0.75444925
vt 0.80678439 0.77352875
vt 0.77059829 0.83825195
vt 0.77828807 0.85362452
vt 0.76344019 0.71643001
vt 0.77690011 0.70443511
vt 0.77917087 0.69890189
vt 0.77295798 0.85504234
vt 0.78666776 0.85339433
vt 0.82450724 0.74086547
vt 0.76033062 0.82224023
vt 0.81217569 0.77054143
vt 0.81399274 0.77413416
vt 0.81399274 0.77413416
vt 0.84083831 0.85183501
vt 0.82679325 0.85230845
vt 0.74488926 0.83347231
vt 0.76648676 0.85076350
vt 0.75670844 0.82682258
vt 0.79876381 0.85343546
vt 0.81429136 0.85224795
vt 0.79096985 0.85524052
vt 0.82953423 0.80575365
vt 0.84813541 0.69986773
vt 0.84651244 0.83749563
vt 0.82687396 0.77148122
vt 0.80655140 0.85523498
vt 0.84057170 0.71498388
vt 0.82860714 0.77402663
vt 0.83870417 0.72596997
vt 0.82857895 0.76469785
vt 0.83589280 0.74218655
vt 0.83902901 0.73333108
vt 0.83894813 0.81849545
vt 0.84456378 0.82555938
vt 0.84877837 0.84358484
vt 0.83040029 0.77132916
vt 0.82997268 0.79298055
vt 0.83638614 0.80479836
vt 0.84965926 0.84863955
vt 0.83118933 0.78835469
vt 0.82860714 0.77402663
vt 0.84250647 0.72450650
vt 0.84722269 0.70891833
vt 0.84556508 0.71770740
vt 0.83434945 0.79576093
vt 0.84965926 0.69436985
vt 0.72989398 0.65307784
vt 0.73168534 0.65801662
vt 0.73730576 0.65519708
vt 0.74265385 0.65949202
vt 0.73195940 0.64859569
vt 0.72679543 0.64830256
vt 0.73975456 0.65361536
vt 0.73428261 0.64783126
vt 0.72444522 0.65461326
vt 0.72325873 0.64997143
vt 0.72086567 0.64621824
vt 0.72383040 0.64210659
vt 0.71737039 0.65131772
vt 0.71592844 0.64582801
vt 0.71841794 0.63866663
vt 0.72162980 0.63442230
vt 0.76330334 0.64190722
vt 0.75571257 0.64339232
vt 0.75711143 0.64642590
vt 0.76188844 0.63920790
vt 0.75348282 0.64912963
vt 0.74831575 0.64817911
vt 0.74535692 0.64563459
vt 0.74369699 0.64821309
vt 0.75553566 0.63442707
vt 0.74915189 0.63850933
vt 0.75130826 0.63261360
vt 0.75844043 0.62701410
vt 0.73529321 0.64038593
vt 0.73832107 0.64284492
vt 0.76051110 0.63164872
vt 0.74754280 0.63106483
vt 0.75574106 0.62351882
vt 0.73192281 0.63588613
vt 0.73364502 0.62795794
vt 0.72822732 0.64318997
vt 0.76672232 0.63095540
vt 0.72646493 0.63210064
vt 0.76743841 0.64019305
vt 0.77392823 0.63561261
vt 0.75172853 0.66315210
vt 0.74420357 0.65760744
vt 0.76342469 0.66262472
vt 0.77599102 0.66678935
vt 0.76689976 0.66117907
vt 0.76227885 0.65998775
vt 0.77905953 0.66617936
vt 0.76000047 0.66464388
vt 0.75793779 0.66140175
vt 0.75503522 0.65803498
vt 0.76038969 0.65544194
vt 0.74393821 0.65333533
vt 0.77309018 0.66168588
vt 0.76698875 0.65548861
vt 0.76912683 0.64832920
vt 0.77537024 0.64843988
vt 0.77624989 0.64348865
vt 0.75530475 0.65586609
vt 0.77277386 0.64198381
vt 0.77825707 0.63903022
vt 0.78380191 0.64099801
vt 0.77833462 0.66137761
vt 0.77289736 0.65601563
vt 0.77978921 0.65716982
vt 0.78094459 0.65350944
vt 0.78728241 0.65480804
vt 0.79064149 0.65143085
vt 0.79894596 0.65705043
vt 0.80116045 0.66073400
vt 0.78853542 0.65793908
vt 0.78798944 0.64710617
vt 0.78474462 0.65934277
vt 0.79927021 0.66917306
vt 0.80481780 0.66488594
vt 0.80857360 0.67304075
vt 0.80437857 0.66016400
vt 0.81226295 0.66564316
vt 0.81421691 0.67301863
vt 0.81793314 0.67061967
vt 0.81915045 0.66768694
vt 0.82456362 0.67281318
vt 0.81715447 0.67614967
vt 0.78209013 0.66472501
vt 0.81966609 0.67939442
vt 0.82651782 0.67800063
vt 0.81518239 0.67965257
vt 0.82787168 0.68170100
vt 0.83341044 0.68015754
vt 0.81463313 0.67707235
vt 0.80971009 0.67757463
vt 0.80301005 0.67385423
vt 0.83178085 0.67656231
vt 0.83593488 0.67710030
vt 0.83234257 0.67126811
vt 0.82964253 0.66962111
vt 0.79391432 0.67053998
vt 0.83841604 0.67956871
vt 0.81908977 0.66039258
vt 0.81001407 0.65234989
vt 0.81224477 0.66180933
vt 0.80147523 0.65489960
vt 0.80303633 0.64753890
vt 0.82509154 0.66630828
vt 0.79232186 0.64844847
vt 0.80862963 0.64932221
vt 0.80359966 0.64301348
vt 0.81612313 0.65434891
vt 0.78900391 0.63777179
vt 0.79603803 0.63805234
vt 0.81914079 0.65579784
vt 0.79114425 0.63311267
vt 0.78486025 0.63380474
vt 0.77071702 0.61506379
vt 0.76283437 0.61560857
vt 0.76531756 0.61950302
vt 0.77484369 0.62269241
vt 0.75629228 0.61960745
vt 0.76779395 0.62453902
vt 0.77880716 0.62671894
vt 0.75048316 0.62081814
vt 0.74348092 0.62545985
vt 0.77794307 0.63261288
vt 0.78345424 0.62568510
vt 0.75582683 0.61598837
vt 0.78858471 0.62769377
vt 0.79483753 0.63154101
vt 0.79960060 0.63756013
vt 0.80943543 0.64276278
vt 0.81155103 0.64770633
vt 0.76986551 0.61148775
vt 0.77320069 0.61395961
vt 0.80164629 0.63408297
vt 0.81461734 0.64478689
vt 0.81680435 0.64981318
vt 0.82134134 0.65389049
vt 0.82531679 0.66216755
vt 0.82892877 0.66211599
vt 0.82964009 0.66503251
vt 0.74369156 0.62105972
vt 0.78601676 0.62367225
vt 0.83409804 0.66812670
vt 0.83728099 0.67517936
vt 0.77985227 0.62380069
vt 0.79815823 0.62670064
vt 0.77576375 0.61908871
vt 0.77071702 0.61506379
vt 0.80108267 0.62174398
vt 0.80537838 0.62764269
vt 0.80537838 0.62764269
vt 0.81261897 0.64018351
vt 0.81280619 0.62819725
vt 0.83943784 0.67485327
vt 0.83243757 0.66224003
vt 0.83102167 0.60633957
vt 0.80100417 0.57020223
vt 0.77348518 0.57968879
vt 0.78377372 0.55032313
vt 0.83943784 0.55629182
vt 0.83413434 0.54467934
vt 0.82752937 0.53707457
vt 0.82595402 0.52706188
vt 0.75846392 0.57537687
vt 0.75787878 0.58328229
vt 0.75259417 0.57522774
vt 0.75331992 0.56657994
vt 0.75044119 0.55015761
vt 0.69405270 0.02140498
vt 0.69961160 0.02448452
vt 0.68059433 0.02340585
vt 0.70172864 0.01995045
vt 0.71155643 0.02417785
vt 0.72070986 0.02176261
vt 0.68174660 0.01845604
vt 0.67741650 0.02141267
vt 0.67186362 0.01624417
vt 0.65818280 0.01752561
vt 0.66158199 0.02110547
vt 0.69259298 0.01767975
vt 0.71689343 0.01747435
vt 0.72796047 0.02090520
vt 0.65993530 0.01144457
vt 0.64890641 0.01293379
vt 0.64831638 0.01720697
vt 0.63968879 0.01546729
vt 0.63749522 0.02029437
vt 0.62529409 0.02290255
vt 0.62682831 0.01618534
vt 0.62003845 0.02009439
vt 0.61638886 0.02448452
vt 0.63642323 0.01062495
vt 0.68154901 0.01370472
vt 0.69543552 0.01479071
vt 0.73336470 0.01760310
vt 0.73336285 0.02281255
vt 0.74430948 0.02158237
vt 0.69942731 0.01291692
vt 0.62216705 0.01100540
vt 0.66401798 0.00905627
vt 0.64828187 0.00876021
vt 0.65366584 0.00667071
vt 0.74271458 0.01708555
vt 0.61543757 0.01724952
vt 0.75083560 0.01903719
vt 0.75135684 0.02414972
vt 0.75766611 0.02179229
vt 0.71738219 0.01265454
vt 0.68521953 0.00882268
vt 0.62747401 0.00454873
vt 0.69470674 0.00796443
vt 0.66178536 0.00481111
vt 0.73497713 0.01242328
vt 0.75578928 0.01668841
vt 0.71399480 0.00877810
vt 0.65081745 0.00300688
vt 0.61473721 0.01064438
vt 0.75009900 0.01364350
vt 0.60860306 0.02146792
vt 0.61014277 0.01543617
vt 0.61705387 0.00478655
vt 0.30098030 0.18110555
vt 0.29574192 0.19016564
vt 0.30338711 0.18777931
vt 0.29244772 0.18102217
vt 0.29898098 0.19286942
vt 0.29816315 0.17706263
vt 0.30264601 0.17661428
vt 0.29065290 0.17743993
vt 0.29364058 0.17206270
vt 0.29869765 0.17091233
vt 0.29270539 0.16707921
vt 0.29902369 0.16589928
vt 0.29425126 0.16115522
vt 0.28963834 0.16260082
vt 0.29204905 0.15809959
vt 0.28691682 0.15813673
vt 0.28958428 0.19058114
vt 0.28802904 0.17276299
vt 0.28736863 0.16762078
vt 0.29806274 0.15590054
vt 0.28321975 0.16496241
vt 0.28668386 0.18425083
vt 0.28649363 0.17825437
vt 0.28641012 0.15335053
vt 0.29221410 0.15438879
vt 0.30340460 0.16993797
vt 0.30768037 0.17549616
vt 0.30962521 0.16829836
vt 0.30565938 0.16390264
vt 0.30242872 0.15850031
vt 0.30936569 0.18168515
vt 0.30962521 0.18606812
vt 0.30892676 0.19113284
vt 0.54434729 0.78486711
vt 0.53930515 0.78304243
vt 0.54289627 0.77616650
vt 0.53875637 0.78940231
vt 0.54642248 0.77448452
vt 0.54642248 0.79276043
vt 0.54157478 0.79424399
vt 0.38570294 0.31239361
vt 0.38661727 0.31713873
vt 0.37717158 0.31617910
vt 0.37202656 0.31228518
vt 0.38969335 0.31302428
vt 0.38899603 0.32008219
vt 0.34493890 0.32380295
vt 0.35074106 0.31267047
vt 0.35117400 0.31774247
vt 0.34503406 0.31565940
vt 0.33858603 0.31969023
vt 0.35541728 0.32039404
vt 0.35809955 0.31675774
vt 0.37109068 0.31944817
vt 0.38585493 0.31984925
vt 0.35834733 0.31289971
vt 0.36954567 0.31388253
vt 0.35240316 0.33058798
vt 0.36876225 0.32480013
vt 0.36099184 0.33397859
vt 0.37021679 0.33023036
vt 0.37859774 0.32419801
vt 0.38281056 0.32755470
vt 0.36944306 0.33681077
vt 0.37395319 0.33977664
vt 0.36761642 0.33977664
vt 0.69325417 0.96212107
vt 0.68369204 0.95761758
vt 0.69505268 0.96775883
vt 0.68789488 0.94920415
vt 0.68093163 0.94892627
vt 0.68595195 0.94259989
vt 0.68776566 0.96856511
vt 0.69838965 0.97340149
vt 0.70024312 0.96735185
vt 0.70451617 0.97134995
vt 0.70041186 0.97830695
vt 0.70696431 0.97736865
vt 0.70927501 0.97310245
vt 0.69167358 0.97644597
vt 0.67891216 0.95815527
vt 0.68057144 0.94190544
vt 0.68646002 0.93592423
vt 0.71081769 0.98238832
vt 0.68516695 0.97055858
vt 0.67504978 0.94874221
vt 0.67504257 0.95998013
vt 0.69636995 0.95994228
vt 0.67659920 0.93340307
vt 0.68463480 0.92987692
vt 0.68957222 0.93035239
vt 0.68075633 0.92182159
vt 0.69044453 0.92283654
vt 0.68690449 0.91614705
vt 0.69489849 0.91430897
vt 0.68887675 0.90969902
vt 0.70187652 0.90335107
vt 0.70309001 0.89859122
vt 0.71002388 0.90193349
vt 0.71081769 0.89561856
vt 0.68748319 0.90482920
vt 0.68320370 0.91146988
vt 0.70696926 0.90430915
vt 0.69437867 0.89854938
vt 0.69113553 0.94834614
vt 0.89384115 0.66055715
vt 0.88483173 0.66080636
vt 0.89227450 0.66441691
vt 0.89029425 0.65764606
vt 0.89776707 0.66513801
vt 0.89525491 0.66921300
vt 0.88949102 0.66748208
vt 0.88109416 0.66592097
vt 0.89139301 0.67204958
vt 0.90159649 0.66909653
vt 0.89892203 0.67262119
vt 0.89801973 0.65916330
vt 0.90213466 0.66310710
vt 0.90448630 0.67395169
vt 0.90178633 0.67930156
vt 0.90687740 0.66915160
vt 0.90613228 0.68298197
vt 0.90999496 0.67784500
vt 0.90890115 0.68978953
vt 0.91247028 0.67490810
vt 0.91269165 0.69000620
vt 0.90915143 0.69821990
vt 0.86528897 0.75367093
vt 0.86039376 0.74196255
vt 0.86149538 0.75542140
vt 0.86535007 0.76169306
vt 0.87058985 0.76761520
vt 0.86515200 0.76713169
vt 0.87317079 0.77888334
vt 0.86566401 0.74319261
vt 0.86197156 0.73800254
vt 0.86633968 0.73221546
vt 0.86155879 0.73087472
vt 0.86939979 0.72361219
vt 0.86835515 0.74997067
vt 0.87886590 0.78039145
vt 0.87900108 0.78735745
vt 0.86713260 0.71731031
vt 0.85988611 0.71855021
vt 0.86023581 0.71400338
vt 0.86065167 0.71166992
vt 0.86636078 0.70771569
vt 0.85885435 0.70715570
vt 0.86385924 0.70164788
vt 0.87021554 0.69771272
vt 0.86715889 0.69438428
vt 0.86043346 0.69312936
vt 0.86604774 0.68780833
vt 0.87323070 0.68583471
vt 0.85618669 0.69156373
vt 0.86888498 0.67977166
vt 0.87722576 0.67215425
vt 0.88463098 0.67317867
vt 0.86093682 0.68514007
vt 0.89299423 0.67649889
vt 0.89632684 0.67431408
vt 0.88805479 0.67969787
vt 0.87285024 0.69328034
vt 0.87732404 0.68973857
vt 0.87424397 0.71587753
vt 0.87600774 0.71937180
vt 0.88417804 0.71559513
vt 0.90080714 0.68615341
vt 0.88084108 0.71277708
vt 0.89555585 0.70552748
vt 0.89325368 0.70089352
vt 0.89691305 0.69609338
vt 0.90136904 0.70440274
vt 0.89738971 0.68732494
vt 0.90092403 0.71086407
vt 0.90539801 0.70904410
vt 0.90367854 0.71813703
vt 0.90109205 0.72256666
vt 0.90676290 0.72228539
vt 0.90222520 0.72689033
vt 0.90458304 0.69379729
vt 0.89377666 0.68198007
vt 0.87107378 0.70856315
vt 0.88324463 0.71969426
vt 0.89109147 0.71425712
vt 0.89525163 0.71534699
vt 0.89149302 0.71916884
vt 0.89303625 0.73144490
vt 0.88920373 0.72767401
vt 0.88291097 0.72729790
vt 0.88777173 0.73732519
vt 0.88003588 0.73605323
vt 0.88357258 0.74008453
vt 0.88696516 0.74912632
vt 0.88205159 0.74772060
vt 0.88555765 0.75685734
vt 0.87861842 0.74147713
vt 0.90830588 0.72788179
vt 0.88076788 0.75636762
vt 0.88442540 0.76375818
vt 0.87587851 0.73316860
vt 0.88980895 0.76570928
vt 0.88937509 0.77677453
vt 0.85427815 0.72454286
vt 0.88204122 0.69581401
vt 0.87854356 0.70211351
vt 0.88487232 0.69897658
vt 0.89074945 0.69100696
vt 0.88118929 0.70536882
vt 0.89021426 0.68718147
vt 0.87702894 0.70810741
vt 0.89151192 0.69523299
vt 0.88820159 0.79904276
vt 0.88049388 0.79453719
vt 0.88697445 0.80406028
vt 0.89347059 0.78055060
vt 0.89036590 0.78590244
vt 0.88428867 0.77368546
vt 0.89213276 0.74641997
vt 0.89903671 0.78743041
vt 0.89785302 0.79954118
vt 0.89146972 0.79946774
vt 0.89391208 0.80989099
vt 0.88867664 0.81234002
vt 0.87537587 0.76728553
vt 0.89278585 0.81743985
vt 0.89896059 0.77503133
vt 0.90211356 0.78249198
vt 0.90334392 0.76519346
vt 0.90117735 0.76149809
vt 0.90658855 0.76322639
vt 0.90422845 0.75894320
vt 0.90139389 0.75515336
vt 0.90636659 0.75511712
vt 0.90419573 0.74665427
vt 0.89989132 0.74856532
vt 0.90151441 0.73614311
vt 0.90698844 0.73710436
vt 0.90312392 0.72992688
vt 0.90473783 0.78930247
vt 0.85444486 0.69642287
vt 0.89639872 0.75966263
vt 0.87727463 0.74841923
vt 0.85635144 0.72894055
vt 0.85066122 0.74152410
vt 0.85569680 0.73405832
vt 0.90895832 0.74762350
vt 0.87014329 0.74243230
vt 0.90024716 0.80248195
vt 0.85468447 0.70194733
vt 0.85142255 0.70314956
vt 0.88532180 0.81637561
vt 0.91081578 0.75467592
vt 0.89849377 0.81290048
vt 0.90793580 0.77477628
vt 0.90512997 0.79630607
vt 0.90915680 0.71362883
vt 0.91168720 0.73507637
vt 0.91170067 0.71931076
vt 0.91269165 0.76452023
vt 0.86015517 0.76542455
vt 0.86708057 0.77679735
vt 0.85555917 0.75380301
vt 0.85725427 0.74529278
vt 0.85350204 0.74045038
vt 0.85051107 0.74672008
vt 0.87319970 0.78620052
vt 0.87175369 0.79199022
vt 0.88048726 0.80077046
vt 0.85168940 0.75096691
vt 0.56922805 0.97372460
vt 0.57324243 0.97726756
vt 0.57479709 0.96744865
vt 0.56390560 0.96500558
vt 0.57165670 0.96245444
vt 0.56411070 0.95680958
vt 0.56347990 0.97389424
vt 0.57747960 0.95810348
vt 0.57080746 0.95410442
vt 0.57535696 0.95288527
vt 0.56775653 0.94706100
vt 0.56345826 0.94939810
vt 0.58705288 0.96250522
vt 0.58141732 0.95201743
vt 0.58933985 0.95263386
vt 0.58405912 0.97152007
vt 0.57753086 0.94647354
vt 0.57157558 0.94580269
vt 0.59352762 0.96903074
vt 0.58557260 0.94372851
vt 0.59086335 0.94447762
vt 0.59194458 0.97571808
vt 0.57820290 0.98488677
vt 0.58575940 0.98482919
vt 0.59230775 0.95590818
vt 0.59945917 0.95502514
vt 0.60093695 0.94629776
vt 0.59613281 0.94418228
vt 0.59887683 0.97177702
vt 0.60093695 0.96447229
vt 0.59317565 0.98328549
vt 0.59779578 0.98157799
vt 0.59074003 0.99168444
vt 0.58450192 0.99441582
vt 0.69527191 0.88719362
vt 0.70330238 0.88702750
vt 0.69841415 0.89128590
vt 0.70721418 0.89100933
vt 0.68637723 0.89132303
vt 0.68441224 0.88712710
vt 0.71184224 0.88776672
vt 0.71848381 0.89132303
vt 0.39504194 0.48665786
vt 0.39542270 0.47271031
vt 0.39233479 0.48533767
vt 0.39213443 0.47250950
vt 0.39181423 0.46845740
vt 0.38628620 0.48263526
vt 0.39906302 0.46065277
vt 0.39906302 0.48614562
vt 0.39442867 0.45919240
vt 0.39866260 0.49081647
vt 0.39463294 0.49097937
vt 0.95862335 0.58634019
vt 0.95118988 0.59529781
vt 0.95853871 0.59238315
vt 0.95255727 0.60033840
vt 0.96483171 0.59036487
vt 0.95702595 0.60266638
vt 0.94891703 0.60963809
vt 0.96443510 0.59762669
vt 0.95304543 0.61446881
vt 0.94505960 0.61407268
vt 0.95025343 0.61984515
vt 0.97179157 0.59521872
vt 0.96436578 0.60729140
vt 0.95715278 0.62302184
vt 0.97271001 0.59167308
vt 0.97753179 0.59894079
vt 0.96545106 0.62804389
vt 0.98021328 0.62456781
vt 0.98829061 0.61532855
vt 0.98574847 0.60323203
vt 0.97331071 0.63310260
vt 0.98270875 0.59780180
vt 0.99484736 0.60830861
vt 0.98055196 0.63489091
vt 0.95775783 0.62999082
vt 0.96365017 0.63334000
vt 0.95884430 0.63377142
vt 0.96639264 0.63843417
vt 0.98672241 0.62584287
vt 0.97249073 0.63954681
vt 0.97144979 0.64632064
vt 0.99616694 0.60487461
vt 0.99378753 0.61843979
vt 0.96304119 0.64269531
vt 0.96418017 0.65332866
vt 0.95725042 0.64654905
vt 0.95635051 0.63802356
vt 0.95493597 0.65404969
vt 0.94856912 0.64888346
vt 0.95913380 0.66002744
vt 0.94918704 0.65473193
vt 0.96594155 0.66351557
vt 0.97505188 0.65834165
vt 0.95578247 0.66287887
vt 0.98108369 0.65206015
vt 0.96383828 0.66803348
vt 0.98181432 0.64783329
vt 0.97570634 0.66861838
vt 0.98000914 0.64479578
vt 0.97214496 0.67278516
vt 0.96679997 0.58692288
vt 0.97982240 0.67482817
vt 0.98786962 0.66361070
vt 0.99021429 0.65335411
vt 0.99616694 0.65749693
vt 0.01897564 0.83688021
vt 0.01396346 0.83492416
vt 0.01479668 0.84116238
vt 0.02171052 0.84056681
vt 0.01763885 0.82805115
vt 0.01411091 0.82705265
vt 0.01666238 0.82135326
vt 0.02110420 0.82439333
vt 0.02427597 0.81658077
vt 0.01566132 0.81756437
vt 0.02427598 0.82320470
vt 0.01149915 0.82371324
vt 0.01831519 0.84664947
vt 0.95404208 0.81041688
vt 0.95409417 0.80445433
vt 0.94791973 0.80706388
vt 0.94813800 0.80212051
vt 0.96283782 0.81000608
vt 0.96515453 0.80483997
vt 0.97139657 0.80892676
vt 0.97330910 0.80556196
vt 0.93855029 0.80457437
vt 0.94139832 0.80997539
vt 0.94139743 0.80096561
vt 0.94674134 0.81142610
vt 0.97436619 0.80164564
vt 0.98083478 0.80950528
vt 0.98011172 0.80328435
vt 0.96933329 0.80040091
vt 0.95654589 0.80099076
vt 0.94747567 0.78886962
vt 0.96077031 0.75538373
vt 0.94495201 0.78112268
vt 0.94241560 0.77519214
vt 0.94975197 0.73573697
vt 0.96685487 0.73924124
vt 0.97969222 0.75033039
vt 0.96242118 0.69576490
vt 0.93630892 0.80135220
vt 0.97237217 0.70547724
vt 0.97213000 0.69832468
vt 0.98083478 0.69956845
vt 0.97646487 0.69579417
vt 0.96925855 0.69422060
vt 0.98026371 0.69531667
vt 0.94821399 0.70810848
vt 0.95625442 0.69667703
vt 0.93057925 0.80021268
vt 0.94805896 0.69372851
vt 0.93133056 0.77099425
vt 0.93233103 0.72212017
vt 0.03335208 0.39040059
vt 0.02382955 0.39476144
vt 0.02411352 0.39862949
vt 0.03166356 0.38869774
vt 0.01869277 0.39925474
vt 0.01885691 0.40335047
vt 0.03694082 0.38616300
vt 0.02485700 0.38457626
vt 0.01917189 0.38044757
vt 0.02232885 0.36560053
vt 0.01779864 0.36434132
vt 0.01853285 0.36073881
vt 0.01483766 0.37960792
vt 0.01438394 0.40285826
vt 0.01214402 0.36004192
vt 0.01252623 0.35524058
vt 0.01051749 0.37780142
vt 0.02646231 0.36390316
vt 0.00894378 0.35531050
vt 0.03697935 0.37529778
vt 0.03063485 0.36925298
vt 0.02971488 0.38097036
vt 0.03614868 0.36636007
vt 0.03742696 0.37942451
vt 0.02632067 0.36635888
vt 0.04388819 0.36312288
vt 0.04485497 0.37415075
vt 0.04602202 0.37017548
vt 0.05068143 0.35796332
vt 0.05068143 0.36992228
vt 0.02976061 0.36488599
vt 0.04089990 0.38047761
vt 0.03624360 0.36402464
vt 0.08607251 0.01390451
vt 0.07367973 0.01675260
vt 0.07989081 0.01224822
vt 0.09019433 0.00982445
vt 0.09905878 0.01181096
vt 0.09951507 0.00769699
vt 0.10741942 0.01048678
vt 0.11647322 0.00957012
vt 0.11010262 0.00667351
vt 0.12030658 0.00614583
vt 0.12606664 0.01038450
vt 0.12880009 0.00726950
vt 0.13485418 0.01167917
vt 0.11045359 0.00214779
vt 0.12916648 0.00346762
vt 0.13974543 0.01178229
vt 0.14186135 0.00844818
vt 0.14693356 0.01675260
vt 0.86511546 0.27763051
vt 0.86466986 0.28828943
vt 0.86239505 0.27981359
vt 0.86103195 0.29013419
vt 0.86116725 0.26941204
vt 0.86334580 0.26747262
vt 0.85678375 0.25760651
vt 0.85919470 0.25578249
vt 0.85194045 0.25155413
vt 0.86721420 0.27803528
vt 0.85339737 0.24770790
vt 0.81459397 0.23067528
vt 0.80909061 0.23405510
vt 0.79815352 0.23388469
vt 0.79891694 0.24024409
vt 0.79098248 0.23685163
vt 0.79114866 0.24600691
vt 0.82598245 0.23338979
vt 0.83944643 0.23032224
vt 0.83684105 0.23393679
vt 0.85640234 0.23210883
vt 0.85474586 0.23859614
vt 0.86874044 0.23613715
vt 0.86339968 0.24259818
vt 0.78425169 0.24368954
vt 0.87562925 0.24263310
vt 0.78019083 0.25381541
vt 0.88299382 0.25640810
vt 0.79379171 0.25346375
vt 0.79070008 0.26017642
vt 0.86224329 0.25450820
vt 0.85659212 0.24329442
vt 0.76838076 0.27345681
vt 0.77031112 0.28392869
vt 0.78774703 0.28863597
vt 0.80141282 0.24636722
vt 0.80652618 0.24247539
vt 0.88666117 0.27831042
vt 0.88785243 0.26825202
vt 0.87397158 0.29912019
vt 0.76843411 0.29969263
vt 0.78426158 0.30921900
vt 0.79661602 0.30101830
vt 0.80256432 0.30747473
vt 0.85976553 0.29807174
vt 0.85462129 0.30378360
vt 0.88904619 0.28889132
vt 0.88699907 0.30319136
vt 0.76824546 0.31288314
vt 0.80640405 0.31330419
vt 0.77788085 0.25255418
vt 0.85919470 0.25578249
vt 0.88677990 0.30947864
vt 0.79136980 0.33032644
vt 0.77429342 0.32025152
vt 0.85106784 0.30973983
vt 0.88579887 0.31865835
vt 0.87775648 0.33032644
vt 0.81949306 0.31711310
vt 0.84749079 0.30824274
vt 0.79151672 0.28857994
vt 0.79150635 0.27566731
vt 0.81989551 0.22768426
vt 0.83334398 0.22723365
vt 0.85339737 0.24770790
vt 0.81090963 0.31198215
vt 0.77568233 0.33012617
vt 0.84598213 0.24354935
vt 0.80209023 0.23003429
vt 0.79744816 0.25584573
vt 0.79374456 0.26462263
vt 0.84982014 0.22837007
vt 0.79399860 0.23249537
vt 0.86498654 0.23124284
vt 0.80534047 0.24779546
vt 0.88969338 0.30652201
vt 0.76618397 0.28761768
vt 0.82917899 0.23711073
vt 0.84107769 0.23877698
vt 0.81397986 0.24309909
vt 0.84047413 0.24266326
vt 0.82744813 0.24098516
vt 0.45113453 0.54446781
vt 0.45439911 0.54080755
vt 0.46136558 0.54461181
vt 0.44503301 0.54100406
vt 0.44095793 0.54456365
vt 0.43407184 0.54133976
vt 0.42717206 0.54510307
vt 0.46552590 0.54143089
vt 0.47146508 0.54510307
vt 0.12819421 0.29237211
vt 0.12636648 0.29698944
vt 0.12177198 0.29166663
vt 0.12128070 0.29776943
vt 0.12374306 0.30025774
vt 0.11577753 0.29330993
vt 0.11469370 0.29893911
vt 0.10912856 0.29679018
vt 0.10672846 0.29233831
vt 0.10062291 0.29556155
vt 0.09445911 0.30025774
vt 0.09466711 0.29405826
vt 0.08743091 0.29963684
vt 0.08147718 0.29539657
vt 0.07197615 0.29906058
vt 0.31078908 0.54490721
vt 0.29999337 0.54819167
vt 0.30491710 0.54373217
vt 0.29643810 0.54471433
vt 0.29179379 0.54927647
vt 0.31309724 0.54144841
vt 0.28678364 0.54446870
vt 0.28059915 0.55084312
vt 0.29073596 0.56351781
vt 0.30964753 0.55391604
vt 0.32171449 0.56652552
vt 0.31895700 0.54793549
vt 0.26690757 0.57259554
vt 0.34507397 0.56220818
vt 0.32691926 0.54004657
vt 0.33808279 0.53388232
vt 0.36775950 0.55840147
vt 0.26538631 0.56415778
vt 0.34550473 0.52270854
vt 0.38696527 0.51852214
vt 0.39478222 0.55713838
vt 0.31688163 0.54357111
vt 0.33088213 0.53346455
vt 0.31993204 0.53937054
vt 0.26856700 0.54970998
vt 0.26132500 0.54672426
vt 0.26418108 0.54250848
vt 0.26144740 0.55981594
vt 0.36096904 0.50457996
vt 0.38094696 0.49602103
vt 0.33847064 0.52254444
vt 0.26793152 0.58343786
vt 0.38308322 0.56092137
vt 0.38389194 0.49624491
vt 0.28135088 0.52631712
vt 0.26334706 0.56987154
vt 0.25511074 0.53989714
vt 0.39456239 0.53839076
vt 0.29476333 0.51149410
vt 0.31026813 0.52509439
vt 0.30483228 0.49829358
vt 0.32639202 0.50453758
vt 0.26528960 0.57899523
vt 0.32344764 0.48962283
vt 0.30986673 0.48836565
vt 0.31991351 0.48546553
vt 0.33196622 0.49355072
vt 0.33086634 0.48746133
vt 0.33632767 0.49164957
vt 0.33505720 0.49833155
vt 0.31627932 0.53835124
vt 0.32509419 0.48221785
vt 0.31350261 0.52782083
vt 0.33179206 0.50647646
vt 0.33560461 0.50406867
vt 0.33756381 0.48409498
vt 0.34196535 0.49451363
vt 0.32957503 0.47911459
vt 0.34168863 0.50101906
vt 0.34286949 0.48715079
vt 0.33285058 0.51123548
vt 0.31436047 0.53533906
vt 0.31690314 0.48211515
vt 0.34754273 0.49271470
vt 0.34813547 0.49937820
vt 0.34335530 0.50789523
vt 0.32235697 0.47715288
vt 0.33660793 0.47652358
vt 0.39879045 0.55524749
vt 0.39944082 0.55957168
vt 0.30429971 0.48610878
vt 0.31196061 0.47870684
vt 0.39116681 0.52192354
vt 0.32378164 0.53107345
vt 0.29786956 0.49629593
vt 0.28735995 0.51323533
vt 0.32698941 0.47121990
vt 0.31877878 0.47130859
vt 0.40096962 0.66126090
vt 0.36122838 0.66322064
vt 0.36005455 0.65945184
vt 0.40061286 0.66501170
vt 0.33604676 0.65857762
vt 0.40078431 0.63941407
vt 0.36610508 0.62408459
vt 0.33681831 0.64175868
vt 0.39990610 0.60677075
vt 0.33384490 0.61407316
vt 0.31617832 0.65435958
vt 0.35912582 0.58884412
vt 0.32111916 0.57337362
vt 0.40412921 0.65346026
vt 0.39786264 0.58223695
vt 0.34086949 0.56580245
vt 0.39595833 0.56055015
vt 0.31190535 0.63103515
vt 0.29750568 0.65229124
vt 0.27435818 0.62650973
vt 0.29992259 0.59152377
vt 0.27055064 0.60936654
vt 0.27127960 0.62276930
vt 0.27246797 0.63946706
vt 0.26904300 0.59160036
vt 0.40436891 0.66144478
vt 0.40372905 0.62419635
vt 0.40234759 0.60688478
vt 0.27308631 0.65529221
vt 0.40382519 0.64034230
vt 0.40639341 0.63497180
vt 0.40692905 0.64467269
vt 0.40573192 0.60491902
vt 0.40189373 0.59430814
vt 0.40248466 0.56465119
vt 0.39905813 0.56325072
vt 0.43501273 0.62355542
vt 0.44479054 0.60168225
vt 0.44688132 0.60589945
vt 0.45393765 0.59577775
vt 0.42462394 0.57900733
vt 0.45779392 0.58748680
vt 0.45199984 0.61726993
vt 0.46072319 0.62457722
vt 0.46666741 0.63252544
vt 0.43942240 0.65940219
vt 0.45407188 0.61279404
vt 0.44004908 0.55733711
vt 0.46401048 0.56715816
vt 0.46700847 0.57745838
vt 0.47196427 0.57347417
vt 0.47854564 0.56326795
vt 0.47875321 0.55349725
vt 0.48351583 0.55592877
vt 0.48513123 0.54994923
vt 0.46904972 0.55045992
vt 0.45167878 0.55384791
vt 0.41104230 0.55913335
vt 0.48956767 0.55157900
vt 0.47151405 0.66075367
vt 0.47190470 0.64053059
vt 0.48025954 0.64604908
vt 0.47733307 0.63927120
vt 0.48527712 0.65974140
vt 0.48878083 0.65534699
vt 0.49288040 0.66126734
vt 0.48669672 0.66372907
vt 0.42644545 0.55535299
vt 0.46690455 0.62829012
vt 0.31061971 0.57270789
vt 0.47292286 0.63254929
vt 0.43686172 0.66273314
vt 0.40412292 0.66496950
vt 0.48725352 0.54712427
vt 0.49336350 0.65545171
vt 0.48594674 0.64625525
vt 0.48915598 0.66709620
vt 0.27030799 0.64686173
vt 0.46029308 0.58996361
vt 0.46345267 0.62251842
vt 0.48375097 0.56045121
vt 0.32299021 0.66163921
vt 0.31241995 0.66709620
vt 0.49052665 0.55562764
vt 0.47827652 0.57024550
vt 0.47023201 0.57946450
vt 0.49787053 0.65720278
vt 0.45003143 0.60592729
vt 0.45657769 0.61067265
vt 0.45788720 0.59844595
vt 0.82483703 0.27583754
vt 0.81971657 0.27626783
vt 0.82055604 0.27025330
vt 0.83044988 0.27222705
vt 0.81517196 0.27389520
vt 0.82604676 0.26566619
vt 0.83246732 0.27878010
vt 0.83109766 0.26507753
vt 0.83418775 0.26839131
vt 0.83790123 0.26138508
vt 0.83972639 0.26788020
vt 0.84176481 0.26223922
vt 0.83787870 0.27676213
vt 0.84166187 0.27760154
vt 0.84359831 0.26915091
vt 0.84625214 0.27878010
vt 0.81737977 0.26771230
vt 0.81107318 0.26822710
vt 0.81007427 0.27503622
vt 0.80767137 0.27151614
vt 0.82262743 0.26287425
vt 0.81021863 0.26296651
vt 0.83014804 0.25941986
vt 0.81638747 0.26030242
vt 0.83651304 0.25496328
vt 0.80536628 0.26632756
vt 0.82117045 0.25720203
vt 0.82904762 0.25386596
vt 0.84256434 0.25512958
vt 0.90502554 0.25816143
vt 0.90059400 0.25386596
vt 0.89735943 0.25816154
vt 0.81442970 0.42224526
vt 0.81646872 0.41415250
vt 0.81367171 0.41311640
vt 0.82823598 0.41521329
vt 0.83764809 0.42116165
vt 0.84260470 0.41496432
vt 0.81692505 0.43258333
vt 0.84561849 0.42237067
vt 0.84639341 0.40945703
vt 0.83883077 0.41213924
vt 0.82961082 0.43286753
vt 0.84995997 0.40678954
vt 0.85113508 0.42396963
vt 0.86399120 0.41352713
vt 0.86178279 0.40273839
vt 0.85802239 0.39375830
vt 0.80794734 0.42935526
vt 0.80711734 0.41920167
vt 0.81549793 0.43594134
vt 0.82147795 0.43586379
vt 0.84755468 0.42790490
vt 0.86325657 0.39560127
vt 0.82810694 0.41312075
vt 0.86073548 0.38554001
vt 0.85498482 0.37869811
vt 0.85057390 0.39720690
vt 0.80224895 0.42271584
vt 0.80065262 0.41616488
vt 0.80582309 0.41094947
vt 0.80798727 0.40907675
vt 0.86224276 0.37507153
vt 0.85481358 0.37348938
vt 0.80342031 0.40686268
vt 0.86403763 0.42136991
vt 0.79603022 0.40574324
vt 0.79366964 0.41030282
vt 0.80818820 0.43534219
vt 0.79533613 0.41590774
vt 0.84447664 0.40599799
vt 0.85892022 0.36754155
vt 0.85102004 0.36287171
vt 0.85897195 0.42666769
vt 0.81339532 0.44080293
vt 0.86590493 0.42657095
vt 0.86656541 0.40995133
vt 0.86444885 0.36239052
vt 0.86162275 0.35437548
vt 0.85033190 0.35580492
vt 0.86309302 0.34709644
vt 0.85162598 0.34702134
vt 0.84404427 0.35619867
vt 0.79883283 0.42080784
vt 0.84213042 0.37724674
vt 0.84049690 0.34703493
vt 0.81852359 0.44491524
vt 0.86511004 0.43818861
vt 0.85328889 0.43934608
vt 0.85671765 0.44608188
vt 0.85015851 0.44541609
vt 0.85379475 0.44839513
vt 0.85761815 0.48975343
vt 0.82375908 0.38065767
vt 0.81978333 0.39655709
vt 0.85277814 0.48972631
vt 0.85440773 0.49441582
vt 0.85683960 0.45193076
vt 0.86458558 0.38486940
vt 0.80472052 0.38581645
vt 0.78977889 0.39500964
vt 0.79484260 0.38158697
vt 0.79103899 0.38783950
vt 0.78341168 0.39331752
vt 0.78141153 0.38882601
vt 0.77252197 0.39210844
vt 0.78141993 0.40578425
vt 0.76700103 0.40495461
vt 0.77326548 0.41558176
vt 0.78056896 0.44093263
vt 0.77702761 0.44316143
vt 0.78354657 0.44413805
vt 0.77271950 0.44167560
vt 0.77674419 0.38558793
vt 0.78634179 0.43421578
vt 0.78946763 0.44147229
vt 0.78546131 0.40336132
vt 0.86669505 0.41693062
vt 0.77379417 0.38222450
vt 0.80836189 0.44066143
vt 0.76954162 0.44334543
vt 0.76981562 0.45051539
vt 0.78233117 0.44872117
vt 0.78069359 0.47635835
vt 0.79109740 0.46414697
vt 0.78640336 0.47736740
vt 0.79489797 0.47274625
vt 0.79165256 0.44862705
vt 0.77322477 0.47914755
vt 0.79431939 0.47651982
vt 0.76192504 0.38751209
vt 0.80567038 0.43106520
vt 0.84527254 0.36611283
vt 0.76564568 0.37949163
vt 0.83349669 0.36281013
vt 0.86669505 0.34664953
vt 0.78616714 0.37258589
vt 0.77589053 0.37752497
vt 0.79307365 0.40263569
vt 0.79946011 0.40082014
vt 0.81872457 0.40741819
vt 0.78045821 0.48114300
vt 0.81463224 0.36302167
vt 0.78680998 0.48073387
vt 0.79674947 0.47818691
vt 0.80056715 0.47481263
vt 0.81159580 0.44418389
vt 0.62305081 0.43155104
vt 0.62793320 0.43437648
vt 0.62819421 0.42853010
vt 0.62255615 0.42654639
vt 0.62819421 0.44372857
vt 0.62052810 0.43062472
vt 0.68730152 0.62334913
vt 0.68348509 0.62141192
vt 0.68891203 0.61757290
vt 0.68515676 0.62590778
vt 0.68116939 0.62833667
vt 0.69237047 0.60628468
vt 0.69466668 0.61212999
vt 0.69515389 0.60673171
vt 0.70032817 0.60212666
vt 0.69729173 0.59856677
vt 0.70158935 0.59679168
vt 0.70681220 0.59302217
vt 0.70454431 0.58782667
vt 0.70894271 0.58768612
vt 0.71485883 0.57602358
vt 0.71899462 0.57689625
vt 0.72189099 0.56858093
vt 0.71637028 0.56985360
vt 0.70790017 0.57750702
vt 0.71986192 0.56400341
vt 0.66766953 0.58750153
vt 0.65952343 0.61838126
vt 0.63824910 0.60359287
vt 0.64141053 0.63436091
vt 0.69821894 0.57067144
vt 0.64566636 0.64357764
vt 0.64185119 0.64446759
vt 0.69172674 0.64805579
vt 0.69080341 0.65328103
vt 0.66216260 0.67525250
vt 0.67184234 0.68068326
vt 0.70397949 0.67537361
vt 0.71100819 0.69103330
vt 0.69560605 0.65529191
vt 0.69414526 0.64756787
vt 0.71427238 0.69020855
vt 0.71318752 0.56736821
vt 0.69959402 0.65928602
vt 0.64060277 0.66337401
vt 0.71306229 0.69458765
vt 0.70811862 0.67535549
vt 0.68614155 0.63193172
vt 0.69357365 0.64218080
vt 0.71755368 0.69407672
vt 0.69829023 0.65025347
vt 0.63804770 0.64528263
vt 0.63545823 0.64650697
vt 0.63418233 0.60337847
vt 0.60022521 0.62806684
vt 0.59447205 0.60797220
vt 0.57113236 0.61886787
vt 0.58004749 0.63862503
vt 0.55624908 0.62679768
vt 0.56853074 0.60726732
vt 0.55538654 0.61798757
vt 0.55558169 0.61158484
vt 0.59761769 0.65279859
vt 0.55155098 0.62234861
vt 0.54531610 0.61763412
vt 0.55257589 0.63122112
vt 0.53902495 0.63048315
vt 0.52874416 0.62770897
vt 0.53040308 0.63349706
vt 0.52304274 0.63472813
vt 0.52937406 0.63749415
vt 0.52224213 0.64008093
vt 0.53709030 0.63766891
vt 0.51446080 0.63736290
vt 0.51741195 0.64282572
vt 0.55868787 0.63507277
vt 0.53082001 0.60298949
vt 0.53817225 0.63392830
vt 0.52833480 0.64634395
vt 0.51811469 0.62525821
vt 0.50714791 0.61663443
vt 0.50708920 0.62268889
vt 0.50383306 0.62107617
vt 0.50694543 0.60572147
vt 0.54881036 0.63431793
vt 0.54262155 0.65751565
vt 0.50447863 0.61143851
vt 0.55295020 0.65600139
vt 0.55921751 0.68080205
vt 0.56599957 0.66377223
vt 0.57899117 0.67285877
vt 0.57783854 0.67973650
vt 0.56980067 0.68613821
vt 0.56536674 0.68987870
vt 0.57409722 0.69458765
vt 0.57883114 0.68707055
vt 0.58204609 0.69385302
vt 0.58465463 0.68609905
vt 0.58425570 0.67898118
vt 0.55196053 0.64216048
vt 0.71731514 0.68898672
vt 0.55722672 0.65275729
vt 0.59104264 0.68529701
vt 0.56969053 0.66109425
vt 0.59180337 0.68033129
vt 0.71050525 0.67338169
vt 0.58719450 0.67184311
vt 0.71729004 0.68201047
vt 0.57860059 0.66538668
vt 0.56502950 0.65057874
vt 0.08645656 0.60008591
vt 0.08271452 0.60460746
vt 0.08645656 0.60794711
vt 0.08134583 0.60623801
vt 0.08412468 0.61297250
vt 0.54395479 0.48410416
vt 0.54462051 0.48136896
vt 0.54825199 0.48455536
vt 0.53632408 0.47900820
vt 0.53614908 0.48435277
vt 0.53720731 0.45713550
vt 0.52932030 0.48472935
vt 0.53046471 0.44910562
vt 0.53786194 0.42982697
vt 0.54053533 0.43017507
vt 0.54027230 0.40902662
vt 0.53048760 0.42923880
vt 0.53777957 0.40648699
vt 0.53108847 0.40074891
vt 0.53524542 0.39106745
vt 0.53067136 0.37832427
vt 0.53582412 0.37753534
vt 0.52716839 0.38214451
vt 0.52761948 0.37753987
vt 0.52342421 0.48520738
vt 0.55509388 0.48120880
vt 0.56283998 0.45069838
vt 0.55968201 0.40950954
vt 0.54206645 0.37765640
vt 0.56160432 0.48394620
vt 0.55095035 0.37483299
vt 0.53933650 0.37444520
vt 0.55729192 0.37517679
vt 0.53272247 0.37453592
vt 0.57799584 0.46407008
vt 0.57337707 0.48410881
vt 0.56863219 0.37561893
vt 0.57510930 0.40067589
vt 0.57665551 0.42237949
vt 0.56738681 0.37200582
vt 0.58404624 0.48762602
vt 0.57345361 0.48690987
vt 0.55170137 0.37156355
vt 0.55665773 0.48481220
vt 0.57225496 0.37579286
vt 0.57925379 0.41919351
vt 0.58060938 0.44758350
vt 0.59120482 0.46184754
vt 0.59233534 0.48787534
vt 0.57832283 0.39778590
vt 0.57534081 0.37281501
vt 0.53764665 0.48703361
vt 0.53263116 0.48840207
vt 0.58051205 0.39236522
vt 0.59798080 0.48211336
vt 0.60093695 0.48840207
vt 0.57774121 0.37248057
vt 0.77555364 0.96176976
vt 0.77555364 0.96778351
vt 0.77096671 0.96558684
vt 0.76533222 0.96496111
vt 0.38839263 0.69027817
vt 0.39122295 0.68388546
vt 0.39081919 0.69304502
vt 0.39814055 0.68498230
vt 0.42050701 0.70333976
vt 0.39113900 0.70572126
vt 0.39460540 0.72836584
vt 0.42413726 0.72855622
vt 0.41341218 0.74786448
vt 0.39449605 0.74870950
vt 0.42210811 0.74866545
vt 0.38790181 0.69743639
vt 0.42955789 0.74800211
vt 0.42115644 0.68303430
vt 0.39931020 0.67815435
vt 0.39472091 0.68168551
vt 0.44858214 0.71231145
vt 0.43948254 0.74586928
vt 0.42833465 0.68240672
vt 0.45314366 0.69331115
vt 0.40634456 0.67504644
vt 0.48624194 0.70296878
vt 0.48452982 0.69880348
vt 0.39964449 0.67390281
vt 0.50644511 0.70039278
vt 0.51572472 0.69347656
vt 0.51668245 0.69573390
vt 0.44972596 0.74613988
vt 0.46872270 0.74539804
vt 0.48399979 0.72751307
vt 0.48961559 0.74600458
vt 0.50366735 0.73245585
vt 0.49828893 0.74485266
vt 0.42268652 0.67621678
vt 0.39675075 0.67458564
vt 0.39964449 0.67390281
vt 0.51387727 0.70997834
vt 0.50286210 0.74646950
vt 0.48220488 0.68544883
vt 0.46564552 0.68296182
vt 0.43946242 0.67644739
vt 0.50522888 0.74449593
vt 0.44481537 0.74842650
vt 0.41361493 0.67105788
vt 0.38988242 0.72542179
vt 0.38562679 0.70162058
vt 0.38337472 0.69192225
vt 0.43976507 0.74983716
vt 0.49983916 0.74802709
vt 0.51521760 0.74593818
vt 0.52261537 0.74513900
vt 0.53831208 0.74508077
vt 0.54431939 0.70153707
vt 0.55060232 0.74518061
vt 0.52086526 0.69485062
vt 0.51783335 0.69161588
vt 0.56043637 0.70145744
vt 0.54327017 0.69727457
vt 0.57241923 0.71824574
vt 0.56150216 0.74768817
vt 0.57014561 0.70310795
vt 0.57962751 0.74407923
vt 0.54591256 0.74733692
vt 0.58475298 0.75214779
vt 0.39966530 0.75214779
vt 0.53703022 0.74747986
vt 0.51050144 0.74810225
vt 0.45045760 0.74969858
vt 0.47616911 0.74847639
vt 0.55832464 0.74949890
vt 0.42666844 0.67238420
vt 0.37424365 0.69389647
vt 0.37591729 0.69110394
vt 0.40207559 0.67053264
vt 0.46215716 0.68004501
vt 0.36407319 0.71496356
vt 0.35963225 0.74298495
vt 0.34362760 0.74018991
vt 0.38507512 0.74660665
vt 0.32751277 0.70476753
vt 0.36618862 0.74522597
vt 0.33006474 0.73760879
vt 0.34795371 0.74462157
vt 0.33887053 0.74178606
vt 0.37138000 0.68839133
vt 0.29429302 0.38530928
vt 0.30195913 0.38530928
vt 0.29769275 0.38187289
vt 0.94303966 0.49622190
vt 0.93820447 0.49894673
vt 0.93452853 0.49564922
vt 0.92658019 0.49539387
vt 0.92479908 0.49835789
vt 0.91778004 0.49519253
vt 0.93123192 0.52659774
vt 0.92300647 0.52590656
vt 0.91087013 0.50007313
vt 0.90558100 0.52763319
vt 0.91971308 0.52950764
vt 0.94455910 0.50378335
vt 0.95896596 0.50846386
vt 0.96528494 0.53123003
vt 0.94533515 0.53350776
vt 0.96212387 0.53416252
vt 0.96556544 0.51017261
vt 0.90022635 0.51927805
vt 0.90372437 0.50123703
vt 0.96970338 0.51205069
vt 0.96988398 0.53123844
vt 0.91026658 0.49484336
vt 0.94931710 0.50204337
vt 0.91612285 0.53348935
vt 0.90729231 0.53232098
vt 0.97293562 0.53479379
vt 0.90454590 0.49144232
vt 0.97620708 0.53167659
vt 0.97399020 0.51460123
vt 0.92498666 0.53156585
vt 0.98758000 0.51684982
vt 0.89735943 0.50948089
vt 0.89796042 0.52927858
vt 0.98544037 0.53189874
vt 0.89899451 0.53286242
vt 0.89763874 0.49844444
vt 0.96842021 0.50750029
vt 0.97991216 0.51189417
vt 0.98904300 0.51278108
vt 0.93044496 0.52983296
vt 0.93882436 0.53479379
vt 0.99271625 0.51662409
vt 0.94738460 0.49423635
vt 0.99648428 0.51093346
vt 0.95598865 0.49377370
vt 0.95367783 0.49012029
vt 0.99155051 0.50684053
vt 0.99787050 0.51490676
vt 0.99156207 0.53033018
vt 0.99571025 0.10758215
vt 0.99957412 0.11248255
vt 0.99957412 0.10524052
vt 0.99531513 0.11383164
vt 0.71529287 0.62011707
vt 0.71790230 0.62004727
vt 0.71422487 0.61101907
vt 0.71933562 0.62929553
vt 0.71749490 0.61145425
vt 0.71580422 0.60352457
vt 0.71933562 0.60352236
vt 0.99241209 0.58151197
vt 0.99717712 0.57965451
vt 0.99020445 0.57769883
vt 0.99337453 0.57597512
vt 0.99872231 0.57431269
vt 0.99872231 0.58376288
vt 0.32901657 0.69828504
vt 0.34114140 0.69747359
vt 0.33376577 0.69998586
vt 0.32765839 0.69970000
vt 0.31965542 0.69716495
vt 0.31643951 0.70146048
vt 0.33883128 0.70146048
vt 0.50553662 0.51417524
vt 0.50042588 0.51260006
vt 0.50553662 0.50987971
vt 0.12478705 0.83797437
vt 0.12826356 0.84113705
vt 0.13074957 0.83719933
vt 0.12521063 0.84291869
vt 0.13074957 0.85192400
vt 0.12704650 0.85328549
vt 0.12704650 0.85328549
vt 0.12927157 0.85576820
vt 0.13074957 0.85192400
vt 0.12508798 0.85649371
vt 0.12774499 0.86065459
vt 0.12538441 0.86554980
vt 0.92249525 0.45833337
vt 0.92376488 0.46262884
vt 0.91883320 0.46098888
vt 0.90980738 0.45918661
vt 0.90843469 0.46262884
vt 0.90417379 0.46081614
vt 0.41609880 0.91280067
vt 0.42376491 0.91280067
vt 0.41744745 0.90936428
vt 0.94039243 0.68925691
vt 0.93883568 0.69210798
vt 0.94250429 0.69716495
vt 0.93824530 0.69687158
vt 0.93888688 0.68375438
vt 0.94250429 0.67998284
vt 0.77023304 0.68513745
vt 0.76783913 0.68170100
vt 0.76448041 0.68513745
vt 0.77555364 0.68254995
vt 0.54471892 0.59750861
vt 0.54471892 0.60180414
vt 0.54045999 0.59934735
vt 0.94591141 0.22467220
vt 0.94263649 0.22650135
vt 0.94535929 0.22887033
vt 0.94261396 0.23284537
vt 0.94533181 0.23368728
vt 0.94489306 0.23785770
vt 0.94110334 0.23771703
vt 0.94405675 0.24160135
vt 0.94093359 0.24638367
vt 0.94435912 0.24545515
vt 0.93865800 0.25236726
vt 0.94177234 0.25685310
vt 0.93828928 0.26028877
vt 0.94192249 0.26740164
vt 0.94283575 0.27755415
vt 0.93293786 0.26959437
vt 0.93587661 0.28576338
vt 0.94164944 0.28487420
vt 0.94554895 0.28216887
vt 0.92549998 0.27654988
vt 0.92406273 0.28625977
vt 0.91835463 0.28100455
vt 0.91616911 0.28456211
vt 0.91263044 0.28467512
vt 0.91526687 0.27737832
vt 0.92199361 0.27379537
vt 0.93445748 0.25620806
vt 0.93244690 0.29541731
vt 0.94110763 0.29700613
vt 0.93430007 0.30067456
vt 0.93690246 0.30911577
vt 0.94166076 0.30993688
vt 0.93858045 0.31853211
vt 0.94237524 0.32252729
vt 0.94440126 0.31078053
vt 0.94451249 0.29551291
vt 0.94591141 0.31671870
vt 0.94237524 0.32252729
vt 0.93739146 0.32510585
vt 0.90725404 0.28051579
vt 0.93816608 0.33329999
vt 0.93440664 0.33182478
vt 0.93167543 0.33718204
vt 0.93485177 0.34063578
vt 0.94556290 0.27276748
vt 0.94442797 0.25708306
vt 0.92123866 0.24533105
vt 0.93638444 0.21864259
vt 0.90297997 0.21871006
vt 0.89395231 0.23294008
vt 0.64693356 0.67912370
vt 0.65204430 0.67912370
vt 0.64922756 0.67568731
vt 0.63926744 0.67579079
vt 0.64352643 0.67568731
vt 0.64352643 0.67998284
vt 0.93483818 0.47981095
vt 0.93994892 0.47981095
vt 0.93767065 0.47637457
vt 0.04471891 0.39046395
vt 0.04045996 0.38858199
vt 0.04471891 0.38616836
vt 0.23977853 0.08446592
vt 0.24318568 0.08376288
vt 0.24318568 0.08805841
vt 0.56345826 0.78823024
vt 0.56175470 0.78431648
vt 0.56345826 0.78135741
vt 0.71280807 0.83401835
vt 0.69419837 0.81926858
vt 0.70763934 0.81833196
vt 0.67384773 0.84793472
vt 0.67822897 0.81793982
vt 0.66610330 0.81694412
vt 0.65367353 0.81848633
vt 0.71762502 0.81747991
vt 0.73173034 0.81952500
vt 0.64074558 0.82008994
vt 0.62958962 0.85461015
vt 0.64749998 0.87179881
vt 0.66830605 0.87632674
vt 0.67634338 0.87441051
vt 0.61266500 0.83580822
vt 0.61962420 0.81887281
vt 0.61320865 0.81971520
vt 0.61821860 0.81558162
vt 0.62366152 0.87590694
vt 0.61261213 0.87689883
vt 0.59956014 0.86323303
vt 0.71552533 0.85811520
vt 0.68913972 0.87358642
vt 0.60569227 0.88034737
vt 0.59576029 0.88187283
vt 0.59455580 0.87927520
vt 0.64216906 0.87620133
vt 0.69795126 0.87518489
vt 0.72506791 0.87270749
vt 0.74659282 0.87065101
vt 0.74645078 0.86525416
vt 0.62087774 0.87863284
vt 0.68184459 0.87597799
vt 0.57696652 0.85134912
vt 0.60143983 0.81438273
vt 0.58316416 0.87756872
vt 0.60586810 0.81625617
vt 0.58665520 0.81314433
vt 0.57605428 0.88187283
vt 0.57112437 0.87934107
vt 0.92770851 0.58577424
vt 0.92642707 0.62477988
vt 0.94245559 0.60475367
vt 0.94420785 0.57127577
vt 0.92534757 0.56949234
vt 0.93459535 0.54332477
vt 0.92752039 0.54728156
vt 0.92848676 0.54163575
vt 0.92284822 0.54470283
vt 0.92155337 0.56899834
vt 0.92197734 0.54086471
vt 0.91745114 0.58715582
vt 0.91873163 0.54376417
vt 0.90357602 0.61596525
vt 0.91703713 0.64613694
vt 0.92367536 0.65041387
vt 0.92868590 0.64511555
vt 0.92683953 0.65505290
vt 0.93681008 0.65678692
vt 0.93734401 0.65081286
vt 0.94420785 0.65648621
vt 0.91754049 0.65383828
vt 0.90861303 0.65203387
vt 0.90515769 0.64856011
vt 0.89919353 0.64732093
vt 0.91446710 0.54306173
vt 0.89610922 0.56801182
vt 0.89553362 0.64755177
vt 0.90209669 0.54076159
vt 0.89402521 0.53908932
vt 0.88969338 0.63202322
vt 0.89170015 0.64621413
vt 0.40152460 0.77963918
vt 0.44080067 0.77963918
vt 0.41304260 0.75902063
vt 0.39183336 0.76066953
vt 0.38713798 0.76419276
vt 0.14169113 0.64634812
vt 0.12374059 0.64948112
vt 0.13276322 0.62458700
vt 0.13078085 0.65678692
vt 0.12137990 0.62639999
vt 0.14216846 0.65678692
vt 0.14862186 0.63578755
vt 0.14513229 0.62480491
vt 0.12451076 0.61954623
vt 0.13135259 0.61952102
vt 0.13999000 0.61939687
vt 0.13363814 0.61671251
vt 0.12320509 0.61697459
vt 0.14612073 0.61640894
vt 0.14948893 0.61792594
vt 0.11184534 0.04051387
vt 0.09114153 0.04578221
vt 0.10743467 0.02777445
vt 0.10485204 0.04758430
vt 0.11443841 0.04839122
vt 0.11149891 0.02414572
vt 0.10627593 0.01847076
vt 0.09771523 0.02969295
vt 0.08171526 0.04742944
vt 0.08786950 0.02956975
vt 0.07168597 0.03853196
vt 0.09976567 0.02173156
vt 0.09660944 0.02013576
vt 0.06726035 0.03759849
vt 0.06426691 0.04102892
vt 0.06886014 0.04780883
vt 0.09507324 0.05114627
vt 0.06090290 0.04551220
vt 0.08483693 0.05283505
vt 0.07612430 0.05199623
vt 0.11349475 0.05283505
vt 0.11188554 0.01929802
vt 0.11573165 0.03945446
vt 0.11828954 0.05098879
vt 0.11793219 0.03452837
vt 0.11884806 0.04342180
vt 0.12052811 0.02831811
vt 0.12045834 0.01952928
vt 0.60264057 0.00902063
vt 0.59546506 0.03682065
vt 0.60264057 0.04619974
vt 0.59018970 0.02841461
vt 0.58816016 0.01827699
vt 0.58982444 0.00934124
vt 0.59992748 0.04768044
vt 0.78311872 0.98859900
vt 0.81141096 0.99269259
vt 0.77655965 0.99311477
vt 0.80730605 0.98861104
vt 0.79585421 0.99613404
vt 0.81460810 0.98592865
vt 0.82562971 0.98850077
vt 0.77718377 0.98585266
vt 0.77146888 0.98815352
vt 0.79081237 0.98400164
vt 0.80464566 0.98492378
vt 0.82446140 0.99374419
vt 0.76858878 0.99529767
vt 0.76457173 0.99210989
vt 0.76046443 0.98912233
vt 0.75682712 0.98383576
vt 0.78339171 0.98324740
vt 0.75340718 0.99060667
vt 0.75603759 0.99537539
vt 0.75955427 0.99613404
vt 0.82813656 0.99214816
vt 0.83177173 0.98913032
vt 0.35477000 0.84108776
vt 0.36073253 0.83891755
vt 0.36073253 0.86039519
vt 0.30451447 0.85524052
vt 0.30083227 0.83824825
vt 0.30451447 0.83118558
vt 0.30025554 0.85312420
vt 0.91950595 0.81299615
vt 0.92461669 0.82689005
vt 0.92461669 0.81119502
vt 0.92207497 0.80541235
vt 0.56516182 0.05575186
vt 0.55834752 0.05259401
vt 0.56153524 0.06486255
vt 0.56516182 0.04682130
vt 0.42461669 0.27741671
vt 0.43057922 0.26932991
vt 0.43057922 0.28148448
vt 0.42715243 0.28737116
vt 0.87436116 0.36297250
vt 0.87436116 0.37671822
vt 0.86925042 0.36996526
vt 0.60945487 0.26326954
vt 0.60945487 0.27276635
vt 0.60349232 0.26563573
vt 0.60527962 0.25816154
vt 0.23211244 0.88530928
vt 0.23211244 0.89647764
vt 0.22700170 0.88654286
vt 0.52768314 0.60008591
vt 0.52338201 0.59579039
vt 0.51490629 0.60008591
vt 0.41609880 0.97551548
vt 0.42802384 0.97551548
vt 0.41890976 0.97121996
vt 0.77385008 0.75042957
vt 0.77385008 0.76073885
vt 0.76873934 0.75556248
vt 0.54395241 0.30258793
vt 0.53793395 0.30780780
vt 0.53578776 0.30484271
vt 0.53361744 0.31031632
vt 0.52973080 0.30639219
vt 0.53001654 0.30197597
vt 0.52571064 0.30382901
vt 0.51831347 0.31056702
vt 0.54437649 0.30635875
vt 0.54479247 0.31056702
vt 0.54897785 0.30529475
vt 0.84625214 0.77792096
vt 0.84771341 0.77104813
vt 0.85296863 0.77744687
vt 0.85613680 0.77562416
vt 0.85988075 0.77792096
vt 0.96720612 0.96950173
vt 0.96379900 0.95996577
vt 0.96720612 0.95489693
vt 0.94505960 0.55307353
vt 0.94846678 0.54853952
vt 0.94846678 0.56056702
vt 0.05749574 0.69115120
vt 0.05341076 0.68599659
vt 0.04897785 0.69115120
vt 0.69004732 0.46309531
vt 0.68750620 0.45860183
vt 0.69620991 0.45844567
vt 0.69285476 0.45489693
vt 0.69822907 0.46305770
vt 0.68441224 0.46434706
vt 0.70229983 0.46434706
vt 0.72306091 0.89475948
vt 0.72274274 0.90163231
vt 0.72870529 0.90163231
vt 0.82069844 0.18170106
vt 0.82069844 0.19029212
vt 0.81643951 0.18570781
vt 0.76107323 0.37242270
vt 0.75681430 0.36508054
vt 0.76107323 0.36383164
vt 0.15696710 0.90231085
vt 0.15376259 0.90662616
vt 0.15715502 0.91358304
vt 0.15440156 0.91623712
vt 0.15358749 0.89688301
vt 0.15119250 0.91313607
vt 0.15715501 0.89561856
vt 0.73637140 0.80025774
vt 0.73211241 0.79429150
vt 0.73637140 0.79166669
vt 0.49020442 0.63015461
vt 0.49020442 0.63445020
vt 0.48339012 0.63306987
vt 0.97061330 0.93857390
vt 0.96837425 0.93341923
vt 0.96550256 0.93857390
vt 0.77184886 0.50300688
vt 0.77584231 0.49957049
vt 0.76703578 0.50012499
vt 0.77896082 0.50300688
vt 0.96465075 0.68447667
vt 0.96805793 0.68084192
vt 0.96805793 0.68857390
vt 0.55919933 0.34063578
vt 0.57027256 0.34063578
vt 0.56444490 0.33805841
vt 0.74829644 0.82689005
vt 0.74418807 0.82431269
vt 0.73892677 0.82689005
vt 0.62696534 0.98018277
vt 0.63428575 0.97981101
vt 0.62869471 0.98324740
vt 0.63494593 0.98324740
vt 0.64011925 0.98119181
vt 0.62223166 0.98201412
vt 0.86925042 0.97379726
vt 0.86527443 0.97121996
vt 0.85902894 0.97379726
vt 0.70996594 0.59801221
vt 0.71337306 0.59407216
vt 0.71337306 0.60094500
vt 0.76884842 0.23238832
vt 0.76448041 0.23496562
vt 0.77214652 0.23496562
vt 0.79344124 0.93368405
vt 0.79684836 0.93256015
vt 0.79684836 0.93771476
vt 0.85051107 0.07001716
vt 0.84885246 0.06572163
vt 0.84710389 0.07001716
vt 0.03790460 0.03737116
vt 0.03449744 0.03634191
vt 0.03790460 0.03307557
vt 0.53960818 0.58204466
vt 0.53960818 0.58634019
vt 0.53620100 0.58553123
vt 0.00383305 0.76331615
vt 0.00042589 0.76270288
vt 0.00383305 0.75987971
vt 0.91865420 0.02276635
vt 0.91780239 0.01834065
vt 0.91865420 0.01417524
vt 0.76855451 0.15988368
vt 0.78284764 0.16411352
vt 0.78099823 0.14971113
vt 0.79632992 0.16010320
vt 0.79829127 0.13376117
vt 0.76766461 0.13133937
vt 0.82069844 0.13857394
vt 0.80538839 0.17378712
vt 0.76552337 0.14590240
vt 0.78282768 0.12916964
vt 0.76671213 0.12872505
vt 0.79725200 0.12994856
vt 0.77685714 0.12565958
vt 0.77401429 0.16423875
vt 0.76639098 0.16288197
vt 0.76324403 0.16020727
vt 0.78430521 0.16745162
vt 0.80492616 0.12936580
vt 0.76037163 0.15900171
vt 0.76450807 0.13119018
vt 0.79075515 0.17547655
vt 0.79302716 0.17977953
vt 0.79823220 0.18778437
vt 0.81113487 0.19506681
vt 0.80605310 0.19681948
vt 0.79845244 0.19408756
vt 0.79609519 0.18960446
vt 0.78579873 0.18783951
vt 0.78614205 0.18249673
vt 0.80265367 0.19939196
vt 0.81402808 0.19462764
vt 0.80668086 0.20552623
vt 0.80319887 0.19991100
vt 0.80934513 0.21137297
vt 0.80031335 0.11719424
vt 0.77516216 0.10412276
vt 0.76748127 0.12155443
vt 0.75424385 0.08793980
vt 0.73277712 0.08868569
vt 0.74475157 0.07830292
vt 0.74776810 0.12414634
vt 0.71639603 0.08552533
vt 0.71685791 0.07952911
vt 0.72582281 0.12370324
vt 0.80297494 0.10112953
vt 0.77769417 0.07853580
vt 0.79519701 0.06850237
vt 0.78679973 0.06943846
vt 0.79497921 0.06633043
vt 0.80285680 0.05992156
vt 0.81432205 0.05565268
vt 0.81283551 0.05255032
vt 0.81744778 0.05474871
vt 0.79345930 0.06278920
vt 0.73231792 0.06741768
vt 0.80746436 0.09662068
vt 0.75141048 0.08052510
vt 0.76636595 0.08351475
vt 0.73245549 0.12649751
vt 0.72359324 0.12600863
vt 0.72375959 0.12920380
vt 0.81156433 0.07610524
vt 0.81722516 0.05031079
vt 0.72583580 0.06423175
vt 0.71215481 0.06456399
vt 0.72837877 0.06083667
vt 0.71741855 0.05484003
vt 0.71432412 0.05809891
vt 0.81757349 0.22121990
vt 0.80922163 0.21697980
vt 0.75617653 0.08426267
vt 0.76156557 0.08095336
vt 0.77199370 0.07798547
vt 0.82069844 0.05840087
vt 0.76704454 0.12448317
vt 0.78194064 0.18539965
vt 0.74874938 0.12990868
vt 0.70684236 0.05156738
vt 0.71203870 0.04917169
vt 0.70655876 0.04889476
vt 0.71081924 0.04510307
vt 0.72374690 0.13483727
vt 0.72830302 0.14832896
vt 0.74051213 0.15202254
vt 0.73031849 0.15180326
vt 0.76153237 0.14496905
vt 0.75119764 0.15859544
vt 0.75758064 0.16188985
vt 0.74853599 0.16212505
vt 0.74599826 0.16121978
vt 0.74423140 0.15593570
vt 0.74176359 0.16050237
vt 0.75883096 0.16158879
vt 0.73887181 0.15602756
vt 0.73405349 0.15223712
vt 0.67248720 0.02637321
vt 0.63671207 0.02781415
vt 0.65393078 0.02448452
vt 0.65204251 0.03049827
vt 0.67150903 0.03049827
vt 0.56601363 0.49527490
vt 0.54133809 0.49527490
vt 0.56469572 0.48754299
vt 0.55160046 0.48962629
vt 0.53023851 0.49510574
vt 0.54045999 0.10180414
vt 0.54045999 0.09750861
vt 0.53705281 0.09941441
vt 0.06432234 0.68296236
vt 0.05991718 0.67663592
vt 0.05801739 0.67877805
vt 0.07017194 0.67106831
vt 0.08565954 0.67887014
vt 0.07751960 0.66627520
vt 0.07100569 0.66021186
vt 0.06703310 0.68869597
vt 0.07539862 0.69479156
vt 0.07559791 0.69933033
vt 0.09014417 0.68604553
vt 0.09033912 0.69521153
vt 0.06857767 0.69594526
vt 0.08425809 0.70255196
vt 0.09193271 0.67706674
vt 0.09176902 0.67138708
vt 0.09468713 0.68804240
vt 0.06633028 0.65992582
vt 0.08424568 0.66846943
vt 0.06464747 0.68863243
vt 0.09452680 0.69527304
vt 0.05463743 0.67483890
vt 0.05424403 0.66828448
vt 0.05113735 0.66490328
vt 0.05264789 0.65593398
vt 0.04185602 0.63530797
vt 0.05474013 0.64899749
vt 0.05720456 0.65727061
vt 0.05034311 0.63813901
vt 0.04870084 0.63287216
vt 0.05223735 0.63145453
vt 0.05832643 0.64962089
vt 0.04240541 0.62988216
vt 0.04915210 0.62136042
vt 0.04336008 0.62398928
vt 0.04984093 0.61180931
vt 0.05422734 0.61415923
vt 0.06216757 0.65579051
vt 0.05626842 0.60813397
vt 0.05910336 0.61066639
vt 0.06195365 0.60780644
vt 0.06923856 0.59670305
vt 0.06844551 0.60208589
vt 0.07274868 0.59761834
vt 0.05899109 0.66855216
vt 0.05460344 0.64019990
vt 0.06923856 0.59670305
vt 0.05943734 0.59906691
vt 0.05319720 0.56719208
vt 0.07580472 0.58796966
vt 0.06480569 0.57120073
vt 0.07803561 0.57470191
vt 0.07283776 0.56953913
vt 0.03937013 0.58050895
vt 0.08735822 0.58403862
vt 0.08451482 0.57681179
vt 0.03545997 0.56233370
vt 0.02428073 0.56126243
vt 0.02611003 0.56910235
vt 0.02150354 0.56188965
vt 0.02020433 0.56894141
vt 0.01658130 0.56214148
vt 0.02952554 0.55763024
vt 0.01329073 0.56897646
vt 0.01740876 0.57357866
vt 0.00956713 0.57790679
vt 0.00727910 0.56874496
vt 0.02291447 0.57413298
vt 0.07779437 0.59269482
vt 0.07928163 0.56924838
vt 0.05800236 0.61416185
vt 0.09201758 0.58351457
vt 0.08645827 0.59100884
vt 0.11155064 0.57443869
vt 0.10857997 0.58560789
vt 0.09786496 0.59135056
vt 0.09015647 0.59057027
vt 0.12417153 0.58577281
vt 0.11825813 0.59237063
vt 0.12298120 0.59554404
vt 0.11008125 0.59402597
vt 0.10592191 0.59410542
vt 0.13741267 0.60230744
vt 0.14544174 0.58420879
vt 0.14555182 0.60660797
vt 0.14998341 0.58376616
vt 0.15794910 0.60319316
vt 0.16010439 0.58105844
vt 0.16768220 0.60715967
vt 0.16016991 0.57543284
vt 0.17243908 0.57499605
vt 0.16744883 0.57095057
vt 0.15190592 0.57594121
vt 0.17760795 0.59497428
vt 0.14799412 0.57932895
vt 0.16071591 0.56885046
vt 0.15839849 0.60805678
vt 0.12155025 0.59779108
vt 0.08974160 0.56354189
vt 0.09532701 0.55081880
vt 0.10270119 0.54508126
vt 0.13005018 0.54486436
vt 0.11001176 0.53259015
vt 0.12527010 0.52992380
vt 0.11840224 0.52378821
vt 0.12269336 0.51777571
vt 0.13008834 0.52646184
vt 0.12548989 0.51481915
vt 0.11957168 0.51197171
vt 0.13192455 0.51983893
vt 0.13559160 0.53029037
vt 0.12569228 0.51073647
vt 0.11708470 0.51849556
vt 0.13356692 0.54014254
vt 0.08620124 0.56088638
vt 0.09407797 0.54554039
vt 0.08008191 0.55923802
vt 0.08567283 0.54891282
vt 0.09059941 0.53807753
vt 0.08335174 0.54421759
vt 0.07978148 0.55355567
vt 0.01869178 0.55842656
vt 0.05283049 0.62260139
vt 0.10212259 0.59287363
vt 0.12328232 0.50644332
vt 0.07715701 0.56492114
vt 0.07192525 0.56270999
vt 0.07252540 0.56674302
vt 0.06389000 0.56837136
vt 0.01347910 0.58365953
vt 0.10111662 0.54068494
vt 0.00990958 0.59142256
vt 0.01707659 0.59142148
vt 0.05473356 0.60314417
vt 0.04746687 0.56276995
vt 0.05132692 0.56165743
vt 0.06292772 0.56647223
vt 0.05738129 0.55971551
vt 0.01236614 0.59886158
vt 0.01854292 0.61218119
vt 0.01024662 0.60607511
vt 0.01313452 0.61880082
vt 0.01945614 0.62167770
vt 0.09357270 0.53852600
vt 0.09043106 0.53416139
vt 0.09785553 0.52943391
vt 0.00753806 0.61449736
vt 0.00531824 0.61817437
vt 0.04373036 0.55593681
vt 0.11812560 0.50696141
vt 0.00736465 0.59857714
vt 0.02350696 0.62117398
vt 0.00719222 0.60765761
vt 0.05354821 0.55271286
vt 0.03529927 0.55149794
vt 0.04052543 0.54733801
vt 0.02590981 0.54854691
vt 0.06161730 0.55312717
vt 0.06686293 0.55767542
vt 0.03651820 0.55767667
vt 0.07662585 0.55145538
vt 0.18540449 0.56872797
vt 0.20706560 0.60597295
vt 0.20951095 0.58146465
vt 0.21179156 0.60596764
vt 0.20853925 0.61668688
vt 0.20337957 0.61798960
vt 0.19257975 0.61974889
vt 0.19856395 0.62518144
vt 0.21492547 0.61662340
vt 0.21810906 0.60756809
vt 0.22299892 0.61445147
vt 0.22492196 0.60861784
vt 0.21683913 0.61908138
vt 0.22389944 0.61794275
vt 0.22551079 0.62412822
vt 0.22103700 0.62813890
vt 0.22410734 0.63663357
vt 0.21680732 0.63305283
vt 0.22085972 0.64050031
vt 0.22614992 0.64160764
vt 0.21306643 0.64020723
vt 0.21534763 0.64712608
vt 0.20981173 0.64433050
vt 0.20999570 0.62557888
vt 0.20754802 0.63154405
vt 0.21170056 0.64929146
vt 0.21544391 0.65953487
vt 0.21043055 0.66201007
vt 0.20767093 0.64803135
vt 0.21421707 0.67630321
vt 0.21202812 0.68105680
vt 0.22296156 0.60101795
vt 0.21907109 0.57814866
vt 0.22260177 0.67123771
vt 0.21362694 0.62417042
vt 0.22383529 0.58954841
vt 0.22399551 0.57841611
vt 0.22214982 0.56707048
vt 0.21660453 0.57080489
vt 0.22017032 0.55158871
vt 0.22575605 0.57302290
vt 0.22388715 0.55863947
vt 0.21623117 0.55540854
vt 0.21310152 0.56910980
vt 0.21324600 0.55355150
vt 0.21676810 0.68094397
vt 0.22355951 0.64549643
vt 0.20273504 0.67387587
vt 0.20767644 0.68088800
vt 0.19853871 0.68160957
vt 0.18451838 0.67710799
vt 0.18632573 0.68118680
vt 0.19796157 0.68614167
vt 0.18391722 0.68513334
vt 0.17594062 0.68086904
vt 0.15992041 0.68204033
vt 0.16374348 0.68864197
vt 0.15613732 0.69067699
vt 0.16641837 0.69422674
vt 0.18341133 0.69553787
vt 0.15275028 0.68501484
vt 0.14981543 0.69043565
vt 0.16273084 0.67774570
vt 0.15398240 0.67747605
vt 0.18636775 0.69158852
vt 0.17235503 0.65783960
vt 0.17742662 0.64351356
vt 0.16784409 0.64178902
vt 0.15475687 0.64689380
vt 0.17077002 0.63850051
vt 0.18202113 0.63533509
vt 0.17702927 0.63201666
vt 0.18157300 0.62747711
vt 0.17738551 0.62728292
vt 0.18130235 0.62116808
vt 0.18356973 0.62096667
vt 0.18894668 0.62842584
vt 0.18875672 0.63630158
vt 0.18566954 0.61775839
vt 0.17243157 0.67647946
vt 0.20626794 0.62280619
vt 0.18861100 0.62475616
vt 0.19243149 0.62915969
vt 0.21301587 0.58497941
vt 0.18605094 0.61295080
vt 0.20649077 0.68434632
vt 0.13764244 0.53991807
vt 0.14118963 0.53453130
vt 0.14196694 0.54066700
vt 0.22523506 0.55020154
vt 0.00468484 0.60190964
vt 0.17241579 0.61202282
vt 0.02235789 0.59082383
vt 0.07414269 0.55684227
vt 0.19981505 0.56167495
vt 0.22038884 0.68191063
vt 0.02133277 0.55056387
vt 0.01995925 0.54536784
vt 0.01532848 0.54701132
vt 0.08136935 0.59395468
vt 0.13709234 0.54784632
vt 0.15003881 0.55259240
vt 0.14449720 0.55580515
vt 0.15144391 0.56156480
vt 0.14649521 0.56492877
vt 0.13825138 0.55569255
vt 0.15161520 0.67013246
vt 0.21965097 0.54725105
vt 0.08430663 0.70778435
vt 0.09300134 0.71123177
vt 0.09318091 0.70805049
vt 0.09978355 0.71331561
vt 0.09389137 0.71497953
vt 0.09128386 0.71902663
vt 0.09586827 0.72207904
vt 0.17815277 0.61251360
vt 0.20356168 0.68958277
vt 0.15217085 0.56906945
vt 0.15669185 0.56365150
vt 0.17494835 0.55777073
vt 0.16881114 0.55637342
vt 0.17458184 0.55284810
vt 0.18189491 0.55202919
vt 0.14783910 0.56431901
vt 0.14900267 0.56971037
vt 0.18516818 0.55713516
vt 0.19450119 0.55022383
vt 0.18865970 0.54787129
vt 0.19915023 0.54507130
vt 0.10136528 0.53600615
vt 0.06871076 0.65529907
vt 0.06491021 0.65085268
vt 0.08555051 0.65123999
vt 0.05957627 0.64797634
vt 0.07162546 0.62229615
vt 0.09316399 0.63639629
vt 0.05578841 0.61945879
vt 0.09321567 0.59382063
vt 0.01917669 0.55381900
vt 0.21457894 0.68602800
vt 0.21849598 0.69026095
vt 0.22321890 0.68827993
vt 0.22352481 0.69328952
vt 0.21920864 0.69508559
vt 0.22119541 0.69774801
vt 0.21433528 0.70836449
vt 0.02200040 0.60816312
vt 0.08207186 0.56990528
vt 0.19411758 0.65819508
vt 0.06277138 0.66360712
vt 0.14815152 0.65108663
vt 0.14999196 0.64497662
vt 0.15424938 0.64287585
vt 0.21233565 0.69059908
vt 0.08591768 0.59563971
vt 0.08136935 0.59395468
vt 0.08152319 0.59758425
vt 0.08591768 0.59563971
vt 0.08933581 0.59474063
vt 0.13815343 0.56545895
vt 0.20535193 0.64181983
vt 0.19727565 0.70034391
vt 0.18341905 0.61593509
vt 0.01984283 0.58380854
vt 0.09131724 0.66689110
vt 0.09653637 0.66708523
vt 0.10377075 0.65729535
vt 0.11155517 0.65444738
vt 0.11104427 0.65039986
vt 0.11754346 0.64940274
vt 0.08761590 0.66512734
vt 0.08048657 0.66372418
vt 0.14986555 0.57516366
vt 0.18823349 0.56213772
vt 0.10087603 0.53074586
vt 0.07582112 0.66129041
vt 0.21071856 0.61809146
vt 0.01370571 0.55278111
vt 0.09260251 0.70179522
vt 0.07802940 0.59565610
vt 0.07802940 0.59565610
vt 0.08136935 0.59395468
vt 0.20993340 0.54637969
vt 0.09853163 0.70499170
vt 0.09679070 0.70001870
vt 0.10888300 0.52213311
vt 0.22614992 0.54478419
vt 0.01114451 0.55918890
vt 0.20861290 0.62039596
vt 0.11215258 0.69522071
vt 0.11164812 0.67643583
vt 0.13847905 0.67227411
vt 0.20268624 0.55347455
vt 0.00938259 0.54838365
vt 0.21429168 0.54109293
vt 0.17785834 0.52168554
vt 0.18015333 0.51358277
vt 0.17775878 0.50816149
vt 0.17151187 0.51226830
vt 0.17691740 0.52870589
vt 0.18015333 0.53221649
vt 0.17097427 0.52631736
vt 0.16822828 0.51629555
vt 0.97998297 0.77104813
vt 0.97402042 0.77394772
vt 0.97998297 0.77870798
vt 0.97768712 0.78737116
vt 0.44500858 0.00386596
vt 0.45272574 0.00414753
vt 0.44591162 0.00902063
vt 0.42887563 0.00902063
vt 0.53364563 0.79409814
vt 0.52197230 0.79853952
vt 0.52379286 0.79331082
vt 0.51382166 0.79688352
vt 0.51587307 0.79232162
vt 0.50706422 0.79626894
vt 0.50848615 0.78888887
vt 0.51947594 0.78384382
vt 0.51369232 0.78135741
vt 0.52926385 0.78593892
vt 0.50430155 0.79180932
vt 0.50383306 0.79853952
vt 0.30945283 0.00644332
vt 0.31303236 0.01847076
vt 0.30754578 0.01750559
vt 0.30195913 0.01847076
vt 0.30321038 0.00660616
vt 0.36754686 0.27987349
vt 0.35898408 0.28953433
vt 0.36754686 0.30197597
vt 0.35647359 0.28641117
vt 0.36651191 0.27534366
vt 0.54727429 0.21262884
vt 0.54727429 0.20629537
vt 0.54045999 0.20816493
vt 0.54330611 0.19610572
vt 0.54655886 0.19596446
vt 0.54243207 0.19029212
vt 0.03519312 0.66576868
vt 0.01910195 0.66555274
vt 0.03005720 0.66280067
vt 0.02752875 0.68180305
vt 0.01996461 0.68427837
vt 0.04182915 0.67042589
vt 0.03785440 0.68212920
vt 0.04677394 0.67589754
vt 0.04615566 0.67894393
vt 0.04982964 0.67859304
vt 0.04660575 0.68365908
vt 0.00979557 0.67037898
vt 0.04102450 0.68427837
vt 0.04102450 0.68427837
vt 0.66050673 0.29977554
vt 0.64863712 0.30369413
vt 0.65182680 0.29853952
vt 0.67163545 0.30369413
vt 0.50272691 0.66781431
vt 0.51371330 0.66365981
vt 0.52427596 0.67139173
vt 0.50127769 0.67139173
vt 0.31100684 0.26680809
vt 0.29560685 0.24127030
vt 0.30011654 0.23959333
vt 0.29827550 0.27130830
vt 0.26656464 0.26094002
vt 0.28164330 0.26919198
vt 0.26307735 0.26217389
vt 0.25583017 0.25227410
vt 0.25478619 0.25775582
vt 0.26028419 0.22682214
vt 0.27503574 0.21394002
vt 0.25512674 0.20825732
vt 0.23111740 0.24007791
vt 0.22231320 0.20123655
vt 0.21633357 0.23423773
vt 0.25269946 0.18018705
vt 0.21955837 0.17292303
vt 0.20322610 0.22954381
vt 0.19448482 0.19761670
vt 0.20418675 0.16520643
vt 0.20509596 0.15014166
vt 0.23544207 0.14835966
vt 0.18009830 0.15978825
vt 0.32049721 0.27324820
vt 0.32719046 0.27359581
vt 0.32897043 0.27922606
vt 0.32115102 0.28020632
vt 0.15877043 0.18561190
vt 0.15698375 0.15615046
vt 0.14073190 0.16301316
vt 0.19738273 0.22622055
vt 0.16175734 0.21660066
vt 0.12598303 0.21096587
vt 0.31136468 0.27482027
vt 0.32886851 0.28190327
vt 0.25211808 0.25329232
vt 0.15042010 0.21539402
vt 0.20098172 0.15216571
vt 0.22923848 0.24129438
vt 0.11777718 0.20849097
vt 0.11240343 0.18110597
vt 0.11834933 0.15164697
vt 0.10691360 0.14907563
vt 0.07497775 0.16945553
vt 0.09198314 0.20380598
vt 0.06468508 0.14089048
vt 0.10971642 0.20547986
vt 0.05096833 0.14625800
vt 0.04171287 0.18338817
vt 0.02472276 0.15228534
vt 0.08270162 0.20233607
vt 0.13267702 0.15263385
vt 0.27890599 0.20937771
vt 0.04172761 0.10814917
vt 0.01452602 0.18781245
vt 0.01134208 0.18240249
vt 0.00978490 0.18962950
vt 0.01275706 0.19521075
vt 0.00941380 0.16288131
vt 0.01062333 0.15334558
vt 0.00652176 0.16579932
vt 0.33346930 0.27786839
vt 0.32936740 0.28578448
vt 0.25636145 0.26097429
vt 0.21410428 0.23620236
vt 0.12002164 0.21265399
vt 0.33099914 0.27157581
vt 0.10106725 0.14484072
vt 0.32535988 0.28488040
vt 0.32535988 0.28488040
vt 0.00591281 0.15292895
vt 0.01538858 0.20296836
vt 0.33103803 0.26282614
vt 0.32680282 0.24851805
vt 0.32343650 0.23647499
vt 0.31403318 0.21189481
vt 0.28149220 0.21404201
vt 0.33531412 0.26887906
vt 0.23256740 0.24599457
vt 0.11599153 0.14823592
vt 0.08743563 0.11511153
vt 0.12565906 0.11369497
vt 0.09776176 0.08989513
vt 0.07533165 0.07836425
vt 0.09050458 0.06580734
vt 0.10708874 0.07799643
vt 0.09396299 0.06350005
vt 0.11566149 0.08023977
vt 0.12865198 0.07654029
vt 0.12843493 0.08163601
vt 0.12151121 0.08392638
vt 0.16012964 0.08469594
vt 0.05258323 0.09629858
vt 0.06509481 0.05763447
vt 0.03458881 0.07809746
vt 0.04307789 0.04975003
vt 0.02236056 0.04412591
vt 0.01064719 0.06034076
vt 0.01181162 0.05128187
vt 0.00837358 0.07881129
vt 0.00470997 0.09076107
vt 0.01436293 0.04349375
vt 0.06459963 0.05318856
vt 0.11736605 0.08903337
vt 0.00490992 0.10116756
vt 0.00042589 0.10191727
vt 0.00189006 0.10636121
vt 0.00365015 0.11003304
vt 0.02530675 0.03924155
vt 0.07695010 0.05906469
vt 0.01142447 0.04318094
vt 0.01449125 0.03137231
vt 0.15626904 0.10684985
vt 0.05113717 0.20823246
vt 0.19379237 0.22476625
vt 0.18644983 0.22508758
vt 0.13932508 0.21654260
vt 0.12090416 0.23991549
vt 0.15303291 0.24523664
vt 0.12164731 0.26216280
vt 0.11359137 0.26361573
vt 0.09550779 0.27198708
vt 0.10258832 0.22041982
vt 0.08111688 0.23010135
vt 0.06198306 0.26295292
vt 0.06712463 0.28263998
vt 0.03264436 0.28647411
vt 0.03163875 0.29252577
vt 0.02743161 0.26732111
vt 0.02669465 0.25806916
vt 0.05372625 0.24278212
vt 0.09413002 0.20667279
vt 0.02943605 0.28825355
vt 0.02604882 0.24927497
vt 0.02301515 0.25150228
vt 0.03830162 0.21415907
vt 0.02182344 0.24052304
vt 0.02843089 0.21748286
vt 0.01983744 0.22268927
vt 0.01621724 0.22022516
vt 0.01852699 0.21197313
vt 0.01452132 0.21276486
vt 0.01835879 0.23304045
vt 0.01631595 0.22422928
vt 0.26786193 0.15178597
vt 0.27312976 0.16238642
vt 0.23398051 0.11860895
vt 0.03310254 0.21278083
vt 0.33603066 0.27590042
vt 0.27928066 0.18808520
vt 0.01205855 0.20253992
vt 0.01887459 0.02439713
vt 0.10431453 0.20690018
vt 0.15830131 0.21922266
vt 0.06319757 0.13556492
vt 0.00669347 0.14495099
vt 0.00697160 0.13692641
vt 0.00279348 0.13873839
vt 0.00343130 0.13097131
vt 0.01705497 0.11562783
vt 0.30950773 0.27819526
vt 0.02474292 0.00903344
vt 0.02940111 0.00529003
vt 0.02460956 0.00042957
vt 0.08690605 0.20444512
vt 0.19361199 0.22850692
vt 0.17007153 0.09156853
vt 0.18023859 0.10230649
vt 0.17335626 0.08724409
vt 0.16877447 0.08424449
vt 0.25069547 0.25790310
vt 0.15893205 0.14178699
vt 0.00054125 0.11937058
vt 0.28059503 0.21537268
vt 0.32517943 0.28773320
vt 0.33213025 0.29162192
vt 0.32487336 0.29252577
vt 0.19436254 0.11788034
vt 0.72958988 0.68341923
vt 0.72700173 0.68838316
vt 0.73126066 0.68631744
vt 0.73126066 0.71005154
vt 0.83091992 0.33489740
vt 0.82751280 0.33182603
vt 0.82825947 0.33977664
vt 0.83091992 0.32173538
vt 0.16467275 0.24290389
vt 0.13671209 0.27358526
vt 0.16936748 0.26143408
vt 0.18952300 0.23496562
vt 0.18952300 0.27706182
vt 0.99361157 0.77362543
vt 0.99361157 0.74097937
vt 0.98509371 0.74541748
vt 0.44644716 0.75930983
vt 0.45379025 0.76675260
vt 0.43313459 0.76675260
vt 0.44958365 0.75644332
vt 0.45698467 0.76541305
vt 0.98984718 0.28795213
vt 0.99275982 0.29252577
vt 0.99275982 0.27301300
vt 0.95783645 0.28091508
vt 0.96218389 0.25020778
vt 0.98605537 0.23668385
vt 0.45640492 0.13071936
vt 0.48253834 0.16022336
vt 0.45613289 0.16022336
vt 0.45845076 0.12328178
vt 0.65236920 0.89646018
vt 0.65316898 0.90219092
vt 0.65692902 0.90238643
vt 0.65134013 0.90817028
vt 0.65623045 0.91517842
vt 0.65532374 0.89577198
vt 0.66443014 0.89717966
vt 0.66832489 0.88867837
vt 0.65181059 0.88553578
vt 0.66176289 0.92009431
vt 0.64721870 0.88872463
vt 0.66620386 0.88577271
vt 0.64030927 0.88101375
vt 0.64420182 0.91159582
vt 0.64135271 0.91432542
vt 0.62684965 0.91083813
vt 0.62914461 0.91471344
vt 0.62011439 0.91560298
vt 0.64267576 0.91951835
vt 0.61832219 0.91993237
vt 0.61102885 0.91211587
vt 0.60654867 0.91815293
vt 0.60263807 0.93796366
vt 0.59631777 0.92726445
vt 0.62335193 0.95975739
vt 0.59760439 0.92018092
vt 0.58870286 0.93205547
vt 0.59182864 0.92276663
vt 0.59940147 0.91258663
vt 0.64326084 0.92343706
vt 0.64701188 0.91673422
vt 0.63671714 0.90837324
vt 0.64883161 0.90572584
vt 0.64006948 0.90764415
vt 0.67078364 0.88449591
vt 0.62744766 0.90773731
vt 0.63515753 0.96231365
vt 0.65967208 0.93792629
vt 0.63174069 0.96434706
vt 0.62313169 0.96223855
vt 0.61007708 0.95824230
vt 0.61353779 0.96127343
vt 0.58561420 0.92264688
vt 0.58207864 0.93446815
vt 0.57548380 0.91939795
vt 0.59011728 0.91397661
vt 0.57629263 0.91653371
vt 0.57025677 0.91908807
vt 0.56856900 0.93203282
vt 0.58252019 0.93961650
vt 0.64319396 0.88963562
vt 0.66369534 0.92367595
vt 0.57395381 0.94225395
vt 0.59077859 0.91710389
vt 0.65739840 0.91873664
vt 0.64087951 0.88489294
vt 0.63500792 0.88478500
vt 0.63564801 0.88131124
vt 0.63814110 0.88906503
vt 0.64192462 0.89375132
vt 0.65269327 0.92392546
vt 0.65881312 0.92716420
vt 0.66587585 0.93898362
vt 0.67038065 0.92594802
vt 0.67078364 0.95204860
vt 0.20636104 0.81056702
vt 0.21349551 0.80713058
vt 0.21507666 0.81056702
vt 0.20229983 0.80918288
vt 0.57282794 0.99012029
vt 0.56736892 0.99087328
vt 0.56601363 0.99647504
vt 0.57282794 0.99957043
vt 0.90911430 0.34335732
vt 0.90219951 0.34342545
vt 0.90425581 0.34645134
vt 0.91079438 0.34985954
vt 0.90740448 0.35105252
vt 0.89848709 0.35559225
vt 0.90383446 0.36255097
vt 0.90146834 0.36363852
vt 0.89631283 0.35675520
vt 0.90897995 0.36103302
vt 0.90769500 0.36920059
vt 0.90773606 0.33841783
vt 0.90879977 0.32737422
vt 0.91062844 0.33295089
vt 0.90288961 0.32621348
vt 0.91158307 0.32170302
vt 0.90202975 0.32087630
vt 0.89503807 0.32616889
vt 0.91269165 0.32616651
vt 0.88980377 0.34949100
vt 0.88932598 0.32609916
vt 0.88287902 0.35047436
vt 0.91252053 0.35804075
vt 0.89319152 0.35135496
vt 0.90596372 0.37070447
vt 0.91067272 0.33888590
vt 0.91269165 0.36360633
vt 0.96209538 0.28925014
vt 0.96550256 0.29424399
vt 0.96550256 0.28651202
vt 0.37095401 0.43448848
vt 0.36905953 0.43084192
vt 0.36669505 0.43589342
vt 0.37095401 0.43857390
vt 0.08257812 0.31515807
vt 0.08049873 0.31964016
vt 0.07472862 0.31304944
vt 0.07697028 0.30949908
vt 0.08333232 0.31199563
vt 0.07682081 0.30661023
vt 0.07043439 0.30913341
vt 0.07413361 0.31765711
vt 0.07634860 0.32598066
vt 0.07206702 0.33087516
vt 0.07993126 0.32345128
vt 0.07680678 0.33687615
vt 0.10419475 0.32848340
vt 0.06968940 0.31521058
vt 0.07920947 0.32928848
vt 0.06451979 0.33511984
vt 0.07001442 0.33974683
vt 0.08361207 0.34149486
vt 0.08348639 0.33752024
vt 0.06408350 0.33903587
vt 0.07270786 0.30782807
vt 0.05798369 0.33585536
vt 0.05850510 0.33950698
vt 0.06108717 0.32748252
vt 0.05446492 0.32991093
vt 0.04057185 0.33140385
vt 0.04442539 0.32868659
vt 0.03792574 0.32404280
vt 0.03488239 0.32563865
vt 0.03721913 0.31762981
vt 0.03898903 0.32022977
vt 0.04183213 0.31723011
vt 0.05092302 0.30816710
vt 0.04589433 0.30618620
vt 0.03547219 0.30177903
vt 0.02171678 0.31858486
vt 0.02323325 0.29616797
vt 0.02479265 0.33817554
vt 0.02529219 0.34149486
vt 0.01746167 0.29844832
vt 0.01870046 0.29166663
vt 0.08231159 0.33091748
vt 0.08633652 0.33191198
vt 0.08371117 0.32724154
vt 0.10396087 0.33407819
vt 0.10775128 0.33152366
vt 0.02186724 0.33835721
vt 0.06427263 0.31006730
vt 0.06330939 0.31432855
vt 0.05702890 0.31069297
vt 0.04401878 0.29636133
vt 0.04006687 0.30064774
vt 0.06682657 0.32519627
vt 0.09078405 0.33054364
vt 0.71166950 0.98926115
vt 0.71607047 0.98152924
vt 0.71848381 0.98926115
vt 0.30536628 0.45833337
vt 0.30953944 0.45440137
vt 0.31519398 0.45628345
vt 0.31424424 0.45293808
vt 0.31936914 0.45231962
vt 0.32422769 0.45480663
vt 0.32666099 0.45833337
vt 0.55325478 0.14992702
vt 0.54977745 0.15493256
vt 0.55713201 0.15274143
vt 0.54734159 0.15289813
vt 0.55335480 0.13288921
vt 0.55790073 0.13312966
vt 0.55926484 0.14305609
vt 0.55620217 0.11495304
vt 0.54584956 0.15678692
vt 0.55088884 0.13354284
vt 0.55483311 0.10732043
vt 0.56090289 0.10457367
vt 0.55740279 0.09733689
vt 0.55302882 0.09403783
vt 0.54925787 0.12120897
vt 0.55509043 0.08548111
vt 0.55908573 0.08659589
vt 0.55025584 0.08630168
vt 0.54470223 0.14921403
vt 0.54621017 0.11092132
vt 0.54466891 0.13751388
vt 0.56090289 0.15578640
vt 0.54301536 0.12521744
vt 0.46465078 0.40936422
vt 0.46209541 0.41388297
vt 0.46465078 0.41967356
vt 0.10735963 0.88543105
vt 0.11006781 0.88187957
vt 0.10753600 0.87995368
vt 0.10956328 0.89077508
vt 0.11234256 0.88763928
vt 0.12574084 0.89065057
vt 0.12573643 0.88795781
vt 0.10983673 0.89395118
vt 0.12588641 0.89470732
vt 0.13074957 0.89281976
vt 0.11333188 0.89774716
vt 0.12529247 0.89771926
vt 0.10383160 0.89380807
vt 0.12707826 0.91351593
vt 0.10560713 0.91306961
vt 0.12663294 0.91710103
vt 0.08421174 0.91506487
vt 0.10594888 0.91908449
vt 0.08540027 0.91824120
vt 0.07868405 0.91978574
vt 0.07895368 0.91450244
vt 0.08117465 0.91065639
vt 0.07528058 0.91656953
vt 0.07061721 0.93016100
vt 0.06395974 0.92275393
vt 0.06456663 0.91510731
vt 0.06961457 0.90740705
vt 0.06151743 0.90569735
vt 0.05982225 0.91280824
vt 0.06532382 0.89804798
vt 0.05694165 0.90060824
vt 0.13040449 0.91492736
vt 0.05817308 0.92599982
vt 0.05181286 0.94134712
vt 0.08571612 0.91170865
vt 0.06005271 0.91989976
vt 0.07108501 0.94222790
vt 0.05877794 0.94490296
vt 0.04705350 0.94484538
vt 0.04651943 0.93890935
vt 0.13074957 0.91935533
vt 0.10648328 0.89152080
vt 0.07610094 0.89715904
vt 0.12406199 0.88544244
vt 0.12914306 0.89593577
vt 0.04015624 0.94252604
vt 0.04385580 0.91392523
vt 0.02325867 0.90389848
vt 0.02870095 0.88381463
vt 0.02269646 0.88331097
vt 0.02811103 0.87152910
vt 0.03605693 0.88164949
vt 0.03242572 0.94335181
vt 0.02172061 0.91871470
vt 0.02586072 0.94313568
vt 0.02498468 0.94867784
vt 0.03429728 0.94888318
vt 0.04944831 0.89939183
vt 0.04633261 0.88194102
vt 0.03800496 0.87904680
vt 0.04226527 0.87797725
vt 0.04032307 0.86554980
vt 0.12037887 0.88244587
vt 0.03273807 0.86930668
vt 0.05732296 0.92235613
vt 0.05625229 0.89491791
vt 0.12809810 0.88087773
vt 0.09677370 0.89623260
vt 0.09621831 0.88987893
vt 0.10343923 0.89097881
vt 0.09735878 0.88635886
vt 0.09281261 0.88156199
vt 0.08722857 0.87857628
vt 0.08609311 0.88856292
vt 0.08938041 0.87666571
vt 0.08586723 0.87400007
vt 0.08451438 0.89552009
vt 0.07659159 0.88106650
vt 0.06151501 0.87746376
vt 0.06818847 0.87692219
vt 0.07496812 0.87563455
vt 0.06356277 0.87375170
vt 0.05115775 0.88802272
vt 0.05519031 0.90158480
vt 0.04817415 0.88251930
vt 0.05643520 0.87192929
vt 0.05252720 0.87530327
vt 0.43824533 0.29424399
vt 0.43824533 0.28678668
vt 0.43398637 0.28869241
vt 0.43541202 0.27362543
vt 0.15563546 0.76396626
vt 0.15587804 0.78467858
vt 0.15102854 0.77609485
vt 0.15831989 0.77194202
vt 0.16595516 0.77493441
vt 0.16689640 0.78040934
vt 0.15953964 0.79172182
vt 0.17374016 0.78339779
vt 0.17496648 0.78830606
vt 0.15879571 0.80089098
vt 0.16989033 0.80579579
vt 0.17834327 0.78979337
vt 0.15820092 0.81262249
vt 0.15513632 0.80615342
vt 0.14522998 0.81314433
vt 0.19810173 0.79753006
vt 0.18458249 0.78461325
vt 0.19924901 0.77681112
vt 0.18516555 0.77587706
vt 0.18971145 0.76590377
vt 0.19840361 0.76379067
vt 0.18972300 0.76031160
vt 0.18618570 0.76332986
vt 0.22139871 0.76559788
vt 0.18581009 0.76726067
vt 0.22032131 0.79711545
vt 0.18388166 0.77929145
vt 0.15157337 0.80420262
vt 0.15034404 0.77975225
vt 0.17856820 0.78532493
vt 0.18992803 0.75506359
vt 0.14625600 0.77314198
vt 0.18620196 0.75849831
vt 0.19925557 0.76049471
vt 0.15682659 0.79405844
vt 0.18627343 0.75409925
vt 0.22369266 0.77843237
vt 0.22649710 0.78870994
vt 0.22736175 0.77270889
vt 0.25542256 0.77578431
vt 0.22639497 0.79729944
vt 0.24029192 0.80042005
vt 0.27791938 0.77884895
vt 0.27360830 0.80442834
vt 0.27773300 0.80829090
vt 0.27435499 0.76636767
vt 0.28237763 0.77762866
vt 0.27851146 0.76789021
vt 0.28423473 0.77305579
vt 0.28605565 0.78687942
vt 0.23079023 0.76620948
vt 0.29349050 0.81164199
vt 0.30094802 0.80935436
vt 0.26362181 0.75198603
vt 0.27031550 0.76355529
vt 0.23029332 0.75808233
vt 0.26376584 0.74407279
vt 0.26826119 0.74711311
vt 0.26670232 0.75236535
vt 0.26792449 0.74044490
vt 0.26736194 0.73509967
vt 0.22833022 0.72323859
vt 0.27187398 0.73439133
vt 0.23883601 0.71460593
vt 0.22971447 0.71720588
vt 0.22130495 0.72318900
vt 0.22284836 0.72730714
vt 0.21729228 0.72752017
vt 0.22139741 0.73331559
vt 0.22366580 0.75155503
vt 0.22572319 0.74910522
vt 0.20983858 0.73756784
vt 0.20402087 0.74593842
vt 0.19044738 0.74705452
vt 0.19281466 0.75065202
vt 0.18679181 0.75089902
vt 0.20853555 0.72977394
vt 0.18922488 0.73883945
vt 0.18612912 0.74210310
vt 0.17945272 0.73169434
vt 0.18228807 0.72838849
vt 0.17833456 0.72497624
vt 0.18086447 0.72091860
vt 0.19788866 0.71655709
vt 0.17503388 0.71773124
vt 0.17961453 0.71757746
vt 0.20535672 0.73308086
vt 0.20371974 0.73699307
vt 0.27298215 0.72396827
vt 0.27218008 0.73941946
vt 0.22706883 0.74473071
vt 0.22347541 0.79787618
vt 0.22555912 0.76430738
vt 0.19187024 0.75124788
vt 0.29064065 0.78513509
vt 0.29031163 0.79760861
vt 0.30060107 0.80417633
vt 0.30614907 0.80811918
vt 0.30280465 0.79994601
vt 0.30403492 0.81314433
vt 0.30962521 0.81010234
vt 0.25548854 0.70492393
vt 0.25009042 0.70442075
vt 0.26721841 0.69508040
vt 0.27859566 0.71026993
vt 0.27765387 0.71966022
vt 0.28297636 0.71313733
vt 0.28184950 0.70896059
vt 0.28272310 0.69914919
vt 0.28745958 0.70112503
vt 0.27461287 0.69291413
vt 0.27628264 0.72765422
vt 0.26815787 0.75798559
vt 0.19653329 0.71366268
vt 0.20065109 0.71494311
vt 0.29370621 0.79394650
vt 0.27370113 0.76006317
vt 0.27046004 0.75415379
vt 0.28733048 0.68738586
vt 0.28627151 0.68362457
vt 0.18188077 0.77214551
vt 0.29181808 0.68739039
vt 0.29007047 0.68170100
vt 0.29476699 0.68360674
vt 0.23006748 0.76407182
vt 0.70655876 0.49613404
vt 0.70655876 0.48324740
vt 0.70144802 0.48567164
vt 0.70167422 0.49267912
vt 0.98679727 0.56330884
vt 0.98679727 0.54278380
vt 0.97190529 0.54252577
vt 0.96039182 0.55967367
vt 0.96565676 0.57689005
vt 0.70655876 0.06314433
vt 0.68559378 0.06314433
vt 0.70230001 0.05884880
vt 0.68526405 0.05937523
vt 0.30089426 0.02941090
vt 0.30682263 0.03705311
vt 0.29830012 0.03225964
vt 0.30119258 0.05191171
vt 0.31938297 0.04672581
vt 0.31287727 0.06816572
vt 0.30098853 0.06933898
vt 0.31396329 0.03704715
vt 0.31023040 0.03503603
vt 0.31435350 0.03386617
vt 0.30786359 0.07259452
vt 0.29262853 0.06626880
vt 0.29011586 0.07047284
vt 0.28451627 0.06868219
vt 0.28440270 0.06170136
vt 0.29098183 0.03792673
vt 0.32069847 0.03138578
vt 0.27855662 0.06951451
vt 0.27569154 0.06712776
vt 0.25976628 0.06743091
vt 0.26387376 0.06447959
vt 0.25934327 0.06350374
vt 0.25468972 0.06575507
vt 0.25329039 0.06893390
vt 0.24637075 0.06712639
vt 0.23540246 0.03972256
vt 0.23218493 0.06870538
vt 0.21665730 0.06837291
vt 0.22406845 0.07101870
vt 0.21408696 0.07228237
vt 0.20799820 0.07167149
vt 0.19934659 0.04238641
vt 0.19788516 0.06869513
vt 0.16815272 0.04701698
vt 0.18395124 0.07009244
vt 0.17374167 0.06890458
vt 0.16539818 0.06885511
vt 0.15734197 0.06618798
vt 0.15547305 0.06960267
vt 0.18857293 0.02062106
vt 0.21431234 0.01712471
vt 0.22432826 0.02144682
vt 0.21654034 0.01285285
vt 0.22582935 0.01016968
vt 0.20769796 0.01368654
vt 0.23500612 0.01234418
vt 0.23057385 0.00744772
vt 0.23393512 0.00922185
vt 0.21766813 0.00987464
vt 0.14831387 0.06336379
vt 0.24602933 0.07070297
vt 0.17332850 0.02038711
vt 0.18660615 0.01671600
vt 0.16465306 0.02161020
vt 0.15476145 0.02543205
vt 0.15592045 0.02065676
vt 0.19456656 0.07259452
vt 0.19687107 0.01587409
vt 0.16793029 0.01738447
vt 0.14502169 0.02430886
vt 0.24087150 0.04022437
vt 0.24270263 0.00752747
vt 0.31139112 0.07141745
vt 0.20106657 0.07056212
vt 0.19650973 0.01287794
vt 0.27284753 0.04117793
vt 0.24810532 0.00891054
vt 0.29727018 0.02690327
vt 0.13865539 0.03903997
vt 0.13506985 0.04077482
vt 0.25842968 0.00749654
vt 0.25070331 0.00649709
vt 0.25788197 0.00377983
vt 0.26827729 0.00537449
vt 0.28131047 0.01101571
vt 0.27849841 0.00524592
vt 0.27457592 0.00246388
vt 0.28276336 0.00688654
vt 0.28193411 0.00214779
vt 0.12904599 0.02718920
vt 0.17730322 0.01569790
vt 0.13147670 0.02373451
vt 0.31778976 0.02853292
vt 0.32057947 0.02290434
vt 0.28932083 0.01924688
vt 0.24759410 0.00415909
vt 0.28091449 0.01894349
vt 0.29121348 0.01581407
vt 0.79173768 0.50816149
vt 0.79173768 0.50042957
vt 0.78833050 0.50297153
vt 0.53430396 0.53479379
vt 0.53790462 0.54080755
vt 0.52938670 0.54080755
vt 0.75170356 0.59170324
vt 0.74737072 0.58548111
vt 0.74911654 0.59113383
vt 0.74961227 0.60009140
vt 0.74376112 0.59866142
vt 0.73783177 0.59072185
vt 0.73589891 0.59925473
vt 0.73871607 0.60620141
vt 0.74690348 0.60759121
vt 0.73321074 0.61084378
vt 0.72871667 0.60973537
vt 0.73059517 0.61554980
vt 0.72274274 0.61520886
vt 0.75170356 0.61234611
vt 0.73892152 0.61197835
vt 0.97454554 0.87197435
vt 0.99037766 0.86359787
vt 0.97024655 0.86732906
vt 0.98944235 0.85632837
vt 0.99338764 0.86256284
vt 0.99030423 0.86879760
vt 0.98024052 0.87610757
vt 0.96722496 0.86224693
vt 0.96000588 0.87295169
vt 0.96776116 0.87531155
vt 0.99142045 0.87479383
vt 0.98419219 0.88222963
vt 0.99701875 0.88457268
vt 0.97806478 0.88051152
vt 0.95838422 0.86660069
vt 0.96468747 0.85763156
vt 0.95987856 0.88300365
vt 0.99701875 0.85066789
vt 0.96780598 0.88569260
vt 0.97494972 0.88489640
vt 0.97740942 0.89392728
vt 0.95217174 0.87564290
vt 0.98091042 0.88674951
vt 0.96580607 0.89569896
vt 0.99429762 0.84750861
vt 0.95804751 0.88929027
vt 0.95691603 0.89496362
vt 0.96519840 0.90420246
vt 0.97113097 0.90566725
vt 0.97263485 0.91808170
vt 0.96656066 0.91646290
vt 0.97237957 0.92614830
vt 0.97989428 0.91555786
vt 0.97861212 0.92300749
vt 0.97564393 0.93668234
vt 0.98331362 0.92402017
vt 0.98315245 0.91966474
vt 0.98873150 0.93078613
vt 0.98298848 0.94115120
vt 0.99375838 0.93739629
vt 0.98694742 0.92412531
vt 0.97679573 0.90385938
vt 0.94931859 0.87026453
vt 0.97420335 0.87645328
vt 0.98108578 0.90520453
vt 0.95099628 0.88238156
vt 0.98312968 0.88501650
vt 0.46678984 0.87286830
vt 0.46039182 0.87152010
vt 0.47168973 0.86737114
vt 0.47355011 0.87500000
vt 0.47527608 0.86554980
vt 0.47977510 0.86924601
vt 0.48168653 0.87500000
f 2378/2378 2371/2371 2380/2380
f 2372/2372 2371/2371 2378/2378
f 2372/2372 2369/2369 2371/2371
f 2373/2373 2369/2369 2372/2372
f 2371/2371 2377/2377 2380/2380
f 2370/2370 2377/2377 2371/2371
f 2369/2369 2370/2370 2371/2371
f 2369/2369 2374/2374 2370/2370
f 2381/2381 2378/2378 2384/2384
f 2372/2372 2378/2378 2381/2381
f 2379/2379 2372/2372 2381/2381
f 2373/2373 2372/2372 2379/2379
f 2382/2382 2373/2373 2379/2379
f 2380/2380 2384/2384 2378/2378
f 2384/2384 2380/2380 2397/2397
f 2376/2376 2369/2369 2373/2373
f 2380/2380 2398/2398 2397/2397
f 2380/2380 2377/2377 2398/2398
f 2398/2398 2377/2377 2399/2399
f 2375/2375 2370/2370 2374/2374
f 2399/2399 2377/2377 2395/2395
f 2370/2370 2395/2395 2377/2377
f 2375/2375 2395/2395 2370/2370
f 2391/2391 2395/2395 2375/2375
f 2374/2374 2391/2391 2375/2375
f 2387/2387 2385/2385 2381/2381
f 2381/2381 2385/2385 2379/2379
f 2385/2385 2386/2386 2379/2379
f 2382/2382 2379/2379 2386/2386
f 2384/2384 2401/2401 2387/2387
f 2381/2381 2384/2384 2387/2387
f 2373/2373 2382/2382 2383/2383
f 2397/2397 2401/2401 2384/2384
f 2376/2376 2373/2373 2383/2383
f 2374/2374 2369/2369 2389/2389
f 2394/2394 2391/2391 2374/2374
f 2387/2387 2400/2400 2385/2385
f 2400/2400 2387/2387 2402/2402
f 2382/2382 2386/2386 2393/2393
f 2387/2387 2401/2401 2402/2402
f 2382/2382 2388/2388 2383/2383
f 2383/2383 2388/2388 2392/2392
f 2401/2401 2397/2397 2407/2407
f 2376/2376 2383/2383 2392/2392
f 2376/2376 2392/2392 2390/2390
f 2791/2791 2769/2769 2770/2770
f 2398/2398 2407/2407 2397/2397
f 2376/2376 2390/2390 2389/2389
f 2389/2389 2369/2369 2376/2376
f 2389/2389 2390/2390 2396/2396
f 2398/2398 2399/2399 2405/2405
f 2394/2394 2374/2374 2389/2389
f 2395/2395 2406/2406 2399/2399
f 2395/2395 2391/2391 2404/2404
f 2394/2394 2404/2404 2391/2391
f 2409/2409 2406/2406 2395/2395
f 2404/2404 2409/2409 2395/2395
f 2400/2400 2403/2403 2385/2385
f 2403/2403 2386/2386 2385/2385
f 2402/2402 2408/2408 2400/2400
f 2792/2792 2783/2783 2793/2793
f 2382/2382 2393/2393 2388/2388
f 2792/2792 2768/2768 2783/2783
f 2792/2792 2790/2790 2768/2768
f 2790/2790 2770/2770 2768/2768
f 3074/3074 3069/3069 3072/3072
f 2772/2772 2769/2769 2791/2791
f 2394/2394 2396/2396 2411/2411
f 2399/2399 2414/2414 2405/2405
f 2389/2389 2396/2396 2394/2394
f 2399/2399 2412/2412 2414/2414
f 2404/2404 2394/2394 2410/2410
f 2394/2394 2411/2411 2410/2410
f 2406/2406 2412/2412 2399/2399
f 2403/2403 2417/2417 2386/2386
f 2408/2408 2416/2416 2400/2400
f 2403/2403 2400/2400 2416/2416
f 3083/3083 3078/3078 3081/3081
f 3078/3078 3077/3077 3081/3081
f 3078/3078 3071/3071 3068/3068
f 2770/2770 2765/2765 2768/2768
f 3077/3077 3068/3068 3074/3074
f 2765/2765 2770/2770 2769/2769
f 3068/3068 3069/3069 3074/3074
f 2765/2765 2769/2769 2758/2758
f 2758/2758 2769/2769 2759/2759
f 2759/2759 2769/2769 2772/2772
f 2773/2773 2759/2759 2772/2772
f 2415/2415 2412/2412 2406/2406
f 2409/2409 2415/2415 2406/2406
f 2409/2409 2404/2404 2413/2413
f 2410/2410 2413/2413 2404/2404
f 2695/2695 2692/2692 2680/2680
f 2695/2695 2680/2680 2693/2693
f 2784/2784 2794/2794 2793/2793
f 2682/2682 2692/2692 2712/2712
f 2693/2693 2694/2694 2713/2713
f 2386/2386 2417/2417 2393/2393
f 2784/2784 2793/2793 2783/2783
f 3083/3083 3079/3079 3078/3078
f 2768/2768 2764/2764 2783/2783
f 3068/3068 3077/3077 3078/3078
f 2461/2461 2457/2457 2458/2458
f 2452/2452 2445/2445 2460/2460
f 2459/2459 2451/2451 2452/2452
f 2459/2459 2455/2455 2451/2451
f 2682/2682 2680/2680 2692/2692
f 3079/3079 3083/3083 3093/3093
f 3079/3079 3071/3071 3078/3078
f 2783/2783 2764/2764 2767/2767
f 2768/2768 2765/2765 2764/2764
f 2764/2764 2765/2765 2754/2754
f 2765/2765 2758/2758 2754/2754
f 3068/3068 3062/3062 3069/3069
f 3069/3069 3061/3061 3067/3067
f 3075/3075 3072/3072 3067/3067
f 3072/3072 3069/3069 3067/3067
f 2773/2773 2774/2774 2759/2759
f 3076/3076 3075/3075 3067/3067
f 2795/2795 2774/2774 2773/2773
f 2445/2445 2456/2456 2460/2460
f 2444/2444 2458/2458 2457/2457
f 2451/2451 2455/2455 2444/2444
f 2458/2458 2444/2444 2455/2455
f 2682/2682 2678/2678 2680/2680
f 2693/2693 2680/2680 2676/2676
f 2693/2693 2676/2676 2694/2694
f 3073/3073 3071/3071 3079/3079
f 2784/2784 2783/2783 2767/2767
f 3071/3071 3063/3063 3068/3068
f 3063/3063 3062/3062 3068/3068
f 3061/3061 3069/3069 3062/3062
f 2754/2754 2758/2758 2755/2755
f 2758/2758 2759/2759 2755/2755
f 3076/3076 3067/3067 3070/3070
f 3076/3076 3070/3070 3085/3085
f 2444/2444 2457/2457 2450/2450
f 2451/2451 2441/2441 2439/2439
f 2452/2452 2451/2451 2439/2439
f 2451/2451 2444/2444 2441/2441
f 2678/2678 2675/2675 2680/2680
f 2680/2680 2675/2675 2676/2676
f 2681/2681 2682/2682 2698/2698
f 2704/2704 2694/2694 2691/2691
f 3080/3080 3073/3073 3079/3079
f 3073/3073 3065/3065 3071/3071
f 2764/2764 2761/2761 2767/2767
f 3071/3071 3065/3065 3063/3063
f 2764/2764 2754/2754 2761/2761
f 3059/3059 3067/3067 3061/3061
f 2771/2771 2755/2755 2759/2759
f 3067/3067 3059/3059 3070/3070
f 2771/2771 2759/2759 2774/2774
f 2456/2456 2438/2438 2454/2454
f 2456/2456 2445/2445 2438/2438
f 2442/2442 2444/2444 2450/2450
f 2452/2452 2439/2439 2445/2445
f 2682/2682 2681/2681 2678/2678
f 2694/2694 2676/2676 2691/2691
f 2784/2784 2767/2767 2781/2781
f 2781/2781 2767/2767 2766/2766
f 2767/2767 2761/2761 2766/2766
f 3050/3050 3062/3062 3063/3063
f 3062/3062 3050/3050 3061/3061
f 3050/3050 3051/3051 3061/3061
f 2445/2445 2439/2439 2438/2438
f 2441/2441 2428/2428 2439/2439
f 2442/2442 2441/2441 2444/2444
f 2675/2675 2678/2678 2672/2672
f 2676/2676 2675/2675 2671/2671
f 2681/2681 2677/2677 2678/2678
f 2784/2784 2781/2781 2788/2788
f 3064/3064 3073/3073 3080/3080
f 3065/3065 3073/3073 3064/3064
f 3065/3065 3048/3048 3063/3063
f 3063/3063 3048/3048 3050/3050
f 2761/2761 2754/2754 2756/2756
f 2754/2754 2755/2755 2756/2756
f 3051/3051 3059/3059 3061/3061
f 2755/2755 2771/2771 2760/2760
f 3058/3058 3070/3070 3059/3059
f 2450/2450 2443/2443 2442/2442
f 2443/2443 2450/2450 2453/2453
f 2439/2439 2426/2426 2438/2438
f 2439/2439 2428/2428 2426/2426
f 4991/4991 4993/4993 4990/4990
f 4639/4639 4642/4642 4670/4670
f 4640/4640 4642/4642 4639/4639
f 4989/4989 4991/4991 4990/4990
f 4642/4642 4640/4640 4668/4668
f 4988/4988 4989/4989 4990/4990
f 2675/2675 2672/2672 2671/2671
f 2676/2676 2671/2671 2673/2673
f 2672/2672 2678/2678 2677/2677
f 2676/2676 2673/2673 2691/2691
f 2681/2681 2683/2683 2677/2677
f 2686/2686 2683/2683 2681/2681
f 2781/2781 2766/2766 2780/2780
f 3065/3065 3064/3064 3048/3048
f 2766/2766 2761/2761 2763/2763
f 2761/2761 2756/2756 2763/2763
f 2755/2755 2757/2757 2756/2756
f 2755/2755 2760/2760 2757/2757
f 3051/3051 3058/3058 3059/3059
f 2777/2777 2760/2760 2771/2771
f 3070/3070 3058/3058 3060/3060
f 2438/2438 2436/2436 2454/2454
f 2438/2438 2427/2427 2436/2436
f 2438/2438 2426/2426 2427/2427
f 2441/2441 2425/2425 2428/2428
f 2425/2425 2441/2441 2442/2442
f 4995/4995 4996/4996 4993/4993
f 4665/4665 4639/4639 4670/4670
f 4993/4993 4994/4994 4995/4995
f 4991/4991 4994/4994 4993/4993
f 4639/4639 4631/4631 4640/4640
f 4989/4989 4992/4992 4991/4991
f 2672/2672 2677/2677 2669/2669
f 2673/2673 2674/2674 2691/2691
f 3082/3082 3064/3064 3080/3080
f 2781/2781 2780/2780 2782/2782
f 2780/2780 2766/2766 2763/2763
f 2763/2763 2756/2756 2762/2762
f 3048/3048 3049/3049 3050/3050
f 2756/2756 2757/2757 2762/2762
f 3050/3050 3049/3049 3051/3051
f 3058/3058 3051/3051 3053/3053
f 2442/2442 2443/2443 2429/2429
f 2428/2428 2422/2422 2426/2426
f 2425/2425 2422/2422 2428/2428
f 4996/4996 4995/4995 4997/4997
f 4672/4672 4637/4637 4665/4665
f 4665/4665 4637/4637 4639/4639
f 2191/2191 2161/2161 2197/2197
f 4631/4631 4639/4639 4638/4638
f 2161/2161 2191/2191 2155/2155
f 6970/6970 6972/6972 6968/6968
f 2671/2671 2672/2672 2669/2669
f 2696/2696 2691/2691 2674/2674
f 3052/3052 3048/3048 3064/3064
f 3049/3049 3053/3053 3051/3051
f 3053/3053 3057/3057 3058/3058
f 2776/2776 2760/2760 2777/2777
f 2443/2443 2446/2446 2429/2429
f 3057/3057 3060/3060 3058/3058
f 2425/2425 2442/2442 2429/2429
f 2426/2426 2419/2419 2427/2427
f 2419/2419 2426/2426 2422/2422
f 4656/4656 4637/4637 4672/4672
f 2197/2197 2188/2188 2208/2208
f 2197/2197 2161/2161 2188/2188
f 4637/4637 4638/4638 4639/4639
f 2161/2161 2155/2155 2153/2153
f 2153/2153 2155/2155 2154/2154
f 4631/4631 4685/4685 4640/4640
f 6970/6970 6967/6967 6971/6971
f 6970/6970 6968/6968 6967/6967
f 4685/4685 4668/4668 4640/4640
f 2671/2671 2669/2669 2668/2668
f 2673/2673 2671/2671 2668/2668
f 2673/2673 2668/2668 2670/2670
f 2674/2674 2673/2673 2670/2670
f 2679/2679 2669/2669 2677/2677
f 2674/2674 2689/2689 2696/2696
f 2677/2677 2683/2683 2679/2679
f 2782/2782 2780/2780 2785/2785
f 3066/3066 3064/3064 3082/3082
f 3066/3066 3052/3052 3064/3064
f 2785/2785 2780/2780 2779/2779
f 2780/2780 2763/2763 2779/2779
f 2763/2763 2762/2762 2779/2779
f 3048/3048 3052/3052 3049/3049
f 2757/2757 2775/2775 2762/2762
f 2776/2776 2775/2775 2760/2760
f 2775/2775 2757/2757 2760/2760
f 2440/2440 2436/2436 2435/2435
f 2435/2435 2436/2436 2427/2427
f 2435/2435 2427/2427 2421/2421
f 4656/4656 4636/4636 4637/4637
f 4633/4633 4629/4629 4638/4638
f 4633/4633 4638/4638 4637/4637
f 2160/2160 2153/2153 2152/2152
f 4638/4638 4629/4629 4631/4631
f 4631/4631 4629/4629 4630/4630
f 4685/4685 4631/4631 4630/4630
f 6972/6972 6974/6974 6968/6968
f 4685/4685 4684/4684 4668/4668
f 2666/2666 2669/2669 2679/2679
f 2668/2668 2669/2669 2666/2666
f 2674/2674 2670/2670 2689/2689
f 2683/2683 2685/2685 2679/2679
f 3055/3055 3052/3052 3066/3066
f 3054/3054 3052/3052 3055/3055
f 2762/2762 2775/2775 2778/2778
f 2775/2775 2776/2776 2787/2787
f 2440/2440 2435/2435 2437/2437
f 2427/2427 2419/2419 2421/2421
f 2422/2422 2425/2425 2424/2424
f 2424/2424 2425/2425 2429/2429
f 4995/4995 4998/4998 4997/4997
f 5000/5000 4999/4999 4998/4998
f 4998/4998 4999/4999 4997/4997
f 4636/4636 4656/4656 4644/4644
f 2188/2188 2205/2205 2208/2208
f 2161/2161 2176/2176 2188/2188
f 4629/4629 4557/4557 4558/4558
f 4629/4629 4558/4558 4630/4630
f 4630/4630 4683/4683 4685/4685
f 6968/6968 6965/6965 6967/6967
f 4684/4684 4685/4685 4683/4683
f 2666/2666 2667/2667 2668/2668
f 2668/2668 2667/2667 2670/2670
f 2666/2666 2679/2679 2684/2684
f 2679/2679 2685/2685 2684/2684
f 2696/2696 2689/2689 2700/2700
f 2703/2703 2696/2696 2700/2700
f 3055/3055 3066/3066 3084/3084
f 2785/2785 2779/2779 2786/2786
f 2762/2762 2778/2778 2779/2779
f 2778/2778 2786/2786 2779/2779
f 3052/3052 3054/3054 3049/3049
f 2775/2775 2787/2787 2778/2778
f 3054/3054 3053/3053 3049/3049
f 3053/3053 3056/3056 3057/3057
f 2435/2435 2432/2432 2437/2437
f 2447/2447 2431/2431 2446/2446
f 2435/2435 2421/2421 2432/2432
f 2431/2431 2424/2424 2429/2429
f 2431/2431 2429/2429 2446/2446
f 2420/2420 2419/2419 2422/2422
f 2424/2424 2420/2420 2422/2422
f 5000/5000 5001/5001 4999/4999
f 4671/4671 4644/4644 4656/4656
f 4643/4643 4644/4644 4645/4645
f 4644/4644 4643/4643 4636/4636
f 4636/4636 4643/4643 4632/4632
f 4632/4632 4633/4633 4636/4636
f 4636/4636 4633/4633 4637/4637
f 2161/2161 2160/2160 2176/2176
f 2176/2176 2160/2160 2162/2162
f 2161/2161 2153/2153 2160/2160
f 2148/2148 2153/2153 2154/2154
f 2666/2666 2687/2687 2667/2667
f 2670/2670 2667/2667 2688/2688
f 2688/2688 2689/2689 2670/2670
f 2684/2684 2687/2687 2666/2666
f 2697/2697 2689/2689 2688/2688
f 2689/2689 2697/2697 2700/2700
f 2710/2710 2684/2684 2685/2685
f 2786/2786 2778/2778 2789/2789
f 2778/2778 2787/2787 2789/2789
f 3054/3054 3056/3056 3053/3053
f 2420/2420 2424/2424 2430/2430
f 2431/2431 2430/2430 2424/2424
f 2418/2418 2421/2421 2419/2419
f 2418/2418 2419/2419 2420/2420
f 4671/4671 4647/4647 4644/4644
f 4644/4644 4647/4647 4645/4645
f 2152/2152 2153/2153 2148/2148
f 4558/4558 4683/4683 4630/4630
f 6968/6968 6969/6969 6965/6965
f 2687/2687 2690/2690 2667/2667
f 2688/2688 2667/2667 2690/2690
f 2699/2699 2688/2688 2690/2690
f 2688/2688 2699/2699 2697/2697
f 2710/2710 2705/2705 2684/2684
f 2699/2699 2702/2702 2697/2697
f 2697/2697 2702/2702 2700/2700
f 2700/2700 2702/2702 2711/2711
f 3086/3086 3055/3055 3090/3090
f 3055/3055 3086/3086 3054/3054
f 3086/3086 3087/3087 3054/3054
f 6749/6749 6637/6637 6750/6750
f 6751/6751 6749/6749 6750/6750
f 2437/2437 2432/2432 2464/2464
f 2447/2447 2448/2448 2431/2431
f 2431/2431 2448/2448 2430/2430
f 2433/2433 2432/2432 2418/2418
f 2418/2418 2432/2432 2421/2421
f 2420/2420 2423/2423 2418/2418
f 2430/2430 2423/2423 2420/2420
f 5001/5001 5000/5000 5002/5002
f 2205/2205 2187/2187 2209/2209
f 4645/4645 4646/4646 4643/4643
f 2188/2188 2176/2176 2187/2187
f 2187/2187 2205/2205 2188/2188
f 4632/4632 4619/4619 4633/4633
f 4557/4557 4550/4550 4558/4558
f 4558/4558 4550/4550 4683/4683
f 6967/6967 6965/6965 6966/6966
f 6968/6968 6974/6974 6969/6969
f 2690/2690 2687/2687 2701/2701
f 2701/2701 2706/2706 2690/2690
f 2684/2684 2705/2705 2687/2687
f 2705/2705 2701/2701 2687/2687
f 2707/2707 2708/2708 2699/2699
f 2702/2702 2699/2699 2708/2708
f 3090/3090 3091/3091 3086/3086
f 3089/3089 3086/3086 3091/3091
f 2705/2705 2710/2710 2716/2716
f 3086/3086 3088/3088 3087/3087
f 3089/3089 3088/3088 3086/3086
f 2705/2705 2716/2716 2717/2717
f 6644/6644 6609/6609 6637/6637
f 6749/6749 6644/6644 6637/6637
f 2449/2449 2464/2464 2432/2432
f 2433/2433 2449/2449 2432/2432
f 6609/6609 6636/6636 6637/6637
f 2448/2448 2434/2434 2430/2430
f 2423/2423 2433/2433 2418/2418
f 2434/2434 2433/2433 2423/2423
f 2430/2430 2434/2434 2423/2423
f 4676/4676 4647/4647 4671/4671
f 2212/2212 2209/2209 2189/2189
f 2209/2209 2187/2187 2189/2189
f 4646/4646 4658/4658 4643/4643
f 2187/2187 2176/2176 2162/2162
f 2162/2162 2160/2160 2152/2152
f 4634/4634 4633/4633 4619/4619
f 4633/4633 4634/4634 4629/4629
f 4629/4629 4634/4634 4557/4557
f 2145/2145 2152/2152 2148/2148
f 2145/2145 2148/2148 2146/2146
f 6965/6965 6962/6962 6966/6966
f 4683/4683 4678/4678 4684/4684
f 2706/2706 2699/2699 2690/2690
f 2699/2699 2706/2706 2707/2707
f 2701/2701 2705/2705 2714/2714
f 2708/2708 2707/2707 2709/2709
f 1451/1451 1452/1452 1447/1447
f 3092/3092 3089/3089 3091/3091
f 2706/2706 2701/2701 2715/2715
f 2715/2715 2701/2701 2714/2714
f 2717/2717 2714/2714 2705/2705
f 2462/2462 2449/2449 2433/2433
f 2463/2463 2462/2462 2434/2434
f 2434/2434 2462/2462 2433/2433
f 678/678 685/685 740/740
f 5200/5200 5201/5201 5202/5202
f 6609/6609 6643/6643 6601/6601
f 6636/6636 6609/6609 6600/6600
f 6601/6601 6600/6600 6609/6609
f 4647/4647 4676/4676 4669/4669
f 4648/4648 4669/4669 4650/4650
f 4648/4648 4647/4647 4669/4669
f 4645/4645 4647/4647 4646/4646
f 4646/4646 4647/4647 4648/4648
f 2189/2189 2187/2187 2162/2162
f 4632/4632 4618/4618 4619/4619
f 4619/4619 4618/4618 4616/4616
f 4634/4634 4619/4619 4616/4616
f 4557/4557 4548/4548 4550/4550
f 4550/4550 4678/4678 4683/4683
f 6974/6974 6977/6977 6969/6969
f 1448/1448 1446/1446 1445/1445
f 1449/1449 1446/1446 1448/1448
f 1448/1448 1445/1445 1447/1447
f 684/684 677/677 679/679
f 684/684 685/685 677/677
f 139/139 137/137 136/136
f 685/685 678/678 677/677
f 6599/6599 6641/6641 6600/6600
f 6600/6600 6641/6641 6723/6723
f 138/138 136/136 126/126
f 2212/2212 2189/2189 2201/2201
f 4648/4648 4650/4650 4649/4649
f 4648/4648 4649/4649 4646/4646
f 4646/4646 4649/4649 4658/4658
f 4658/4658 4618/4618 4643/4643
f 4634/4634 4641/4641 4557/4557
f 4557/4557 4641/4641 4548/4548
f 6969/6969 6964/6964 6965/6965
f 6965/6965 6964/6964 6962/6962
f 136/136 137/137 135/135
f 677/677 678/678 676/676
f 125/125 136/136 135/135
f 6641/6641 6652/6652 6723/6723
f 126/126 136/136 125/125
f 6600/6600 6598/6598 6599/6599
f 6601/6601 6598/6598 6600/6600
f 2201/2201 2211/2211 2224/2224
f 4650/4650 4669/4669 4663/4663
f 4654/4654 4651/4651 4663/4663
f 4651/4651 4650/4650 4663/4663
f 2224/2224 2212/2212 2201/2201
f 4651/4651 4649/4649 4650/4650
f 4649/4649 4652/4652 4658/4658
f 4618/4618 4632/4632 4643/4643
f 4550/4550 4548/4548 4549/4549
f 4550/4550 4549/4549 4678/4678
f 679/679 677/677 675/675
f 1451/1451 1447/1447 1450/1450
f 1451/1451 1450/1450 1453/1453
f 6647/6647 6652/6652 6641/6641
f 6735/6735 6608/6608 6601/6601
f 6608/6608 6598/6598 6601/6601
f 5919/5919 5921/5921 5922/5922
f 4651/4651 4652/4652 4649/4649
f 4651/4651 4653/4653 4652/4652
f 2201/2201 2189/2189 2166/2166
f 2166/2166 2189/2189 2162/2162
f 4652/4652 4635/4635 4658/4658
f 4618/4618 4658/4658 4635/4635
f 4618/4618 4612/4612 4616/4616
f 4641/4641 4634/4634 4616/4616
f 2162/2162 2152/2152 2145/2145
f 4547/4547 4549/4549 4548/4548
f 6969/6969 6977/6977 6975/6975
f 679/679 675/675 747/747
f 1446/1446 1444/1444 1445/1445
f 1438/1438 1440/1440 1445/1445
f 1450/1450 1447/1447 1440/1440
f 1440/1440 1447/1447 1445/1445
f 676/676 675/675 677/677
f 5919/5919 5920/5920 5921/5921
f 4674/4674 4654/4654 4663/4663
f 2190/2190 2201/2201 2166/2166
f 4653/4653 4635/4635 4652/4652
f 4618/4618 4635/4635 4610/4610
f 4612/4612 4618/4618 4610/4610
f 4616/4616 4612/4612 4615/4615
f 4641/4641 4616/4616 4615/4615
f 2145/2145 2146/2146 2147/2147
f 6962/6962 6964/6964 6959/6959
f 4677/4677 4678/4678 4549/4549
f 1438/1438 1445/1445 1444/1444
f 1450/1450 1440/1440 1427/1427
f 1450/1450 1427/1427 1453/1453
f 675/675 676/676 674/674
f 676/676 689/689 674/674
f 6598/6598 6577/6577 6599/6599
f 6598/6598 6608/6608 6575/6575
f 2217/2217 2227/2227 2211/2211
f 4653/4653 4654/4654 4655/4655
f 4651/4651 4654/4654 4653/4653
f 4615/4615 4659/4659 4556/4556
f 4641/4641 4556/4556 4548/4548
f 4556/4556 4544/4544 4548/4548
f 4548/4548 4544/4544 4547/4547
f 6962/6962 6959/6959 6960/6960
f 4547/4547 4677/4677 4549/4549
f 6969/6969 6975/6975 6964/6964
f 1427/1427 1440/1440 1437/1437
f 135/135 133/133 134/134
f 125/125 135/135 134/134
f 6641/6641 6577/6577 6647/6647
f 6599/6599 6577/6577 6641/6641
f 6608/6608 6578/6578 6575/6575
f 4654/4654 4674/4674 4614/4614
f 4655/4655 4654/4654 4614/4614
f 2204/2204 2211/2211 2190/2190
f 2190/2190 2211/2211 2201/2201
f 2217/2217 2211/2211 2204/2204
f 2166/2166 2162/2162 2156/2156
f 4615/4615 4556/4556 4641/4641
f 4544/4544 4546/4546 4547/4547
f 6960/6960 6959/6959 6955/6955
f 4677/4677 4547/4547 4546/4546
f 747/747 675/675 739/739
f 1444/1444 1443/1443 1435/1435
f 1438/1438 1444/1444 1435/1435
f 1435/1435 1437/1437 1438/1438
f 1438/1438 1437/1437 1440/1440
f 125/125 124/124 123/123
f 6735/6735 6578/6578 6608/6608
f 6575/6575 6577/6577 6598/6598
f 5926/5926 5927/5927 5928/5928
f 5926/5926 5928/5928 5929/5929
f 4596/4596 4614/4614 4595/4595
f 4655/4655 4614/4614 4596/4596
f 4655/4655 4604/4604 4653/4653
f 4655/4655 4596/4596 4604/4604
f 4604/4604 4635/4635 4653/4653
f 4607/4607 4610/4610 4635/4635
f 4611/4611 4612/4612 4610/4610
f 2156/2156 2162/2162 2145/2145
f 4612/4612 4611/4611 4615/4615
f 4615/4615 4611/4611 4659/4659
f 2145/2145 2147/2147 2149/2149
f 6961/6961 6960/6960 6955/6955
f 6958/6958 6959/6959 6964/6964
f 6975/6975 6973/6973 6964/6964
f 4546/4546 4679/4679 4677/4677
f 675/675 673/673 739/739
f 133/133 132/132 134/134
f 674/674 689/689 680/680
f 125/125 134/134 124/124
f 6647/6647 6577/6577 6648/6648
f 2217/2217 2203/2203 2222/2222
f 4595/4595 4614/4614 4675/4675
f 2217/2217 2204/2204 2203/2203
f 4596/4596 4595/4595 4594/4594
f 4594/4594 4595/4595 4593/4593
f 2184/2184 2204/2204 2190/2190
f 2190/2190 2166/2166 2164/2164
f 2190/2190 2164/2164 2184/2184
f 2164/2164 2166/2166 2156/2156
f 4604/4604 4607/4607 4635/4635
f 4607/4607 4609/4609 4610/4610
f 4611/4611 4610/4610 4609/4609
f 4611/4611 4613/4613 4659/4659
f 4664/4664 4556/4556 4659/4659
f 4556/4556 4664/4664 4551/4551
f 4556/4556 4551/4551 4544/4544
f 4544/4544 4551/4551 4545/4545
f 4544/4544 4545/4545 4546/4546
f 124/124 134/134 132/132
f 6735/6735 6580/6580 6578/6578
f 126/126 125/125 123/123
f 6580/6580 6579/6579 6578/6578
f 4675/4675 4673/4673 4595/4595
f 2204/2204 2184/2184 2203/2203
f 4594/4594 4604/4604 4596/4596
f 4611/4611 4609/4609 4613/4613
f 4613/4613 4664/4664 4659/4659
f 4552/4552 4545/4545 4551/4551
f 4546/4546 4545/4545 4680/4680
f 4546/4546 4680/4680 4679/4679
f 1435/1435 1436/1436 1437/1437
f 1437/1437 1424/1424 1427/1427
f 675/675 674/674 673/673
f 133/133 128/128 132/132
f 5911/5911 5913/5913 5914/5914
f 4595/4595 4673/4673 4592/4592
f 2220/2220 2222/2222 2203/2203
f 4595/4595 4592/4592 4593/4593
f 4591/4591 4592/4592 4589/4589
f 4593/4593 4592/4592 4591/4591
f 4594/4594 4593/4593 4591/4591
f 4604/4604 4605/4605 4607/4607
f 4605/4605 4608/4608 4607/4607
f 4608/4608 4609/4609 4607/4607
f 4608/4608 4613/4613 4609/4609
f 4664/4664 4613/4613 4617/4617
f 4551/4551 4553/4553 4552/4552
f 4551/4551 4664/4664 4553/4553
f 6955/6955 6959/6959 6958/6958
f 4686/4686 4679/4679 4680/4680
f 6958/6958 6964/6964 6973/6973
f 673/673 672/672 739/739
f 1436/1436 1424/1424 1437/1437
f 1424/1424 1426/1426 1427/1427
f 673/673 674/674 671/671
f 124/124 128/128 127/127
f 132/132 128/128 124/124
f 6578/6578 6576/6576 6575/6575
f 6579/6579 6576/6576 6578/6578
f 5911/5911 5912/5912 5913/5913
f 4602/4602 4594/4594 4591/4591
f 4594/4594 4602/4602 4604/4604
f 4602/4602 4603/4603 4604/4604
f 2184/2184 2164/2164 2165/2165
f 2164/2164 2156/2156 2163/2163
f 4604/4604 4603/4603 4605/4605
f 4603/4603 4606/4606 4605/4605
f 4606/4606 4617/4617 4608/4608
f 4606/4606 4608/4608 4605/4605
f 4617/4617 4613/4613 4608/4608
f 2156/2156 2145/2145 2150/2150
f 4617/4617 4553/4553 4664/4664
f 4552/4552 4553/4553 4554/4554
f 2150/2150 2149/2149 2151/2151
f 6957/6957 6976/6976 6961/6961
f 4552/4552 4662/4662 4681/4681
f 4545/4545 4552/4552 4681/4681
f 6955/6955 6957/6957 6961/6961
f 4681/4681 4680/4680 4545/4545
f 6955/6955 6956/6956 6957/6957
f 6955/6955 6958/6958 6956/6956
f 6963/6963 6956/6956 6958/6958
f 4682/4682 4686/4686 4680/4680
f 4681/4681 4682/4682 4680/4680
f 7217/7217 7214/7214 7211/7211
f 7226/7226 7214/7214 7217/7217
f 3312/3312 3309/3309 3348/3348
f 7214/7214 7215/7215 7213/7213
f 3312/3312 3310/3310 3309/3309
f 3303/3303 3306/3306 3308/3308
f 3309/3309 3303/3303 3308/3308
f 1424/1424 1436/1436 1441/1441
f 1426/1426 1424/1424 1423/1423
f 1426/1426 1423/1423 1433/1433
f 4597/4597 4673/4673 4543/4543
f 4592/4592 4673/4673 4597/4597
f 2203/2203 2206/2206 2220/2220
f 2226/2226 2220/2220 2206/2206
f 4589/4589 4592/4592 4597/4597
f 4589/4589 4597/4597 4584/4584
f 4589/4589 4586/4586 4591/4591
f 4602/4602 4591/4591 4586/4586
f 4602/4602 4586/4586 4601/4601
f 4601/4601 4603/4603 4602/4602
f 4601/4601 4600/4600 4603/4603
f 4600/4600 4601/4601 4583/4583
f 4600/4600 4606/4606 4603/4603
f 4583/4583 4582/4582 4600/4600
f 4582/4582 4606/4606 4600/4600
f 4582/4582 4555/4555 4606/4606
f 4555/4555 4617/4617 4606/4606
f 4617/4617 4555/4555 4553/4553
f 2150/2150 2145/2145 2149/2149
f 4552/4552 4554/4554 4662/4662
f 6978/6978 6979/6979 6980/6980
f 7292/7292 7293/7293 7226/7226
f 7298/7298 7299/7299 7300/7300
f 7219/7219 7217/7217 7218/7218
f 7218/7218 7217/7217 7211/7211
f 7217/7217 7219/7219 7226/7226
f 7292/7292 7226/7226 7219/7219
f 7214/7214 7213/7213 7211/7211
f 7213/7213 7215/7215 7216/7216
f 7216/7216 7215/7215 7220/7220
f 7215/7215 7272/7272 7220/7220
f 3303/3303 3305/3305 3306/3306
f 2334/2334 2311/2311 2313/2313
f 3303/3303 3309/3309 3304/3304
f 3310/3310 3304/3304 3309/3309
f 3310/3310 3307/3307 3304/3304
f 3303/3303 3304/3304 3305/3305
f 3305/3305 3304/3304 3307/3307
f 3310/3310 3311/3311 3307/3307
f 1435/1435 1439/1439 1436/1436
f 1424/1424 1441/1441 1410/1410
f 1424/1424 1410/1410 1423/1423
f 672/672 673/673 671/671
f 674/674 680/680 671/671
f 4589/4589 4588/4588 4586/4586
f 2179/2179 2184/2184 2165/2165
f 4586/4586 4583/4583 4601/4601
f 4583/4583 4586/4586 4585/4585
f 2164/2164 2163/2163 2165/2165
f 4583/4583 4585/4585 4581/4581
f 4583/4583 4581/4581 4582/4582
f 4559/4559 4582/4582 4581/4581
f 4559/4559 4555/4555 4582/4582
f 2157/2157 2150/2150 2159/2159
f 2156/2156 2150/2150 2157/2157
f 4559/4559 4554/4554 4555/4555
f 4555/4555 4554/4554 4553/4553
f 2150/2150 2151/2151 2159/2159
f 7210/7210 7211/7211 7212/7212
f 7210/7210 7212/7212 7277/7277
f 4662/4662 4554/4554 4660/4660
f 7225/7225 7213/7213 7221/7221
f 4661/4661 4662/4662 4660/4660
f 7211/7211 7213/7213 7212/7212
f 3359/3359 3312/3312 3348/3348
f 3315/3315 3312/3312 3355/3355
f 3314/3314 3312/3312 3315/3315
f 7216/7216 7222/7222 7221/7221
f 7213/7213 7216/7216 7221/7221
f 2350/2350 2366/2366 2315/2315
f 2315/2315 2366/2366 2313/2313
f 3311/3311 3310/3310 3313/3313
f 3323/3323 3311/3311 3313/3313
f 2311/2311 2317/2317 2297/2297
f 2317/2317 2295/2295 2297/2297
f 2355/2355 2295/2295 2317/2317
f 2355/2355 2294/2294 2295/2295
f 3323/3323 3343/3343 3311/3311
f 1441/1441 1406/1406 1410/1410
f 1410/1410 1422/1422 1423/1423
f 1422/1422 1433/1433 1423/1423
f 127/127 118/118 124/124
f 6575/6575 6576/6576 6577/6577
f 4540/4540 4597/4597 4543/4543
f 2203/2203 2179/2179 2206/2206
f 2184/2184 2179/2179 2203/2203
f 4584/4584 4588/4588 4589/4589
f 4586/4586 4588/4588 4587/4587
f 2179/2179 2165/2165 2167/2167
f 4586/4586 4587/4587 4585/4585
f 2158/2158 2163/2163 2156/2156
f 2156/2156 2157/2157 2158/2158
f 7287/7287 7297/7297 7294/7294
f 7297/7297 7277/7277 7294/7294
f 4559/4559 4560/4560 4554/4554
f 7294/7294 7277/7277 7225/7225
f 4554/4554 4560/4560 4660/4660
f 4660/4660 4560/4560 4620/4620
f 3355/3355 3363/3363 3316/3316
f 3363/3363 3365/3365 3316/3316
f 7212/7212 7225/7225 7277/7277
f 3365/3365 3321/3321 3316/3316
f 4620/4620 4661/4661 4660/4660
f 3312/3312 3359/3359 3355/3355
f 3316/3316 3315/3315 3355/3355
f 3321/3321 3317/3317 3316/3316
f 3316/3316 3314/3314 3315/3315
f 3317/3317 3314/3314 3316/3316
f 7221/7221 7223/7223 7224/7224
f 7225/7225 7221/7221 7224/7224
f 3314/3314 3313/3313 3312/3312
f 7221/7221 7222/7222 7223/7223
f 3312/3312 3313/3313 3310/3310
f 2311/2311 2310/2310 2312/2312
f 2311/2311 2297/2297 2310/2310
f 2291/2291 2294/2294 2365/2365
f 1441/1441 1436/1436 1442/1442
f 1436/1436 1416/1416 1442/1442
f 1406/1406 1441/1441 1442/1442
f 6649/6649 6648/6648 6577/6577
f 124/124 121/121 123/123
f 4538/4538 4597/4597 4540/4540
f 4584/4584 4597/4597 4538/4538
f 4584/4584 4538/4538 4536/4536
f 2206/2206 2216/2216 2226/2226
f 4540/4540 4543/4543 4542/4542
f 4584/4584 4590/4590 4588/4588
f 2165/2165 2163/2163 2167/2167
f 4587/4587 4625/4625 4585/4585
f 4625/4625 4627/4627 4585/4585
f 2168/2168 2163/2163 2158/2158
f 4627/4627 4581/4581 4585/4585
f 4581/4581 4627/4627 4599/4599
f 4581/4581 4599/4599 4563/4563
f 7301/7301 7302/7302 7303/7303
f 7284/7284 7287/7287 7294/7294
f 4559/4559 4581/4581 4563/4563
f 4562/4562 4559/4559 4563/4563
f 7294/7294 7275/7275 7296/7296
f 4561/4561 4559/4559 4562/4562
f 4560/4560 4559/4559 4561/4561
f 1779/1779 1712/1712 1759/1759
f 1712/1712 1705/1705 1759/1759
f 7294/7294 7225/7225 7275/7275
f 4561/4561 4620/4620 4560/4560
f 3355/3355 3359/3359 3364/3364
f 3363/3363 3355/3355 3364/3364
f 1759/1759 1705/1705 1707/1707
f 1706/1706 1707/1707 1705/1705
f 1706/1706 1705/1705 1704/1704
f 7225/7225 7212/7212 7213/7213
f 3321/3321 3341/3341 3317/3317
f 7275/7275 7225/7225 7224/7224
f 3319/3319 3317/3317 3341/3341
f 3317/3317 3319/3319 3318/3318
f 3318/3318 3314/3314 3317/3317
f 7223/7223 7227/7227 7224/7224
f 7224/7224 7227/7227 7228/7228
f 2360/2360 2318/2318 2346/2346
f 2360/2360 2350/2350 2318/2318
f 2350/2350 2315/2315 2318/2318
f 3318/3318 3313/3313 3314/3314
f 2313/2313 2312/2312 2314/2314
f 3313/3313 3318/3318 3322/3322
f 2295/2295 2296/2296 2297/2297
f 2294/2294 2293/2293 2295/2295
f 2295/2295 2293/2293 2296/2296
f 2293/2293 2291/2291 2292/2292
f 2291/2291 2365/2365 2290/2290
f 3322/3322 3345/3345 3323/3323
f 1422/1422 1410/1410 1405/1405
f 127/127 131/131 129/129
f 670/670 671/671 668/668
f 6580/6580 6581/6581 6579/6579
f 121/121 122/122 123/123
f 5418/5418 5367/5367 5359/5359
f 5367/5367 5363/5363 5359/5359
f 6096/6096 6097/6097 6107/6107
f 6096/6096 6095/6095 6097/6097
f 4542/4542 4539/4539 4540/4540
f 4539/4539 4538/4538 4540/4540
f 2206/2206 2194/2194 2216/2216
f 4584/4584 4536/4536 4577/4577
f 2206/2206 2179/2179 2194/2194
f 4590/4590 4624/4624 4628/4628
f 4590/4590 4628/4628 4588/4588
f 4587/4587 4588/4588 4628/4628
f 4628/4628 4623/4623 4587/4587
f 4587/4587 4623/4623 4625/4625
f 4622/4622 4627/4627 4625/4625
f 7285/7285 7288/7288 7287/7287
f 2221/2221 2192/2192 2168/2168
f 4627/4627 4622/4622 4599/4599
f 7287/7287 7284/7284 7285/7285
f 4562/4562 4563/4563 4564/4564
f 1712/1712 1779/1779 1724/1724
f 1774/1774 1691/1691 1690/1690
f 1774/1774 1704/1704 1691/1691
f 7231/7231 7275/7275 7230/7230
f 7275/7275 7224/7224 7228/7228
f 7275/7275 7228/7228 7230/7230
f 7228/7228 7229/7229 7230/7230
f 2321/2321 2346/2346 2318/2318
f 2321/2321 2362/2362 2346/2346
f 7229/7229 7228/7228 7227/7227
f 2313/2313 2314/2314 2315/2315
f 2311/2311 2312/2312 2313/2313
f 2309/2309 2297/2297 2296/2296
f 3313/3313 3322/3322 3323/3323
f 2294/2294 2291/2291 2293/2293
f 2291/2291 2289/2289 2292/2292
f 2290/2290 2289/2289 2291/2291
f 3322/3322 3356/3356 3345/3345
f 2290/2290 2287/2287 2289/2289
f 1443/1443 1439/1439 1435/1435
f 739/739 672/672 688/688
f 671/671 670/670 672/672
f 122/122 121/121 120/120
f 6638/6638 6579/6579 6581/6581
f 6583/6583 6579/6579 6638/6638
f 6454/6454 6456/6456 6455/6455
f 6456/6456 6457/6457 6458/6458
f 6456/6456 6454/6454 6457/6457
f 5356/5356 5359/5359 5363/5363
f 6106/6106 6118/6118 6097/6097
f 6095/6095 6106/6106 6097/6097
f 4538/4538 4535/4535 4536/4536
f 4539/4539 4535/4535 4538/4538
f 4532/4532 4577/4577 4536/4536
f 2194/2194 2195/2195 2216/2216
f 2216/2216 2195/2195 2213/2213
f 4584/4584 4577/4577 4576/4576
f 4590/4590 4584/4584 4598/4598
f 4598/4598 4584/4584 4576/4576
f 4590/4590 4598/4598 4626/4626
f 4578/4578 4626/4626 4598/4598
f 4626/4626 4624/4624 4590/4590
f 4628/4628 4624/4624 4623/4623
f 2169/2169 2167/2167 2168/2168
f 4622/4622 4625/4625 4623/4623
f 2163/2163 2168/2168 2167/2167
f 4622/4622 4566/4566 4599/4599
f 516/516 511/511 513/513
f 2169/2169 2168/2168 2192/2192
f 4563/4563 4599/4599 4566/4566
f 4563/4563 4565/4565 4564/4564
f 1712/1712 1724/1724 1713/1713
f 1724/1724 1715/1715 1713/1713
f 1705/1705 1712/1712 1710/1710
f 1705/1705 1702/1702 1704/1704
f 3350/3350 3319/3319 3351/3351
f 7230/7230 7229/7229 7231/7231
f 3319/3319 3350/3350 3320/3320
f 3319/3319 3320/3320 3318/3318
f 2318/2318 2316/2316 2319/2319
f 2315/2315 2314/2314 2316/2316
f 2312/2312 2333/2333 2314/2314
f 2309/2309 2310/2310 2297/2297
f 73/73 40/40 72/72
f 108/108 73/73 72/72
f 108/108 72/72 78/78
f 85/85 40/40 73/73
f 3325/3325 3356/3356 3322/3322
f 1406/1406 1405/1405 1410/1410
f 1422/1422 1405/1405 1434/1434
f 1406/1406 1442/1442 1416/1416
f 1416/1416 1436/1436 1439/1439
f 688/688 672/672 670/670
f 129/129 118/118 127/127
f 668/668 671/671 686/686
f 118/118 121/121 124/124
f 120/120 121/121 118/118
f 6583/6583 6582/6582 6579/6579
f 6454/6454 6455/6455 6409/6409
f 6457/6457 6454/6454 6467/6467
f 6096/6096 6094/6094 6095/6095
f 5355/5355 5359/5359 5356/5356
f 4541/4541 4537/4537 4539/4539
f 4539/4539 4537/4537 4535/4535
f 2223/2223 2216/2216 2213/2213
f 4532/4532 4536/4536 4535/4535
f 4531/4531 4532/4532 4535/4535
f 4527/4527 4577/4577 4532/4532
f 2194/2194 2179/2179 2180/2180
f 4598/4598 4576/4576 4578/4578
f 2180/2180 2179/2179 2167/2167
f 4624/4624 4621/4621 4623/4623
f 4621/4621 4624/4624 4626/4626
f 4622/4622 4623/4623 4621/4621
f 4621/4621 4579/4579 4622/4622
f 4579/4579 4566/4566 4622/4622
f 7284/7284 7280/7280 7283/7283
f 7283/7283 7285/7285 7284/7284
f 7285/7285 7283/7283 7286/7286
f 504/504 511/511 510/510
f 7280/7280 7284/7284 7296/7296
f 513/513 511/511 512/512
f 2192/2192 2185/2185 2169/2169
f 4566/4566 4565/4565 4563/4563
f 1715/1715 1714/1714 1713/1713
f 1713/1713 1714/1714 1710/1710
f 1712/1712 1713/1713 1710/1710
f 1705/1705 1710/1710 1709/1709
f 1704/1704 1702/1702 1691/1691
f 1688/1688 1690/1690 1691/1691
f 1688/1688 1689/1689 1690/1690
f 7270/7270 7232/7232 7235/7235
f 7229/7229 7232/7232 7231/7231
f 3318/3318 3320/3320 3326/3326
f 2315/2315 2316/2316 2318/2318
f 3326/3326 3328/3328 3327/3327
f 2310/2310 2333/2333 2312/2312
f 109/109 80/80 91/91
f 109/109 79/79 80/80
f 79/79 78/78 76/76
f 78/78 72/72 76/76
f 3318/3318 3325/3325 3322/3322
f 34/34 76/76 72/72
f 72/72 40/40 34/34
f 42/42 88/88 80/80
f 80/80 76/76 42/42
f 34/34 40/40 30/30
f 34/34 42/42 76/76
f 33/33 42/42 34/34
f 42/42 65/65 88/88
f 42/42 35/35 65/65
f 35/35 71/71 65/65
f 35/35 42/42 33/33
f 1405/1405 1431/1431 1434/1434
f 118/118 119/119 120/120
f 6638/6638 6745/6745 6583/6583
f 6453/6453 6467/6467 6454/6454
f 5364/5364 5418/5418 5359/5359
f 6457/6457 6459/6459 6458/6458
f 5364/5364 5359/5359 5355/5355
f 6091/6091 6095/6095 6094/6094
f 4537/4537 4531/4531 4535/4535
f 4531/4531 4527/4527 4532/4532
f 2194/2194 2180/2180 2195/2195
f 2195/2195 2180/2180 2181/2181
f 4530/4530 4577/4577 4527/4527
f 4577/4577 4530/4530 4576/4576
f 4576/4576 4530/4530 4574/4574
f 4576/4576 4574/4574 4578/4578
f 4621/4621 4626/4626 4580/4580
f 4578/4578 4580/4580 4626/4626
f 2171/2171 2169/2169 2172/2172
f 4580/4580 4579/4579 4621/4621
f 4579/4579 4580/4580 4570/4570
f 7280/7280 7282/7282 7283/7283
f 502/502 504/504 510/510
f 2171/2171 2170/2170 2169/2169
f 504/504 512/512 511/511
f 4567/4567 4579/4579 4570/4570
f 4566/4566 4579/4579 4567/4567
f 2169/2169 2185/2185 2172/2172
f 4567/4567 4565/4565 4566/4566
f 513/513 512/512 515/515
f 4565/4565 4568/4568 4564/4564
f 1710/1710 1711/1711 1709/1709
f 1702/1702 1705/1705 1709/1709
f 7232/7232 7270/7270 7231/7231
f 7275/7275 7231/7231 7270/7270
f 1691/1691 1702/1702 1697/1697
f 1691/1691 1697/1697 1688/1688
f 1686/1686 1687/1687 1688/1688
f 1687/1687 1689/1689 1688/1688
f 7232/7232 7229/7229 7233/7233
f 2321/2321 2347/2347 2362/2362
f 1687/1687 1757/1757 1689/1689
f 1685/1685 1757/1757 1687/1687
f 3342/3342 3326/3326 3320/3320
f 2314/2314 2357/2357 2316/2316
f 2357/2357 2314/2314 2333/2333
f 89/89 80/80 88/88
f 91/91 80/80 89/89
f 80/80 79/79 76/76
f 40/40 85/85 39/39
f 2287/2287 2286/2286 2288/2288
f 2287/2287 2288/2288 2289/2289
f 30/30 40/40 39/39
f 2285/2285 2287/2287 2359/2359
f 3324/3324 3353/3353 3325/3325
f 30/30 33/33 34/34
f 65/65 71/71 88/88
f 74/74 88/88 71/71
f 1405/1405 1406/1406 1395/1395
f 1405/1405 1395/1395 1398/1398
f 1398/1398 1431/1431 1405/1405
f 6649/6649 6577/6577 6650/6650
f 6579/6579 6582/6582 6576/6576
f 6582/6582 6583/6583 6610/6610
f 6745/6745 6610/6610 6583/6583
f 6453/6453 6454/6454 6409/6409
f 6453/6453 6409/6409 6359/6359
f 6567/6567 6568/6568 6569/6569
f 5425/5425 5364/5364 5423/5423
f 5425/5425 5418/5418 5364/5364
f 4531/4531 4537/4537 4534/4534
f 2225/2225 2213/2213 2196/2196
f 4531/4531 4534/4534 4526/4526
f 2196/2196 2213/2213 2195/2195
f 2181/2181 2196/2196 2195/2195
f 4527/4527 4531/4531 4526/4526
f 2181/2181 2180/2180 2174/2174
f 4527/4527 4528/4528 4530/4530
f 2180/2180 2167/2167 2174/2174
f 4578/4578 4574/4574 4570/4570
f 4580/4580 4578/4578 4570/4570
f 2167/2167 2169/2169 2170/2170
f 4565/4565 4567/4567 4568/4568
f 4568/4568 4666/4666 4564/4564
f 1747/1747 1714/1714 1716/1716
f 1714/1714 1715/1715 1716/1716
f 1714/1714 1747/1747 1746/1746
f 1714/1714 1746/1746 1710/1710
f 1710/1710 1746/1746 1711/1711
f 1709/1709 1711/1711 1763/1763
f 1709/1709 1763/1763 1718/1718
f 1709/1709 1718/1718 1717/1717
f 1717/1717 1702/1702 1709/1709
f 1697/1697 1702/1702 1717/1717
f 7234/7234 7235/7235 7232/7232
f 1688/1688 1697/1697 1693/1693
f 1693/1693 1686/1686 1688/1688
f 7232/7232 7233/7233 7234/7234
f 7234/7234 7233/7233 7260/7260
f 2321/2321 2323/2323 2347/2347
f 1686/1686 1685/1685 1687/1687
f 1685/1685 1686/1686 1684/1684
f 3342/3342 3352/3352 3326/3326
f 3326/3326 3352/3352 3328/3328
f 114/114 90/90 113/113
f 114/114 89/89 90/90
f 89/89 88/88 90/90
f 3324/3324 3325/3325 3318/3318
f 2287/2287 2285/2285 2286/2286
f 1398/1398 1409/1409 1431/1431
f 1439/1439 1415/1415 1416/1416
f 52/52 51/51 130/130
f 130/130 51/51 129/129
f 118/118 129/129 51/51
f 118/118 53/53 119/119
f 6453/6453 6359/6359 6344/6344
f 6359/6359 6343/6343 6344/6344
f 6453/6453 6344/6344 6399/6399
f 6467/6467 6453/6453 6399/6399
f 6409/6409 6347/6347 6359/6359
f 6094/6094 6093/6093 6091/6091
f 6106/6106 6095/6095 6091/6091
f 5355/5355 5356/5356 5354/5354
f 1832/1832 1836/1836 1829/1829
f 1832/1832 1829/1829 1827/1827
f 1832/1832 1855/1855 1836/1836
f 1852/1852 1832/1832 1827/1827
f 5301/5301 5289/5289 5304/5304
f 1852/1852 1856/1856 1832/1832
f 5301/5301 5276/5276 5289/5289
f 5276/5276 5284/5284 5289/5289
f 2225/2225 2196/2196 2214/2214
f 5964/5964 5965/5965 5966/5966
f 4524/4524 4527/4527 4526/4526
f 4524/4524 4528/4528 4527/4527
f 4528/4528 4529/4529 4530/4530
f 2174/2174 2167/2167 2173/2173
f 4530/4530 4529/4529 4574/4574
f 2173/2173 2167/2167 2170/2170
f 7281/7281 7280/7280 7276/7276
f 7280/7280 7281/7281 7282/7282
f 7270/7270 7276/7276 7280/7280
f 7280/7280 7296/7296 7270/7270
f 505/505 512/512 504/504
f 4570/4570 4569/4569 4567/4567
f 515/515 512/512 514/514
f 512/512 505/505 514/514
f 4567/4567 4569/4569 4568/4568
f 514/514 538/538 515/515
f 515/515 538/538 559/559
f 3513/3513 3518/3518 3511/3511
f 3511/3511 3512/3512 3502/3502
f 3518/3518 3513/3513 3523/3523
f 3511/3511 3518/3518 3512/3512
f 4568/4568 4657/4657 4666/4666
f 3502/3502 3512/3512 3503/3503
f 3518/3518 3519/3519 3512/3512
f 4666/4666 4657/4657 4667/4667
f 1747/1747 1748/1748 1746/1746
f 3503/3503 3515/3515 3505/3505
f 3512/3512 3515/3515 3503/3503
f 3518/3518 3522/3522 3519/3519
f 3524/3524 3522/3522 3518/3518
f 1769/1769 1717/1717 1718/1718
f 1769/1769 1708/1708 1717/1717
f 1717/1717 1708/1708 1697/1697
f 1693/1693 1708/1708 1720/1720
f 1697/1697 1708/1708 1693/1693
f 2321/2321 2318/2318 2320/2320
f 2321/2321 2320/2320 2322/2322
f 2319/2319 2320/2320 2318/2318
f 113/113 90/90 102/102
f 3326/3326 3327/3327 3318/3318
f 88/88 93/93 90/90
f 3318/3318 3327/3327 3324/3324
f 83/83 38/38 39/39
f 83/83 82/82 38/38
f 2285/2285 2284/2284 2286/2286
f 3324/3324 3329/3329 3353/3353
f 35/35 33/33 32/32
f 71/71 54/54 74/74
f 54/54 71/71 35/35
f 1398/1398 1395/1395 1394/1394
f 1398/1398 1399/1399 1409/1409
f 118/118 45/45 53/53
f 6582/6582 6584/6584 6576/6576
f 6582/6582 6610/6610 6584/6584
f 6344/6344 6362/6362 6399/6399
f 6359/6359 6347/6347 6343/6343
f 6347/6347 6360/6360 6340/6340
f 6399/6399 6430/6430 6467/6467
f 6366/6366 6430/6430 6399/6399
f 6343/6343 6347/6347 6340/6340
f 5364/5364 5361/5361 5423/5423
f 6457/6457 6475/6475 6459/6459
f 6568/6568 6567/6567 6570/6570
f 6094/6094 6098/6098 6093/6093
f 6093/6093 6098/6098 6092/6092
f 6106/6106 6100/6100 6118/6118
f 1830/1830 1829/1829 1836/1836
f 1828/1828 1827/1827 1829/1829
f 1826/1826 1852/1852 1827/1827
f 5412/5412 5413/5413 5414/5414
f 5410/5410 5413/5413 5412/5412
f 5410/5410 5412/5412 5411/5411
f 5304/5304 5289/5289 5308/5308
f 5277/5277 5276/5276 5278/5278
f 5308/5308 5289/5289 5307/5307
f 5284/5284 5307/5307 5289/5289
f 5276/5276 5275/5275 5284/5284
f 2207/2207 2214/2214 2196/2196
f 2181/2181 2193/2193 2196/2196
f 2207/2207 2196/2196 2193/2193
f 4526/4526 4534/4534 4533/4533
f 4522/4522 4526/4526 4533/4533
f 2177/2177 2193/2193 2181/2181
f 4526/4526 4522/4522 4524/4524
f 4523/4523 4528/4528 4524/4524
f 4529/4529 4528/4528 4523/4523
f 4529/4529 4573/4573 4574/4574
f 4570/4570 4574/4574 4573/4573
f 534/534 535/535 536/536
f 4570/4570 4573/4573 4572/4572
f 535/535 537/537 536/536
f 537/537 535/535 539/539
f 4570/4570 4572/4572 4569/4569
f 514/514 547/547 536/536
f 539/539 542/542 537/537
f 2171/2171 2200/2200 2170/2170
f 3514/3514 3508/3508 3509/3509
f 504/504 502/502 503/503
f 502/502 501/501 503/503
f 3508/3508 3507/3507 3506/3506
f 3508/3508 3513/3513 3507/3507
f 3514/3514 3513/3513 3508/3508
f 504/504 503/503 505/505
f 537/537 538/538 536/536
f 538/538 514/514 536/536
f 542/542 559/559 538/538
f 537/537 542/542 538/538
f 4575/4575 4569/4569 4572/4572
f 3513/3513 3511/3511 3507/3507
f 3514/3514 3523/3523 3513/3513
f 4569/4569 4571/4571 4568/4568
f 4571/4571 4569/4569 4575/4575
f 3507/3507 3502/3502 3506/3506
f 3511/3511 3502/3502 3507/3507
f 4568/4568 4571/4571 4657/4657
f 3520/3520 3510/3510 3501/3501
f 3506/3506 3502/3502 3501/3501
f 3501/3501 3504/3504 3520/3520
f 3501/3501 3502/3502 3503/3503
f 3520/3520 3504/3504 3527/3527
f 3503/3503 3504/3504 3501/3501
f 3527/3527 3504/3504 3505/3505
f 3503/3503 3505/3505 3504/3504
f 3525/3525 3524/3524 3523/3523
f 3523/3523 3524/3524 3518/3518
f 3525/3525 3526/3526 3524/3524
f 1734/1734 1708/1708 1769/1769
f 1734/1734 1720/1720 1708/1708
f 2321/2321 2322/2322 2323/2323
f 752/752 650/650 615/615
f 95/95 97/97 94/94
f 107/107 102/102 94/94
f 1695/1695 1683/1683 1680/1680
f 1680/1680 1696/1696 1695/1695
f 93/93 95/95 94/94
f 102/102 90/90 94/94
f 94/94 90/90 93/93
f 3328/3328 3338/3338 3327/3327
f 3337/3337 3327/3327 3338/3338
f 2283/2283 2284/2284 2285/2285
f 30/30 39/39 38/38
f 32/32 33/33 30/30
f 30/30 26/26 32/32
f 74/74 54/54 75/75
f 54/54 35/35 32/32
f 1394/1394 1399/1399 1398/1398
f 130/130 116/116 52/52
f 52/52 116/116 87/87
f 1415/1415 1413/1413 1416/1416
f 87/87 46/46 52/52
f 22/22 23/23 87/87
f 23/23 46/46 87/87
f 688/688 670/670 669/669
f 669/669 670/670 668/668
f 52/52 46/46 51/51
f 46/46 45/45 51/51
f 45/45 46/46 23/23
f 51/51 45/45 118/118
f 6343/6343 6340/6340 6341/6341
f 6361/6361 6344/6344 6341/6341
f 6344/6344 6343/6343 6341/6341
f 6361/6361 6362/6362 6344/6344
f 6362/6362 6363/6363 6399/6399
f 6366/6366 6399/6399 6363/6363
f 6430/6430 6366/6366 6378/6378
f 6475/6475 6430/6430 6378/6378
f 5368/5368 5423/5423 5361/5361
f 5364/5364 5355/5355 5361/5361
f 6378/6378 6373/6373 6475/6475
f 6091/6091 6093/6093 6092/6092
f 5355/5355 5354/5354 5352/5352
f 6100/6100 6106/6106 6089/6089
f 1830/1830 1828/1828 1829/1829
f 1825/1825 1827/1827 1828/1828
f 1830/1830 1859/1859 1835/1835
f 1836/1836 1859/1859 1830/1830
f 1826/1826 1827/1827 1825/1825
f 5415/5415 5414/5414 5413/5413
f 5406/5406 5410/5410 5411/5411
f 5274/5274 5276/5276 5277/5277
f 5275/5275 5276/5276 5274/5274
f 5284/5284 5272/5272 5307/5307
f 5284/5284 5275/5275 5272/5272
f 5273/5273 5272/5272 5275/5275
f 5274/5274 5273/5273 5275/5275
f 2207/2207 2218/2218 2214/2214
f 2214/2214 2218/2218 2228/2228
f 5968/5968 5967/5967 5972/5972
f 4522/4522 4523/4523 4524/4524
f 2181/2181 2174/2174 2177/2177
f 2177/2177 2174/2174 2175/2175
f 2174/2174 2173/2173 2175/2175
f 3548/3548 3547/3547 3551/3551
f 3547/3547 3549/3549 3551/3551
f 3509/3509 3547/3547 3545/3545
f 534/534 536/536 547/547
f 534/534 547/547 545/545
f 539/539 535/535 540/540
f 2170/2170 2183/2183 2173/2173
f 2200/2200 2183/2183 2170/2170
f 541/541 539/539 540/540
f 3547/3547 3516/3516 3549/3549
f 3516/3516 3517/3517 3549/3549
f 3509/3509 3516/3516 3547/3547
f 7271/7271 7276/7276 7255/7255
f 7271/7271 7295/7295 7276/7276
f 7276/7276 7295/7295 7281/7281
f 502/502 507/507 499/499
f 3509/3509 3506/3506 3516/3516
f 3514/3514 3509/3509 3521/3521
f 506/506 545/545 547/547
f 3516/3516 3506/3506 3517/3517
f 3509/3509 3508/3508 3506/3506
f 7296/7296 7275/7275 7270/7270
f 503/503 501/501 506/506
f 505/505 503/503 506/506
f 514/514 548/548 547/547
f 547/547 548/548 506/506
f 3514/3514 3521/3521 3544/3544
f 3510/3510 3517/3517 3506/3506
f 3506/3506 3501/3501 3510/3510
f 3544/3544 3523/3523 3514/3514
f 3525/3525 3523/3523 3544/3544
f 1734/1734 1733/1733 1720/1720
f 1693/1693 1720/1720 1692/1692
f 1686/1686 1693/1693 1692/1692
f 1684/1684 1686/1686 1692/1692
f 1684/1684 1683/1683 1685/1685
f 650/650 649/649 611/611
f 1679/1679 1696/1696 1680/1680
f 1679/1679 1758/1758 1696/1696
f 3340/3340 3337/3337 3338/3338
f 88/88 96/96 93/93
f 3329/3329 3327/3327 3330/3330
f 3329/3329 3324/3324 3327/3327
f 1406/1406 1416/1416 1395/1395
f 116/116 86/86 87/87
f 22/22 87/87 86/86
f 1414/1414 1413/1413 1415/1415
f 1425/1425 1414/1414 1415/1415
f 1425/1425 1415/1415 1439/1439
f 6745/6745 6653/6653 6610/6610
f 6576/6576 6748/6748 6577/6577
f 6576/6576 6584/6584 6585/6585
f 6365/6365 6366/6366 6363/6363
f 6363/6363 6362/6362 6361/6361
f 6366/6366 6365/6365 6367/6367
f 6378/6378 6366/6366 6367/6367
f 5361/5361 5355/5355 5357/5357
f 5357/5357 5355/5355 5352/5352
f 6089/6089 6091/6091 6090/6090
f 5354/5354 5353/5353 5352/5352
f 1828/1828 1833/1833 1825/1825
f 1833/1833 1828/1828 1835/1835
f 1828/1828 1830/1830 1835/1835
f 5420/5420 5415/5415 5416/5416
f 5415/5415 5413/5413 5409/5409
f 5415/5415 5409/5409 5416/5416
f 5413/5413 5410/5410 5409/5409
f 5277/5277 5278/5278 5279/5279
f 5410/5410 5406/5406 5409/5409
f 5274/5274 5287/5287 5271/5271
f 2113/2113 2109/2109 2114/2114
f 5274/5274 5271/5271 5273/5273
f 2207/2207 2193/2193 2198/2198
f 4522/4522 4533/4533 4525/4525
f 4522/4522 4525/4525 4523/4523
f 2177/2177 2175/2175 2178/2178
f 3550/3550 3545/3545 3548/3548
f 2182/2182 2175/2175 2173/2173
f 3543/3543 3545/3545 3550/3550
f 2173/2173 2183/2183 2182/2182
f 3547/3547 3548/3548 3545/3545
f 535/535 534/534 531/531
f 540/540 535/535 531/531
f 528/528 527/527 529/529
f 3543/3543 3521/3521 3545/3545
f 5957/5957 5955/5955 5956/5956
f 3521/3521 3509/3509 3545/3545
f 7257/7257 7271/7271 7255/7255
f 7255/7255 7276/7276 7270/7270
f 545/545 506/506 551/551
f 501/501 551/551 506/506
f 564/564 500/500 551/551
f 3537/3537 3544/3544 3521/3521
f 3535/3535 3544/3544 3537/3537
f 3525/3525 3544/3544 3535/3535
f 3534/3534 3525/3525 3535/3535
f 3525/3525 3534/3534 3526/3526
f 7234/7234 7260/7260 7236/7236
f 2356/2356 2323/2323 2325/2325
f 2322/2322 2324/2324 2323/2323
f 611/611 615/615 650/650
f 1683/1683 1684/1684 1682/1682
f 1683/1683 1682/1682 1680/1680
f 610/610 611/611 649/649
f 93/93 99/99 103/103
f 82/82 37/37 38/38
f 38/38 37/37 29/29
f 96/96 75/75 77/77
f 1409/1409 1399/1399 1421/1421
f 1432/1432 1409/1409 1421/1421
f 1413/1413 1414/1414 1412/1412
f 669/669 668/668 666/666
f 5361/5361 5357/5357 5368/5368
f 6373/6373 6378/6378 6370/6370
f 6090/6090 6092/6092 6117/6117
f 6091/6091 6092/6092 6090/6090
f 6089/6089 6106/6106 6091/6091
f 1864/1864 1833/1833 1835/1835
f 5416/5416 5422/5422 5420/5420
f 1831/1831 1857/1857 1826/1826
f 5279/5279 5278/5278 5283/5283
f 2207/2207 2198/2198 2215/2215
f 2207/2207 2215/2215 2218/2218
f 5968/5968 5970/5970 5969/5969
f 5967/5967 5968/5968 5969/5969
f 5971/5971 5967/5967 5969/5969
f 2193/2193 2177/2177 2186/2186
f 2193/2193 2186/2186 2198/2198
f 5971/5971 5969/5969 5973/5973
f 2177/2177 2178/2178 2186/2186
f 3553/3553 3569/3569 3555/3555
f 3552/3552 3553/3553 3555/3555
f 3543/3543 3552/3552 3555/3555
f 3550/3550 3548/3548 3553/3553
f 3550/3550 3553/3553 3552/3552
f 3543/3543 3550/3550 3552/3552
f 2178/2178 2175/2175 2202/2202
f 5953/5953 5954/5954 5955/5955
f 2182/2182 2202/2202 2175/2175
f 415/415 527/527 416/416
f 5955/5955 5954/5954 5956/5956
f 527/527 528/528 416/416
f 509/509 498/498 508/508
f 499/499 508/508 498/498
f 7255/7255 7270/7270 7251/7251
f 499/499 498/498 497/497
f 502/502 499/499 501/501
f 551/551 552/552 545/545
f 3521/3521 3543/3543 3537/3537
f 551/551 500/500 552/552
f 3538/3538 3537/3537 3543/3543
f 7236/7236 7235/7235 7234/7234
f 3537/3537 3536/3536 3535/3535
f 3532/3532 3535/3535 3536/3536
f 3534/3534 3535/3535 3532/3532
f 1733/1733 1732/1732 1720/1720
f 1692/1692 1720/1720 1732/1732
f 1735/1735 1692/1692 1732/1732
f 1692/1692 1735/1735 1684/1684
f 608/608 615/615 611/611
f 611/611 610/610 608/608
f 1680/1680 1682/1682 1681/1681
f 95/95 93/93 103/103
f 3358/3358 3336/3336 3337/3337
f 3358/3358 3337/3337 3340/3340
f 3327/3327 3337/3337 3336/3336
f 13/13 32/32 26/26
f 54/54 55/55 56/56
f 32/32 25/25 54/54
f 54/54 56/56 75/75
f 92/92 5/5 6/6
f 5/5 4/4 6/6
f 86/86 6/6 4/4
f 86/86 4/4 22/22
f 1394/1394 1395/1395 1396/1396
f 1395/1395 1416/1416 1413/1413
f 23/23 22/22 21/21
f 669/669 666/666 667/667
f 6577/6577 6651/6651 6650/6650
f 6653/6653 6587/6587 6610/6610
f 6748/6748 6651/6651 6577/6577
f 6610/6610 6587/6587 6584/6584
f 6361/6361 6364/6364 6363/6363
f 6360/6360 6335/6335 6340/6340
f 6462/6462 6361/6361 6341/6341
f 5357/5357 5358/5358 5368/5368
f 5358/5358 5352/5352 5351/5351
f 5358/5358 5357/5357 5352/5352
f 6089/6089 6090/6090 6080/6080
f 1868/1868 1833/1833 1864/1864
f 1831/1831 1826/1826 1823/1823
f 5409/5409 5408/5408 5416/5416
f 1852/1852 1826/1826 1857/1857
f 5406/5406 5408/5408 5409/5409
f 5280/5280 5277/5277 5279/5279
f 2109/2109 2113/2113 2105/2105
f 2112/2112 2105/2105 2113/2113
f 5271/5271 5287/5287 5309/5309
f 5271/5271 5309/5309 5310/5310
f 5271/5271 5270/5270 5273/5273
f 2199/2199 2215/2215 2198/2198
f 2215/2215 2199/2199 2219/2219
f 6024/6024 6025/6025 6026/6026
f 3577/3577 3571/3571 3555/3555
f 3543/3543 3555/3555 3554/3554
f 2199/2199 2198/2198 2186/2186
f 2210/2210 2199/2199 2186/2186
f 2210/2210 2186/2186 2178/2178
f 544/544 543/543 534/534
f 543/543 405/405 531/531
f 2210/2210 2178/2178 2202/2202
f 534/534 545/545 544/544
f 531/531 534/534 543/543
f 531/531 405/405 410/410
f 531/531 410/410 416/416
f 7255/7255 7256/7256 7257/7257
f 7255/7255 7253/7253 7256/7256
f 509/509 494/494 498/498
f 500/500 499/499 497/497
f 499/499 500/500 501/501
f 552/552 500/500 497/497
f 3541/3541 3538/3538 3543/3543
f 7251/7251 7270/7270 7235/7235
f 3538/3538 3536/3536 3537/3537
f 3534/3534 3532/3532 3533/3533
f 2324/2324 2325/2325 2323/2323
f 615/615 608/608 609/609
f 3533/3533 3532/3532 3528/3528
f 1684/1684 1735/1735 1682/1682
f 1680/1680 1681/1681 1676/1676
f 1679/1679 1680/1680 1676/1676
f 1678/1678 1772/1772 1679/1679
f 77/77 75/75 63/63
f 7/7 1/1 81/81
f 1/1 7/7 2/2
f 1/1 5/5 81/81
f 5/5 92/92 81/81
f 1/1 4/4 5/5
f 4/4 1/1 3/3
f 115/115 92/92 6/6
f 1395/1395 1397/1397 1396/1396
f 1399/1399 1394/1394 1404/1404
f 1404/1404 1421/1421 1399/1399
f 1401/1401 1395/1395 1413/1413
f 21/21 22/22 3/3
f 1412/1412 1401/1401 1413/1413
f 667/667 666/666 665/665
f 23/23 44/44 45/45
f 45/45 44/44 53/53
f 6341/6341 6342/6342 6462/6462
f 6370/6370 6372/6372 6373/6373
f 1868/1868 1863/1863 1833/1833
f 1826/1826 1825/1825 1823/1823
f 3227/3227 3207/3207 3204/3204
f 5424/5424 5422/5422 5416/5416
f 5408/5408 5424/5424 5416/5416
f 5281/5281 5279/5279 5283/5283
f 5281/5281 5280/5280 5279/5279
f 2101/2101 2111/2111 2109/2109
f 5270/5270 5272/5272 5273/5273
f 3555/3555 3571/3571 3554/3554
f 3554/3554 3571/3571 3573/3573
f 402/402 365/365 404/404
f 3571/3571 3578/3578 3573/3573
f 3554/3554 3546/3546 3543/3543
f 3541/3541 3543/3543 3546/3546
f 404/404 408/408 402/402
f 405/405 376/376 410/410
f 544/544 545/545 550/550
f 544/544 550/550 549/549
f 410/410 409/409 416/416
f 410/410 376/376 409/409
f 415/415 416/416 409/409
f 545/545 552/552 550/550
f 7253/7253 7255/7255 7251/7251
f 7251/7251 7235/7235 7250/7250
f 3539/3539 3536/3536 3538/3538
f 2325/2325 2326/2326 2327/2327
f 2325/2325 2327/2327 2356/2356
f 2325/2325 2324/2324 2326/2326
f 3532/3532 3529/3529 3528/3528
f 1676/1676 1678/1678 1679/1679
f 1772/1772 1678/1678 1694/1694
f 3335/3335 3336/3336 3344/3344
f 3336/3336 3335/3335 3327/3327
f 82/82 84/84 37/37
f 2283/2283 2282/2282 2284/2284
f 3330/3330 3334/3334 3329/3329
f 2282/2282 2283/2283 2281/2281
f 647/647 625/625 648/648
f 30/30 38/38 29/29
f 26/26 30/30 29/29
f 646/646 625/625 647/647
f 25/25 32/32 17/17
f 75/75 56/56 63/63
f 70/70 2/2 7/7
f 7/7 81/81 66/66
f 1/1 2/2 3/3
f 92/92 115/115 101/101
f 1395/1395 1401/1401 1400/1400
f 1404/1404 1394/1394 1396/1396
f 3/3 22/22 4/4
f 1412/1412 1411/1411 1401/1401
f 1401/1401 1411/1411 1402/1402
f 1419/1419 1412/1412 1414/1414
f 6653/6653 6613/6613 6587/6587
f 6748/6748 6576/6576 6585/6585
f 6340/6340 6335/6335 6339/6339
f 6341/6341 6340/6340 6339/6339
f 6361/6361 6379/6379 6364/6364
f 6365/6365 6363/6363 6364/6364
f 6360/6360 6332/6332 6335/6335
f 6333/6333 6330/6330 6332/6332
f 6332/6332 6360/6360 6333/6333
f 6378/6378 6367/6367 6370/6370
f 5351/5351 5366/5366 5358/5358
f 6090/6090 6117/6117 6102/6102
f 6149/6149 6148/6148 6146/6146
f 6148/6148 6147/6147 6146/6146
f 6080/6080 6079/6079 6089/6089
f 6079/6079 6100/6100 6089/6089
f 1849/1849 1831/1831 1823/1823
f 5291/5291 5281/5281 5283/5283
f 5292/5292 5281/5281 5291/5291
f 5408/5408 5406/5406 5407/5407
f 5292/5292 5293/5293 5281/5281
f 5280/5280 5285/5285 5277/5277
f 2105/2105 2101/2101 2109/2109
f 2101/2101 2106/2106 2111/2111
f 2106/2106 2124/2124 2111/2111
f 2663/2663 2658/2658 2662/2662
f 5313/5313 5307/5307 5272/5272
f 5265/5265 5270/5270 5271/5271
f 546/546 354/354 543/543
f 354/354 405/405 543/543
f 546/546 544/544 549/549
f 543/543 544/544 546/546
f 376/376 403/403 409/409
f 403/403 408/408 409/409
f 408/408 415/415 409/409
f 7258/7258 7253/7253 7252/7252
f 494/494 493/493 492/492
f 493/493 487/487 492/492
f 552/552 554/554 550/550
f 7252/7252 7251/7251 7250/7250
f 7253/7253 7251/7251 7252/7252
f 495/495 494/494 492/492
f 554/554 553/553 550/550
f 3538/3538 3541/3541 3540/3540
f 7235/7235 7236/7236 7237/7237
f 7236/7236 7238/7238 7237/7237
f 3536/3536 3529/3529 3532/3532
f 608/608 607/607 609/609
f 1682/1682 1735/1735 1728/1728
f 1681/1681 1682/1682 1728/1728
f 613/613 590/590 610/610
f 3331/3331 3327/3327 3335/3335
f 103/103 99/99 104/104
f 77/77 63/63 67/67
f 67/67 63/63 62/62
f 54/54 25/25 55/55
f 60/60 62/62 63/63
f 56/56 60/60 63/63
f 55/55 57/57 56/56
f 24/24 10/10 69/69
f 10/10 70/70 69/69
f 9/9 2/2 10/10
f 10/10 2/2 70/70
f 70/70 7/7 66/66
f 59/59 81/81 92/92
f 8/8 3/3 2/2
f 92/92 101/101 68/68
f 1420/1420 1404/1404 1396/1396
f 1402/1402 1400/1400 1401/1401
f 1395/1395 1400/1400 1397/1397
f 1419/1419 1411/1411 1412/1412
f 665/665 666/666 664/664
f 666/666 668/668 664/664
f 6753/6753 6754/6754 6755/6755
f 6585/6585 6627/6627 6748/6748
f 1246/1246 1247/1247 1248/1248
f 1247/1247 1257/1257 1248/1248
f 1248/1248 1257/1257 1250/1250
f 1257/1257 1262/1262 1250/1250
f 1248/1248 1249/1249 1246/1246
f 1250/1250 1249/1249 1248/1248
f 1253/1253 1249/1249 1250/1250
f 1262/1262 1253/1253 1250/1250
f 1253/1253 1262/1262 1269/1269
f 1252/1252 1244/1244 1246/1246
f 1249/1249 1251/1251 1246/1246
f 1251/1251 1252/1252 1246/1246
f 1270/1270 1251/1251 1249/1249
f 1253/1253 1270/1270 1249/1249
f 1271/1271 1270/1270 1253/1253
f 1271/1271 1253/1253 1269/1269
f 1251/1251 1259/1259 1252/1252
f 2561/2561 2560/2560 2574/2574
f 2558/2558 2561/2561 2567/2567
f 6339/6339 6342/6342 6341/6341
f 6368/6368 6367/6367 6365/6365
f 6371/6371 6372/6372 6370/6370
f 1833/1833 1863/1863 1862/1862
f 3205/3205 3193/3193 3196/3196
f 1834/1834 1833/1833 1862/1862
f 1825/1825 1833/1833 1834/1834
f 3205/3205 3204/3204 3193/3193
f 1846/1846 1849/1849 1823/1823
f 5424/5424 5408/5408 5426/5426
f 5426/5426 5408/5408 5421/5421
f 5294/5294 5292/5292 5299/5299
f 5407/5407 5421/5421 5408/5408
f 5281/5281 5293/5293 5282/5282
f 5282/5282 5280/5280 5281/5281
f 5405/5405 5407/5407 5406/5406
f 2105/2105 2099/2099 2101/2101
f 2098/2098 2099/2099 2105/2105
f 2099/2099 2100/2100 2101/2101
f 5406/5406 5403/5403 5405/5405
f 2662/2662 2664/2664 2665/2665
f 3573/3573 3572/3572 3554/3554
f 3572/3572 3570/3570 3554/3554
f 3546/3546 3554/3554 3570/3570
f 546/546 549/549 338/338
f 354/354 376/376 405/405
f 3546/3546 3556/3556 3541/3541
f 553/553 549/549 550/550
f 3542/3542 3540/3540 3541/3541
f 498/498 495/495 497/497
f 496/496 552/552 497/497
f 3538/3538 3540/3540 3539/3539
f 3558/3558 3557/3557 3536/3536
f 3528/3528 3529/3529 3530/3530
f 1729/1729 1681/1681 1728/1728
f 1741/1741 1681/1681 1742/1742
f 1681/1681 1741/1741 1740/1740
f 1681/1681 1740/1740 1700/1700
f 1676/1676 1681/1681 1700/1700
f 1676/1676 1700/1700 1698/1698
f 1675/1675 1694/1694 1678/1678
f 586/586 588/588 590/590
f 590/590 613/613 586/586
f 628/628 586/586 613/613
f 3330/3330 3327/3327 3331/3331
f 3332/3332 3334/3334 3330/3330
f 67/67 62/62 111/111
f 17/17 32/32 13/13
f 60/60 56/56 57/57
f 55/55 25/25 24/24
f 25/25 17/17 24/24
f 24/24 17/17 11/11
f 12/12 11/11 17/17
f 12/12 17/17 13/13
f 57/57 59/59 60/60
f 58/58 59/59 57/57
f 55/55 58/58 57/57
f 64/64 58/58 55/55
f 24/24 69/69 55/55
f 69/69 64/64 55/55
f 11/11 10/10 24/24
f 64/64 66/66 58/58
f 66/66 59/59 58/58
f 11/11 9/9 10/10
f 9/9 11/11 12/12
f 60/60 61/61 62/62
f 70/70 66/66 64/64
f 69/69 70/70 64/64
f 61/61 68/68 62/62
f 60/60 59/59 61/61
f 66/66 81/81 59/59
f 92/92 61/61 59/59
f 61/61 92/92 68/68
f 8/8 2/2 9/9
f 1408/1408 1420/1420 1396/1396
f 1408/1408 1396/1396 1397/1397
f 20/20 21/21 3/3
f 686/686 735/735 719/719
f 53/53 44/44 117/117
f 6613/6613 6589/6589 6587/6587
f 6653/6653 6639/6639 6613/6613
f 6639/6639 6589/6589 6613/6613
f 1318/1318 1309/1309 1315/1315
f 1309/1309 1311/1311 1315/1315
f 1247/1247 1246/1246 1245/1245
f 1315/1315 1311/1311 1339/1339
f 1339/1339 1311/1311 1313/1313
f 1339/1339 1313/1313 1340/1340
f 1246/1246 1244/1244 1245/1245
f 1269/1269 1262/1262 1285/1285
f 1282/1282 1269/1269 1285/1285
f 1271/1271 1269/1269 1282/1282
f 2559/2559 2558/2558 2567/2567
f 2559/2559 2567/2567 2576/2576
f 1254/1254 1244/1244 1252/1252
f 1252/1252 1259/1259 1254/1254
f 2561/2561 2557/2557 2560/2560
f 6339/6339 6335/6335 6336/6336
f 6335/6335 6334/6334 6336/6336
f 6339/6339 6336/6336 6342/6342
f 6365/6365 6393/6393 6368/6368
f 6332/6332 6331/6331 6334/6334
f 6335/6335 6332/6332 6334/6334
f 6393/6393 6365/6365 6364/6364
f 6369/6369 6367/6367 6368/6368
f 6330/6330 6331/6331 6332/6332
f 6369/6369 6370/6370 6367/6367
f 5366/5366 5351/5351 5365/5365
f 5351/5351 5328/5328 5365/5365
f 5351/5351 5352/5352 5349/5349
f 6117/6117 6116/6116 6102/6102
f 5328/5328 5351/5351 5349/5349
f 6090/6090 6102/6102 6080/6080
f 5352/5352 5353/5353 5349/5349
f 6145/6145 6146/6146 6147/6147
f 1834/1834 1824/1824 1825/1825
f 3204/3204 3185/3185 3193/3193
f 3204/3204 3186/3186 3185/3185
f 3207/3207 3186/3186 3204/3204
f 3207/3207 3210/3210 3186/3186
f 1846/1846 1851/1851 1854/1854
f 5294/5294 5293/5293 5292/5292
f 5285/5285 5280/5280 5286/5286
f 5280/5280 5282/5282 5286/5286
f 2105/2105 2112/2112 2098/2098
f 5282/5282 5298/5298 5286/5286
f 5293/5293 5298/5298 5282/5282
f 2124/2124 2106/2106 2123/2123
f 2101/2101 2100/2100 2106/2106
f 5264/5264 5313/5313 5272/5272
f 5270/5270 5264/5264 5272/5272
f 338/338 354/354 546/546
f 402/402 408/408 403/403
f 3541/3541 3556/3556 3542/3542
f 7250/7250 7254/7254 7252/7252
f 7254/7254 7258/7258 7252/7252
f 495/495 492/492 491/491
f 498/498 494/494 495/495
f 3565/3565 3540/3540 3542/3542
f 497/497 495/495 496/496
f 554/554 552/552 496/496
f 3540/3540 3565/3565 3539/3539
f 3529/3529 3531/3531 3530/3530
f 1700/1700 1740/1740 1701/1701
f 1698/1698 1700/1700 1701/1701
f 1676/1676 1675/1675 1678/1678
f 3332/3332 3330/3330 3331/3331
f 3333/3333 3332/3332 3331/3331
f 2281/2281 2280/2280 2282/2282
f 2278/2278 2280/2280 2281/2281
f 3334/3334 3332/3332 3333/3333
f 2368/2368 2278/2278 2281/2281
f 627/627 646/646 645/645
f 29/29 27/27 26/26
f 627/627 645/645 643/643
f 111/111 62/62 110/110
f 62/62 68/68 98/98
f 68/68 112/112 100/100
f 68/68 101/101 112/112
f 1411/1411 1419/1419 1430/1430
f 20/20 49/49 21/21
f 662/662 665/665 664/664
f 23/23 21/21 44/44
f 6756/6756 6755/6755 6754/6754
f 6585/6585 6586/6586 6627/6627
f 6584/6584 6586/6586 6585/6585
f 1308/1308 1309/1309 1318/1318
f 1260/1260 1247/1247 1245/1245
f 1340/1340 1313/1313 1316/1316
f 1316/1316 1344/1344 1340/1340
f 1353/1353 1354/1354 1344/1344
f 1344/1344 1354/1354 1340/1340
f 2559/2559 2576/2576 2579/2579
f 1254/1254 1242/1242 1244/1244
f 2558/2558 2557/2557 2561/2561
f 1201/1201 1212/1212 1213/1213
f 1212/1212 1201/1201 1211/1211
f 1199/1199 1200/1200 1201/1201
f 1211/1211 1201/1201 1208/1208
f 1201/1201 1202/1202 1208/1208
f 1200/1200 1202/1202 1201/1201
f 1204/1204 1202/1202 1200/1200
f 6336/6336 6474/6474 6342/6342
f 6342/6342 6474/6474 6462/6462
f 6393/6393 6376/6376 6368/6368
f 6368/6368 6376/6376 6369/6369
f 6329/6329 6331/6331 6330/6330
f 6364/6364 6379/6379 6393/6393
f 6329/6329 6330/6330 6328/6328
f 6462/6462 6380/6380 6361/6361
f 6116/6116 6115/6115 6102/6102
f 6102/6102 6082/6082 6080/6080
f 6079/6079 6080/6080 6057/6057
f 6056/6056 6049/6049 6062/6062
f 1823/1823 1825/1825 1824/1824
f 1823/1823 1838/1838 1846/1846
f 1837/1837 1838/1838 1823/1823
f 1838/1838 1841/1841 1846/1846
f 1844/1844 1848/1848 1846/1846
f 1846/1846 1848/1848 1851/1851
f 3186/3186 3210/3210 3194/3194
f 1846/1846 1854/1854 1849/1849
f 5294/5294 5295/5295 5293/5293
f 2099/2099 2098/2098 2096/2096
f 2104/2104 2123/2123 2106/2106
f 2100/2100 2104/2104 2106/2106
f 2662/2662 2658/2658 2657/2657
f 365/365 402/402 318/318
f 339/339 354/354 338/338
f 339/339 376/376 354/354
f 3542/3542 3556/3556 3568/3568
f 7250/7250 7267/7267 7254/7254
f 489/489 492/492 487/487
f 3565/3565 3542/3542 3566/3566
f 554/554 496/496 491/491
f 491/491 496/496 495/495
f 7235/7235 7241/7241 7250/7250
f 3539/3539 3564/3564 3536/3536
f 7235/7235 7237/7237 7241/7241
f 7239/7239 7240/7240 7237/7237
f 7237/7237 7238/7238 7239/7239
f 3536/3536 3531/3531 3529/3529
f 3536/3536 3557/3557 3531/3531
f 3560/3560 3531/3531 3557/3557
f 3576/3576 3531/3531 3560/3560
f 1741/1741 1743/1743 1740/1740
f 1740/1740 1776/1776 1701/1701
f 1740/1740 1743/1743 1776/1776
f 3582/3582 3583/3583 3579/3579
f 1677/1677 1676/1676 1698/1698
f 1676/1676 1677/1677 1672/1672
f 1675/1675 1676/1676 1672/1672
f 1674/1674 1694/1694 1675/1675
f 3349/3349 3335/3335 3344/3344
f 3349/3349 3339/3339 3335/3335
f 3331/3331 3335/3335 3339/3339
f 585/585 586/586 628/628
f 628/628 625/625 585/585
f 3331/3331 3347/3347 3333/3333
f 37/37 84/84 36/36
f 2367/2367 2282/2282 2280/2280
f 3333/3333 3347/3347 3354/3354
f 3333/3333 3354/3354 3362/3362
f 26/26 14/14 13/13
f 110/110 62/62 98/98
f 12/12 13/13 8/8
f 14/14 8/8 13/13
f 12/12 8/8 9/9
f 68/68 100/100 98/98
f 1408/1408 1397/1397 1417/1417
f 19/19 3/3 15/15
f 20/20 3/3 19/19
f 1411/1411 1430/1430 1407/1407
f 1402/1402 1411/1411 1407/1407
f 44/44 50/50 117/117
f 1311/1311 1309/1309 1304/1304
f 1260/1260 1245/1245 1243/1243
f 1244/1244 1243/1243 1245/1245
f 1243/1243 1242/1242 1232/1232
f 2558/2558 2554/2554 2557/2557
f 2558/2558 2559/2559 2555/2555
f 2558/2558 2555/2555 2554/2554
f 2562/2562 2570/2570 2560/2560
f 2557/2557 2551/2551 2560/2560
f 1215/1215 1216/1216 1212/1212
f 1214/1214 1212/1212 1216/1216
f 1213/1213 1212/1212 1214/1214
f 1212/1212 1211/1211 1215/1215
f 1201/1201 1213/1213 1199/1199
f 1217/1217 1199/1199 1213/1213
f 1215/1215 1211/1211 1210/1210
f 1208/1208 1210/1210 1211/1211
f 1203/1203 1199/1199 1217/1217
f 1200/1200 1199/1199 1203/1203
f 1204/1204 1200/1200 1203/1203
f 1204/1204 1205/1205 1202/1202
f 1208/1208 1209/1209 1210/1210
f 1208/1208 1202/1202 1205/1205
f 1209/1209 1208/1208 1205/1205
f 6474/6474 6336/6336 6338/6338
f 6462/6462 6474/6474 6391/6391
f 6420/6420 6393/6393 6379/6379
f 6380/6380 6379/6379 6361/6361
f 6371/6371 6369/6369 6374/6374
f 6371/6371 6370/6370 6369/6369
f 5328/5328 5327/5327 5365/5365
f 6374/6374 6375/6375 6371/6371
f 6082/6082 6102/6102 6115/6115
f 6056/6056 6079/6079 6057/6057
f 6057/6057 6054/6054 6056/6056
f 6049/6049 6051/6051 6062/6062
f 6054/6054 6049/6049 6056/6056
f 6050/6050 6049/6049 6054/6054
f 6049/6049 6048/6048 6051/6051
f 1838/1838 1840/1840 1841/1841
f 1824/1824 1834/1834 1820/1820
f 1823/1823 1824/1824 1820/1820
f 1820/1820 1821/1821 1822/1822
f 3179/3179 3196/3196 3193/3193
f 1837/1837 1823/1823 1822/1822
f 1844/1844 1846/1846 1841/1841
f 3179/3179 3193/3193 3185/3185
f 3185/3185 3167/3167 3179/3179
f 1847/1847 1848/1848 1844/1844
f 3186/3186 3174/3174 3185/3185
f 1858/1858 1848/1848 1847/1847
f 3174/3174 3167/3167 3185/3185
f 1858/1858 1851/1851 1848/1848
f 2888/2888 2889/2889 2923/2923
f 3194/3194 3173/3173 3174/3174
f 3186/3186 3194/3194 3174/3174
f 2923/2923 2889/2889 2924/2924
f 5299/5299 5312/5312 5294/5294
f 2891/2891 2924/2924 2889/2889
f 5426/5426 5421/5421 5427/5427
f 5296/5296 5294/5294 5312/5312
f 5295/5295 5294/5294 5296/5296
f 5421/5421 5407/5407 5419/5419
f 5407/5407 5405/5405 5419/5419
f 5298/5298 5293/5293 5295/5295
f 2100/2100 2102/2102 2104/2104
f 2096/2096 2100/2100 2099/2099
f 2090/2090 2098/2098 2095/2095
f 2091/2091 2090/2090 2095/2095
f 2097/2097 2091/2091 2095/2095
f 2652/2652 2647/2647 2658/2658
f 2647/2647 2657/2657 2658/2658
f 5403/5403 5388/5388 5405/5405
f 5264/5264 5270/5270 5265/5265
f 319/319 365/365 307/307
f 307/307 365/365 318/318
f 3570/3570 3574/3574 3546/3546
f 403/403 318/318 402/402
f 3575/3575 3556/3556 3546/3546
f 549/549 553/553 338/338
f 7267/7267 7274/7274 7254/7254
f 487/487 486/486 484/484
f 486/486 452/452 484/484
f 3567/3567 3542/3542 3568/3568
f 3566/3566 3542/3542 3567/3567
f 7267/7267 7250/7250 7241/7241
f 3539/3539 3565/3565 3564/3564
f 3536/3536 3564/3564 3563/3563
f 2328/2328 2329/2329 2327/2327
f 2328/2328 2327/2327 2326/2326
f 607/607 608/608 605/605
f 3536/3536 3563/3563 3558/3558
f 590/590 591/591 610/610
f 591/591 608/608 610/610
f 3559/3559 3561/3561 3583/3583
f 3579/3579 3583/3583 3561/3561
f 3559/3559 3560/3560 3557/3557
f 3580/3580 3581/3581 3579/3579
f 3582/3582 3579/3579 3581/3581
f 3584/3584 3582/3582 3581/3581
f 1762/1762 1677/1677 1698/1698
f 1762/1762 1761/1761 1677/1677
f 605/605 591/591 593/593
f 1675/1675 1672/1672 1674/1674
f 590/590 588/588 591/591
f 3346/3346 3331/3331 3339/3339
f 3331/3331 3346/3346 3347/3347
f 2278/2278 2279/2279 2280/2280
f 29/29 37/37 36/36
f 28/28 27/27 29/29
f 651/651 644/644 643/643
f 14/14 26/26 18/18
f 27/27 18/18 26/26
f 3/3 8/8 15/15
f 19/19 49/49 20/20
f 668/668 686/686 664/664
f 1308/1308 1310/1310 1307/1307
f 1304/1304 1309/1309 1308/1308
f 1278/1278 1243/1243 1266/1266
f 1260/1260 1243/1243 1278/1278
f 1266/1266 1243/1243 1241/1241
f 2579/2579 2566/2566 2559/2559
f 2559/2559 2566/2566 2555/2555
f 1232/1232 1242/1242 1229/1229
f 2552/2552 2549/2549 2557/2557
f 2554/2554 2552/2552 2557/2557
f 1229/1229 1242/1242 1226/1226
f 1242/1242 1254/1254 1226/1226
f 2551/2551 2557/2557 2549/2549
f 1254/1254 1220/1220 1226/1226
f 2571/2571 2572/2572 2570/2570
f 2571/2571 2570/2570 2562/2562
f 2562/2562 2560/2560 2551/2551
f 3998/3998 3993/3993 3997/3997
f 4014/4014 3998/3998 3997/3997
f 1220/1220 1213/1213 1225/1225
f 1221/1221 1219/1219 1220/1220
f 1219/1219 1213/1213 1220/1220
f 1224/1224 1215/1215 1218/1218
f 1216/1216 1215/1215 1224/1224
f 1219/1219 1217/1217 1213/1213
f 1215/1215 1210/1210 1218/1218
f 3731/3731 3728/3728 3733/3733
f 6331/6331 6348/6348 6334/6334
f 6329/6329 6326/6326 6348/6348
f 6348/6348 6331/6331 6329/6329
f 6328/6328 6326/6326 6329/6329
f 6369/6369 6376/6376 6377/6377
f 6374/6374 6369/6369 6377/6377
f 5324/5324 5327/5327 5325/5325
f 6327/6327 6326/6326 6328/6328
f 6462/6462 6391/6391 6384/6384
f 5327/5327 5328/5328 5325/5325
f 6462/6462 6384/6384 6380/6380
f 4082/4082 4086/4086 4069/4069
f 4066/4066 4070/4070 4069/4069
f 4070/4070 4082/4082 4069/4069
f 6042/6042 6043/6043 6044/6044
f 6082/6082 6101/6101 6084/6084
f 6150/6150 6151/6151 6152/6152
f 5328/5328 5345/5345 5325/5325
f 5345/5345 5328/5328 5349/5349
f 5353/5353 5362/5362 5349/5349
f 5349/5349 5362/5362 5350/5350
f 5350/5350 5362/5362 5369/5369
f 5362/5362 5370/5370 5369/5369
f 6055/6055 6050/6050 6054/6054
f 6048/6048 6052/6052 6051/6051
f 6047/6047 6049/6049 6050/6050
f 6048/6048 6049/6049 6047/6047
f 1838/1838 1839/1839 1840/1840
f 3196/3196 3184/3184 3206/3206
f 1823/1823 1820/1820 1822/1822
f 1837/1837 1822/1822 1821/1821
f 1839/1839 1838/1838 1837/1837
f 3179/3179 3177/3177 3196/3196
f 3184/3184 3196/3196 3177/3177
f 1841/1841 1842/1842 1844/1844
f 1842/1842 1847/1847 1844/1844
f 3179/3179 3171/3171 3177/3177
f 3179/3179 3167/3167 3171/3171
f 2913/2913 2886/2886 2888/2888
f 2889/2889 2888/2888 2887/2887
f 2887/2887 2888/2888 2886/2886
f 3174/3174 3173/3173 3163/3163
f 3174/3174 3163/3163 3167/3167
f 2890/2890 2889/2889 2887/2887
f 3210/3210 3209/3209 3194/3194
f 2891/2891 2889/2889 2890/2890
f 2892/2892 2891/2891 2890/2890
f 5312/5312 5314/5314 5296/5296
f 5296/5296 5297/5297 5295/5295
f 2104/2104 2110/2110 2125/2125
f 2123/2123 2104/2104 2125/2125
f 2096/2096 2102/2102 2100/2100
f 2090/2090 2096/2096 2098/2098
f 2648/2648 2647/2647 2652/2652
f 2664/2664 2662/2662 2657/2657
f 319/319 308/308 336/336
f 3546/3546 3574/3574 3575/3575
f 403/403 376/376 339/339
f 487/487 484/484 489/489
f 3956/3956 3943/3943 3939/3939
f 2330/2330 2331/2331 2329/2329
f 3948/3948 3955/3955 3975/3975
f 2330/2330 2329/2329 2328/2328
f 2349/2349 2330/2330 2328/2328
f 2328/2328 2326/2326 2349/2349
f 606/606 607/607 605/605
f 3558/3558 3563/3563 3562/3562
f 3580/3580 3579/3579 3562/3562
f 1804/1804 1802/1802 1800/1800
f 3562/3562 3579/3579 3561/3561
f 3562/3562 3561/3561 3558/3558
f 3558/3558 3559/3559 3557/3557
f 3561/3561 3559/3559 3558/3558
f 3580/3580 3586/3586 3581/3581
f 3584/3584 3581/3581 3585/3585
f 1761/1761 1721/1721 1677/1677
f 1677/1677 1721/1721 1669/1669
f 1672/1672 1677/1677 1669/1669
f 1672/1672 1669/1669 1651/1651
f 1672/1672 1651/1651 1673/1673
f 1674/1674 1672/1672 1673/1673
f 592/592 591/591 588/588
f 1673/1673 1736/1736 1674/1674
f 592/592 588/588 584/584
f 1736/1736 1673/1673 1784/1784
f 588/588 586/586 584/584
f 3357/3357 3346/3346 3339/3339
f 585/585 584/584 586/586
f 625/625 589/589 585/585
f 2367/2367 2280/2280 2279/2279
f 2279/2279 2278/2278 2277/2277
f 3354/3354 3375/3375 3362/3362
f 28/28 36/36 41/41
f 28/28 29/29 36/36
f 625/625 627/627 624/624
f 646/646 627/627 625/625
f 640/640 643/643 644/644
f 27/27 28/28 31/31
f 27/27 31/31 18/18
f 14/14 15/15 8/8
f 1407/1407 1403/1403 1402/1402
f 1400/1400 1402/1402 1397/1397
f 1306/1306 1313/1313 1311/1311
f 1233/1233 1241/1241 1232/1232
f 1241/1241 1243/1243 1232/1232
f 1350/1350 1353/1353 1344/1344
f 1243/1243 1244/1244 1242/1242
f 2555/2555 2566/2566 2556/2556
f 2553/2553 2552/2552 2554/2554
f 2555/2555 2553/2553 2554/2554
f 2555/2555 2556/2556 2553/2553
f 1226/1226 1225/1225 1227/1227
f 1226/1226 1220/1220 1225/1225
f 3993/3993 3994/3994 3995/3995
f 3994/3994 3996/3996 3995/3995
f 3995/3995 3997/3997 3993/3993
f 1219/1219 1221/1221 1222/1222
f 2550/2550 2562/2562 2551/2551
f 1219/1219 1222/1222 1223/1223
f 1087/1087 1088/1088 1084/1084
f 1087/1087 1084/1084 1083/1083
f 1089/1089 1087/1087 1083/1083
f 1083/1083 1081/1081 1089/1089
f 1089/1089 1081/1081 1092/1092
f 1261/1261 1264/1264 1218/1218
f 1218/1218 1210/1210 1261/1261
f 1203/1203 1206/1206 1204/1204
f 1206/1206 1207/1207 1204/1204
f 1209/1209 1261/1261 1210/1210
f 1261/1261 1209/1209 1277/1277
f 3729/3729 3727/3727 3728/3728
f 3728/3728 3730/3730 3729/3729
f 3731/3731 3730/3730 3728/3728
f 3728/3728 3727/3727 3726/3726
f 3726/3726 3727/3727 3724/3724
f 4067/4067 4064/4064 4063/4063
f 6337/6337 6334/6334 6348/6348
f 6336/6336 6337/6337 6338/6338
f 6336/6336 6334/6334 6337/6337
f 4062/4062 4063/4063 4064/4064
f 6393/6393 6420/6420 6376/6376
f 6554/6554 6556/6556 6557/6557
f 6564/6564 6554/6554 6557/6557
f 4065/4065 4066/4066 4069/4069
f 4066/4066 4065/4065 4062/4062
f 4062/4062 4065/4065 4063/4063
f 5324/5324 5325/5325 5326/5326
f 6327/6327 6324/6324 6326/6326
f 4086/4086 4157/4157 4077/4077
f 4086/4086 4077/4077 4069/4069
f 6057/6057 6080/6080 6081/6081
f 6055/6055 6054/6054 6057/6057
f 6064/6064 6050/6050 6055/6055
f 6053/6053 6047/6047 6050/6050
f 6046/6046 6048/6048 6047/6047
f 1821/1821 1860/1860 1837/1837
f 1837/1837 1860/1860 1839/1839
f 1842/1842 1841/1841 1840/1840
f 6046/6046 6061/6061 6048/6048
f 1820/1820 1834/1834 1865/1865
f 3206/3206 3184/3184 3192/3192
f 1842/1842 1850/1850 1847/1847
f 3178/3178 3184/3184 3177/3177
f 2885/2885 2886/2886 2913/2913
f 3177/3177 3171/3171 3172/3172
f 3178/3178 3177/3177 3172/3172
f 3166/3166 3171/3171 3167/3167
f 3172/3172 3171/3171 3166/3166
f 2887/2887 2886/2886 2882/2882
f 3163/3163 3173/3173 3165/3165
f 2887/2887 2909/2909 2908/2908
f 2887/2887 2908/2908 2890/2890
f 3194/3194 3187/3187 3173/3173
f 3209/3209 3187/3187 3194/3194
f 2890/2890 2893/2893 2892/2892
f 5421/5421 5417/5417 5427/5427
f 5419/5419 5417/5417 5421/5421
f 5297/5297 5296/5296 5300/5300
f 5296/5296 5314/5314 5300/5300
f 2110/2110 2119/2119 2125/2125
f 2648/2648 2656/2656 2644/2644
f 2102/2102 2107/2107 2104/2104
f 2648/2648 2644/2644 2647/2647
f 2090/2090 2077/2077 2096/2096
f 2090/2090 2091/2091 2080/2080
f 2077/2077 2090/2090 2080/2080
f 2091/2091 2097/2097 2083/2083
f 2080/2080 2091/2091 2083/2083
f 2094/2094 2083/2083 2097/2097
f 5396/5396 5388/5388 5403/5403
f 5255/5255 5305/5305 5264/5264
f 403/403 339/339 318/318
f 2071/2071 2068/2068 2073/2073
f 2074/2074 2073/2073 2068/2068
f 484/484 452/452 457/457
f 555/555 553/553 490/490
f 553/553 554/554 490/490
f 3956/3956 3939/3939 3937/3937
f 3956/3956 3937/3937 3962/3962
f 3962/3962 3937/3937 3951/3951
f 7237/7237 7242/7242 7241/7241
f 1803/1803 1801/1801 1802/1802
f 1801/1801 1800/1800 1802/1802
f 1800/1800 1795/1795 1804/1804
f 3580/3580 3590/3590 3586/3586
f 3581/3581 3586/3586 3585/3585
f 3586/3586 3587/3587 3585/3585
f 1761/1761 1722/1722 1721/1721
f 1669/1669 1723/1723 1670/1670
f 1669/1669 1721/1721 1722/1722
f 6701/6701 6702/6702 6707/6707
f 6702/6702 6701/6701 6700/6700
f 627/627 643/643 640/640
f 28/28 43/43 31/31
f 18/18 31/31 43/43
f 14/14 18/18 16/16
f 16/16 15/15 14/14
f 98/98 100/100 105/105
f 19/19 15/15 16/16
f 47/47 19/19 16/16
f 1403/1403 1397/1397 1402/1402
f 663/663 662/662 652/652
f 1418/1418 1403/1403 1407/1407
f 19/19 47/47 49/49
f 662/662 664/664 660/660
f 719/719 687/687 664/664
f 6627/6627 6590/6590 6724/6724
f 6740/6740 6592/6592 6639/6639
f 6592/6592 6589/6589 6639/6639
f 6584/6584 6587/6587 6586/6586
f 1307/1307 1304/1304 1308/1308
f 1310/1310 1314/1314 1307/1307
f 1314/1314 1303/1303 1307/1307
f 1313/1313 1306/1306 1316/1316
f 1337/1337 1303/1303 1338/1338
f 1303/1303 1314/1314 1338/1338
f 1235/1235 1241/1241 1233/1233
f 1233/1233 1232/1232 1230/1230
f 2579/2579 2582/2582 2566/2566
f 1232/1232 1229/1229 1230/1230
f 1230/1230 1229/1229 1228/1228
f 1229/1229 1226/1226 1228/1228
f 2549/2549 2552/2552 2546/2546
f 1226/1226 1227/1227 1228/1228
f 2547/2547 2551/2551 2549/2549
f 2546/2546 2547/2547 2549/2549
f 2547/2547 2550/2550 2551/2551
f 1272/1272 1224/1224 1218/1218
f 2550/2550 2564/2564 2569/2569
f 1267/1267 1272/1272 1218/1218
f 1082/1082 1083/1083 1084/1084
f 3730/3730 3731/3731 3732/3732
f 3729/3729 3730/3730 3735/3735
f 3726/3726 3724/3724 3723/3723
f 5448/5448 5451/5451 5461/5461
f 5448/5448 5461/5461 5449/5449
f 5461/5461 5459/5459 5449/5449
f 5456/5456 5449/5449 5459/5459
f 5458/5458 5456/5456 5459/5459
f 5456/5456 5455/5455 5449/5449
f 5455/5455 5447/5447 5449/5449
f 5455/5455 5456/5456 5458/5458
f 5447/5447 5445/5445 5446/5446
f 5455/5455 5445/5445 5447/5447
f 5455/5455 5443/5443 5445/5445
f 6108/6108 6099/6099 6110/6110
f 4068/4068 4064/4064 4067/4067
f 5329/5329 5330/5330 5326/5326
f 4063/4063 4065/4065 4067/4067
f 5329/5329 5326/5326 5325/5325
f 6345/6345 6323/6323 6325/6325
f 6325/6325 6323/6323 6324/6324
f 4065/4065 4069/4069 4077/4077
f 4067/4067 4065/4065 4077/4077
f 6324/6324 6323/6323 6322/6322
f 6322/6322 6490/6490 6326/6326
f 6348/6348 6326/6326 6490/6490
f 6377/6377 6376/6376 6420/6420
f 6099/6099 6083/6083 6084/6084
f 6087/6087 6099/6099 6108/6108
f 6324/6324 6322/6322 6326/6326
f 4157/4157 4084/4084 4077/4077
f 6082/6082 6084/6084 6083/6083
f 5350/5350 5347/5347 5349/5349
f 6057/6057 6081/6081 6119/6119
f 5350/5350 5369/5369 5347/5347
f 6057/6057 6119/6119 6055/6055
f 6121/6121 6064/6064 6055/6055
f 6050/6050 6064/6064 6053/6053
f 5370/5370 5380/5380 5372/5372
f 6064/6064 6130/6130 6053/6053
f 6045/6045 6047/6047 6053/6053
f 1860/1860 1861/1861 1839/1839
f 1839/1839 1861/1861 1845/1845
f 1840/1840 1839/1839 1845/1845
f 1840/1840 1845/1845 1843/1843
f 1842/1842 1840/1840 1843/1843
f 1842/1842 1843/1843 1853/1853
f 6045/6045 6046/6046 6047/6047
f 1865/1865 1860/1860 1821/1821
f 1853/1853 1850/1850 1842/1842
f 3192/3192 3184/3184 3191/3191
f 1821/1821 1820/1820 1865/1865
f 6052/6052 6048/6048 6061/6061
f 6058/6058 6046/6046 6045/6045
f 3178/3178 3189/3189 3184/3184
f 3190/3190 3184/3184 3189/3189
f 3191/3191 3184/3184 3190/3190
f 2885/2885 2882/2882 2886/2886
f 5660/5660 5659/5659 5662/5662
f 5663/5663 5660/5660 5662/5662
f 5664/5664 5663/5663 5662/5662
f 6061/6061 6065/6065 6052/6052
f 5659/5659 5660/5660 5661/5661
f 3175/3175 3172/3172 3166/3166
f 2882/2882 2909/2909 2887/2887
f 3175/3175 3166/3166 3176/3176
f 2874/2874 2916/2916 2882/2882
f 2909/2909 2882/2882 2916/2916
f 3167/3167 3163/3163 3166/3166
f 3163/3163 3162/3162 3166/3166
f 3176/3176 3166/3166 3162/3162
f 2916/2916 2874/2874 2917/2917
f 2909/2909 2916/2916 2908/2908
f 3165/3165 3164/3164 3163/3163
f 3162/3162 3163/3163 3164/3164
f 3168/3168 3162/3162 3164/3164
f 3168/3168 3164/3164 3169/3169
f 2920/2920 2916/2916 2917/2917
f 2908/2908 2916/2916 2920/2920
f 2908/2908 2920/2920 2894/2894
f 2908/2908 2894/2894 2890/2890
f 2894/2894 2893/2893 2890/2890
f 2892/2892 2893/2893 2911/2911
f 2893/2893 2900/2900 2911/2911
f 2104/2104 2107/2107 2110/2110
f 2096/2096 2103/2103 2102/2102
f 2096/2096 2077/2077 2103/2103
f 5316/5316 5297/5297 5315/5315
f 5315/5315 5297/5297 5300/5300
f 2092/2092 2083/2083 2094/2094
f 2644/2644 2645/2645 2647/2647
f 2645/2645 2651/2651 2647/2647
f 2657/2657 2647/2647 2651/2651
f 5313/5313 5264/5264 5305/5305
f 5228/5228 5264/5264 5265/5265
f 3951/3951 3954/3954 3962/3962
f 3954/3954 3951/3951 3948/3948
f 7242/7242 7237/7237 7273/7273
f 7237/7237 7240/7240 7273/7273
f 2331/2331 2330/2330 2332/2332
f 1799/1799 1800/1800 1801/1801
f 1796/1796 1800/1800 1799/1799
f 1796/1796 1795/1795 1800/1800
f 1669/1669 1670/1670 1652/1652
f 1652/1652 1651/1651 1669/1669
f 1651/1651 1784/1784 1673/1673
f 1651/1651 1649/1649 1784/1784
f 3357/3357 3371/3371 3360/3360
f 3357/3357 3360/3360 3346/3346
f 2274/2274 2277/2277 2278/2278
f 3373/3373 3375/3375 3354/3354
f 3373/3373 3354/3354 3361/3361
f 627/627 640/640 624/624
f 640/640 642/642 624/624
f 6696/6696 6698/6698 6697/6697
f 18/18 43/43 48/48
f 639/639 644/644 638/638
f 16/16 18/18 48/48
f 98/98 105/105 106/106
f 47/47 16/16 48/48
f 1429/1429 1417/1417 1403/1403
f 1417/1417 1397/1397 1403/1403
f 6627/6627 6586/6586 6590/6590
f 6589/6589 6592/6592 6588/6588
f 1235/1235 1233/1233 1234/1234
f 1233/1233 1230/1230 1234/1234
f 2582/2582 2577/2577 2566/2566
f 2577/2577 2556/2556 2566/2566
f 1230/1230 1228/1228 1231/1231
f 2552/2552 2553/2553 2546/2546
f 1227/1227 1236/1236 1228/1228
f 1228/1228 1236/1236 1231/1231
f 3999/3999 3996/3996 3994/3994
f 2548/2548 2550/2550 2547/2547
f 3999/3999 3994/3994 4000/4000
f 2550/2550 2548/2548 2564/2564
f 1264/1264 1267/1267 1218/1218
f 1082/1082 1080/1080 1083/1083
f 1080/1080 1081/1081 1083/1083
f 1081/1081 1090/1090 1092/1092
f 3751/3751 3739/3739 3731/3731
f 5458/5458 5470/5470 5460/5460
f 5470/5470 5467/5467 5460/5460
f 5450/5450 5451/5451 5448/5448
f 1062/1062 1066/1066 1065/1065
f 5449/5449 5447/5447 5448/5448
f 5460/5460 5455/5455 5458/5458
f 5446/5446 5450/5450 5448/5448
f 5448/5448 5447/5447 5446/5446
f 5445/5445 5443/5443 5441/5441
f 5443/5443 5442/5442 5441/5441
f 4074/4074 4073/4073 4072/4072
f 6122/6122 6111/6111 6123/6123
f 4072/4072 4068/4068 4071/4071
f 4073/4073 4068/4068 4072/4072
f 4067/4067 4078/4078 4071/4071
f 4067/4067 4071/4071 4068/4068
f 6108/6108 6110/6110 6111/6111
f 6112/6112 6108/6108 6111/6111
f 6112/6112 6111/6111 6122/6122
f 5331/5331 5333/5333 5332/5332
f 5330/5330 5331/5331 5332/5332
f 4079/4079 4078/4078 4067/4067
f 5333/5333 5331/5331 5329/5329
f 5330/5330 5329/5329 5331/5331
f 4079/4079 4067/4067 4077/4077
f 6337/6337 6348/6348 6502/6502
f 6502/6502 6348/6348 6490/6490
f 6338/6338 6337/6337 6502/6502
f 4077/4077 4084/4084 4079/4079
f 4157/4157 4156/4156 4089/4089
f 4157/4157 4089/4089 4084/4084
f 6391/6391 6390/6390 6386/6386
f 6384/6384 6391/6391 6386/6386
f 6080/6080 6082/6082 6081/6081
f 6119/6119 6081/6081 6085/6085
f 5347/5347 5369/5369 5346/5346
f 6143/6143 6140/6140 6144/6144
f 5369/5369 5370/5370 5346/5346
f 6130/6130 6064/6064 6121/6121
f 6130/6130 6063/6063 6053/6053
f 6053/6053 6063/6063 6045/6045
f 2885/2885 2914/2914 2880/2880
f 3191/3191 3197/3197 3192/3192
f 2880/2880 2882/2882 2885/2885
f 6059/6059 6058/6058 6045/6045
f 6045/6045 6060/6060 6059/6059
f 3198/3198 3191/3191 3203/3203
f 3191/3191 3190/3190 3203/3203
f 3197/3197 3191/3191 3198/3198
f 5375/5375 5372/5372 5380/5380
f 2879/2879 2875/2875 2882/2882
f 5657/5657 5656/5656 5658/5658
f 5657/5657 5654/5654 5656/5656
f 2873/2873 2874/2874 2875/2875
f 2875/2875 2874/2874 2882/2882
f 3129/3129 3136/3136 3138/3138
f 6065/6065 6066/6066 6052/6052
f 5654/5654 5653/5653 5656/5656
f 2918/2918 2874/2874 2919/2919
f 4055/4055 4053/4053 4061/4061
f 4051/4051 4046/4046 4055/4055
f 6052/6052 6068/6068 6075/6075
f 6067/6067 6052/6052 6066/6066
f 5653/5653 5654/5654 5655/5655
f 5428/5428 5429/5429 5430/5430
f 2874/2874 2918/2918 2917/2917
f 3138/3138 3139/3139 3134/3134
f 4055/4055 4046/4046 4053/4053
f 4046/4046 4051/4051 4038/4038
f 5429/5429 5431/5431 5430/5430
f 5431/5431 5432/5432 5430/5430
f 4057/4057 4060/4060 4061/4061
f 4053/4053 4057/4057 4061/4061
f 4046/4046 4047/4047 4053/4053
f 3181/3181 3180/3180 3165/3165
f 3180/3180 3169/3169 3164/3164
f 3169/3169 3170/3170 3168/3168
f 4060/4060 4057/4057 4059/4059
f 3180/3180 3164/3164 3165/3165
f 3165/3165 3173/3173 3181/3181
f 3181/3181 3173/3173 3182/3182
f 4058/4058 4059/4059 4057/4057
f 4053/4053 4052/4052 4057/4057
f 4052/4052 4058/4058 4057/4057
f 4047/4047 4052/4052 4053/4053
f 2893/2893 2894/2894 2895/2895
f 2259/2259 2256/2256 2260/2260
f 2656/2656 2661/2661 2640/2640
f 2895/2895 2896/2896 2893/2893
f 2656/2656 2640/2640 2644/2644
f 2119/2119 2110/2110 2117/2117
f 2897/2897 2900/2900 2893/2893
f 2107/2107 2108/2108 2110/2110
f 2102/2102 2108/2108 2107/2107
f 2102/2102 2103/2103 2108/2108
f 2900/2900 2897/2897 2912/2912
f 2080/2080 2078/2078 2077/2077
f 2092/2092 2081/2081 2083/2083
f 5419/5419 5405/5405 5417/5417
f 2081/2081 2080/2080 2083/2083
f 319/319 307/307 308/308
f 322/322 336/336 308/308
f 322/322 345/345 358/358
f 330/330 318/318 339/339
f 7267/7267 7262/7262 7274/7274
f 7262/7262 7267/7267 7249/7249
f 491/491 492/492 489/489
f 491/491 489/489 490/490
f 554/554 491/491 490/490
f 3939/3939 3929/3929 3937/3937
f 7266/7266 7242/7242 7273/7273
f 2338/2338 2337/2337 2332/2332
f 2332/2332 2337/2337 2331/2331
f 3948/3948 3946/3946 3955/3955
f 2336/2336 2330/2330 2349/2349
f 605/605 604/604 606/606
f 3955/3955 3946/3946 3968/3968
f 3946/3946 3957/3957 3968/3968
f 1796/1796 1799/1799 1797/1797
f 3586/3586 3590/3590 3591/3591
f 3586/3586 3591/3591 3588/3588
f 3586/3586 3588/3588 3587/3587
f 3588/3588 3589/3589 3587/3587
f 1722/1722 1671/1671 1670/1670
f 1652/1652 1670/1670 1671/1671
f 585/585 589/589 582/582
f 582/582 589/589 583/583
f 3384/3384 3375/3375 3373/3373
f 644/644 651/651 638/638
f 1418/1418 1428/1428 1403/1403
f 1429/1429 1403/1403 1428/1428
f 652/652 662/662 660/660
f 664/664 681/681 660/660
f 664/664 686/686 719/719
f 1237/1237 1239/1239 1234/1234
f 1238/1238 1234/1234 1239/1239
f 1234/1234 1238/1238 1235/1235
f 1337/1337 1334/1334 1301/1301
f 1337/1337 1301/1301 1303/1303
f 1316/1316 1342/1342 1344/1344
f 1316/1316 1317/1317 1342/1342
f 1234/1234 1230/1230 1237/1237
f 1230/1230 1231/1231 1240/1240
f 1342/1342 1350/1350 1344/1344
f 2583/2583 2577/2577 2582/2582
f 2573/2573 2556/2556 2577/2577
f 2556/2556 2573/2573 2553/2553
f 1236/1236 1256/1256 1231/1231
f 1236/1236 1268/1268 1256/1256
f 2564/2564 2548/2548 2563/2563
f 1079/1079 1080/1080 1082/1082
f 1279/1279 1280/1280 1264/1264
f 1279/1279 1264/1264 1261/1261
f 1277/1277 1279/1279 1261/1261
f 5464/5464 5460/5460 5467/5467
f 3723/3723 3722/3722 3758/3758
f 3724/3724 3720/3720 3723/3723
f 1063/1063 1066/1066 1062/1062
f 5464/5464 5455/5455 5460/5460
f 1060/1060 1062/1062 1065/1065
f 5455/5455 5442/5442 5443/5443
f 5441/5441 5444/5444 5445/5445
f 5438/5438 5440/5440 5441/5441
f 5442/5442 5438/5438 5441/5441
f 4076/4076 4075/4075 4072/4072
f 4075/4075 4074/4074 4072/4072
f 6124/6124 6123/6123 6125/6125
f 6122/6122 6123/6123 6124/6124
f 4076/4076 4071/4071 4078/4078
f 4072/4072 4071/4071 4076/4076
f 5454/5454 5438/5438 5442/5442
f 5332/5332 5334/5334 5335/5335
f 6350/6350 6346/6346 6349/6349
f 6109/6109 6112/6112 6122/6122
f 5332/5332 5333/5333 5334/5334
f 6349/6349 6346/6346 6345/6345
f 6345/6345 6346/6346 6323/6323
f 6108/6108 6112/6112 6109/6109
f 4078/4078 4079/4079 4083/4083
f 4079/4079 4085/4085 4083/4083
f 6317/6317 6322/6322 6323/6323
f 6318/6318 6322/6322 6317/6317
f 5438/5438 5453/5453 5434/5434
f 5329/5329 5325/5325 5344/5344
f 6490/6490 6322/6322 6318/6318
f 4079/4079 4084/4084 4085/4085
f 6553/6553 6554/6554 6555/6555
f 4088/4088 4084/4084 4089/4089
f 6109/6109 6087/6087 6108/6108
f 6386/6386 6390/6390 6389/6389
f 6386/6386 6385/6385 6384/6384
f 6383/6383 6384/6384 6385/6385
f 6380/6380 6384/6384 6383/6383
f 6381/6381 6380/6380 6383/6383
f 6380/6380 6381/6381 6379/6379
f 6382/6382 6379/6379 6381/6381
f 6420/6420 6379/6379 6382/6382
f 5349/5349 5347/5347 5345/5345
f 5345/5345 5347/5347 5346/5346
f 1843/1843 1845/1845 1866/1866
f 1866/1866 1870/1870 1843/1843
f 1860/1860 1867/1867 1861/1861
f 1853/1853 1843/1843 1870/1870
f 1867/1867 1860/1860 1865/1865
f 2880/2880 2914/2914 2915/2915
f 2877/2877 2879/2879 2880/2880
f 2880/2880 2879/2879 2882/2882
f 6045/6045 6063/6063 6060/6060
f 6060/6060 6063/6063 6137/6137
f 6039/6039 6040/6040 6041/6041
f 3197/3197 3198/3198 3199/3199
f 3199/3199 3198/3198 3225/3225
f 2879/2879 2877/2877 2875/2875
f 3110/3110 3136/3136 3129/3129
f 4051/4051 4055/4055 4056/4056
f 3129/3129 3138/3138 3134/3134
f 6067/6067 6066/6066 6073/6073
f 4038/4038 4036/4036 4046/4046
f 6052/6052 6067/6067 6068/6068
f 6067/6067 6069/6069 6068/6068
f 6073/6073 6072/6072 6067/6067
f 6072/6072 6071/6071 6067/6067
f 6073/6073 6120/6120 6072/6072
f 4046/4046 4036/4036 4047/4047
f 3195/3195 3180/3180 3181/3181
f 3662/3662 3664/3664 3661/3661
f 6067/6067 6071/6071 6070/6070
f 3660/3660 3662/3662 3661/3661
f 3659/3659 3660/3660 3661/3661
f 3660/3660 3659/3659 3663/3663
f 3181/3181 3182/3182 3195/3195
f 5988/5988 5986/5986 5984/5984
f 5986/5986 5985/5985 5984/5984
f 4048/4048 4052/4052 4047/4047
f 4044/4044 4047/4047 4036/4036
f 5983/5983 5984/5984 5985/5985
f 5983/5983 5987/5987 5984/5984
f 2257/2257 2260/2260 2256/2256
f 2259/2259 2258/2258 2256/2256
f 3183/3183 3187/3187 3188/3188
f 5983/5983 5989/5989 5987/5987
f 2119/2119 2117/2117 2122/2122
f 3209/3209 3223/3223 3202/3202
f 2103/2103 2089/2089 2108/2108
f 2077/2077 2089/2089 2103/2103
f 2912/2912 2897/2897 2903/2903
f 2092/2092 2093/2093 2081/2081
f 2080/2080 2081/2081 2078/2078
f 5417/5417 5405/5405 5390/5390
f 5388/5388 5390/5390 5405/5405
f 5265/5265 5311/5311 5241/5241
f 5255/5255 5303/5303 5305/5305
f 307/307 318/318 301/301
f 330/330 294/294 318/318
f 2068/2068 2070/2070 2063/2063
f 556/556 555/555 490/490
f 3964/3964 3930/3930 3943/3943
f 3943/3943 3930/3930 3939/3939
f 489/489 484/484 485/485
f 556/556 490/490 485/485
f 485/485 490/490 489/489
f 3939/3939 3930/3930 3929/3929
f 7241/7241 7249/7249 7267/7267
f 3929/3929 3931/3931 3937/3937
f 3931/3931 3951/3951 3937/3937
f 7244/7244 7242/7242 7266/7266
f 2336/2336 2332/2332 2330/2330
f 1796/1796 1797/1797 1792/1792
f 1796/1796 1792/1792 1795/1795
f 1795/1795 1793/1793 1809/1809
f 591/591 592/592 593/593
f 593/593 592/592 584/584
f 1651/1651 1652/1652 1620/1620
f 1620/1620 1649/1649 1651/1651
f 585/585 582/582 584/584
f 583/583 589/589 600/600
f 2274/2274 2276/2276 2277/2277
f 2274/2274 2275/2275 2276/2276
f 624/624 600/600 625/625
f 636/636 635/635 639/639
f 644/644 639/639 635/635
f 639/639 638/638 636/636
f 637/637 636/636 638/638
f 638/638 652/652 637/637
f 6740/6740 6605/6605 6592/6592
f 1328/1328 1327/1327 1335/1335
f 1239/1239 1237/1237 1265/1265
f 1334/1334 1335/1335 1327/1327
f 1301/1301 1334/1334 1299/1299
f 1307/1307 1303/1303 1302/1302
f 1303/1303 1301/1301 1302/1302
f 1306/1306 1317/1317 1316/1316
f 1342/1342 1351/1351 1350/1350
f 1230/1230 1240/1240 1237/1237
f 1255/1255 1240/1240 1231/1231
f 2543/2543 2553/2553 2573/2573
f 1255/1255 1231/1231 1256/1256
f 2546/2546 2543/2543 2542/2542
f 2543/2543 2546/2546 2553/2553
f 2546/2546 2542/2542 2547/2547
f 2545/2545 2548/2548 2547/2547
f 2542/2542 2545/2545 2547/2547
f 4001/4001 3999/3999 4000/4000
f 2548/2548 2545/2545 2563/2563
f 4002/4002 4001/4001 4000/4000
f 1267/1267 1264/1264 1280/1280
f 1281/1281 1267/1267 1280/1280
f 3739/3739 3734/3734 3731/3731
f 3734/3734 3732/3732 3731/3731
f 3723/3723 3720/3720 3722/3722
f 1061/1061 1063/1063 1062/1062
f 5465/5465 5455/5455 5464/5464
f 1062/1062 1060/1060 1061/1061
f 5444/5444 5446/5446 5445/5445
f 5455/5455 5454/5454 5442/5442
f 4075/4075 4080/4080 4174/4174
f 4081/4081 4080/4080 4076/4076
f 4075/4075 4076/4076 4080/4080
f 4174/4174 4197/4197 4075/4075
f 954/954 903/903 927/927
f 4076/4076 4078/4078 4081/4081
f 927/927 903/903 914/914
f 4083/4083 4081/4081 4078/4078
f 914/914 903/903 901/901
f 5334/5334 5336/5336 5335/5335
f 5335/5335 5336/5336 5337/5337
f 5336/5336 5334/5334 5333/5333
f 914/914 901/901 931/931
f 6397/6397 6323/6323 6346/6346
f 6317/6317 6323/6323 6397/6397
f 5333/5333 5329/5329 5344/5344
f 6319/6319 6490/6490 6318/6318
f 5457/5457 5453/5453 5454/5454
f 4084/4084 4088/4088 4085/4085
f 926/926 931/931 901/901
f 6502/6502 6490/6490 6394/6394
f 6490/6490 6319/6319 6394/6394
f 6083/6083 6099/6099 6087/6087
f 4114/4114 4089/4089 4156/4156
f 5436/5436 5438/5438 5434/5434
f 5454/5454 5453/5453 5438/5438
f 6390/6390 6392/6392 6389/6389
f 5433/5433 5434/5434 5435/5435
f 5453/5453 5435/5435 5434/5434
f 5471/5471 5435/5435 5453/5453
f 5471/5471 5453/5453 5457/5457
f 6386/6386 6389/6389 6388/6388
f 6386/6386 6388/6388 6387/6387
f 6387/6387 6385/6385 6386/6386
f 5670/5670 5668/5668 5669/5669
f 5669/5669 5668/5668 5667/5667
f 5666/5666 5669/5669 5667/5667
f 5346/5346 5370/5370 5371/5371
f 6121/6121 6128/6128 6130/6130
f 1845/1845 1861/1861 1866/1866
f 1861/1861 1867/1867 1869/1869
f 1869/1869 1866/1866 1861/1861
f 6063/6063 6130/6130 6131/6131
f 6131/6131 6133/6133 6132/6132
f 6131/6131 6132/6132 6063/6063
f 3200/3200 3197/3197 3199/3199
f 3201/3201 3192/3192 3197/3197
f 3200/3200 3201/3201 3197/3197
f 6009/6009 6010/6010 6011/6011
f 3126/3126 3116/3116 3129/3129
f 3116/3116 3110/3110 3129/3129
f 4056/4056 4050/4050 4051/4051
f 3126/3126 3140/3140 3141/3141
f 2876/2876 2873/2873 2875/2875
f 3129/3129 3134/3134 3126/3126
f 3140/3140 3126/3126 3134/3134
f 4035/4035 4036/4036 4038/4038
f 6069/6069 6067/6067 6070/6070
f 5637/5637 5638/5638 5639/5639
f 5638/5638 5640/5640 5639/5639
f 5637/5637 5642/5642 5638/5638
f 6033/6033 6034/6034 6035/6035
f 6074/6074 6069/6069 6070/6070
f 5638/5638 5641/5641 5640/5640
f 2135/2135 2134/2134 2136/2136
f 2135/2135 2122/2122 2134/2134
f 3173/3173 3183/3183 3182/3182
f 3182/3182 3183/3183 3220/3220
f 2633/2633 2636/2636 2641/2641
f 2633/2633 2635/2635 2636/2636
f 2131/2131 2134/2134 2122/2122
f 2131/2131 2122/2122 2128/2128
f 4047/4047 4044/4044 4048/4048
f 3173/3173 3187/3187 3183/3183
f 2128/2128 2122/2122 2117/2117
f 2234/2234 2256/2256 2258/2258
f 3209/3209 3202/3202 3187/3187
f 2640/2640 2635/2635 2637/2637
f 2117/2117 2110/2110 2115/2115
f 2108/2108 2115/2115 2110/2110
f 2896/2896 2897/2897 2893/2893
f 2640/2640 2637/2637 2644/2644
f 2637/2637 2642/2642 2644/2644
f 2642/2642 2645/2645 2644/2644
f 2077/2077 2079/2079 2089/2089
f 2082/2082 2081/2081 2093/2093
f 2077/2077 2078/2078 2079/2079
f 2081/2081 2082/2082 2078/2078
f 2645/2645 2646/2646 2651/2651
f 2651/2651 2654/2654 2657/2657
f 2655/2655 2657/2657 2654/2654
f 5388/5388 5396/5396 5389/5389
f 5241/5241 5228/5228 5265/5265
f 5392/5392 5389/5389 5396/5396
f 5234/5234 5303/5303 5255/5255
f 305/305 307/307 301/301
f 330/330 339/339 338/338
f 338/338 553/553 337/337
f 453/453 451/451 452/452
f 7262/7262 7249/7249 7261/7261
f 3929/3929 3922/3922 3931/3931
f 3948/3948 3951/3951 3950/3950
f 3948/3948 3950/3950 3949/3949
f 3948/3948 3947/3947 3946/3946
f 3946/3946 3944/3944 3957/3957
f 1793/1793 1795/1795 1792/1792
f 1671/1671 1653/1653 1652/1652
f 1620/1620 1653/1653 1621/1621
f 3347/3347 3361/3361 3354/3354
f 580/580 583/583 600/600
f 589/589 625/625 600/600
f 6707/6707 6703/6703 6701/6701
f 681/681 664/664 687/687
f 1311/1311 1304/1304 1306/1306
f 1265/1265 1237/1237 1258/1258
f 1302/1302 1301/1301 1298/1298
f 1301/1301 1299/1299 1298/1298
f 1307/1307 1302/1302 1304/1304
f 1237/1237 1240/1240 1258/1258
f 1342/1342 1352/1352 1351/1351
f 2577/2577 2583/2583 2578/2578
f 2578/2578 2583/2583 2584/2584
f 2577/2577 2578/2578 2573/2573
f 1263/1263 1240/1240 1255/1255
f 2578/2578 2543/2543 2573/2573
f 1255/1255 1256/1256 1263/1263
f 2541/2541 2542/2542 2543/2543
f 1256/1256 1268/1268 1273/1273
f 1263/1263 1256/1256 1273/1273
f 1268/1268 1276/1276 1273/1273
f 2563/2563 2545/2545 2565/2565
f 4002/4002 4003/4003 4001/4001
f 1280/1280 1284/1284 1281/1281
f 1080/1080 1076/1076 1081/1081
f 1090/1090 1081/1081 1076/1076
f 1287/1287 1280/1280 1279/1279
f 5467/5467 5472/5472 5464/5464
f 3758/3758 3722/3722 3725/3725
f 5472/5472 5465/5465 5464/5464
f 5465/5465 5466/5466 5455/5455
f 5466/5466 5454/5454 5455/5455
f 5454/5454 5466/5466 5462/5462
f 6351/6351 6354/6354 6355/6355
f 5337/5337 5338/5338 5339/5339
f 6351/6351 6346/6346 6350/6350
f 5342/5342 5341/5341 5338/5338
f 5336/5336 5342/5342 5338/5338
f 5337/5337 5336/5336 5338/5338
f 6350/6350 6354/6354 6351/6351
f 5440/5440 5444/5444 5441/5441
f 4087/4087 4081/4081 4083/4083
f 903/903 902/902 901/901
f 4083/4083 4085/4085 4087/4087
f 5333/5333 5344/5344 5348/5348
f 6315/6315 6318/6318 6317/6317
f 6318/6318 6315/6315 6319/6319
f 926/926 909/909 925/925
f 901/901 909/909 926/926
f 6321/6321 6394/6394 6319/6319
f 6556/6556 6553/6553 6558/6558
f 6554/6554 6553/6553 6556/6556
f 5454/5454 5462/5462 5457/5457
f 6083/6083 6087/6087 6086/6086
f 5344/5344 5325/5325 5345/5345
f 6558/6558 6559/6559 6556/6556
f 5434/5434 5433/5433 5436/5436
f 6392/6392 6476/6476 6388/6388
f 6392/6392 6388/6388 6389/6389
f 5433/5433 5479/5479 5437/5437
f 5436/5436 5433/5433 5437/5437
f 6464/6464 6420/6420 6382/6382
f 6141/6141 6140/6140 6143/6143
f 6140/6140 6141/6141 6142/6142
f 5370/5370 5372/5372 5371/5371
f 3221/3221 3218/3218 3219/3219
f 3212/3212 3192/3192 3211/3211
f 2881/2881 2915/2915 2932/2932
f 2881/2881 2880/2880 2915/2915
f 6134/6134 6131/6131 6135/6135
f 3211/3211 3192/3192 3201/3201
f 2880/2880 2881/2881 2877/2877
f 6134/6134 6133/6133 6131/6131
f 3226/3226 3200/3200 3224/3224
f 3200/3200 3226/3226 3201/3201
f 3199/3199 3224/3224 3200/3200
f 2875/2875 2877/2877 2876/2876
f 3116/3116 3111/3111 3110/3110
f 3109/3109 3110/3110 3111/3111
f 3109/3109 3111/3111 3112/3112
f 4038/4038 4051/4051 4050/4050
f 4034/4034 4038/4038 4050/4050
f 4035/4035 4038/4038 4034/4034
f 6068/6068 6069/6069 6076/6076
f 6069/6069 6077/6077 6076/6076
f 5238/5238 5240/5240 5230/5230
f 6068/6068 6078/6078 6075/6075
f 6076/6076 6078/6078 6068/6068
f 6017/6017 6012/6012 6014/6014
f 5240/5240 5254/5254 5230/5230
f 2128/2128 2130/2130 2131/2131
f 5254/5254 5229/5229 5230/5230
f 2130/2130 2128/2128 2129/2129
f 4044/4044 4036/4036 4040/4040
f 4048/4048 4044/4044 4049/4049
f 6012/6012 6013/6013 6014/6014
f 2633/2633 2634/2634 2635/2635
f 2129/2129 2128/2128 2117/2117
f 2117/2117 2115/2115 2129/2129
f 2257/2257 2256/2256 2253/2253
f 2258/2258 2233/2233 2234/2234
f 2108/2108 2116/2116 2115/2115
f 2896/2896 2895/2895 2910/2910
f 2256/2256 2236/2236 2253/2253
f 2234/2234 2236/2236 2256/2256
f 3202/3202 3188/3188 3187/3187
f 2637/2637 2635/2635 2634/2634
f 2116/2116 2108/2108 2121/2121
f 2898/2898 2897/2897 2896/2896
f 2638/2638 2642/2642 2637/2637
f 2121/2121 2108/2108 2089/2089
f 2903/2903 2897/2897 2898/2898
f 2903/2903 2898/2898 2904/2904
f 3202/3202 3223/3223 3208/3208
f 5393/5393 5417/5417 5402/5402
f 2904/2904 2926/2926 2903/2903
f 2642/2642 2643/2643 2645/2645
f 2645/2645 2643/2643 2646/2646
f 5392/5392 5391/5391 5389/5389
f 5234/5234 5255/5255 5227/5227
f 337/337 555/555 561/561
f 452/452 451/451 450/450
f 7241/7241 7243/7243 7249/7249
f 7243/7243 7241/7241 7242/7242
f 7242/7242 7244/7244 7243/7243
f 3944/3944 3958/3958 3957/3957
f 1797/1797 1798/1798 1792/1792
f 1798/1798 1794/1794 1792/1792
f 3591/3591 3592/3592 3588/3588
f 604/604 593/593 596/596
f 3592/3592 3589/3589 3588/3588
f 1620/1620 1652/1652 1653/1653
f 582/582 583/583 579/579
f 3347/3347 3360/3360 3361/3361
f 3373/3373 3383/3383 3384/3384
f 3373/3373 3361/3361 3381/3381
f 622/622 600/600 624/624
f 624/624 642/642 622/622
f 640/640 644/644 635/635
f 635/635 636/636 634/634
f 636/636 637/637 634/634
f 637/637 652/652 660/660
f 732/732 687/687 719/719
f 6720/6720 6724/6724 6590/6590
f 44/44 21/21 49/49
f 6781/6781 6780/6780 6783/6783
f 6689/6689 6740/6740 6690/6690
f 6689/6689 6605/6605 6740/6740
f 6588/6588 6586/6586 6587/6587
f 1334/1334 1327/1327 1321/1321
f 1299/1299 1334/1334 1321/1321
f 1300/1300 1297/1297 1299/1299
f 1258/1258 1240/1240 1274/1274
f 1989/1989 1967/1967 1984/1984
f 1967/1967 1968/1968 1984/1984
f 1274/1274 1275/1275 1258/1258
f 1984/1984 1968/1968 1978/1978
f 1274/1274 1240/1240 1263/1263
f 2541/2541 2543/2543 2578/2578
f 2542/2542 2541/2541 2544/2544
f 2544/2544 2545/2545 2542/2542
f 2545/2545 2544/2544 2565/2565
f 1079/1079 1076/1076 1080/1080
f 1284/1284 1280/1280 1287/1287
f 3732/3732 3734/3734 3736/3736
f 5467/5467 5478/5478 5472/5472
f 3720/3720 3721/3721 3722/3722
f 1050/1050 1063/1063 1061/1061
f 5477/5477 5472/5472 5478/5478
f 5472/5472 5477/5477 5465/5465
f 5473/5473 5465/5465 5477/5477
f 5465/5465 5473/5473 5466/5466
f 5340/5340 5339/5339 5338/5338
f 5341/5341 5340/5340 5338/5338
f 6355/6355 6353/6353 6351/6351
f 6353/6353 6352/6352 6351/6351
f 4087/4087 4080/4080 4081/4081
f 4080/4080 4087/4087 4149/4149
f 4174/4174 4080/4080 4149/4149
f 6351/6351 6352/6352 6346/6346
f 947/947 903/903 954/954
f 6346/6346 6352/6352 6397/6397
f 5440/5440 5438/5438 5436/5436
f 902/902 900/900 901/901
f 6316/6316 6315/6315 6317/6317
f 5336/5336 5348/5348 5342/5342
f 5336/5336 5333/5333 5348/5348
f 5440/5440 5436/5436 5439/5439
f 4088/4088 4089/4089 4114/4114
f 5439/5439 5436/5436 5437/5437
f 4114/4114 4110/4110 4088/4088
f 5457/5457 5462/5462 5463/5463
f 4156/4156 4155/4155 4114/4114
f 6559/6559 6558/6558 6560/6560
f 6559/6559 6560/6560 6561/6561
f 6566/6566 6561/6561 6563/6563
f 6565/6565 6559/6559 6561/6561
f 5479/5479 5480/5480 5437/5437
f 5437/5437 5480/5480 5439/5439
f 5667/5667 5668/5668 5665/5665
f 5665/5665 5666/5666 5667/5667
f 5749/5749 5750/5750 5751/5751
f 6382/6382 6466/6466 6465/6465
f 6464/6464 6382/6382 6465/6465
f 6088/6088 6085/6085 6086/6086
f 6083/6083 6086/6086 6085/6085
f 6081/6081 6082/6082 6083/6083
f 6085/6085 6088/6088 6103/6103
f 6130/6130 6128/6128 6135/6135
f 3214/3214 3213/3213 3215/3215
f 3218/3218 3214/3214 3216/3216
f 5373/5373 5371/5371 5372/5372
f 6131/6131 6130/6130 6135/6135
f 6135/6135 6128/6128 6138/6138
f 3212/3212 3211/3211 3213/3213
f 3213/3213 3214/3214 3212/3212
f 6136/6136 6135/6135 6138/6138
f 6136/6136 6134/6134 6135/6135
f 2881/2881 2878/2878 2877/2877
f 3115/3115 3113/3113 3111/3111
f 2877/2877 2878/2878 2876/2876
f 2878/2878 2883/2883 2876/2876
f 3116/3116 3115/3115 3111/3111
f 4050/4050 4037/4037 4034/4034
f 2876/2876 2883/2883 2921/2921
f 3126/3126 3121/3121 3116/3116
f 4028/4028 4035/4035 4034/4034
f 4028/4028 4033/4033 4035/4035
f 5220/5220 5230/5230 5229/5229
f 5237/5237 5238/5238 5230/5230
f 5231/5231 5237/5237 5230/5230
f 5302/5302 5219/5219 5229/5229
f 5219/5219 5220/5220 5229/5229
f 2129/2129 2115/2115 2132/2132
f 5302/5302 5239/5239 5219/5219
f 2132/2132 2115/2115 2140/2140
f 4044/4044 4045/4045 4049/4049
f 6113/6113 6075/6075 6078/6078
f 5231/5231 5235/5235 5237/5237
f 5220/5220 5231/5231 5230/5230
f 2116/2116 2140/2140 2115/2115
f 6013/6013 6015/6015 6014/6014
f 2633/2633 2639/2639 2634/2634
f 5232/5232 5235/5235 5231/5231
f 2253/2253 2246/2246 2254/2254
f 2910/2910 2899/2899 2896/2896
f 2236/2236 2246/2246 2253/2253
f 3202/3202 3208/3208 3188/3188
f 6013/6013 6016/6016 6015/6015
f 2634/2634 2639/2639 2638/2638
f 2634/2634 2638/2638 2637/2637
f 2116/2116 2121/2121 2127/2127
f 2899/2899 2898/2898 2896/2896
f 2904/2904 2922/2922 2926/2926
f 2642/2642 2638/2638 2643/2643
f 2078/2078 2085/2085 2079/2079
f 2078/2078 2084/2084 2085/2085
f 2082/2082 2084/2084 2078/2078
f 2082/2082 2086/2086 2084/2084
f 5390/5390 5395/5395 5417/5417
f 5395/5395 5402/5402 5417/5417
f 2651/2651 2646/2646 2654/2654
f 5390/5390 5388/5388 5386/5386
f 5395/5395 5390/5390 5386/5386
f 2654/2654 2646/2646 2655/2655
f 5387/5387 5386/5386 5388/5388
f 5388/5388 5389/5389 5387/5387
f 5389/5389 5391/5391 5387/5387
f 5303/5303 5234/5234 5243/5243
f 5255/5255 5264/5264 5228/5228
f 5255/5255 5228/5228 5227/5227
f 301/301 318/318 294/294
f 345/345 322/322 310/310
f 337/337 320/320 338/338
f 338/338 320/320 330/330
f 2071/2071 2070/2070 2068/2068
f 7261/7261 7290/7290 7262/7262
f 7249/7249 7243/7243 7261/7261
f 484/484 457/457 485/485
f 3930/3930 3923/3923 3929/3929
f 3923/3923 3922/3922 3929/3929
f 3951/3951 3931/3931 3932/3932
f 3951/3951 3932/3932 3950/3950
f 3949/3949 3947/3947 3948/3948
f 2338/2338 2340/2340 2351/2351
f 2332/2332 2339/2339 2338/2338
f 3946/3946 3947/3947 3945/3945
f 2332/2332 2336/2336 2339/2339
f 3944/3944 3946/3946 3945/3945
f 3893/3893 3944/3944 3942/3942
f 3958/3958 3944/3944 3893/3893
f 3893/3893 3892/3892 3958/3958
f 1791/1791 1792/1792 1794/1794
f 1791/1791 1790/1790 1792/1792
f 1790/1790 1793/1793 1792/1792
f 3589/3589 3592/3592 3593/3593
f 581/581 593/593 584/584
f 3346/3346 3360/3360 3347/3347
f 587/587 580/580 600/600
f 622/622 587/587 600/600
f 634/634 637/637 654/654
f 6695/6695 6692/6692 6694/6694
f 637/637 660/660 654/654
f 682/682 681/681 683/683
f 683/683 681/681 687/687
f 6605/6605 6593/6593 6588/6588
f 1329/1329 1324/1324 1330/1330
f 1327/1327 1328/1328 1324/1324
f 1258/1258 1275/1275 1283/1283
f 1330/1330 1328/1328 1345/1345
f 1321/1321 1300/1300 1299/1299
f 1304/1304 1302/1302 1298/1298
f 1274/1274 1263/1263 1286/1286
f 2575/2575 2541/2541 2578/2578
f 2575/2575 2544/2544 2541/2541
f 1273/1273 1286/1286 1263/1263
f 1288/1288 1276/1276 1289/1289
f 2565/2565 2544/2544 2568/2568
f 4003/4003 4005/4005 4004/4004
f 4003/4003 4004/4004 4001/4001
f 4018/4018 4005/4005 4003/4003
f 1079/1079 1077/1077 1076/1076
f 1076/1076 1091/1091 1090/1090
f 3740/3740 3734/3734 3739/3739
f 3741/3741 3734/3734 3740/3740
f 3736/3736 3741/3741 3755/3755
f 3736/3736 3734/3734 3741/3741
f 3722/3722 3721/3721 3725/3725
f 5478/5478 5484/5484 5481/5481
f 5478/5478 5481/5481 5477/5477
f 5831/5831 5827/5827 5830/5830
f 5830/5830 5827/5827 5829/5829
f 5466/5466 5473/5473 5462/5462
f 6355/6355 6403/6403 6353/6353
f 5343/5343 5340/5340 5341/5341
f 5473/5473 5474/5474 5462/5462
f 5147/5147 5146/5146 5157/5157
f 4194/4194 4174/4174 4149/4149
f 915/915 903/903 947/947
f 6543/6543 6542/6542 6545/6545
f 6545/6545 6542/6542 6546/6546
f 902/902 903/903 915/915
f 5341/5341 5342/5342 5360/5360
f 902/902 915/915 900/900
f 6397/6397 6316/6316 6317/6317
f 5342/5342 5348/5348 5360/5360
f 6321/6321 6319/6319 6320/6320
f 5462/5462 5468/5468 5463/5463
f 6395/6395 6321/6321 6320/6320
f 4113/4113 4114/4114 4155/4155
f 4113/4113 4110/4110 4114/4114
f 6321/6321 6395/6395 6396/6396
f 5469/5469 5463/5463 5468/5468
f 925/925 909/909 907/907
f 925/925 907/907 924/924
f 5346/5346 5344/5344 5345/5345
f 6127/6127 6121/6121 6126/6126
f 6121/6121 6127/6127 6128/6128
f 3214/3214 3215/3215 3216/3216
f 3218/3218 3216/3216 3219/3219
f 6138/6138 6128/6128 6139/6139
f 3121/3121 3115/3115 3116/3116
f 3112/3112 3111/3111 3113/3113
f 3126/3126 3135/3135 3127/3127
f 3127/3127 3121/3121 3126/3126
f 5374/5374 5372/5372 5375/5375
f 5239/5239 5290/5290 5245/5245
f 5239/5239 5221/5221 5219/5219
f 5221/5221 5239/5239 5245/5245
f 2116/2116 2141/2141 2140/2140
f 5232/5232 5231/5231 5205/5205
f 5231/5231 5220/5220 5205/5205
f 5205/5205 5220/5220 5203/5203
f 5220/5220 5219/5219 5203/5203
f 2116/2116 2127/2127 2141/2141
f 2236/2236 2237/2237 2246/2246
f 2234/2234 2235/2235 2236/2236
f 2236/2236 2235/2235 2237/2237
f 2234/2234 2231/2231 2235/2235
f 2233/2233 2231/2231 2234/2234
f 6078/6078 6114/6114 6113/6113
f 5219/5219 5209/5209 5203/5203
f 2638/2638 2660/2660 2659/2659
f 2088/2088 2121/2121 2089/2089
f 5393/5393 5402/5402 5383/5383
f 2650/2650 2638/2638 2659/2659
f 5203/5203 5204/5204 5205/5205
f 2079/2079 2088/2088 2089/2089
f 2079/2079 2085/2085 2088/2088
f 2638/2638 2650/2650 2643/2643
f 5384/5384 5383/5383 5402/5402
f 2643/2643 2649/2649 2646/2646
f 5402/5402 5395/5395 5384/5384
f 2649/2649 2653/2653 2646/2646
f 5386/5386 5385/5385 5384/5384
f 5384/5384 5395/5395 5386/5386
f 5212/5212 5211/5211 5241/5241
f 2646/2646 2653/2653 2655/2655
f 5211/5211 5212/5212 5208/5208
f 5241/5241 5214/5214 5228/5228
f 5211/5211 5214/5214 5241/5241
f 5252/5252 5253/5253 5250/5250
f 5253/5253 5243/5243 5250/5250
f 5218/5218 5228/5228 5214/5214
f 5250/5250 5243/5243 5242/5242
f 5243/5243 5234/5234 5242/5242
f 5227/5227 5228/5228 5218/5218
f 5233/5233 5242/5242 5234/5234
f 5227/5227 5233/5233 5234/5234
f 5226/5226 5233/5233 5227/5227
f 5226/5226 5227/5227 5218/5218
f 308/308 310/310 322/322
f 553/553 555/555 337/337
f 557/557 555/555 556/556
f 2068/2068 2063/2063 2067/2067
f 556/556 485/485 557/557
f 3931/3931 3922/3922 3932/3932
f 3932/3932 3970/3970 3950/3950
f 3970/3970 3963/3963 3950/3950
f 3963/3963 3949/3949 3950/3950
f 3949/3949 3982/3982 3947/3947
f 3981/3981 3982/3982 3949/3949
f 3963/3963 3981/3981 3949/3949
f 3982/3982 3945/3945 3947/3947
f 3973/3973 3945/3945 3982/3982
f 2339/2339 2340/2340 2338/2338
f 3892/3892 3893/3893 3891/3891
f 1793/1793 1790/1790 1809/1809
f 1809/1809 1790/1790 1812/1812
f 1790/1790 1788/1788 1812/1812
f 604/604 605/605 593/593
f 3592/3592 3594/3594 3593/3593
f 3371/3371 3370/3370 3360/3360
f 584/584 582/582 581/581
f 583/583 580/580 579/579
f 3360/3360 3366/3366 3361/3361
f 2276/2276 2275/2275 2298/2298
f 622/622 612/612 587/587
f 6696/6696 6700/6700 6699/6699
f 622/622 642/642 626/626
f 640/640 626/626 642/642
f 635/635 633/633 640/640
f 635/635 634/634 633/633
f 732/732 683/683 687/687
f 6780/6780 6781/6781 6782/6782
f 1327/1327 1324/1324 1321/1321
f 1297/1297 1298/1298 1299/1299
f 1304/1304 1298/1298 1305/1305
f 1275/1275 1274/1274 1290/1290
f 1978/1978 1968/1968 1956/1956
f 1274/1274 1286/1286 1290/1290
f 1288/1288 1286/1286 1273/1273
f 1288/1288 1273/1273 1276/1276
f 2568/2568 2544/2544 2575/2575
f 3741/3741 3756/3756 3755/3755
f 5904/5904 5905/5905 5906/5906
f 1980/1980 1996/1996 1988/1988
f 1059/1059 1057/1057 1028/1028
f 6403/6403 6500/6500 6421/6421
f 6353/6353 6403/6403 6421/6421
f 6353/6353 6356/6356 6352/6352
f 6357/6357 6352/6352 6356/6356
f 5473/5473 5475/5475 5474/5474
f 5146/5146 5147/5147 5144/5144
f 4178/4178 4194/4194 4149/4149
f 5144/5144 5147/5147 5140/5140
f 915/915 947/947 928/928
f 4091/4091 4090/4090 4085/4085
f 4092/4092 4091/4091 4085/4085
f 5474/5474 5475/5475 5462/5462
f 6319/6319 6315/6315 6320/6320
f 5468/5468 5475/5475 5476/5476
f 5440/5440 5439/5439 5452/5452
f 5729/5729 5730/5730 5727/5727
f 6562/6562 6561/6561 6560/6560
f 6563/6563 6561/6561 6562/6562
f 6514/6514 6509/6509 6513/6513
f 6121/6121 6103/6103 6105/6105
f 6126/6126 6121/6121 6105/6105
f 6128/6128 6127/6127 6129/6129
f 6006/6006 6007/6007 6008/6008
f 3213/3213 3222/3222 3215/3215
f 2881/2881 2932/2932 2931/2931
f 2878/2878 2881/2881 2931/2931
f 3112/3112 3113/3113 3114/3114
f 3124/3124 3121/3121 3127/3127
f 5374/5374 5373/5373 5372/5372
f 4035/4035 4033/4033 4036/4036
f 5290/5290 5317/5317 5245/5245
f 2233/2233 2229/2229 2231/2231
f 5221/5221 5209/5209 5219/5219
f 2254/2254 2246/2246 2255/2255
f 5376/5376 5374/5374 5375/5375
f 2898/2898 2899/2899 2901/2901
f 2904/2904 2898/2898 2905/2905
f 5383/5383 5381/5381 5376/5376
f 5376/5376 5393/5393 5383/5383
f 2085/2085 2087/2087 2088/2088
f 2905/2905 2922/2922 2904/2904
f 5213/5213 5209/5209 5222/5222
f 2084/2084 2087/2087 2085/2085
f 2086/2086 2087/2087 2084/2084
f 5206/5206 5225/5225 5204/5204
f 5203/5203 5206/5206 5204/5204
f 5209/5209 5207/5207 5203/5203
f 5213/5213 5207/5207 5209/5209
f 5210/5210 5207/5207 5213/5213
f 5383/5383 5384/5384 5381/5381
f 2650/2650 2649/2649 2643/2643
f 5203/5203 5207/5207 5206/5206
f 5384/5384 5385/5385 5382/5382
f 5225/5225 5206/5206 5212/5212
f 5207/5207 5208/5208 5206/5206
f 5208/5208 5212/5212 5206/5206
f 5210/5210 5208/5208 5207/5207
f 5386/5386 5387/5387 5385/5385
f 5211/5211 5208/5208 5210/5210
f 5253/5253 5252/5252 5256/5256
f 5210/5210 5214/5214 5211/5211
f 5250/5250 5249/5249 5251/5251
f 5250/5250 5242/5242 5249/5249
f 5217/5217 5224/5224 5218/5218
f 5224/5224 5226/5226 5218/5218
f 5242/5242 5248/5248 5249/5249
f 5248/5248 5242/5242 5233/5233
f 5233/5233 5226/5226 5269/5269
f 5224/5224 5269/5269 5226/5226
f 4935/4935 4934/4934 4924/4924
f 2063/2063 2066/2066 2067/2067
f 450/450 454/454 457/457
f 485/485 457/457 557/557
f 3925/3925 3923/3923 3930/3930
f 3932/3932 3969/3969 3970/3970
f 3933/3933 3970/3970 3969/3969
f 3970/3970 3933/3933 3963/3963
f 7245/7245 7243/7243 7244/7244
f 3963/3963 3933/3933 3938/3938
f 3963/3963 3938/3938 3981/3981
f 3981/3981 3938/3938 3973/3973
f 3973/3973 3982/3982 3981/3981
f 3945/3945 3940/3940 3944/3944
f 3940/3940 3942/3942 3944/3944
f 3893/3893 3890/3890 3891/3891
f 3892/3892 3891/3891 3884/3884
f 3887/3887 3884/3884 3885/3885
f 1791/1791 1786/1786 1790/1790
f 1790/1790 1786/1786 1788/1788
f 596/596 593/593 594/594
f 1812/1812 1788/1788 1655/1655
f 1655/1655 1621/1621 1653/1653
f 581/581 594/594 593/593
f 3361/3361 3366/3366 3381/3381
f 3383/3383 3373/3373 3381/3381
f 2276/2276 2298/2298 2364/2364
f 2275/2275 2299/2299 2298/2298
f 2275/2275 2354/2354 2299/2299
f 612/612 622/622 626/626
f 633/633 634/634 631/631
f 6691/6691 6728/6728 6693/6693
f 660/660 681/681 682/682
f 746/746 683/683 732/732
f 6719/6719 6720/6720 6590/6590
f 6587/6587 6589/6589 6588/6588
f 6593/6593 6605/6605 6689/6689
f 6588/6588 6590/6590 6586/6586
f 6605/6605 6588/6588 6592/6592
f 1330/1330 1349/1349 1346/1346
f 1305/1305 1298/1298 1297/1297
f 1317/1317 1306/1306 1343/1343
f 1275/1275 1290/1290 1295/1295
f 1967/1967 1952/1952 1956/1956
f 1967/1967 1956/1956 1968/1968
f 2578/2578 2580/2580 2575/2575
f 5833/5833 5836/5836 5834/5834
f 5836/5836 5840/5840 5834/5834
f 4005/4005 4018/4018 4016/4016
f 1076/1076 1077/1077 1074/1074
f 1074/1074 1070/1070 1076/1076
f 1284/1284 1287/1287 1293/1293
f 1076/1076 1070/1070 1091/1091
f 1070/1070 1093/1093 1091/1091
f 3740/3740 3743/3743 3742/3742
f 3742/3742 3741/3741 3740/3740
f 1287/1287 1279/1279 1291/1291
f 3756/3756 3741/3741 3742/3742
f 1287/1287 1291/1291 1292/1292
f 1061/1061 1024/1024 1050/1050
f 1061/1061 1060/1060 1024/1024
f 1024/1024 1060/1060 1025/1025
f 1025/1025 1060/1060 1059/1059
f 1025/1025 1059/1059 1028/1028
f 6353/6353 6421/6421 6358/6358
f 6358/6358 6356/6356 6353/6353
f 5167/5167 5146/5146 5155/5155
f 5155/5155 5146/5146 5145/5145
f 6358/6358 6357/6357 6356/6356
f 6408/6408 6357/6357 6358/6358
f 5146/5146 5144/5144 5145/5145
f 4115/4115 4149/4149 4087/4087
f 4178/4178 4149/4149 4115/4115
f 4195/4195 4194/4194 4178/4178
f 915/915 928/928 900/900
f 4092/4092 4085/4085 4088/4088
f 901/901 900/900 894/894
f 5140/5140 5152/5152 5126/5126
f 909/909 901/901 894/894
f 5462/5462 5475/5475 5468/5468
f 1057/1057 1064/1064 1058/1058
f 5727/5727 5728/5728 5729/5729
f 6515/6515 6512/6512 6516/6516
f 4110/4110 4113/4113 4111/4111
f 6551/6551 6552/6552 6550/6550
f 6512/6512 6515/6515 6513/6513
f 5153/5153 5126/5126 5152/5152
f 907/907 908/908 924/924
f 5153/5153 5106/5106 5126/5126
f 6088/6088 6104/6104 6103/6103
f 879/879 924/924 908/908
f 5153/5153 5084/5084 5106/5106
f 5106/5106 5084/5084 5081/5081
f 6103/6103 6104/6104 6105/6105
f 5082/5082 5081/5081 5084/5084
f 5081/5081 5082/5082 5083/5083
f 3216/3216 3215/3215 3217/3217
f 3217/3217 3215/3215 3222/3222
f 2932/2932 2929/2929 2931/2931
f 2932/2932 2937/2937 2929/2929
f 2931/2931 2884/2884 2878/2878
f 3115/3115 3121/3121 3124/3124
f 3115/3115 3124/3124 3120/3120
f 3113/3113 3115/3115 3120/3120
f 4037/4037 4027/4027 4034/4034
f 2878/2878 2884/2884 2883/2883
f 2902/2902 2883/2883 2884/2884
f 3131/3131 3127/3127 3135/3135
f 4034/4034 4027/4027 4028/4028
f 2142/2142 2143/2143 2141/2141
f 5221/5221 5245/5245 5257/5257
f 2142/2142 2141/2141 2127/2127
f 2231/2231 2243/2243 2235/2235
f 5374/5374 5376/5376 5378/5378
f 5257/5257 5222/5222 5221/5221
f 2898/2898 2901/2901 2905/2905
f 2246/2246 2240/2240 2255/2255
f 2237/2237 2240/2240 2246/2246
f 2255/2255 2240/2240 2245/2245
f 2235/2235 2238/2238 2237/2237
f 5209/5209 5221/5221 5222/5222
f 2121/2121 2088/2088 2127/2127
f 5376/5376 5381/5381 5378/5378
f 2086/2086 2118/2118 2087/2087
f 5382/5382 5381/5381 5384/5384
f 5385/5385 5394/5394 5382/5382
f 5210/5210 5213/5213 5223/5223
f 5215/5215 5210/5210 5223/5223
f 5397/5397 5394/5394 5385/5385
f 5216/5216 5217/5217 5214/5214
f 5210/5210 5215/5215 5214/5214
f 5251/5251 5252/5252 5250/5250
f 5218/5218 5214/5214 5217/5217
f 5215/5215 5216/5216 5214/5214
f 5224/5224 5217/5217 5247/5247
f 5247/5247 5217/5217 5216/5216
f 5249/5249 5306/5306 5251/5251
f 5249/5249 5248/5248 5306/5306
f 294/294 330/330 303/303
f 315/315 320/320 337/337
f 320/320 316/316 330/330
f 321/321 315/315 337/337
f 7290/7290 7261/7261 7268/7268
f 451/451 449/449 450/450
f 7261/7261 7243/7243 7263/7263
f 452/452 450/450 457/457
f 558/558 555/555 557/557
f 3932/3932 3922/3922 3918/3918
f 3969/3969 3932/3932 3918/3918
f 3969/3969 3917/3917 3933/3933
f 3916/3916 3933/3933 3917/3917
f 3933/3933 3916/3916 3938/3938
f 2361/2361 2340/2340 2342/2342
f 2340/2340 2361/2361 2351/2351
f 3973/3973 3938/3938 3921/3921
f 3921/3921 3938/3938 3916/3916
f 3945/3945 3941/3941 3940/3940
f 3945/3945 3973/3973 3941/3941
f 3921/3921 3941/3941 3973/3973
f 596/596 599/599 601/601
f 3884/3884 3891/3891 3889/3889
f 3891/3891 3890/3890 3889/3889
f 1620/1620 1621/1621 1616/1616
f 1649/1649 1620/1620 1617/1617
f 1620/1620 1616/1616 1617/1617
f 1789/1789 1649/1649 1617/1617
f 3360/3360 3370/3370 3368/3368
f 580/580 587/587 577/577
f 578/578 587/587 612/612
f 578/578 577/577 587/587
f 626/626 578/578 612/612
f 626/626 640/640 632/632
f 633/633 632/632 640/640
f 1329/1329 1330/1330 1346/1346
f 1956/1956 1966/1966 1978/1978
f 5840/5840 5841/5841 5834/5834
f 1986/1986 1976/1976 1983/1983
f 2575/2575 2581/2581 2568/2568
f 1288/1288 1289/1289 1296/1296
f 5841/5841 5844/5844 5843/5843
f 4006/4006 4004/4004 4005/4005
f 1294/1294 1284/1284 1293/1293
f 1287/1287 1292/1292 1293/1293
f 3725/3725 3721/3721 3737/3737
f 6496/6496 6358/6358 6421/6421
f 6421/6421 6508/6508 6496/6496
f 5155/5155 5145/5145 5156/5156
f 4087/4087 4090/4090 4115/4115
f 4195/4195 4178/4178 4193/4193
f 1057/1057 1058/1058 1046/1046
f 6320/6320 6315/6315 6398/6398
f 4088/4088 4110/4110 4092/4092
f 6395/6395 6320/6320 6398/6398
f 4110/4110 4111/4111 4101/4101
f 6513/6513 6509/6509 6512/6512
f 5094/5094 5126/5126 5106/5106
f 5081/5081 5094/5094 5106/5106
f 855/855 854/854 851/851
f 851/851 852/852 853/853
f 852/852 851/851 854/854
f 6021/6021 6022/6022 6023/6023
f 2927/2927 2928/2928 2929/2929
f 2929/2929 2928/2928 2930/2930
f 2884/2884 2930/2930 2933/2933
f 2931/2931 2929/2929 2930/2930
f 2884/2884 2931/2931 2930/2930
f 4054/4054 4027/4027 4037/4037
f 3131/3131 3130/3130 3127/3127
f 3124/3124 3127/3127 3130/3130
f 4033/4033 4040/4040 4036/4036
f 4044/4044 4040/4040 4045/4045
f 2243/2243 2231/2231 2230/2230
f 2235/2235 2243/2243 2238/2238
f 5374/5374 5378/5378 5379/5379
f 946/946 945/945 943/943
f 2126/2126 2127/2127 2088/2088
f 2126/2126 2137/2137 2127/2127
f 2901/2901 2906/2906 2905/2905
f 2237/2237 2239/2239 2240/2240
f 2237/2237 2238/2238 2239/2239
f 2126/2126 2088/2088 2120/2120
f 2120/2120 2118/2118 2133/2133
f 2925/2925 2905/2905 2906/2906
f 940/940 946/946 943/943
f 2087/2087 2120/2120 2088/2088
f 2118/2118 2120/2120 2087/2087
f 2905/2905 2925/2925 2922/2922
f 5382/5382 5379/5379 5378/5378
f 5378/5378 5381/5381 5382/5382
f 5223/5223 5244/5244 5215/5215
f 5215/5215 5244/5244 5236/5236
f 5215/5215 5236/5236 5216/5216
f 5394/5394 5397/5397 5398/5398
f 5398/5398 5397/5397 5399/5399
f 5236/5236 5288/5288 5216/5216
f 4949/4949 4944/4944 4972/4972
f 4936/4936 4943/4943 4944/4944
f 4934/4934 4906/4906 4924/4924
f 303/303 330/330 316/316
f 320/320 315/315 316/316
f 7261/7261 7263/7263 7268/7268
f 457/457 454/454 456/456
f 457/457 456/456 558/558
f 457/457 558/558 557/557
f 3969/3969 3918/3918 3917/3917
f 2341/2341 2342/2342 2340/2340
f 2341/2341 2340/2340 2339/2339
f 604/604 601/601 616/616
f 3942/3942 3890/3890 3893/3893
f 3879/3879 3884/3884 3889/3889
f 3884/3884 3881/3881 3885/3885
f 3885/3885 3881/3881 3886/3886
f 1656/1656 1786/1786 1765/1765
f 3882/3882 3886/3886 3881/3881
f 1656/1656 1788/1788 1786/1786
f 1788/1788 1656/1656 1655/1655
f 1656/1656 1639/1639 1655/1655
f 1655/1655 1639/1639 1621/1621
f 1621/1621 1639/1639 1622/1622
f 1616/1616 1621/1621 1622/1622
f 1617/1617 1744/1744 1789/1789
f 1789/1789 1744/1744 1773/1773
f 3366/3366 3360/3360 3367/3367
f 2354/2354 2301/2301 2299/2299
f 632/632 631/631 626/626
f 632/632 633/633 631/631
f 682/682 683/683 746/746
f 6606/6606 6690/6690 6728/6728
f 1304/1304 1305/1305 1306/1306
f 1321/1321 1322/1322 1300/1300
f 1956/1956 1952/1952 1951/1951
f 1951/1951 1966/1966 1956/1956
f 2580/2580 2581/2581 2575/2575
f 1068/1068 1077/1077 1075/1075
f 4007/4007 4006/4006 4005/4005
f 1077/1077 1068/1068 1074/1074
f 4005/4005 4016/4016 4007/4007
f 1068/1068 1070/1070 1074/1074
f 1987/1987 1982/1982 1979/1979
f 3743/3743 3744/3744 3742/3742
f 1987/1987 1979/1979 1988/1988
f 3759/3759 3725/3725 3737/3737
f 1047/1047 1024/1024 1026/1026
f 1024/1024 1025/1025 1026/1026
f 1025/1025 1028/1028 1027/1027
f 5827/5827 5828/5828 5829/5829
f 6505/6505 6504/6504 6503/6503
f 6358/6358 6496/6496 6506/6506
f 6508/6508 6442/6442 6496/6496
f 1027/1027 1028/1028 1030/1030
f 5145/5145 5144/5144 5142/5142
f 6316/6316 6408/6408 6314/6314
f 6542/6542 6543/6543 6544/6544
f 1028/1028 1057/1057 1030/1030
f 5144/5144 5140/5140 5142/5142
f 6316/6316 6314/6314 6315/6315
f 1057/1057 1046/1046 1030/1030
f 894/894 900/900 898/898
f 6548/6548 6550/6550 6549/6549
f 1055/1055 1046/1046 1058/1058
f 4101/4101 4092/4092 4110/4110
f 5725/5725 5727/5727 5720/5720
f 6548/6548 6551/6551 6550/6550
f 5728/5728 5727/5727 5725/5725
f 6512/6512 6509/6509 6511/6511
f 6509/6509 6510/6510 6511/6511
f 5094/5094 5081/5081 5086/5086
f 879/879 862/862 861/861
f 861/861 862/862 860/860
f 854/854 855/855 856/856
f 852/852 854/854 873/873
f 872/872 873/873 854/854
f 3113/3113 3120/3120 3117/3117
f 3114/3114 3113/3113 3117/3117
f 2928/2928 2935/2935 2934/2934
f 2934/2934 2930/2930 2928/2928
f 3128/3128 3120/3120 3124/3124
f 3120/3120 3128/3128 3125/3125
f 3128/3128 3124/3124 3130/3130
f 2933/2933 2902/2902 2884/2884
f 4027/4027 4024/4024 4028/4028
f 2939/2939 2902/2902 2933/2933
f 4025/4025 4028/4028 4024/4024
f 3035/3035 3027/3027 3028/3028
f 4028/4028 4025/4025 4031/4031
f 4028/4028 4031/4031 4033/4033
f 5083/5083 5082/5082 5085/5085
f 4033/4033 4031/4031 4039/4039
f 5377/5377 5373/5373 5374/5374
f 4040/4040 4033/4033 4039/4039
f 2137/2137 2126/2126 2144/2144
f 2229/2229 2230/2230 2231/2231
f 944/944 943/943 945/945
f 2137/2137 2138/2138 2127/2127
f 2906/2906 2901/2901 2907/2907
f 5377/5377 5374/5374 5379/5379
f 2139/2139 2126/2126 2120/2120
f 2133/2133 2139/2139 2120/2120
f 5162/5162 5163/5163 5091/5091
f 5163/5163 5099/5099 5091/5091
f 5236/5236 5244/5244 5246/5246
f 5236/5236 5246/5246 5288/5288
f 4949/4949 4936/4936 4944/4944
f 5400/5400 5398/5398 5399/5399
f 4924/4924 4927/4927 4920/4920
f 4934/4934 4936/4936 4906/4906
f 4943/4943 4936/4936 4934/4934
f 3920/3920 3922/3922 3923/3923
f 3919/3919 3918/3918 3920/3920
f 3922/3922 3920/3920 3918/3918
f 3918/3918 3913/3913 3917/3917
f 3913/3913 3910/3910 3917/3917
f 7243/7243 7245/7245 7246/7246
f 3916/3916 3917/3917 3910/3910
f 2363/2363 2361/2361 2343/2343
f 2343/2343 2361/2361 2342/2342
f 2342/2342 2341/2341 2343/2343
f 3912/3912 3916/3916 3910/3910
f 3912/3912 3921/3921 3916/3916
f 3921/3921 3912/3912 3915/3915
f 3941/3941 3921/3921 3915/3915
f 3941/3941 3915/3915 3940/3940
f 3889/3889 3890/3890 3875/3875
f 3875/3875 3879/3879 3889/3889
f 3884/3884 3879/3879 3881/3881
f 3879/3879 3880/3880 3881/3881
f 3881/3881 3880/3880 3882/3882
f 1616/1616 1622/1622 1612/1612
f 1615/1615 1617/1617 1616/1616
f 1617/1617 1615/1615 1744/1744
f 3381/3381 3382/3382 3383/3383
f 6719/6719 6590/6590 6596/6596
f 6606/6606 6689/6689 6690/6690
f 6590/6590 6588/6588 6591/6591
f 1312/1312 1306/1306 1305/1305
f 1953/1953 1948/1948 1952/1952
f 1312/1312 1343/1343 1306/1306
f 1948/1948 1951/1951 1952/1952
f 1951/1951 1947/1947 1957/1957
f 1951/1951 1957/1957 1966/1966
f 1966/1966 1957/1957 1976/1976
f 5915/5915 5918/5918 5916/5916
f 3757/3757 3759/3759 3737/3737
f 1050/1050 1024/1024 1047/1047
f 3721/3721 3738/3738 3737/3737
f 1979/1979 1980/1980 1988/1988
f 6506/6506 6408/6408 6358/6358
f 4090/4090 4109/4109 4115/4115
f 4178/4178 4115/4115 4180/4180
f 4180/4180 4193/4193 4178/4178
f 4087/4087 4085/4085 4090/4090
f 1030/1030 1046/1046 1035/1035
f 928/928 930/930 900/900
f 930/930 913/913 900/900
f 900/900 913/913 898/898
f 5475/5475 5482/5482 5476/5476
f 898/898 896/896 894/894
f 5719/5719 5725/5725 5720/5720
f 4092/4092 4101/4101 4097/4097
f 6425/6425 6423/6423 6426/6426
f 6428/6428 6426/6426 6427/6427
f 856/856 857/857 854/854
f 3117/3117 3120/3120 3125/3125
f 3114/3114 3117/3117 3118/3118
f 3114/3114 3118/3118 3119/3119
f 4027/4027 4054/4054 4026/4026
f 4021/4021 4027/4027 4026/4026
f 2934/2934 2933/2933 2930/2930
f 4021/4021 4024/4024 4027/4027
f 2934/2934 2935/2935 2940/2940
f 2933/2933 2934/2934 2936/2936
f 3027/3027 3026/3026 3025/3025
f 3025/3025 3028/3028 3027/3027
f 3026/3026 3006/3006 3025/3025
f 2936/2936 2938/2938 2933/2933
f 2933/2933 2938/2938 2939/2939
f 3030/3030 3027/3027 3035/3035
f 2945/2945 2938/2938 2941/2941
f 5083/5083 5085/5085 5088/5088
f 2945/2945 2946/2946 2947/2947
f 2956/2956 2955/2955 2957/2957
f 937/937 944/944 960/960
f 944/944 937/937 943/943
f 2953/2953 2956/2956 2958/2958
f 2949/2949 2953/2953 2906/2906
f 2907/2907 2949/2949 2906/2906
f 2241/2241 2238/2238 2244/2244
f 2244/2244 2238/2238 2243/2243
f 940/940 943/943 937/937
f 2266/2266 2255/2255 2263/2263
f 2255/2255 2245/2245 2263/2263
f 2238/2238 2241/2241 2239/2239
f 2239/2239 2245/2245 2240/2240
f 5091/5091 5085/5085 5162/5162
f 946/946 940/940 948/948
f 948/948 940/940 949/949
f 948/948 949/949 951/951
f 5223/5223 5259/5259 5244/5244
f 5246/5246 5244/5244 5258/5258
f 4953/4953 4954/4954 4936/4936
f 5400/5400 5404/5404 5398/5398
f 308/308 309/309 310/310
f 315/315 313/313 316/316
f 561/561 321/321 337/337
f 2063/2063 2065/2065 2066/2066
f 7263/7263 7265/7265 7268/7268
f 3924/3924 3923/3923 3925/3925
f 3923/3923 3924/3924 3920/3920
f 3914/3914 3913/3913 3918/3918
f 3911/3911 3913/3913 3914/3914
f 3910/3910 3909/3909 3912/3912
f 3912/3912 3909/3909 3915/3915
f 616/616 601/601 617/617
f 3915/3915 3866/3866 3940/3940
f 3866/3866 3875/3875 3942/3942
f 3942/3942 3875/3875 3890/3890
f 3876/3876 3879/3879 3875/3875
f 599/599 596/596 595/595
f 594/594 595/595 596/596
f 3878/3878 3880/3880 3879/3879
f 1765/1765 1659/1659 1639/1639
f 1765/1765 1639/1639 1656/1656
f 1622/1622 1639/1639 1659/1659
f 1615/1615 1612/1612 1607/1607
f 3368/3368 3367/3367 3360/3360
f 2299/2299 2300/2300 2298/2298
f 2299/2299 2301/2301 2300/2300
f 577/577 578/578 576/576
f 659/659 654/654 660/660
f 6728/6728 6611/6611 6606/6606
f 1328/1328 1330/1330 1324/1324
f 1321/1321 1324/1324 1323/1323
f 1321/1321 1323/1323 1322/1322
f 1300/1300 1322/1322 1336/1336
f 1297/1297 1319/1319 1305/1305
f 1305/1305 1320/1320 1312/1312
f 1319/1319 1320/1320 1305/1305
f 1297/1297 1300/1300 1319/1319
f 1300/1300 1336/1336 1319/1319
f 1951/1951 1948/1948 1947/1947
f 5841/5841 5842/5842 5834/5834
f 5841/5841 5843/5843 5842/5842
f 4007/4007 4016/4016 4015/4015
f 4016/4016 4020/4020 4015/4015
f 1093/1093 1070/1070 1069/1069
f 5915/5915 5916/5916 5917/5917
f 1982/1982 1960/1960 1979/1979
f 6408/6408 6506/6506 6487/6487
f 5145/5145 5142/5142 5156/5156
f 4116/4116 4180/4180 4115/4115
f 4109/4109 4090/4090 4091/4091
f 4183/4183 4180/4180 4116/4116
f 5993/5993 5994/5994 5995/5995
f 913/913 899/899 898/898
f 899/899 896/896 898/898
f 6246/6246 6398/6398 6315/6315
f 6398/6398 6246/6246 6429/6429
f 1055/1055 1035/1035 1046/1046
f 6547/6547 6548/6548 6549/6549
f 1055/1055 1054/1054 1035/1035
f 5482/5482 5483/5483 5476/5476
f 6425/6425 6424/6424 6423/6423
f 6427/6427 6426/6426 6422/6422
f 4100/4100 4097/4097 4101/4101
f 5086/5086 5083/5083 5087/5087
f 3117/3117 3125/3125 3122/3122
f 854/854 858/858 872/872
f 3132/3132 3125/3125 3128/3128
f 3018/3018 3006/3006 3007/3007
f 4021/4021 4023/4023 4024/4024
f 2940/2940 2935/2935 2942/2942
f 2940/2940 2936/2936 2934/2934
f 2943/2943 2940/2940 2942/2942
f 2936/2936 2940/2940 2941/2941
f 3025/3025 3006/3006 3018/3018
f 4024/4024 4023/4023 4025/4025
f 4023/4023 4029/4029 4025/4025
f 2940/2940 2943/2943 2944/2944
f 2941/2941 2940/2940 2944/2944
f 2936/2936 2941/2941 2938/2938
f 3029/3029 3026/3026 3027/3027
f 4029/4029 4030/4030 4025/4025
f 4025/4025 4030/4030 4031/4031
f 4031/4031 4030/4030 4032/4032
f 2950/2950 2944/2944 2943/2943
f 3030/3030 3031/3031 3029/3029
f 3030/3030 3029/3029 3027/3027
f 2944/2944 2950/2950 2951/2951
f 2941/2941 2944/2944 2951/2951
f 2945/2945 2941/2941 2946/2946
f 3032/3032 3029/3029 3031/3031
f 2952/2952 2950/2950 2954/2954
f 2951/2951 2950/2950 2952/2952
f 2941/2941 2951/2951 2946/2946
f 3031/3031 3033/3033 3032/3032
f 4039/4039 4031/4031 4032/4032
f 2946/2946 2951/2951 2952/2952
f 4042/4042 4041/4041 4039/4039
f 937/937 938/938 878/878
f 878/878 938/938 941/941
f 2946/2946 2952/2952 2948/2948
f 2946/2946 2948/2948 2947/2947
f 3032/3032 3033/3033 3034/3034
f 4039/4039 4041/4041 4040/4040
f 878/878 936/936 937/937
f 2955/2955 2948/2948 2952/2952
f 4040/4040 4041/4041 4043/4043
f 2955/2955 2956/2956 2948/2948
f 2947/2947 2948/2948 2949/2949
f 2947/2947 2949/2949 2907/2907
f 3033/3033 3039/3039 3034/3034
f 2249/2249 2232/2232 2252/2252
f 2252/2252 2232/2232 2229/2229
f 2956/2956 2953/2953 2948/2948
f 2949/2949 2948/2948 2953/2953
f 3039/3039 3040/3040 3034/3034
f 2229/2229 2232/2232 2230/2230
f 936/936 939/939 937/937
f 937/937 939/939 940/940
f 2263/2263 2245/2245 2262/2262
f 2245/2245 2242/2242 2262/2262
f 2239/2239 2242/2242 2245/2245
f 939/939 950/950 940/940
f 1386/1386 1385/1385 1382/1382
f 1385/1385 1384/1384 1382/1382
f 940/940 950/950 949/949
f 952/952 951/951 949/949
f 5259/5259 5258/5258 5244/5244
f 5398/5398 5401/5401 5394/5394
f 5398/5398 5404/5404 5401/5401
f 308/308 307/307 305/305
f 315/315 314/314 313/313
f 558/558 456/456 555/555
f 7243/7243 7264/7264 7263/7263
f 3924/3924 3925/3925 3926/3926
f 3918/3918 3919/3919 3914/3914
f 3913/3913 3911/3911 3910/3910
f 3909/3909 3910/3910 3911/3911
f 3859/3859 3866/3866 3915/3915
f 3940/3940 3866/3866 3942/3942
f 3880/3880 3883/3883 3882/3882
f 1765/1765 1764/1764 1659/1659
f 1659/1659 1764/1764 1658/1658
f 1622/1622 1659/1659 1658/1658
f 1622/1622 1658/1658 1612/1612
f 1616/1616 1612/1612 1615/1615
f 1641/1641 1744/1744 1615/1615
f 1744/1744 1641/1641 1773/1773
f 581/581 582/582 579/579
f 2298/2298 2300/2300 2364/2364
f 6704/6704 6709/6709 6708/6708
f 3380/3380 3382/3382 3381/3381
f 6708/6708 6705/6705 6704/6704
f 654/654 659/659 653/653
f 6691/6691 6611/6611 6728/6728
f 682/682 746/746 731/731
f 746/746 756/756 731/731
f 6590/6590 6591/6591 6596/6596
f 6593/6593 6689/6689 6606/6606
f 6591/6591 6588/6588 6593/6593
f 1322/1322 1323/1323 1332/1332
f 1336/1336 1322/1322 1332/1332
f 1329/1329 1346/1346 1347/1347
f 1945/1945 1946/1946 1949/1949
f 1948/1948 1949/1949 1946/1946
f 1948/1948 1946/1946 1947/1947
f 5832/5832 5833/5833 5834/5834
f 1947/1947 1950/1950 1957/1957
f 1957/1957 1950/1950 1976/1976
f 1976/1976 1977/1977 1983/1983
f 1976/1976 1950/1950 1977/1977
f 1078/1078 1072/1072 1075/1075
f 1068/1068 1075/1075 1072/1072
f 5843/5843 5845/5845 5842/5842
f 1072/1072 1071/1071 1068/1068
f 4007/4007 4008/4008 4006/4006
f 4009/4009 4006/4006 4008/4008
f 4007/4007 4015/4015 4008/4008
f 1069/1069 1068/1068 1071/1071
f 1068/1068 1069/1069 1070/1070
f 3754/3754 3753/3753 3743/3743
f 3737/3737 3746/3746 3757/3757
f 3737/3737 3738/3738 3746/3746
f 3746/3746 3738/3738 3747/3747
f 1026/1026 1043/1043 1047/1047
f 1959/1959 1979/1979 1960/1960
f 1027/1027 1030/1030 1031/1031
f 6442/6442 6440/6440 6496/6496
f 6440/6440 6506/6506 6496/6496
f 6314/6314 6408/6408 6487/6487
f 5142/5142 5140/5140 5141/5141
f 4109/4109 4116/4116 4115/4115
f 6504/6504 6498/6498 6503/6503
f 913/913 963/963 935/935
f 6497/6497 6503/6503 6498/6498
f 5724/5724 5723/5723 5718/5718
f 5720/5720 5718/5718 5719/5719
f 6498/6498 6492/6492 6497/6497
f 6497/6497 6492/6492 6424/6424
f 6426/6426 6423/6423 6422/6422
f 5094/5094 5112/5112 5126/5126
f 855/855 861/861 860/860
f 855/855 860/860 856/856
f 854/854 857/857 858/858
f 857/857 859/859 858/858
f 3118/3118 3117/3117 3122/3122
f 3132/3132 3133/3133 3125/3125
f 4026/4026 4022/4022 4021/4021
f 4021/4021 4022/4022 4023/4023
f 858/858 859/859 874/874
f 3006/3006 3004/3004 3007/3007
f 3003/3003 3004/3004 3006/3006
f 3029/3029 3036/3036 3026/3026
f 3006/3006 3026/3026 3038/3038
f 3038/3038 3026/3026 3036/3036
f 3003/3003 3006/3006 3038/3038
f 3002/3002 3004/3004 3003/3003
f 859/859 875/875 874/874
f 3003/3003 3038/3038 3001/3001
f 3001/3001 3002/3002 3003/3003
f 874/874 875/875 876/876
f 3037/3037 3036/3036 3029/3029
f 3041/3041 3038/3038 3036/3036
f 3043/3043 3041/3041 3036/3036
f 5633/5633 5631/5631 5630/5630
f 3001/3001 3038/3038 3041/3041
f 876/876 875/875 878/878
f 3005/3005 3002/3002 3001/3001
f 4039/4039 4032/4032 4042/4042
f 3042/3042 3041/3041 3043/3043
f 3041/3041 3042/3042 3001/3001
f 3005/3005 3001/3001 3042/3042
f 5631/5631 5634/5634 5632/5632
f 5630/5630 5631/5631 5632/5632
f 936/936 878/878 875/875
f 5634/5634 5636/5636 5635/5635
f 5634/5634 5635/5635 5632/5632
f 2243/2243 2261/2261 2244/2244
f 2261/2261 2251/2251 2244/2244
f 2263/2263 2262/2262 2264/2264
f 2244/2244 2251/2251 2241/2241
f 5088/5088 5085/5085 5091/5091
f 1359/1359 1358/1358 1357/1357
f 1392/1392 1360/1360 1359/1359
f 1360/1360 1392/1392 1369/1369
f 2239/2239 2241/2241 2242/2242
f 1360/1360 1358/1358 1359/1359
f 1367/1367 1358/1358 1360/1360
f 1369/1369 1367/1367 1360/1360
f 1358/1358 1377/1377 1373/1373
f 1377/1377 1378/1378 1373/1373
f 1367/1367 1377/1377 1358/1358
f 1367/1367 1386/1386 1377/1377
f 1393/1393 1386/1386 1367/1367
f 1377/1377 1379/1379 1378/1378
f 1386/1386 1379/1379 1377/1377
f 1382/1382 1379/1379 1386/1386
f 1385/1385 1393/1393 1390/1390
f 1385/1385 1386/1386 1393/1393
f 1384/1384 1385/1385 1390/1390
f 1384/1384 1390/1390 1387/1387
f 1379/1379 1380/1380 1378/1378
f 1379/1379 1381/1381 1380/1380
f 1382/1382 1381/1381 1379/1379
f 1384/1384 1383/1383 1382/1382
f 1387/1387 1383/1383 1384/1384
f 1380/1380 1381/1381 1388/1388
f 1383/1383 1381/1381 1382/1382
f 5263/5263 5262/5262 5261/5261
f 5266/5266 5263/5263 5261/5261
f 5267/5267 5263/5263 5266/5266
f 5261/5261 5260/5260 5259/5259
f 5260/5260 5261/5261 5262/5262
f 5259/5259 5260/5260 5258/5258
f 6846/6846 6821/6821 6848/6848
f 4949/4949 4953/4953 4936/4936
f 4919/4919 4917/4917 4970/4970
f 4922/4922 4920/4920 4919/4919
f 4924/4924 4906/4906 4927/4927
f 301/301 302/302 305/305
f 294/294 303/303 279/279
f 316/316 279/279 303/303
f 321/321 314/314 315/315
f 443/443 441/441 435/435
f 456/456 560/560 555/555
f 454/454 450/450 437/437
f 450/450 449/449 437/437
f 3925/3925 3967/3967 3926/3926
f 3924/3924 3927/3927 3920/3920
f 3920/3920 3927/3927 3919/3919
f 3911/3911 3914/3914 3868/3868
f 7248/7248 7247/7247 7246/7246
f 7246/7246 7247/7247 7243/7243
f 3867/3867 3909/3909 3911/3911
f 2348/2348 2363/2363 2343/2343
f 3911/3911 3868/3868 3867/3867
f 2344/2344 2343/2343 2341/2341
f 617/617 601/601 618/618
f 3909/3909 3867/3867 3915/3915
f 3866/3866 3874/3874 3875/3875
f 3875/3875 3874/3874 3876/3876
f 3876/3876 3877/3877 3878/3878
f 3879/3879 3876/3876 3878/3878
f 3878/3878 3901/3901 3880/3880
f 3880/3880 3901/3901 3883/3883
f 1814/1814 1658/1658 1818/1818
f 1658/1658 1819/1819 1818/1818
f 3368/3368 3369/3369 3367/3367
f 2302/2302 2300/2300 2301/2301
f 2358/2358 2302/2302 2301/2301
f 1324/1324 1325/1325 1323/1323
f 1329/1329 1347/1347 1331/1331
f 1329/1329 1331/1331 1324/1324
f 1336/1336 1332/1332 1341/1341
f 5837/5837 5835/5835 5832/5832
f 1961/1961 1955/1955 1945/1945
f 1949/1949 1961/1961 1945/1945
f 5835/5835 5833/5833 5832/5832
f 1947/1947 1946/1946 1943/1943
f 1950/1950 1947/1947 1943/1943
f 1078/1078 1085/1085 1073/1073
f 1085/1085 1078/1078 1086/1086
f 1073/1073 1072/1072 1078/1078
f 5839/5839 5834/5834 5842/5842
f 5839/5839 5842/5842 5846/5846
f 1071/1071 1072/1072 1073/1073
f 4019/4019 4009/4009 4017/4017
f 1890/1890 1892/1892 1885/1885
f 1891/1891 1885/1885 1892/1892
f 1886/1886 1885/1885 1891/1891
f 1891/1891 1889/1889 1886/1886
f 1025/1025 1027/1027 1026/1026
f 1980/1980 1959/1959 1924/1924
f 5156/5156 5142/5142 5143/5143
f 6441/6441 6436/6436 6440/6440
f 6441/6441 6440/6440 6442/6442
f 1031/1031 1030/1030 1032/1032
f 1030/1030 1035/1035 1032/1032
f 4116/4116 4109/4109 4091/4091
f 6315/6315 6314/6314 6246/6246
f 913/913 935/935 899/899
f 1032/1032 1035/1035 1036/1036
f 6246/6246 6241/6241 6405/6405
f 1054/1054 1052/1052 1035/1035
f 5723/5723 5721/5721 5718/5718
f 894/894 907/907 909/909
f 5126/5126 5112/5112 5117/5117
f 877/877 856/856 860/860
f 1370/1370 1391/1391 1365/1365
f 1391/1391 1389/1389 1365/1365
f 1376/1376 1370/1370 1366/1366
f 1365/1365 1366/1366 1370/1370
f 1376/1376 1366/1366 1368/1368
f 1365/1365 1364/1364 1366/1366
f 1389/1389 1371/1371 1365/1365
f 842/842 833/833 830/830
f 1368/1368 1361/1361 1374/1374
f 1366/1366 1364/1364 1368/1368
f 1364/1364 1361/1361 1368/1368
f 1365/1365 1362/1362 1364/1364
f 1371/1371 1362/1362 1365/1365
f 3125/3125 3133/3133 3122/3122
f 1364/1364 1362/1362 1361/1361
f 1371/1371 1363/1363 1362/1362
f 840/840 842/842 830/830
f 4442/4442 4444/4444 4445/4445
f 1361/1361 1372/1372 1374/1374
f 4443/4443 4444/4444 4442/4442
f 1362/1362 1363/1363 1356/1356
f 840/840 830/830 835/835
f 840/840 835/835 841/841
f 1361/1361 1355/1355 1372/1372
f 1356/1356 1355/1355 1361/1361
f 1362/1362 1356/1356 1361/1361
f 3002/3002 3005/3005 3008/3008
f 849/849 850/850 835/835
f 3008/3008 3005/3005 3009/3009
f 849/849 835/835 836/836
f 3005/3005 3042/3042 3044/3044
f 1372/1372 1355/1355 1375/1375
f 1355/1355 1356/1356 1357/1357
f 3005/3005 3017/3017 3009/3009
f 2230/2230 2247/2247 2243/2243
f 1355/1355 1358/1358 1373/1373
f 1375/1375 1355/1355 1373/1373
f 1357/1357 1358/1358 1355/1355
f 2261/2261 2267/2267 2251/2251
f 838/838 837/837 827/827
f 2241/2241 2250/2250 2242/2242
f 2251/2251 2250/2250 2241/2241
f 838/838 827/827 839/839
f 827/827 824/824 839/839
f 815/815 839/839 824/824
f 815/815 814/814 816/816
f 816/816 814/814 813/813
f 816/816 813/813 817/817
f 6795/6795 6791/6791 6818/6818
f 5260/5260 5262/5262 5268/5268
f 6791/6791 6790/6790 6835/6835
f 6835/6835 6790/6790 6793/6793
f 5104/5104 5099/5099 5109/5109
f 5109/5109 5158/5158 5104/5104
f 4917/4917 4919/4919 4918/4918
f 4922/4922 4924/4924 4920/4920
f 4936/4936 4898/4898 4906/4906
f 301/301 298/298 302/302
f 308/308 305/305 309/309
f 294/294 279/279 293/293
f 301/301 294/294 298/298
f 313/313 279/279 316/316
f 345/345 310/310 328/328
f 321/321 260/260 314/314
f 260/260 321/321 561/561
f 2070/2070 2062/2062 2063/2063
f 2063/2063 2064/2064 2065/2065
f 7264/7264 7265/7265 7263/7263
f 443/443 437/437 449/449
f 3965/3965 3926/3926 3967/3967
f 456/456 455/455 560/560
f 454/454 455/455 456/456
f 454/454 437/437 455/455
f 3926/3926 3928/3928 3924/3924
f 3924/3924 3928/3928 3927/3927
f 3914/3914 3919/3919 3935/3935
f 3914/3914 3935/3935 3868/3868
f 3876/3876 3874/3874 3877/3877
f 594/594 581/581 571/571
f 3877/3877 3908/3908 3878/3878
f 595/595 594/594 571/571
f 5946/5946 5949/5949 5948/5948
f 5852/5852 5868/5868 5873/5873
f 5873/5873 5868/5868 5874/5874
f 5974/5974 5975/5975 5976/5976
f 5852/5852 5853/5853 5868/5868
f 1814/1814 1754/1754 1658/1658
f 1612/1612 1658/1658 1754/1754
f 3369/3369 3374/3374 3367/3367
f 580/580 577/577 575/575
f 2303/2303 2300/2300 2302/2302
f 2358/2358 2304/2304 2302/2302
f 578/578 626/626 576/576
f 653/653 634/634 654/654
f 6692/6692 6696/6696 6697/6697
f 6691/6691 6640/6640 6607/6607
f 1324/1324 1331/1331 1326/1326
f 1324/1324 1326/1326 1325/1325
f 1323/1323 1325/1325 1333/1333
f 1332/1332 1323/1323 1333/1333
f 1331/1331 1347/1347 1348/1348
f 1332/1332 1333/1333 1341/1341
f 1995/1995 1993/1993 1941/1941
f 1943/1943 1938/1938 1939/1939
f 1938/1938 1945/1945 1955/1955
f 1945/1945 1938/1938 1943/1943
f 1946/1946 1945/1945 1943/1943
f 5832/5832 5834/5834 5838/5838
f 5834/5834 5839/5839 5838/5838
f 1950/1950 1943/1943 1954/1954
f 1972/1972 1950/1950 1954/1954
f 1886/1886 1889/1889 1888/1888
f 3746/3746 3747/3747 3752/3752
f 6440/6440 6436/6436 6439/6439
f 6440/6440 6439/6439 6506/6506
f 6487/6487 6506/6506 6439/6439
f 5142/5142 5141/5141 5143/5143
f 5143/5143 5141/5141 5125/5125
f 5141/5141 5140/5140 5125/5125
f 5125/5125 5140/5140 5126/5126
f 4093/4093 4091/4091 4092/4092
f 4116/4116 4091/4091 4093/4093
f 4182/4182 4116/4116 4160/4160
f 916/916 935/935 953/953
f 916/916 899/899 935/935
f 1981/1981 1991/1991 1994/1994
f 1032/1032 1036/1036 1033/1033
f 1035/1035 1052/1052 1036/1036
f 6498/6498 6173/6173 6492/6492
f 6429/6429 6246/6246 6405/6405
f 5717/5717 5719/5719 5718/5718
f 6492/6492 6166/6166 6424/6424
f 6423/6423 6424/6424 6166/6166
f 6423/6423 6166/6166 6422/6422
f 5112/5112 5094/5094 5110/5110
f 5094/5094 5086/5086 5110/5110
f 862/862 863/863 860/860
f 863/863 877/877 860/860
f 2025/2025 2010/2010 2014/2014
f 2009/2009 2014/2014 2010/2010
f 3118/3118 3122/3122 3123/3123
f 3123/3123 3119/3119 3118/3118
f 3119/3119 3123/3123 3137/3137
f 4436/4436 4429/4429 4446/4446
f 3012/3012 3007/3007 3011/3011
f 3007/3007 3004/3004 3011/3011
f 4428/4428 4445/4445 4446/4446
f 4445/4445 4428/4428 4442/4442
f 830/830 831/831 835/835
f 3004/3004 3002/3002 3015/3015
f 4442/4442 4423/4423 4443/4443
f 3015/3015 3002/3002 3008/3008
f 4443/4443 4423/4423 4447/4447
f 4447/4447 4423/4423 4417/4417
f 4447/4447 4417/4417 4448/4448
f 4417/4417 4419/4419 4448/4448
f 836/836 835/835 831/831
f 3045/3045 3005/3005 3044/3044
f 2267/2267 2261/2261 2268/2268
f 4448/4448 4419/4419 4449/4449
f 3046/3046 3045/3045 3044/3044
f 2243/2243 2247/2247 2269/2269
f 2230/2230 2232/2232 2247/2247
f 2267/2267 2265/2265 2251/2251
f 2265/2265 2250/2250 2251/2251
f 5088/5088 5091/5091 5098/5098
f 5091/5091 5099/5099 5098/5098
f 6853/6853 6854/6854 6855/6855
f 6793/6793 6788/6788 6838/6838
f 6793/6793 6786/6786 6788/6788
f 6790/6790 6786/6786 6793/6793
f 6790/6790 6789/6789 6786/6786
f 6790/6790 6791/6791 6789/6789
f 6856/6856 6853/6853 6855/6855
f 6846/6846 6847/6847 6845/6845
f 6845/6845 6821/6821 6846/6846
f 4920/4920 4918/4918 4919/4919
f 4920/4920 4928/4928 4918/4918
f 4927/4927 4928/4928 4920/4920
f 4902/4902 4948/4948 4927/4927
f 4927/4927 4906/4906 4902/4902
f 4902/4902 4906/4906 4897/4897
f 4897/4897 4906/4906 4898/4898
f 4903/4903 4904/4904 4902/4902
f 4901/4901 4903/4903 4902/4902
f 4897/4897 4901/4901 4902/4902
f 4899/4899 4901/4901 4897/4897
f 357/357 302/302 356/356
f 305/305 302/302 357/357
f 341/341 305/305 357/357
f 341/341 331/331 305/305
f 305/305 331/331 309/309
f 310/310 309/309 311/311
f 265/265 314/314 260/260
f 266/266 313/313 265/265
f 265/265 313/313 314/314
f 2062/2062 2061/2061 2063/2063
f 555/555 350/350 561/561
f 2061/2061 2064/2064 2063/2063
f 7269/7269 7265/7265 7264/7264
f 3965/3965 3934/3934 3926/3926
f 3926/3926 3934/3934 3928/3928
f 3928/3928 3936/3936 3927/3927
f 3927/3927 3935/3935 3919/3919
f 3936/3936 3935/3935 3927/3927
f 7247/7247 7248/7248 7259/7259
f 2348/2348 2343/2343 2345/2345
f 2345/2345 2343/2343 2344/2344
f 602/602 619/619 618/618
f 601/601 602/602 618/618
f 3915/3915 3867/3867 3859/3859
f 3866/3866 3873/3873 3874/3874
f 3873/3873 3888/3888 3874/3874
f 5942/5942 5943/5943 5944/5944
f 3874/3874 3888/3888 3877/3877
f 5944/5944 5946/5946 5947/5947
f 5946/5946 5948/5948 5947/5947
f 5943/5943 5945/5945 5944/5944
f 5945/5945 5946/5946 5944/5944
f 5852/5852 5871/5871 5869/5869
f 5852/5852 5869/5869 5847/5847
f 5849/5849 5852/5852 5847/5847
f 5852/5852 5849/5849 5853/5853
f 3366/3366 3380/3380 3381/3381
f 6709/6709 6711/6711 6708/6708
f 2300/2300 2303/2303 2335/2335
f 6640/6640 6692/6692 6697/6697
f 6692/6692 6640/6640 6691/6691
f 6607/6607 6611/6611 6691/6691
f 1975/1975 1941/1941 1935/1935
f 1935/1935 1937/1937 1975/1975
f 1944/1944 1938/1938 1955/1955
f 1941/1941 1993/1993 1934/1934
f 1934/1934 1935/1935 1941/1941
f 1993/1993 1940/1940 1934/1934
f 1936/1936 1940/1940 1992/1992
f 1943/1943 1939/1939 1954/1954
f 1972/1972 1954/1954 1964/1964
f 1954/1954 1939/1939 1964/1964
f 1990/1990 1936/1936 1992/1992
f 1965/1965 1972/1972 1964/1964
f 1990/1990 1929/1929 1936/1936
f 4011/4011 4017/4017 4009/4009
f 1958/1958 1969/1969 1965/1965
f 4009/4009 4008/4008 4010/4010
f 4011/4011 4009/4009 4010/4010
f 1890/1890 1885/1885 1884/1884
f 1969/1969 1963/1963 1973/1973
f 1884/1884 1885/1885 1882/1882
f 1885/1885 1886/1886 1882/1882
f 1886/1886 1881/1881 1882/1882
f 3743/3743 3745/3745 3744/3744
f 3744/3744 3745/3745 3748/3748
f 1026/1026 1029/1029 1043/1043
f 1980/1980 1979/1979 1959/1959
f 1027/1027 1029/1029 1026/1026
f 1980/1980 1924/1924 1981/1981
f 5143/5143 5125/5125 5151/5151
f 6246/6246 6314/6314 6243/6243
f 4160/4160 4116/4116 4093/4093
f 4116/4116 4182/4182 4183/4183
f 1032/1032 1033/1033 1031/1031
f 899/899 916/916 896/896
f 896/896 916/916 897/897
f 6173/6173 6164/6164 6492/6492
f 6164/6164 6166/6166 6492/6492
f 5117/5117 5112/5112 5111/5111
f 907/907 892/892 908/908
f 5112/5112 5110/5110 5111/5111
f 5086/5086 5081/5081 5083/5083
f 4436/4436 4441/4441 4431/4431
f 4431/4431 4429/4429 4436/4436
f 3012/3012 3011/3011 3013/3013
f 4446/4446 4429/4429 4428/4428
f 3014/3014 3013/3013 3011/3011
f 3004/3004 3014/3014 3011/3011
f 4442/4442 4428/4428 4426/4426
f 3015/3015 3014/3014 3004/3004
f 4423/4423 4442/4442 4426/4426
f 3008/3008 3009/3009 3010/3010
f 2270/2270 2271/2271 2269/2269
f 4421/4421 4449/4449 4419/4419
f 828/828 836/836 831/831
f 2232/2232 2248/2248 2247/2247
f 2248/2248 2232/2232 2249/2249
f 837/837 836/836 828/828
f 3046/3046 3044/3044 3047/3047
f 837/837 828/828 827/827
f 6786/6786 6787/6787 6788/6788
f 4927/4927 4948/4948 4928/4928
f 4898/4898 4900/4900 4899/4899
f 4897/4897 4898/4898 4899/4899
f 302/302 298/298 317/317
f 298/298 296/296 317/317
f 356/356 302/302 317/317
f 442/442 441/441 443/443
f 437/437 435/435 436/436
f 455/455 437/437 560/560
f 437/437 436/436 560/560
f 3934/3934 3936/3936 3928/3928
f 7243/7243 7247/7247 7259/7259
f 601/601 599/599 602/602
f 604/604 596/596 601/601
f 3873/3873 3866/3866 3860/3860
f 5950/5950 5942/5942 5952/5952
f 595/595 598/598 599/599
f 5950/5950 5943/5943 5942/5942
f 5951/5951 5943/5943 5950/5950
f 5870/5870 5869/5869 5872/5872
f 5869/5869 5870/5870 5851/5851
f 5847/5847 5869/5869 5851/5851
f 1754/1754 1755/1755 1612/1612
f 1755/1755 1756/1756 1612/1612
f 573/573 581/581 566/566
f 1597/1597 1641/1641 1615/1615
f 3368/3368 3372/3372 3369/3369
f 579/579 580/580 575/575
f 577/577 576/576 575/575
f 626/626 631/631 630/630
f 6597/6597 6594/6594 6593/6593
f 1935/1935 1932/1932 1937/1937
f 1932/1932 1942/1942 1937/1937
f 1932/1932 1938/1938 1944/1944
f 1942/1942 1932/1932 1944/1944
f 1933/1933 1934/1934 1940/1940
f 1933/1933 1940/1940 1936/1936
f 1931/1931 1932/1932 1933/1933
f 1936/1936 1929/1929 1933/1933
f 1933/1933 1929/1929 1931/1931
f 1964/1964 1939/1939 1916/1916
f 1939/1939 1930/1930 1927/1927
f 1964/1964 1922/1922 1965/1965
f 1928/1928 1929/1929 1919/1919
f 1919/1919 1929/1929 1990/1990
f 4011/4011 4013/4013 4017/4017
f 1922/1922 1958/1958 1965/1965
f 1958/1958 1963/1963 1969/1969
f 1882/1882 1880/1880 1884/1884
f 3743/3743 3753/3753 3745/3745
f 1888/1888 1881/1881 1886/1886
f 1067/1067 1043/1043 1042/1042
f 1888/1888 1887/1887 1881/1881
f 1029/1029 1042/1042 1043/1043
f 6433/6433 6439/6439 6436/6436
f 1985/1985 1991/1991 1981/1981
f 916/916 953/953 897/897
f 1033/1033 1036/1036 1037/1037
f 1036/1036 1051/1051 1037/1037
f 1052/1052 1051/1051 1036/1036
f 4092/4092 4097/4097 4096/4096
f 894/894 896/896 895/895
f 6422/6422 6166/6166 6162/6162
f 4097/4097 4100/4100 4099/4099
f 894/894 892/892 907/907
f 908/908 892/892 879/879
f 879/879 892/892 862/862
f 862/862 865/865 864/864
f 2022/2022 2009/2009 2016/2016
f 3024/3024 3012/3012 3022/3022
f 4440/4440 4431/4431 4441/4441
f 4432/4432 4431/4431 4440/4440
f 4431/4431 4432/4432 4430/4430
f 4431/4431 4430/4430 4429/4429
f 3022/3022 3012/3012 3013/3013
f 4437/4437 4430/4430 4432/4432
f 4430/4430 4427/4427 4429/4429
f 4428/4428 4429/4429 4427/4427
f 4428/4428 4427/4427 4426/4426
f 4426/4426 4427/4427 4425/4425
f 4422/4422 4426/4426 4425/4425
f 4426/4426 4422/4422 4423/4423
f 4422/4422 4424/4424 4420/4420
f 4422/4422 4420/4420 4417/4417
f 4422/4422 4417/4417 4423/4423
f 5083/5083 5088/5088 5087/5087
f 3008/3008 3016/3016 3015/3015
f 3010/3010 3016/3016 3008/3008
f 2269/2269 2247/2247 2270/2270
f 4421/4421 4419/4419 4418/4418
f 831/831 829/829 828/828
f 828/828 826/826 827/827
f 827/827 826/826 824/824
f 826/826 825/825 824/824
f 6791/6791 6792/6792 6789/6789
f 6838/6838 6844/6844 6845/6845
f 6845/6845 6844/6844 6821/6821
f 3712/3712 3718/3718 3714/3714
f 5099/5099 5104/5104 5100/5100
f 4948/4948 4961/4961 4928/4928
f 4928/4928 4961/4961 4918/4918
f 4941/4941 4898/4898 4936/4936
f 4903/4903 4905/4905 4904/4904
f 4904/4904 4905/4905 4907/4907
f 4725/4725 4726/4726 4721/4721
f 298/298 294/294 296/296
f 266/266 279/279 313/313
f 259/259 260/260 561/561
f 442/442 438/438 441/441
f 3935/3935 3952/3952 3869/3869
f 3869/3869 3868/3868 3935/3935
f 2849/2849 2848/2848 2847/2847
f 5870/5870 5867/5867 5851/5851
f 2849/2849 2847/2847 2854/2854
f 5867/5867 5850/5850 5851/5851
f 598/598 595/595 597/597
f 5847/5847 5851/5851 5850/5850
f 571/571 597/597 595/595
f 5854/5854 5853/5853 5849/5849
f 581/581 573/573 571/571
f 1612/1612 1608/1608 1607/1607
f 1641/1641 1745/1745 1773/1773
f 3369/3369 3386/3386 3374/3374
f 579/579 575/575 567/567
f 3376/3376 3366/3366 3374/3374
f 3380/3380 3378/3378 3387/3387
f 3378/3378 3380/3380 3366/3366
f 6640/6640 6697/6697 6727/6727
f 660/660 661/661 659/659
f 6607/6607 6640/6640 6614/6614
f 660/660 682/682 661/661
f 731/731 756/756 722/722
f 6606/6606 6602/6602 6593/6593
f 1935/1935 1934/1934 1932/1932
f 1938/1938 1932/1932 1930/1930
f 1934/1934 1933/1933 1932/1932
f 1938/1938 1930/1930 1939/1939
f 1930/1930 1932/1932 1931/1931
f 1928/1928 1931/1931 1929/1929
f 1930/1930 1931/1931 1928/1928
f 1927/1927 1930/1930 1928/1928
f 1913/1913 1939/1939 1927/1927
f 1939/1939 1913/1913 1916/1916
f 1964/1964 1916/1916 1922/1922
f 1919/1919 1927/1927 1928/1928
f 4013/4013 4011/4011 4012/4012
f 4010/4010 4012/4012 4011/4011
f 1880/1880 1883/1883 1884/1884
f 1882/1882 1877/1877 1880/1880
f 1881/1881 1877/1877 1882/1882
f 3748/3748 3749/3749 3750/3750
f 3745/3745 3749/3749 3748/3748
f 1914/1914 1907/1907 1959/1959
f 1960/1960 1914/1914 1959/1959
f 1027/1027 1042/1042 1029/1029
f 1039/1039 1027/1027 1038/1038
f 1027/1027 1031/1031 1038/1038
f 5151/5151 5125/5125 5149/5149
f 6433/6433 6436/6436 6435/6435
f 1031/1031 1033/1033 1034/1034
f 4094/4094 4093/4093 4092/4092
f 4160/4160 4093/4093 4094/4094
f 4094/4094 4092/4092 4095/4095
f 1033/1033 1037/1037 1034/1034
f 4092/4092 4096/4096 4095/4095
f 6169/6169 6163/6163 6173/6173
f 6173/6173 6163/6163 6164/6164
f 896/896 897/897 895/895
f 6249/6249 6405/6405 6241/6241
f 5715/5715 5717/5717 5718/5718
f 5716/5716 5717/5717 5715/5715
f 5715/5715 5718/5718 5721/5721
f 6164/6164 6161/6161 6166/6166
f 4099/4099 4098/4098 4097/4097
f 892/892 894/894 893/893
f 5111/5111 5110/5110 5107/5107
f 5110/5110 5086/5086 5107/5107
f 2010/2010 2025/2025 2008/2008
f 4437/4437 4435/4435 4430/4430
f 4430/4430 4435/4435 4427/4427
f 3021/3021 3013/3013 3014/3014
f 4427/4427 4435/4435 4425/4425
f 4425/4425 4435/4435 4434/4434
f 3021/3021 3014/3014 3023/3023
f 3023/3023 3014/3014 3019/3019
f 4424/4424 4434/4434 4439/4439
f 4425/4425 4434/4434 4424/4424
f 3014/3014 3015/3015 3019/3019
f 4425/4425 4424/4424 4422/4422
f 3015/3015 3016/3016 3019/3019
f 4424/4424 4439/4439 4420/4420
f 4420/4420 4439/4439 4438/4438
f 3016/3016 3010/3010 3020/3020
f 4420/4420 4438/4438 4433/4433
f 4418/4418 4420/4420 4433/4433
f 4417/4417 4418/4418 4419/4419
f 4420/4420 4418/4418 4417/4417
f 2270/2270 2247/2247 2272/2272
f 2273/2273 2272/2272 2247/2247
f 2273/2273 2247/2247 2248/2248
f 6785/6785 6787/6787 6786/6786
f 6784/6784 6785/6785 6786/6786
f 6784/6784 6786/6786 6789/6789
f 5318/5318 5320/5320 5321/5321
f 3712/3712 3714/3714 3713/3713
f 3712/3712 3713/3713 3710/3710
f 3710/3710 3711/3711 3712/3712
f 5323/5323 5318/5318 5321/5321
f 4738/4738 4736/4736 4729/4729
f 4738/4738 4729/4729 4739/4739
f 3718/3718 3712/3712 3717/3717
f 3712/3712 3711/3711 3717/3717
f 5100/5100 5098/5098 5099/5099
f 6935/6935 6903/6903 6936/6936
f 5990/5990 5991/5991 5992/5992
f 4725/4725 4721/4721 4723/4723
f 327/327 317/317 296/296
f 331/331 340/340 311/311
f 309/309 331/331 311/311
f 260/260 259/259 258/258
f 265/265 260/260 258/258
f 2061/2061 2069/2069 2064/2064
f 7269/7269 7278/7278 7289/7289
f 7264/7264 7278/7278 7269/7269
f 435/435 437/437 443/443
f 3965/3965 3966/3966 3934/3934
f 7264/7264 7243/7243 7278/7278
f 7259/7259 7278/7278 7243/7243
f 3953/3953 3952/3952 3935/3935
f 3936/3936 3953/3953 3935/3935
f 619/619 602/602 620/620
f 566/566 581/581 579/579
f 3372/3372 3386/3386 3369/3369
f 3367/3367 3374/3374 3366/3366
f 575/575 576/576 574/574
f 576/576 630/630 574/574
f 2302/2302 2304/2304 2303/2303
f 576/576 626/626 630/630
f 6614/6614 6640/6640 6727/6727
f 682/682 731/731 661/661
f 661/661 731/731 722/722
f 6593/6593 6594/6594 6591/6591
f 1919/1919 1879/1879 1927/1927
f 1913/1913 1927/1927 1879/1879
f 1919/1919 1883/1883 1879/1879
f 1922/1922 1920/1920 1958/1958
f 1883/1883 1878/1878 1879/1879
f 1880/1880 1878/1878 1883/1883
f 1958/1958 1921/1921 1963/1963
f 1920/1920 1921/1921 1958/1958
f 1878/1878 1880/1880 1877/1877
f 1921/1921 1970/1970 1963/1963
f 1970/1970 1921/1921 1926/1926
f 1881/1881 1876/1876 1877/1877
f 1912/1912 1914/1914 1926/1926
f 1887/1887 1876/1876 1881/1881
f 1893/1893 1876/1876 1887/1887
f 1912/1912 1893/1893 1906/1906
f 1914/1914 1912/1912 1906/1906
f 1893/1893 1887/1887 1894/1894
f 1914/1914 1906/1906 1907/1907
f 1893/1893 1894/1894 1895/1895
f 1896/1896 1893/1893 1895/1895
f 1887/1887 1895/1895 1894/1894
f 1039/1039 1042/1042 1027/1027
f 1907/1907 1910/1910 1959/1959
f 1048/1048 1042/1042 1039/1039
f 1924/1924 1959/1959 1910/1910
f 1038/1038 1049/1049 1039/1039
f 6434/6434 6433/6433 6435/6435
f 1924/1924 1974/1974 1981/1981
f 5149/5149 5125/5125 5124/5124
f 6240/6240 6246/6246 6243/6243
f 5117/5117 5124/5124 5125/5125
f 1981/1981 1974/1974 1985/1985
f 5125/5125 5126/5126 5117/5117
f 962/962 918/918 953/953
f 953/953 918/918 897/897
f 6239/6239 6249/6249 6241/6241
f 4097/4097 4098/4098 4096/4096
f 5715/5715 5721/5721 5722/5722
f 6162/6162 6166/6166 6161/6161
f 865/865 862/862 892/892
f 2007/2007 2009/2009 2008/2008
f 5087/5087 5088/5088 5090/5090
f 825/825 812/812 824/824
f 812/812 814/814 815/815
f 6791/6791 6795/6795 6792/6792
f 6838/6838 6788/6788 6814/6814
f 6787/6787 6797/6797 6788/6788
f 6816/6816 6787/6787 6785/6785
f 6838/6838 6814/6814 6844/6844
f 5318/5318 5319/5319 5320/5320
f 6844/6844 6813/6813 6821/6821
f 3717/3717 3711/3711 3715/3715
f 4961/4961 4964/4964 4918/4918
f 4942/4942 4941/4941 4936/4936
f 4936/4936 4954/4954 4952/4952
f 532/532 533/533 327/327
f 4721/4721 4722/4722 4723/4723
f 294/294 293/293 296/296
f 310/310 311/311 312/312
f 2062/2062 2070/2070 2056/2056
f 2062/2062 2058/2058 2061/2061
f 563/563 352/352 350/350
f 555/555 560/560 562/562
f 435/435 441/441 432/432
f 3934/3934 3960/3960 3936/3936
f 3953/3953 3978/3978 3952/3952
f 3978/3978 3953/3953 3980/3980
f 2352/2352 2348/2348 2345/2345
f 619/619 620/620 621/621
f 3866/3866 3859/3859 3860/3860
f 3859/3859 3843/3843 3860/3860
f 3865/3865 3902/3902 3860/3860
f 3865/3865 3860/3860 3843/3843
f 2846/2846 2847/2847 2848/2848
f 598/598 597/597 570/570
f 597/597 571/571 570/570
f 5847/5847 5848/5848 5849/5849
f 5853/5853 5854/5854 5858/5858
f 1607/1607 1597/1597 1615/1615
f 3374/3374 3386/3386 3376/3376
f 6712/6712 6711/6711 6713/6713
f 2303/2303 2305/2305 2335/2335
f 6711/6711 6717/6717 6713/6713
f 2303/2303 2304/2304 2305/2305
f 3377/3377 3378/3378 3366/3366
f 6706/6706 6697/6697 6698/6698
f 6621/6621 6614/6614 6727/6727
f 659/659 661/661 715/715
f 6614/6614 6615/6615 6604/6604
f 722/722 715/715 661/661
f 6611/6611 6602/6602 6606/6606
f 1879/1879 1872/1872 1913/1913
f 1913/1913 1874/1874 1916/1916
f 1872/1872 1874/1874 1913/1913
f 1874/1874 1922/1922 1916/1916
f 1922/1922 1874/1874 1920/1920
f 1878/1878 1875/1875 1879/1879
f 1872/1872 1879/1879 1875/1875
f 1920/1920 1874/1874 1871/1871
f 1875/1875 1878/1878 1877/1877
f 1921/1921 1920/1920 1871/1871
f 1875/1875 1877/1877 1876/1876
f 1921/1921 1871/1871 1926/1926
f 1912/1912 1876/1876 1893/1893
f 1926/1926 1873/1873 1912/1912
f 1906/1906 1893/1893 1896/1896
f 1907/1907 1906/1906 1896/1896
f 1907/1907 1896/1896 1898/1898
f 1896/1896 1895/1895 1897/1897
f 1898/1898 1896/1896 1897/1897
f 1899/1899 1898/1898 1897/1897
f 1907/1907 1898/1898 1899/1899
f 1910/1910 1907/1907 1899/1899
f 1910/1910 1899/1899 1908/1908
f 1910/1910 1908/1908 1924/1924
f 1048/1048 1039/1039 1049/1049
f 1917/1917 1924/1924 1908/1908
f 1917/1917 1923/1923 1924/1924
f 1924/1924 1923/1923 1962/1962
f 6248/6248 6439/6439 6433/6433
f 6248/6248 6487/6487 6439/6439
f 1962/1962 1974/1974 1924/1924
f 5160/5160 5149/5149 5124/5124
f 4151/4151 4094/4094 4095/4095
f 4094/4094 4151/4151 4160/4160
f 1974/1974 1971/1971 1985/1985
f 6246/6246 6240/6240 6241/6241
f 1051/1051 1053/1053 1037/1037
f 6161/6161 6164/6164 6163/6163
f 897/897 918/918 895/895
f 918/918 917/917 895/895
f 5716/5716 5715/5715 5714/5714
f 5089/5089 5086/5086 5087/5087
f 2009/2009 2010/2010 2008/2008
f 5088/5088 5098/5098 5090/5090
f 813/813 811/811 817/817
f 811/811 820/820 817/817
f 6794/6794 6784/6784 6789/6789
f 6789/6789 6792/6792 6794/6794
f 6814/6814 6802/6802 6844/6844
f 3710/3710 3715/3715 3711/3711
f 6802/6802 6813/6813 6844/6844
f 4917/4917 4918/4918 4916/4916
f 6821/6821 6813/6813 6820/6820
f 4952/4952 4942/4942 4936/4936
f 4724/4724 4723/4723 4722/4722
f 293/293 279/279 281/281
f 4894/4894 4895/4895 4896/4896
f 340/340 312/312 311/311
f 310/310 312/312 328/328
f 266/266 265/265 264/264
f 350/350 259/259 561/561
f 2056/2056 2058/2058 2062/2062
f 2058/2058 2059/2059 2061/2061
f 2059/2059 2069/2069 2061/2061
f 3966/3966 3976/3976 3934/3934
f 7269/7269 7289/7289 7291/7291
f 441/441 438/438 432/432
f 3934/3934 3976/3976 3961/3961
f 3961/3961 3960/3960 3934/3934
f 3960/3960 3959/3959 3936/3936
f 7278/7278 7259/7259 7279/7279
f 3959/3959 3980/3980 3953/3953
f 3959/3959 3953/3953 3936/3936
f 3978/3978 3980/3980 3983/3983
f 3952/3952 3978/3978 3979/3979
f 3952/3952 3971/3971 3869/3869
f 3150/3150 3148/3148 3151/3151
f 3868/3868 3835/3835 3867/3867
f 620/620 603/603 690/690
f 620/620 602/602 603/603
f 602/602 599/599 603/603
f 603/603 598/598 570/570
f 2851/2851 2854/2854 2847/2847
f 5847/5847 5850/5850 5848/5848
f 5854/5854 5856/5856 5858/5858
f 5856/5856 5859/5859 5858/5858
f 1597/1597 1642/1642 1641/1641
f 1641/1641 1642/1642 1745/1745
f 3377/3377 3366/3366 3376/3376
f 2304/2304 2306/2306 2305/2305
f 6708/6708 6711/6711 6710/6710
f 6706/6706 6727/6727 6697/6697
f 715/715 722/722 718/718
f 6602/6602 6611/6611 6607/6607
f 6596/6596 6591/6591 6595/6595
f 6595/6595 6591/6591 6594/6594
f 1872/1872 1875/1875 1873/1873
f 1873/1873 1875/1875 1876/1876
f 1874/1874 1872/1872 1871/1871
f 1871/1871 1872/1872 1873/1873
f 1926/1926 1871/1871 1873/1873
f 1876/1876 1912/1912 1873/1873
f 1899/1899 1897/1897 1900/1900
f 1899/1899 1900/1900 1903/1903
f 1908/1908 1899/1899 1903/1903
f 1917/1917 1909/1909 1923/1923
f 1049/1049 1038/1038 1040/1040
f 1909/1909 1918/1918 1923/1923
f 1923/1923 1918/1918 1962/1962
f 6314/6314 6487/6487 6244/6244
f 6487/6487 6248/6248 6244/6244
f 6244/6244 6243/6243 6314/6314
f 6242/6242 6243/6243 6244/6244
f 1031/1031 1034/1034 1038/1038
f 5124/5124 5117/5117 5123/5123
f 1971/1971 1974/1974 1962/1962
f 6157/6157 6161/6161 6163/6163
f 962/962 917/917 918/918
f 917/917 893/893 895/895
f 5715/5715 5722/5722 5704/5704
f 5704/5704 5714/5714 5715/5715
f 6161/6161 6160/6160 6162/6162
f 6165/6165 6162/6162 6160/6160
f 2009/2009 2007/2007 2016/2016
f 830/830 829/829 831/831
f 829/829 826/826 828/828
f 812/812 815/815 824/824
f 6795/6795 6796/6796 6792/6792
f 848/848 820/820 811/811
f 6788/6788 6798/6798 6814/6814
f 6788/6788 6797/6797 6798/6798
f 6817/6817 6787/6787 6816/6816
f 6784/6784 6794/6794 6834/6834
f 5319/5319 5318/5318 5322/5322
f 3710/3710 3716/3716 3715/3715
f 4729/4729 4730/4730 4731/4731
f 4729/4729 4736/4736 4730/4730
f 6903/6903 6935/6935 6934/6934
f 6934/6934 6935/6935 6944/6944
f 5923/5923 5924/5924 5925/5925
f 4917/4917 4915/4915 4968/4968
f 4917/4917 4916/4916 4915/4915
f 4975/4975 4918/4918 4964/4964
f 4977/4977 4975/4975 4964/4964
f 532/532 327/327 411/411
f 411/411 327/327 299/299
f 296/296 293/293 299/299
f 299/299 327/327 296/296
f 279/279 267/267 278/278
f 266/266 267/267 279/279
f 258/258 259/259 256/256
f 258/258 256/256 255/255
f 264/264 258/258 255/255
f 265/265 258/258 264/264
f 266/266 264/264 267/267
f 2057/2057 2069/2069 2060/2060
f 555/555 562/562 563/563
f 436/436 434/434 562/562
f 436/436 562/562 560/560
f 435/435 432/432 434/434
f 434/434 436/436 435/435
f 3960/3960 3961/3961 3856/3856
f 3960/3960 3974/3974 3959/3959
f 3259/3259 3265/3265 3257/3257
f 3984/3984 3983/3983 3980/3980
f 3150/3150 3154/3154 3152/3152
f 3991/3991 3978/3978 3983/3983
f 3147/3147 3148/3148 3150/3150
f 3152/3152 3147/3147 3150/3150
f 5550/5550 5552/5552 5548/5548
f 2352/2352 2353/2353 2348/2348
f 3868/3868 3869/3869 3835/3835
f 599/599 598/598 603/603
f 5867/5867 5863/5863 5850/5850
f 5850/5850 5863/5863 5848/5848
f 5855/5855 5856/5856 5854/5854
f 1607/1607 1606/1606 1597/1597
f 3376/3376 3386/3386 3388/3388
f 574/574 630/630 629/629
f 6717/6717 6718/6718 6713/6713
f 242/242 245/245 246/246
f 6710/6710 6711/6711 6712/6712
f 6705/6705 6708/6708 6710/6710
f 6777/6777 6776/6776 6778/6778
f 6614/6614 6621/6621 6615/6615
f 1901/1901 1900/1900 1897/1897
f 1917/1917 1908/1908 1909/1909
f 1918/1918 1909/1909 1911/1911
f 5160/5160 5124/5124 5127/5127
f 6242/6242 6240/6240 6243/6243
f 1038/1038 1034/1034 1040/1040
f 1962/1962 1918/1918 1925/1925
f 1041/1041 1040/1040 1034/1034
f 1034/1034 1037/1037 1041/1041
f 4106/4106 4151/4151 4095/4095
f 6169/6169 6167/6167 6163/6163
f 6163/6163 6167/6167 6157/6157
f 4106/4106 4095/4095 4096/4096
f 4181/4181 4160/4160 4151/4151
f 6239/6239 6241/6241 6240/6240
f 1037/1037 1044/1044 1041/1041
f 1053/1053 1044/1044 1037/1037
f 6249/6249 6239/6239 6237/6237
f 5704/5704 5722/5722 5705/5705
f 5703/5703 5714/5714 5704/5704
f 894/894 895/895 893/893
f 2008/2008 2006/2006 2007/2007
f 833/833 834/834 832/832
f 6794/6794 6792/6792 6839/6839
f 4732/4732 4731/4731 4730/4730
f 4736/4736 4735/4735 4730/4730
f 6820/6820 6813/6813 6808/6808
f 5103/5103 5100/5100 5104/5104
f 4968/4968 4915/4915 4960/4960
f 4918/4918 4975/4975 4916/4916
f 4942/4942 4952/4952 4956/4956
f 4727/4727 4724/4724 4722/4722
f 293/293 281/281 286/286
f 286/286 299/299 293/293
f 312/312 332/332 328/328
f 264/264 255/255 261/261
f 264/264 261/261 267/267
f 2059/2059 2051/2051 2060/2060
f 2059/2059 2060/2060 2069/2069
f 3960/3960 3856/3856 3974/3974
f 3254/3254 3249/3249 3257/3257
f 3249/3249 3250/3250 3257/3257
f 3259/3259 3257/3257 3250/3250
f 3984/3984 3985/3985 3983/3983
f 3991/3991 3983/3983 3985/3985
f 3147/3147 3155/3155 3149/3149
f 3147/3147 3152/3152 3155/3155
f 5547/5547 5550/5550 5548/5548
f 3971/3971 3972/3972 3869/3869
f 212/212 224/224 211/211
f 3867/3867 3803/3803 3859/3859
f 2850/2850 2847/2847 2846/2846
f 2851/2851 2847/2847 2850/2850
f 2854/2854 2851/2851 2870/2870
f 5848/5848 5855/5855 5849/5849
f 570/570 571/571 568/568
f 5849/5849 5855/5855 5854/5854
f 571/571 573/573 568/568
f 1608/1608 1606/1606 1607/1607
f 5785/5785 5784/5784 5776/5776
f 579/579 567/567 566/566
f 3390/3390 3388/3388 3389/3389
f 3386/3386 3389/3389 3388/3388
f 3379/3379 3378/3378 3377/3377
f 2304/2304 2307/2307 2306/2306
f 242/242 174/174 245/245
f 6757/6757 6758/6758 6759/6759
f 6757/6757 6760/6760 6758/6758
f 6621/6621 6727/6727 6619/6619
f 715/715 714/714 659/659
f 1909/1909 1908/1908 1903/1903
f 1909/1909 1903/1903 1911/1911
f 6242/6242 6244/6244 6248/6248
f 5160/5160 5127/5127 5169/5169
f 6434/6434 6432/6432 6433/6433
f 6248/6248 6433/6433 6432/6432
f 1901/1901 1902/1902 1900/1900
f 1905/1905 1902/1902 1901/1901
f 5124/5124 5123/5123 5127/5127
f 1040/1040 1041/1041 1045/1045
f 1915/1915 1918/1918 1911/1911
f 1971/1971 1962/1962 1925/1925
f 1045/1045 1041/1041 1044/1044
f 4162/4162 4151/4151 4106/4106
f 4181/4181 4151/4151 4162/4162
f 4106/4106 4096/4096 4102/4102
f 1053/1053 1056/1056 1044/1044
f 4102/4102 4096/4096 4098/4098
f 917/917 962/962 923/923
f 893/893 917/917 923/923
f 6165/6165 6160/6160 6172/6172
f 884/884 892/892 893/893
f 5107/5107 5086/5086 5089/5089
f 864/864 863/863 862/862
f 814/814 812/812 813/813
f 6797/6797 6799/6799 6798/6798
f 6787/6787 6815/6815 6797/6797
f 6797/6797 6815/6815 6799/6799
f 4733/4733 4734/4734 4732/4732
f 6794/6794 6839/6839 6834/6834
f 6839/6839 6792/6792 6796/6796
f 3716/3716 3719/3719 3715/3715
f 6892/6892 6903/6903 6901/6901
f 6903/6903 6934/6934 6901/6901
f 4975/4975 4974/4974 4916/4916
f 299/299 286/286 411/411
f 4727/4727 4728/4728 4724/4724
f 280/280 279/279 278/278
f 4894/4894 4890/4890 4893/4893
f 4895/4895 4894/4894 4893/4893
f 255/255 256/256 257/257
f 2058/2058 2051/2051 2059/2059
f 562/562 433/433 563/563
f 7289/7289 7278/7278 7279/7279
f 434/434 433/433 562/562
f 3842/3842 3856/3856 3961/3961
f 3250/3250 3258/3258 3259/3259
f 3984/3984 3986/3986 3985/3985
f 210/210 222/222 212/212
f 3835/3835 3869/3869 3836/3836
f 209/209 210/210 211/211
f 210/210 212/212 211/211
f 712/712 690/690 711/711
f 3835/3835 3803/3803 3867/3867
f 5863/5863 5855/5855 5848/5848
f 568/568 573/573 566/566
f 3376/3376 3388/3388 3385/3385
f 3377/3377 3376/3376 3385/3385
f 3377/3377 3385/3385 3379/3379
f 630/630 653/653 657/657
f 6594/6594 6612/6612 6595/6595
f 1902/1902 1903/1903 1900/1900
f 1903/1903 1902/1902 1904/1904
f 1911/1911 1903/1903 1904/1904
f 1904/1904 1915/1915 1911/1911
f 1915/1915 1925/1925 1918/1918
f 5117/5117 5119/5119 5123/5123
f 5709/5709 5707/5707 5708/5708
f 6167/6167 6168/6168 6157/6157
f 6238/6238 6239/6239 6240/6240
f 4160/4160 4181/4181 4182/4182
f 4103/4103 4102/4102 4098/4098
f 5117/5117 5111/5111 5113/5113
f 5111/5111 5107/5107 5113/5113
f 5113/5113 5107/5107 5108/5108
f 5107/5107 5089/5089 5108/5108
f 956/956 863/863 864/864
f 2008/2008 2017/2017 2006/2006
f 833/833 832/832 830/830
f 830/830 832/832 829/829
f 832/832 825/825 829/829
f 829/829 825/825 826/826
f 812/812 811/811 813/813
f 6834/6834 6839/6839 6842/6842
f 6814/6814 6800/6800 6802/6802
f 4733/4733 4732/4732 4730/4730
f 6834/6834 6842/6842 6843/6843
f 6933/6933 6934/6934 6944/6944
f 6802/6802 6801/6801 6803/6803
f 4975/4975 4977/4977 4978/4978
f 4974/4974 4975/4975 4978/4978
f 6820/6820 6808/6808 6822/6822
f 411/411 286/286 412/412
f 2058/2058 2056/2056 2051/2051
f 2044/2044 2060/2060 2051/2051
f 2060/2060 2044/2044 2045/2045
f 2060/2060 2045/2045 2057/2057
f 434/434 432/432 433/433
f 2057/2057 2050/2050 2072/2072
f 3841/3841 3974/3974 3856/3856
f 3250/3250 3249/3249 3248/3248
f 3986/3986 3987/3987 3985/3985
f 3988/3988 3985/3985 3987/3987
f 3149/3149 3155/3155 3153/3153
f 3972/3972 3977/3977 3836/3836
f 3869/3869 3972/3972 3836/3836
f 3145/3145 3148/3148 3147/3147
f 3145/3145 3147/3147 3142/3142
f 3149/3149 3142/3142 3147/3147
f 603/603 711/711 690/690
f 3859/3859 3803/3803 3843/3843
f 2870/2870 2851/2851 2868/2868
f 5857/5857 5856/5856 5855/5855
f 1597/1597 1783/1783 1642/1642
f 1745/1745 1642/1642 1783/1783
f 5784/5784 5783/5783 5776/5776
f 567/567 575/575 574/574
f 6714/6714 6713/6713 6718/6718
f 2307/2307 2308/2308 2306/2306
f 6712/6712 6713/6713 6714/6714
f 6625/6625 6619/6619 6739/6739
f 6596/6596 6595/6595 6721/6721
f 756/756 718/718 722/722
f 5127/5127 5123/5123 5119/5119
f 5169/5169 5127/5127 5119/5119
f 6240/6240 6242/6242 6238/6238
f 6483/6483 6482/6482 6481/6481
f 6482/6482 6480/6480 6481/6481
f 6479/6479 6481/6481 6480/6480
f 6479/6479 6480/6480 6478/6478
f 5710/5710 5709/5709 5708/5708
f 5726/5726 5710/5710 5708/5708
f 6168/6168 6479/6479 6478/6478
f 6238/6238 6237/6237 6239/6239
f 6168/6168 6478/6478 6171/6171
f 5706/5706 5708/5708 5707/5707
f 4152/4152 4162/4162 4106/4106
f 4152/4152 4106/4106 4102/4102
f 4162/4162 4176/4176 4181/4181
f 5707/5707 5703/5703 5706/5706
f 4187/4187 4181/4181 4176/4176
f 6160/6160 6161/6161 6157/6157
f 6153/6153 6160/6160 6157/6157
f 4102/4102 4103/4103 4104/4104
f 6160/6160 6153/6153 6172/6172
f 4107/4107 4104/4104 4103/4103
f 2017/2017 2004/2004 2006/2006
f 2005/2005 2006/2006 2004/2004
f 2006/2006 2005/2005 2007/2007
f 2016/2016 2007/2007 2005/2005
f 782/782 834/834 843/843
f 782/782 832/832 834/834
f 783/783 832/832 782/782
f 832/832 783/783 825/825
f 825/825 783/783 812/812
f 783/783 774/774 812/812
f 5098/5098 5100/5100 5101/5101
f 778/778 811/811 812/812
f 811/811 784/784 848/848
f 784/784 811/811 778/778
f 6840/6840 6796/6796 6841/6841
f 848/848 784/784 846/846
f 4730/4730 4735/4735 4733/4733
f 6840/6840 6842/6842 6839/6839
f 6796/6796 6840/6840 6839/6839
f 6813/6813 6803/6803 6808/6808
f 4916/4916 4914/4914 4915/4915
f 4974/4974 4914/4914 4916/4916
f 6822/6822 6808/6808 6823/6823
f 4891/4891 4889/4889 4890/4890
f 281/281 279/279 280/280
f 255/255 257/257 261/261
f 256/256 350/350 270/270
f 563/563 350/350 555/555
f 440/440 439/439 438/438
f 563/563 433/433 431/431
f 2050/2050 2057/2057 2045/2045
f 5549/5549 5547/5547 5545/5545
f 432/432 438/438 430/430
f 430/430 431/431 432/432
f 431/431 433/433 432/432
f 3842/3842 3841/3841 3856/3856
f 3870/3870 3974/3974 3841/3841
f 3252/3252 3249/3249 3254/3254
f 3251/3251 3250/3250 3248/3248
f 3250/3250 3251/3251 3258/3258
f 3258/3258 3251/3251 3264/3264
f 3145/3145 3142/3142 3144/3144
f 3143/3143 3142/3142 3149/3149
f 3143/3143 3149/3149 3153/3153
f 3977/3977 3819/3819 3836/3836
f 3836/3836 3819/3819 3804/3804
f 3836/3836 3804/3804 3835/3835
f 3835/3835 3804/3804 3803/3803
f 3803/3803 3801/3801 3843/3843
f 3865/3865 3843/3843 3802/3802
f 3802/3802 3843/3843 3801/3801
f 2850/2850 2846/2846 2852/2852
f 5857/5857 5859/5859 5856/5856
f 567/567 574/574 572/572
f 3388/3388 3390/3390 3385/3385
f 6714/6714 6715/6715 6712/6712
f 6710/6710 6712/6712 6722/6722
f 6774/6774 6775/6775 6776/6776
f 6777/6777 6774/6774 6776/6776
f 6739/6739 6706/6706 6698/6698
f 6625/6625 6739/6739 6688/6688
f 718/718 704/704 714/714
f 715/715 718/718 714/714
f 6612/6612 6594/6594 6597/6597
f 6432/6432 6431/6431 6248/6248
f 6248/6248 6245/6245 6242/6242
f 6431/6431 6245/6245 6248/6248
f 5169/5169 5119/5119 5168/5168
f 6431/6431 6432/6432 6437/6437
f 6238/6238 6242/6242 6245/6245
f 1473/1473 1464/1464 1486/1486
f 1466/1466 1486/1486 1464/1464
f 1487/1487 1486/1486 1466/1466
f 1467/1467 1487/1487 1466/1466
f 1488/1488 1487/1487 1467/1467
f 1488/1488 1467/1467 1471/1471
f 5726/5726 5708/5708 5711/5711
f 6478/6478 6484/6484 6171/6171
f 5708/5708 5706/5706 5711/5711
f 6168/6168 6171/6171 6157/6157
f 5119/5119 5117/5117 5118/5118
f 4102/4102 4105/4105 4152/4152
f 4162/4162 4152/4152 4163/4163
f 4102/4102 4104/4104 4105/4105
f 4163/4163 4176/4176 4162/4162
f 4176/4176 4163/4163 4179/4179
f 6156/6156 6153/6153 6157/6157
f 4187/4187 4176/4176 4179/4179
f 5704/5704 5705/5705 5701/5701
f 5704/5704 5701/5701 5703/5703
f 884/884 923/923 958/958
f 884/884 893/893 923/923
f 865/865 866/866 864/864
f 2017/2017 2024/2024 2004/2004
f 843/843 772/772 782/782
f 782/782 772/772 769/769
f 782/782 769/769 783/783
f 769/769 774/774 783/783
f 774/774 778/778 812/812
f 6798/6798 6800/6800 6814/6814
f 6798/6798 6799/6799 6800/6800
f 6815/6815 6819/6819 6799/6799
f 4737/4737 4733/4733 4735/4735
f 6933/6933 6932/6932 6934/6934
f 6933/6933 6909/6909 6932/6932
f 280/280 286/286 281/281
f 267/267 277/277 278/278
f 267/267 261/261 277/277
f 256/256 259/259 350/350
f 362/362 352/352 563/563
f 563/563 431/431 362/362
f 3249/3249 3252/3252 3245/3245
f 3245/3245 3248/3248 3249/3249
f 3247/3247 3248/3248 3245/3245
f 3247/3247 3251/3251 3248/3248
f 5548/5548 5542/5542 5547/5547
f 3142/3142 3143/3143 3144/3144
f 3977/3977 3894/3894 3819/3819
f 5548/5548 5558/5558 5542/5542
f 711/711 603/603 614/614
f 603/603 570/570 614/614
f 3801/3801 3799/3799 3802/3802
f 2850/2850 2868/2868 2851/2851
f 5865/5865 5855/5855 5863/5863
f 5859/5859 5857/5857 5860/5860
f 1606/1606 1608/1608 1614/1614
f 1783/1783 1597/1597 1595/1595
f 572/572 574/574 623/623
f 629/629 623/623 574/574
f 173/173 172/172 171/171
f 173/173 174/174 172/172
f 242/242 216/216 174/174
f 6712/6712 6715/6715 6722/6722
f 657/657 659/659 691/691
f 6602/6602 6603/6603 6597/6597
f 6597/6597 6603/6603 6746/6746
f 1458/1458 1463/1463 1455/1455
f 1458/1458 1466/1466 1463/1463
f 1466/1466 1464/1464 1463/1463
f 1467/1467 1466/1466 1458/1458
f 6438/6438 6431/6431 6437/6437
f 6245/6245 6431/6431 6486/6486
f 6431/6431 6438/6438 6486/6486
f 6245/6245 6486/6486 6247/6247
f 1481/1481 1472/1472 1473/1473
f 1464/1464 1473/1473 1472/1472
f 6238/6238 6245/6245 6247/6247
f 6238/6238 6247/6247 6236/6236
f 6236/6236 6237/6237 6238/6238
f 5712/5712 5711/5711 5706/5706
f 6157/6157 6171/6171 6158/6158
f 4152/4152 4105/4105 4139/4139
f 5702/5702 5706/5706 5703/5703
f 774/774 775/775 776/776
f 778/778 776/776 784/784
f 776/776 785/785 784/784
f 785/785 846/846 784/784
f 6800/6800 6801/6801 6802/6802
f 6932/6932 6905/6905 6934/6934
f 6905/6905 6901/6901 6934/6934
f 6932/6932 6902/6902 6905/6905
f 6932/6932 6909/6909 6902/6902
f 6802/6802 6803/6803 6813/6813
f 6806/6806 6808/6808 6803/6803
f 270/270 350/350 352/352
f 2051/2051 2043/2043 2044/2044
f 2043/2043 2042/2042 2044/2044
f 362/362 431/431 406/406
f 2044/2044 2042/2042 2045/2045
f 2045/2045 2042/2042 2048/2048
f 2048/2048 2050/2050 2045/2045
f 431/431 430/430 428/428
f 3842/3842 3840/3840 3841/3841
f 3251/3251 3263/3263 3264/3264
f 3987/3987 3989/3989 3988/3988
f 3144/3144 3143/3143 3146/3146
f 3153/3153 3158/3158 3143/3143
f 712/712 711/711 710/710
f 3798/3798 3801/3801 3803/3803
f 3801/3801 3798/3798 3799/3799
f 1597/1597 1606/1606 1596/1596
f 565/565 566/566 567/567
f 572/572 623/623 705/705
f 6714/6714 6716/6716 6715/6715
f 172/172 174/174 216/216
f 630/630 657/657 656/656
f 6688/6688 6623/6623 6625/6625
f 6595/6595 6612/6612 6752/6752
f 6746/6746 6752/6752 6612/6612
f 1463/1463 1464/1464 1455/1455
f 1465/1465 1458/1458 1454/1454
f 1454/1454 1455/1455 1456/1456
f 1472/1472 1481/1481 1474/1474
f 1454/1454 1458/1458 1455/1455
f 1455/1455 1464/1464 1472/1472
f 1468/1468 1458/1458 1465/1465
f 1455/1455 1472/1472 1474/1474
f 1468/1468 1471/1471 1458/1458
f 1471/1471 1467/1467 1458/1458
f 6537/6537 6538/6538 6539/6539
f 6537/6537 6539/6539 6540/6540
f 1481/1481 1473/1473 1489/1489
f 6247/6247 6473/6473 6236/6236
f 6484/6484 6485/6485 6171/6171
f 6485/6485 6489/6489 6171/6171
f 6171/6171 6489/6489 6158/6158
f 5706/5706 5702/5702 5712/5712
f 4105/4105 4104/4104 4118/4118
f 4139/4139 4105/4105 4118/4118
f 4191/4191 4192/4192 4164/4164
f 6235/6235 6237/6237 6236/6236
f 5701/5701 5702/5702 5703/5703
f 6154/6154 6153/6153 6156/6156
f 959/959 920/920 884/884
f 920/920 885/885 884/884
f 5705/5705 5731/5731 5701/5701
f 6172/6172 6153/6153 6155/6155
f 6153/6153 6154/6154 6155/6155
f 4108/4108 4107/4107 4103/4103
f 5118/5118 5117/5117 5113/5113
f 884/884 880/880 892/892
f 892/892 880/880 865/865
f 2005/2005 2004/2004 2003/2003
f 2018/2018 2003/2003 2019/2019
f 2018/2018 2005/2005 2003/2003
f 5089/5089 5087/5087 5092/5092
f 774/774 776/776 778/778
f 6800/6800 6799/6799 6801/6801
f 6901/6901 6899/6899 6892/6892
f 6905/6905 6899/6899 6901/6901
f 6905/6905 6902/6902 6899/6899
f 6909/6909 6908/6908 6902/6902
f 5101/5101 5100/5100 5102/5102
f 5100/5100 5103/5103 5102/5102
f 4960/4960 4915/4915 4959/4959
f 6823/6823 6808/6808 6824/6824
f 286/286 285/285 412/412
f 4890/4890 4889/4889 4888/4888
f 4889/4889 4886/4886 4888/4888
f 286/286 280/280 285/285
f 4890/4890 4888/4888 4893/4893
f 2033/2033 2056/2056 2055/2055
f 2056/2056 2033/2033 2051/2051
f 352/352 362/362 360/360
f 362/362 406/406 360/360
f 438/438 429/429 430/430
f 406/406 431/431 427/427
f 427/427 431/431 428/428
f 3840/3840 3838/3838 3841/3841
f 3870/3870 3841/3841 3838/3838
f 3871/3871 3870/3870 3838/3838
f 3245/3245 3252/3252 3253/3253
f 3989/3989 3907/3907 3988/3988
f 3143/3143 3156/3156 3146/3146
f 3818/3818 3819/3819 3894/3894
f 5542/5542 5551/5551 5540/5540
f 5542/5542 5558/5558 5551/5551
f 207/207 208/208 209/209
f 209/209 208/208 210/210
f 205/205 208/208 207/207
f 2852/2852 2855/2855 2853/2853
f 2850/2850 2852/2852 2853/2853
f 2869/2869 2868/2868 2850/2850
f 5865/5865 5866/5866 5855/5855
f 5855/5855 5861/5861 5857/5857
f 3385/3385 3390/3390 3379/3379
f 5755/5755 5757/5757 5762/5762
f 5755/5755 5762/5762 5763/5763
f 6772/6772 6770/6770 6769/6769
f 172/172 170/170 169/169
f 172/172 216/216 170/170
f 629/629 630/630 655/655
f 6722/6722 6646/6646 6623/6623
f 6769/6769 6770/6770 6771/6771
f 653/653 659/659 657/657
f 704/704 718/718 757/757
f 6603/6603 6602/6602 6604/6604
f 2586/2586 2588/2588 2589/2589
f 1457/1457 1454/1454 1456/1456
f 1511/1511 1468/1468 1512/1512
f 6540/6540 6541/6541 6537/6537
f 1468/1468 1511/1511 1471/1471
f 5119/5119 5120/5120 5168/5168
f 5119/5119 5118/5118 5120/5120
f 4152/4152 4139/4139 4164/4164
f 6157/6157 6158/6158 6156/6156
f 4139/4139 4118/4118 4134/4134
f 4104/4104 4117/4117 4118/4118
f 4112/4112 4117/4117 4107/4107
f 5701/5701 5731/5731 5700/5700
f 4112/4112 4107/4107 4108/4108
f 883/883 884/884 885/885
f 5118/5118 5113/5113 5121/5121
f 880/880 868/868 865/865
f 865/865 867/867 866/866
f 2024/2024 2023/2023 2004/2004
f 2004/2004 1997/1997 2003/2003
f 772/772 773/773 770/770
f 5098/5098 5101/5101 5090/5090
f 5090/5090 5101/5101 5093/5093
f 6896/6896 6895/6895 6894/6894
f 6893/6893 6894/6894 6891/6891
f 6891/6891 6894/6894 6895/6895
f 6891/6891 6892/6892 6893/6893
f 785/785 847/847 846/846
f 6902/6902 6900/6900 6899/6899
f 6908/6908 6907/6907 6902/6902
f 6898/6898 6893/6893 6892/6892
f 6899/6899 6898/6898 6892/6892
f 6900/6900 6898/6898 6899/6899
f 4950/4950 4946/4946 4955/4955
f 6823/6823 6824/6824 6825/6825
f 332/332 342/342 326/326
f 261/261 274/274 277/277
f 257/257 256/256 270/270
f 262/262 261/261 257/257
f 261/261 262/262 274/274
f 2051/2051 2033/2033 2043/2043
f 2043/2043 2041/2041 2042/2042
f 360/360 406/406 395/395
f 2041/2041 2039/2039 2042/2042
f 439/439 429/429 438/438
f 2048/2048 2042/2042 2039/2039
f 5547/5547 5542/5542 5545/5545
f 3246/3246 3245/3245 3253/3253
f 3245/3245 3246/3246 3247/3247
f 3260/3260 3251/3251 3247/3247
f 3251/3251 3260/3260 3263/3263
f 3992/3992 3990/3990 3989/3989
f 3907/3907 3989/3989 3990/3990
f 3146/3146 3156/3156 3157/3157
f 3143/3143 3158/3158 3156/3156
f 3895/3895 3818/3818 3894/3894
f 3804/3804 3818/3818 3793/3793
f 3804/3804 3819/3819 3818/3818
f 710/710 711/711 706/706
f 614/614 570/570 569/569
f 570/570 568/568 569/569
f 5866/5866 5862/5862 5855/5855
f 5861/5861 5855/5855 5862/5862
f 1606/1606 1614/1614 1604/1604
f 1606/1606 1604/1604 1596/1596
f 716/716 705/705 658/658
f 705/705 623/623 658/658
f 623/623 629/629 658/658
f 6770/6770 6772/6772 6773/6773
f 629/629 655/655 713/713
f 6722/6722 6623/6623 6688/6688
f 657/657 691/691 694/694
f 659/659 714/714 692/692
f 6616/6616 6604/6604 6615/6615
f 6604/6604 6602/6602 6607/6607
f 6766/6766 6767/6767 6768/6768
f 6752/6752 6721/6721 6595/6595
f 6746/6746 6687/6687 6752/6752
f 6597/6597 6746/6746 6612/6612
f 3665/3665 3668/3668 3669/3669
f 3667/3667 3668/3668 3665/3665
f 2593/2593 2595/2595 2590/2590
f 2594/2594 2588/2588 2590/2590
f 2591/2591 2588/2588 2594/2594
f 1497/1497 1495/1495 1498/1498
f 2590/2590 2585/2585 2593/2593
f 2588/2588 2585/2585 2590/2590
f 2588/2588 2586/2586 2585/2585
f 2591/2591 2589/2589 2588/2588
f 1494/1494 1493/1493 1495/1495
f 2585/2585 2587/2587 2592/2592
f 2585/2585 2586/2586 2587/2587
f 1494/1494 1492/1492 1493/1493
f 2587/2587 2597/2597 2592/2592
f 1485/1485 1493/1493 1492/1492
f 1480/1480 1485/1485 1492/1492
f 1484/1484 1485/1485 1462/1462
f 1480/1480 1462/1462 1485/1485
f 1461/1461 1462/1462 1480/1480
f 1462/1462 1459/1459 1477/1477
f 1461/1461 1459/1459 1462/1462
f 1460/1460 1459/1459 1461/1461
f 1460/1460 1457/1457 1459/1459
f 1457/1457 1460/1460 1469/1469
f 1457/1457 1456/1456 1459/1459
f 1469/1469 1465/1465 1457/1457
f 1469/1469 1514/1514 1465/1465
f 1459/1459 1456/1456 1476/1476
f 1456/1456 1475/1475 1476/1476
f 1456/1456 1455/1455 1475/1475
f 1475/1475 1455/1455 1474/1474
f 1491/1491 1479/1479 1474/1474
f 1475/1475 1474/1474 1479/1479
f 1490/1490 1491/1491 1481/1481
f 1474/1474 1481/1481 1491/1491
f 1481/1481 1489/1489 1490/1490
f 6247/6247 6486/6486 6473/6473
f 1511/1511 1512/1512 1518/1518
f 5120/5120 5170/5170 5168/5168
f 4139/4139 4150/4150 4164/4164
f 4134/4134 4150/4150 4139/4139
f 4164/4164 4188/4188 4191/4191
f 959/959 955/955 920/920
f 6154/6154 6156/6156 6170/6170
f 5701/5701 5700/5700 5699/5699
f 5701/5701 5699/5699 5702/5702
f 4117/4117 4104/4104 4107/4107
f 5732/5732 5700/5700 5731/5731
f 6155/6155 6154/6154 6174/6174
f 5113/5113 5108/5108 5114/5114
f 5108/5108 5089/5089 5114/5114
f 865/865 868/868 867/867
f 769/769 771/771 774/774
f 771/771 775/775 774/774
f 775/775 777/777 776/776
f 6902/6902 6906/6906 6900/6900
f 6902/6902 6907/6907 6906/6906
f 6900/6900 6943/6943 6898/6898
f 6898/6898 6943/6943 6904/6904
f 4915/4915 4908/4908 4959/4959
f 4915/4915 4914/4914 4908/4908
f 5907/5907 5910/5910 5908/5908
f 413/413 412/412 285/285
f 4886/4886 4887/4887 4888/4888
f 280/280 278/278 284/284
f 285/285 280/280 284/284
f 257/257 270/270 263/263
f 257/257 263/263 262/262
f 2043/2043 2033/2033 2041/2041
f 5541/5541 5546/5546 5545/5545
f 406/406 427/427 395/395
f 3247/3247 3246/3246 3255/3255
f 3260/3260 3247/3247 3255/3255
f 5541/5541 5542/5542 5540/5540
f 5540/5540 5551/5551 5554/5554
f 3804/3804 3793/3793 3803/3803
f 3799/3799 3798/3798 3797/3797
f 3800/3800 3799/3799 3797/3797
f 2856/2856 2853/2853 2855/2855
f 2866/2866 2853/2853 2857/2857
f 2850/2850 2853/2853 2866/2866
f 2850/2850 2866/2866 2869/2869
f 2872/2872 2869/2869 2866/2866
f 568/568 566/566 565/565
f 1808/1808 1643/1643 1614/1614
f 1595/1595 1597/1597 1596/1596
f 565/565 567/567 572/572
f 171/171 172/172 169/169
f 170/170 216/216 244/244
f 6623/6623 6618/6618 6625/6625
f 6625/6625 6618/6618 6619/6619
f 692/692 714/714 704/704
f 6615/6615 6617/6617 6616/6616
f 6603/6603 6604/6604 6626/6626
f 4740/4740 4742/4742 4744/4744
f 4745/4745 4747/4747 4744/4744
f 4742/4742 4745/4745 4744/4744
f 4740/4740 4741/4741 4742/4742
f 3688/3688 3669/3669 3689/3689
f 4742/4742 4743/4743 4745/4745
f 4741/4741 4743/4743 4742/4742
f 4743/4743 4746/4746 4745/4745
f 4746/4746 4748/4748 4745/4745
f 4748/4748 4746/4746 4749/4749
f 3665/3665 3666/3666 3667/3667
f 3672/3672 3665/3665 3669/3669
f 2611/2611 2595/2595 2599/2599
f 3665/3665 3670/3670 3666/3666
f 3672/3672 3671/3671 3665/3665
f 3671/3671 3670/3670 3665/3665
f 1502/1502 1501/1501 1503/1503
f 1500/1500 1501/1501 1502/1502
f 1498/1498 1501/1501 1500/1500
f 1499/1499 1498/1498 1500/1500
f 1498/1498 1499/1499 1497/1497
f 2595/2595 2593/2593 2599/2599
f 1496/1496 1495/1495 1497/1497
f 2585/2585 2596/2596 2593/2593
f 1496/1496 1494/1494 1495/1495
f 2585/2585 2592/2592 2596/2596
f 2592/2592 2597/2597 2596/2596
f 1508/1508 1492/1492 1494/1494
f 4516/4516 4514/4514 4515/4515
f 1480/1480 1492/1492 1483/1483
f 2587/2587 2605/2605 2597/2597
f 1478/1478 1484/1484 1462/1462
f 1483/1483 1470/1470 1480/1480
f 1470/1470 1461/1461 1480/1480
f 1462/1462 1477/1477 1478/1478
f 1477/1477 1482/1482 1478/1478
f 1461/1461 1470/1470 1460/1460
f 1504/1504 1460/1460 1470/1470
f 1469/1469 1460/1460 1504/1504
f 1477/1477 1459/1459 1476/1476
f 1479/1479 1477/1477 1476/1476
f 1476/1476 1475/1475 1479/1479
f 1514/1514 1513/1513 1465/1465
f 1513/1513 1512/1512 1468/1468
f 1513/1513 1518/1518 1512/1512
f 6486/6486 6419/6419 6473/6473
f 5122/5122 5159/5159 5120/5120
f 5159/5159 5170/5170 5120/5120
f 1518/1518 1521/1521 1511/1511
f 5122/5122 5120/5120 5118/5118
f 4119/4119 4122/4122 4134/4134
f 4188/4188 4164/4164 4150/4150
f 6489/6489 6159/6159 6158/6158
f 4134/4134 4118/4118 4119/4119
f 4191/4191 4188/4188 4196/4196
f 929/929 887/887 955/955
f 6230/6230 6235/6235 6236/6236
f 6159/6159 6156/6156 6158/6158
f 5752/5752 5753/5753 5754/5754
f 955/955 885/885 920/920
f 4118/4118 4117/4117 4119/4119
f 6154/6154 6463/6463 6197/6197
f 6154/6154 6170/6170 6463/6463
f 2023/2023 2013/2013 2004/2004
f 772/772 770/770 769/769
f 777/777 785/785 776/776
f 6894/6894 6911/6911 6896/6896
f 6948/6948 6949/6949 6950/6950
f 6897/6897 6894/6894 6893/6893
f 6897/6897 6911/6911 6894/6894
f 6900/6900 6906/6906 6943/6943
f 6907/6907 6910/6910 6906/6906
f 823/823 847/847 785/785
f 6898/6898 6904/6904 6893/6893
f 6893/6893 6904/6904 6897/6897
f 4914/4914 4909/4909 4908/4908
f 4933/4933 4914/4914 4974/4974
f 5907/5907 5908/5908 5909/5909
f 4888/4888 4887/4887 4892/4892
f 326/326 342/342 324/324
f 326/326 324/324 323/323
f 352/352 360/360 270/270
f 2039/2039 2041/2041 2032/2032
f 430/430 429/429 428/428
f 3840/3840 3839/3839 3838/3838
f 3838/3838 3832/3832 3871/3871
f 3246/3246 3253/3253 3256/3256
f 3262/3262 3260/3260 3255/3255
f 3992/3992 3904/3904 3990/3990
f 3905/3905 3990/3990 3904/3904
f 3905/3905 3906/3906 3907/3907
f 3905/3905 3907/3907 3990/3990
f 3156/3156 3159/3159 3157/3157
f 3158/3158 3159/3159 3156/3156
f 3816/3816 3818/3818 3895/3895
f 3818/3818 3816/3816 3793/3793
f 206/206 205/205 207/207
f 709/709 710/710 706/706
f 711/711 614/614 706/706
f 2853/2853 2856/2856 2857/2857
f 1604/1604 1614/1614 1598/1598
f 1604/1604 1598/1598 1596/1596
f 641/641 565/565 572/572
f 572/572 705/705 641/641
f 691/691 659/659 692/692
f 692/692 704/704 696/696
f 6742/6742 6752/6752 6687/6687
f 6626/6626 6746/6746 6603/6603
f 3689/3689 3704/3704 3703/3703
f 3696/3696 3689/3689 3703/3703
f 3688/3688 3689/3689 3696/3696
f 4747/4747 4751/4751 4744/4744
f 3669/3669 3688/3688 3674/3674
f 4745/4745 4752/4752 4747/4747
f 4745/4745 4748/4748 4752/4752
f 4753/4753 4752/4752 4748/4748
f 3673/3673 3672/3672 3669/3669
f 4748/4748 4749/4749 4750/4750
f 2611/2611 2599/2599 2612/2612
f 1500/1500 1520/1520 1499/1499
f 2612/2612 2599/2599 2602/2602
f 2599/2599 2593/2593 2601/2601
f 2599/2599 2601/2601 2602/2602
f 1496/1496 1497/1497 1505/1505
f 2601/2601 2593/2593 2598/2598
f 2598/2598 2593/2593 2596/2596
f 1097/1097 1095/1095 1094/1094
f 2596/2596 2597/2597 2604/2604
f 1494/1494 1510/1510 1508/1508
f 4514/4514 4513/4513 4515/4515
f 2596/2596 2604/2604 2600/2600
f 1483/1483 1507/1507 1506/1506
f 2610/2610 2604/2604 2597/2597
f 2597/2597 2605/2605 2610/2610
f 1506/1506 1470/1470 1483/1483
f 1504/1504 1470/1470 1506/1506
f 1469/1469 1504/1504 1516/1516
f 1491/1491 1477/1477 1479/1479
f 6415/6415 6416/6416 6417/6417
f 6418/6418 6417/6417 6416/6416
f 6418/6418 6419/6419 6486/6486
f 4122/4122 4150/4150 4134/4134
f 4173/4173 4188/4188 4150/4150
f 929/929 886/886 887/887
f 6170/6170 6156/6156 6159/6159
f 885/885 887/887 886/886
f 5712/5712 5702/5702 5713/5713
f 5702/5702 5699/5699 5713/5713
f 5700/5700 5732/5732 5698/5698
f 5700/5700 5698/5698 5699/5699
f 6154/6154 6197/6197 6175/6175
f 6175/6175 6174/6174 6154/6154
f 2004/2004 2013/2013 1997/1997
f 2003/2003 1997/1997 1999/1999
f 773/773 780/780 770/770
f 779/779 770/770 780/780
f 770/770 779/779 771/771
f 771/771 779/779 775/775
f 777/777 823/823 785/785
f 6803/6803 6804/6804 6805/6805
f 6943/6943 6906/6906 6914/6914
f 6801/6801 6804/6804 6803/6803
f 6897/6897 6904/6904 6938/6938
f 6904/6904 6939/6939 6938/6938
f 6945/6945 6946/6946 6947/6947
f 6939/6939 6904/6904 6943/6943
f 4959/4959 4908/4908 4965/4965
f 4962/4962 4946/4946 4940/4940
f 285/285 287/287 413/413
f 4886/4886 4885/4885 4887/4887
f 287/287 285/285 284/284
f 274/274 273/273 277/277
f 328/328 332/332 326/326
f 2032/2032 2041/2041 2033/2033
f 2034/2034 2039/2039 2032/2032
f 2049/2049 2039/2039 2040/2040
f 2039/2039 2049/2049 2048/2048
f 428/428 429/429 426/426
f 427/427 428/428 426/426
f 3255/3255 3246/3246 3261/3261
f 3255/3255 3261/3261 3262/3262
f 3160/3160 3159/3159 3161/3161
f 3905/3905 3834/3834 3906/3906
f 3896/3896 3816/3816 3895/3895
f 3159/3159 3160/3160 3157/3157
f 706/706 707/707 709/709
f 706/706 614/614 697/697
f 697/697 614/614 693/693
f 3793/3793 3794/3794 3803/3803
f 614/614 569/569 693/693
f 3803/3803 3794/3794 3798/3798
f 3797/3797 3798/3798 3794/3794
f 3800/3800 3797/3797 3807/3807
f 3807/3807 3808/3808 3809/3809
f 3807/3807 3898/3898 3800/3800
f 2857/2857 2856/2856 2858/2858
f 2866/2866 2871/2871 2872/2872
f 5861/5861 5862/5862 5864/5864
f 1598/1598 1614/1614 1643/1643
f 5776/5776 5783/5783 5782/5782
f 6725/6725 6632/6632 6646/6646
f 169/169 170/170 167/167
f 658/658 629/629 713/713
f 694/694 691/691 695/695
f 691/691 696/696 695/695
f 691/691 692/692 696/696
f 704/704 757/757 753/753
f 6616/6616 6626/6626 6604/6604
f 6687/6687 6746/6746 6656/6656
f 1148/1148 1147/1147 1145/1145
f 4754/4754 4744/4744 4751/4751
f 4790/4790 4744/4744 4754/4754
f 3688/3688 3696/3696 3693/3693
f 3674/3674 3688/3688 3693/3693
f 4752/4752 4751/4751 4747/4747
f 3674/3674 3673/3673 3669/3669
f 4750/4750 4753/4753 4748/4748
f 3687/3687 3672/3672 3673/3673
f 1520/1520 1519/1519 1499/1499
f 1509/1509 1497/1497 1499/1499
f 1120/1120 1103/1103 1096/1096
f 1094/1094 1095/1095 1096/1096
f 2598/2598 2596/2596 2600/2600
f 2600/2600 2604/2604 2609/2609
f 2604/2604 2610/2610 2613/2613
f 2628/2628 2627/2627 2625/2625
f 6418/6418 6416/6416 6419/6419
f 6416/6416 6414/6414 6419/6419
f 4122/4122 4143/4143 4150/4150
f 4173/4173 4150/4150 4143/4143
f 5958/5958 5959/5959 5960/5960
f 929/929 957/957 891/891
f 6446/6446 6444/6444 6489/6489
f 891/891 886/886 929/929
f 5712/5712 5713/5713 5733/5733
f 6444/6444 6159/6159 6489/6489
f 6159/6159 6444/6444 6170/6170
f 883/883 885/885 886/886
f 6197/6197 6177/6177 6175/6175
f 5115/5115 5121/5121 5113/5113
f 5113/5113 5114/5114 5115/5115
f 5114/5114 5089/5089 5095/5095
f 2003/2003 1999/1999 2020/2020
f 2020/2020 2019/2019 2003/2003
f 786/786 773/773 793/793
f 786/786 780/780 773/773
f 796/796 780/780 786/786
f 780/780 796/796 799/799
f 780/780 799/799 779/779
f 5093/5093 5092/5092 5090/5090
f 790/790 779/779 799/799
f 790/790 775/775 779/779
f 790/790 787/787 775/775
f 781/781 775/775 787/787
f 775/775 781/781 777/777
f 822/822 777/777 781/781
f 6949/6949 6951/6951 6950/6950
f 3103/3103 3098/3098 3105/3105
f 777/777 822/822 823/823
f 3102/3102 3101/3101 3098/3098
f 3102/3102 3098/3098 3103/3103
f 6912/6912 6914/6914 6906/6906
f 6910/6910 6912/6912 6906/6906
f 6913/6913 6912/6912 6910/6910
f 4804/4804 4801/4801 4803/4803
f 4908/4908 4910/4910 4965/4965
f 4908/4908 4909/4909 4910/4910
f 284/284 278/278 282/282
f 276/276 278/278 277/277
f 328/328 326/326 323/323
f 360/360 395/395 359/359
f 3839/3839 3833/3833 3838/3838
f 3838/3838 3833/3833 3832/3832
f 3256/3256 3261/3261 3246/3246
f 3903/3903 3831/3831 3904/3904
f 3904/3904 3831/3831 3905/3905
f 3905/3905 3831/3831 3834/3834
f 5545/5545 5542/5542 5541/5541
f 3834/3834 3816/3816 3896/3896
f 206/206 204/204 205/205
f 706/706 697/697 707/707
f 3793/3793 3792/3792 3794/3794
f 3797/3797 3805/3805 3807/3807
f 3898/3898 3807/3807 3809/3809
f 568/568 565/565 569/569
f 2858/2858 2859/2859 2857/2857
f 2859/2859 2866/2866 2857/2857
f 2871/2871 2866/2866 2859/2859
f 1643/1643 1816/1816 1599/1599
f 1643/1643 1599/1599 1598/1598
f 1594/1594 1595/1595 1596/1596
f 1760/1760 1595/1595 1594/1594
f 1595/1595 1760/1760 1783/1783
f 5755/5755 5758/5758 5756/5756
f 169/169 167/167 168/168
f 168/168 167/167 166/166
f 170/170 183/183 167/167
f 170/170 244/244 183/183
f 630/630 656/656 655/655
f 656/656 657/657 694/694
f 737/737 696/696 753/753
f 696/696 704/704 753/753
f 6743/6743 6742/6742 6741/6741
f 6742/6742 6687/6687 6741/6741
f 1145/1145 1147/1147 1144/1144
f 3673/3673 3674/3674 3675/3675
f 3678/3678 3673/3673 3676/3676
f 3673/3673 3678/3678 3687/3687
f 1509/1509 1499/1499 1519/1519
f 1103/1103 1100/1100 1096/1096
f 1098/1098 1096/1096 1100/1100
f 1099/1099 1094/1094 1098/1098
f 1096/1096 1098/1098 1094/1094
f 2600/2600 2603/2603 2598/2598
f 4514/4514 4517/4517 4512/4512
f 2609/2609 2603/2603 2600/2600
f 2604/2604 2613/2613 2609/2609
f 2610/2610 2614/2614 2613/2613
f 2610/2610 2615/2615 2614/2614
f 6415/6415 6414/6414 6416/6416
f 4140/4140 4173/4173 4143/4143
f 4173/4173 4189/4189 4188/4188
f 6232/6232 6235/6235 6230/6230
f 6231/6231 6232/6232 6230/6230
f 5697/5697 5713/5713 5699/5699
f 6517/6517 6518/6518 6519/6519
f 5697/5697 5699/5699 5698/5698
f 6175/6175 6177/6177 6176/6176
f 6176/6176 6174/6174 6175/6175
f 5095/5095 5089/5089 5092/5092
f 2013/2013 2023/2023 1998/1998
f 2013/2013 1998/1998 1997/1997
f 6951/6951 6952/6952 6950/6950
f 6950/6950 6952/6952 6953/6953
f 3104/3104 3098/3098 3097/3097
f 3104/3104 3105/3105 3098/3098
f 6914/6914 6912/6912 6915/6915
f 3101/3101 3095/3095 3098/3098
f 3095/3095 3097/3097 3098/3098
f 6939/6939 6940/6940 6938/6938
f 4802/4802 4803/4803 4801/4801
f 6805/6805 6806/6806 6803/6803
f 4971/4971 4933/4933 4976/4976
f 413/413 287/287 414/414
f 4887/4887 4885/4885 4884/4884
f 4884/4884 4885/4885 4883/4883
f 287/287 284/284 282/282
f 4887/4887 4884/4884 4892/4892
f 277/277 273/273 276/276
f 2055/2055 2030/2030 2033/2033
f 2034/2034 2040/2040 2039/2039
f 395/395 427/427 377/377
f 2040/2040 2036/2036 2049/2049
f 3832/3832 3831/3831 3903/3903
f 3826/3826 3816/3816 3834/3834
f 204/204 202/202 205/205
f 697/697 693/693 698/698
f 3796/3796 3794/3794 3792/3792
f 3794/3794 3796/3796 3797/3797
f 3797/3797 3796/3796 3805/3805
f 3808/3808 3807/3807 3805/3805
f 3809/3809 3897/3897 3898/3898
f 3811/3811 3897/3897 3809/3809
f 2859/2859 2860/2860 2861/2861
f 2860/2860 2859/2859 2858/2858
f 565/565 641/641 569/569
f 2867/2867 2871/2871 2859/2859
f 5776/5776 5777/5777 5758/5758
f 705/705 716/716 641/641
f 5755/5755 5756/5756 5757/5757
f 717/717 716/716 658/658
f 713/713 717/717 658/658
f 6632/6632 6629/6629 6646/6646
f 6618/6618 6617/6617 6615/6615
f 694/694 695/695 656/656
f 695/695 696/696 737/737
f 6654/6654 6616/6616 6617/6617
f 6743/6743 6741/6741 6744/6744
f 4751/4751 4755/4755 4761/4761
f 4751/4751 4761/4761 4754/4754
f 1145/1145 1142/1142 1152/1152
f 3693/3693 3701/3701 3674/3674
f 4751/4751 4752/4752 4755/4755
f 3676/3676 3673/3673 3675/3675
f 3676/3676 3675/3675 3677/3677
f 3679/3679 3678/3678 3676/3676
f 3678/3678 3681/3681 3706/3706
f 1100/1100 1103/1103 1108/1108
f 2602/2602 2606/2606 2620/2620
f 2612/2612 2602/2602 2620/2620
f 2601/2601 2606/2606 2602/2602
f 2607/2607 2606/2606 2601/2601
f 2598/2598 2608/2608 2607/2607
f 2607/2607 2601/2601 2598/2598
f 2603/2603 2608/2608 2598/2598
f 4520/4520 4517/4517 4514/4514
f 4512/4512 4513/4513 4514/4514
f 2613/2613 2614/2614 2618/2618
f 2618/2618 2614/2614 2617/2617
f 1515/1515 1504/1504 1506/1506
f 2617/2617 2614/2614 2615/2615
f 6400/6400 6414/6414 6402/6402
f 6414/6414 6415/6415 6402/6402
f 6445/6445 6444/6444 6446/6446
f 889/889 886/886 891/891
f 6473/6473 6230/6230 6236/6236
f 6444/6444 6445/6445 6170/6170
f 4119/4119 4117/4117 4120/4120
f 6232/6232 6231/6231 6250/6250
f 6180/6180 6463/6463 6190/6190
f 6463/6463 6180/6180 6197/6197
f 4117/4117 4135/4135 4120/4120
f 4117/4117 4112/4112 4135/4135
f 6197/6197 6180/6180 6177/6177
f 4804/4804 4806/4806 4801/4801
f 4806/4806 4800/4800 4801/4801
f 4799/4799 4802/4802 4801/4801
f 4799/4799 4801/4801 4800/4800
f 4802/4802 4805/4805 4803/4803
f 5102/5102 5105/5105 5101/5101
f 6807/6807 6806/6806 6805/6805
f 4911/4911 4909/4909 4914/4914
f 4914/4914 4933/4933 4911/4911
f 4940/4940 4946/4946 4938/4938
f 4933/4933 4971/4971 4932/4932
f 4987/4987 4981/4981 4986/4986
f 295/295 287/287 282/282
f 324/324 329/329 304/304
f 324/324 304/304 323/323
f 2034/2034 2032/2032 2031/2031
f 426/426 377/377 427/427
f 2040/2040 2034/2034 2036/2036
f 3833/3833 3828/3828 3832/3832
f 3832/3832 3828/3828 3831/3831
f 3826/3826 3831/3831 3828/3828
f 3831/3831 3826/3826 3834/3834
f 3817/3817 3763/3763 3816/3816
f 5540/5540 5554/5554 5539/5539
f 202/202 227/227 205/205
f 3811/3811 3825/3825 3897/3897
f 2862/2862 2861/2861 2860/2860
f 2861/2861 2862/2862 2863/2863
f 1599/1599 1739/1739 1601/1601
f 2867/2867 2859/2859 2861/2861
f 1594/1594 1598/1598 1599/1599
f 1598/1598 1594/1594 1596/1596
f 5776/5776 5758/5758 5755/5755
f 6632/6632 6631/6631 6629/6629
f 251/251 183/183 244/244
f 695/695 738/738 656/656
f 695/695 737/737 738/738
f 6744/6744 6741/6741 6666/6666
f 3702/3702 3674/3674 3701/3701
f 3702/3702 3695/3695 3674/3674
f 3674/3674 3695/3695 3686/3686
f 3674/3674 3686/3686 3675/3675
f 3686/3686 3677/3677 3675/3675
f 3680/3680 3676/3676 3677/3677
f 3680/3680 3679/3679 3676/3676
f 3679/3679 3681/3681 3678/3678
f 4764/4764 4756/4756 4753/4753
f 2608/2608 2603/2603 2619/2619
f 2609/2609 2619/2619 2603/2603
f 4513/4513 4511/4511 4519/4519
f 4513/4513 4512/4512 4511/4511
f 2609/2609 2613/2613 2616/2616
f 2613/2613 2618/2618 2616/2616
f 1516/1516 1504/1504 1515/1515
f 1469/1469 1516/1516 1514/1514
f 2615/2615 2623/2623 2622/2622
f 2624/2624 2622/2622 2623/2623
f 2623/2623 2625/2625 2624/2624
f 1514/1514 1526/1526 1513/1513
f 5130/5130 5166/5166 5159/5159
f 6419/6419 6254/6254 6473/6473
f 5122/5122 5130/5130 5159/5159
f 4122/4122 4123/4123 4143/4143
f 4123/4123 4140/4140 4143/4143
f 4173/4173 4184/4184 4189/4189
f 6473/6473 6226/6226 6230/6230
f 5713/5713 5697/5697 5733/5733
f 6445/6445 6447/6447 6170/6170
f 6518/6518 6520/6520 6519/6519
f 5814/5814 5813/5813 5815/5815
f 6250/6250 6231/6231 6233/6233
f 5696/5696 5697/5697 5698/5698
f 6190/6190 6184/6184 6180/6180
f 6184/6184 6179/6179 6180/6180
f 6177/6177 6178/6178 6176/6176
f 4136/4136 4120/4120 4135/4135
f 6180/6180 6179/6179 6177/6177
f 883/883 880/880 884/884
f 1999/1999 2001/2001 2020/2020
f 6950/6950 6953/6953 6954/6954
f 3097/3097 3094/3094 3104/3104
f 6805/6805 6804/6804 6812/6812
f 4799/4799 4795/4795 4802/4802
f 4911/4911 4933/4933 4932/4932
f 4932/4932 4971/4971 4966/4966
f 4939/4939 4940/4940 4938/4938
f 4980/4980 4986/4986 4981/4981
f 295/295 282/282 283/283
f 282/282 278/278 276/276
f 274/274 262/262 269/269
f 274/274 269/269 273/273
f 268/268 263/263 270/270
f 360/360 359/359 270/270
f 2032/2032 2033/2033 2030/2030
f 2032/2032 2030/2030 2031/2031
f 377/377 359/359 395/395
f 3826/3826 3817/3817 3816/3816
f 3793/3793 3816/3816 3763/3763
f 5541/5541 5540/5540 5525/5525
f 3793/3793 3763/3763 3760/3760
f 204/204 203/203 202/202
f 3760/3760 3791/3791 3793/3793
f 707/707 697/697 708/708
f 3791/3791 3792/3792 3793/3793
f 3792/3792 3854/3854 3796/3796
f 3854/3854 3853/3853 3796/3796
f 3853/3853 3805/3805 3796/3796
f 3824/3824 3825/3825 3822/3822
f 3825/3825 3811/3811 3822/3822
f 2862/2862 2865/2865 2864/2864
f 2863/2863 2862/2862 2864/2864
f 1594/1594 1599/1599 1600/1600
f 6631/6631 6630/6630 6629/6629
f 164/164 233/233 166/166
f 166/166 167/167 165/165
f 6646/6646 6629/6629 6623/6623
f 713/713 655/655 717/717
f 655/655 656/656 741/741
f 6617/6617 6618/6618 6620/6620
f 741/741 738/738 758/758
f 738/738 737/737 758/758
f 737/737 759/759 758/758
f 1142/1142 1144/1144 1143/1143
f 4759/4759 4761/4761 4755/4755
f 4752/4752 4753/4753 4756/4756
f 3690/3690 3679/3679 3680/3680
f 2971/2971 2973/2973 2970/2970
f 2971/2971 2978/2978 2973/2973
f 1108/1108 1106/1106 1100/1100
f 4765/4765 4756/4756 4764/4764
f 4764/4764 4766/4766 4765/4765
f 1100/1100 1106/1106 1098/1098
f 1106/1106 1101/1101 1098/1098
f 1098/1098 1101/1101 1099/1099
f 1101/1101 1102/1102 1099/1099
f 4517/4517 4518/4518 4512/4512
f 4512/4512 4510/4510 4511/4511
f 4778/4778 4777/4777 4775/4775
f 1506/1506 1517/1517 1515/1515
f 1515/1515 1523/1523 1516/1516
f 1514/1514 1527/1527 1526/1526
f 6266/6266 6254/6254 6414/6414
f 6419/6419 6414/6414 6254/6254
f 6414/6414 6400/6400 6266/6266
f 5166/5166 5130/5130 5131/5131
f 4140/4140 4184/4184 4173/4173
f 5130/5130 5122/5122 5129/5129
f 1513/1513 1522/1522 1518/1518
f 957/957 919/919 891/891
f 5697/5697 5696/5696 5695/5695
f 5118/5118 5121/5121 5122/5122
f 868/868 869/869 867/867
f 2023/2023 2015/2015 1998/1998
f 1997/1997 1998/1998 1999/1999
f 793/793 818/818 794/794
f 794/794 786/786 793/793
f 802/802 790/790 799/799
f 6923/6923 6920/6920 6924/6924
f 6915/6915 6916/6916 6917/6917
f 6912/6912 6916/6916 6915/6915
f 4454/4454 4450/4450 4452/4452
f 4450/4450 4451/4451 4452/4452
f 6812/6812 6809/6809 6805/6805
f 4800/4800 4796/4796 4799/4799
f 4802/4802 4798/4798 4805/4805
f 4802/4802 4795/4795 4798/4798
f 4796/4796 4795/4795 4799/4799
f 6805/6805 6809/6809 6807/6807
f 4910/4910 4909/4909 4911/4911
f 4913/4913 4912/4912 4911/4911
f 4932/4932 4913/4913 4911/4911
f 4966/4966 4925/4925 4932/4932
f 4957/4957 4939/4939 4931/4931
f 4979/4979 4980/4980 4981/4981
f 4883/4883 4879/4879 4882/4882
f 4883/4883 4882/4882 4884/4884
f 282/282 276/276 283/283
f 290/290 295/295 283/283
f 346/346 295/295 290/290
f 304/304 329/329 325/325
f 262/262 263/263 268/268
f 2031/2031 2035/2035 2034/2034
f 371/371 359/359 377/377
f 2034/2034 2035/2035 2036/2036
f 3826/3826 3828/3828 3827/3827
f 3826/3826 3827/3827 3817/3817
f 227/227 202/202 228/228
f 203/203 201/201 202/202
f 3789/3789 3854/3854 3792/3792
f 3805/3805 3853/3853 3837/3837
f 3808/3808 3805/3805 3837/3837
f 3811/3811 3810/3810 3822/3822
f 569/569 641/641 702/702
f 1599/1599 1601/1601 1600/1600
f 1640/1640 1594/1594 1600/1600
f 1594/1594 1640/1640 1760/1760
f 6629/6629 6630/6630 6624/6624
f 165/165 164/164 166/166
f 6629/6629 6624/6624 6623/6623
f 738/738 741/741 656/656
f 6656/6656 6678/6678 6687/6687
f 6746/6746 6626/6626 6654/6654
f 6616/6616 6654/6654 6626/6626
f 1144/1144 1149/1149 1143/1143
f 1145/1145 1144/1144 1142/1142
f 1138/1138 1139/1139 1152/1152
f 1157/1157 1139/1139 1122/1122
f 1139/1139 1138/1138 1122/1122
f 3695/3695 3685/3685 3686/3686
f 1157/1157 1122/1122 1132/1132
f 1108/1108 1109/1109 1106/1106
f 4765/4765 4760/4760 4756/4756
f 4767/4767 4765/4765 4766/4766
f 4767/4767 4776/4776 4773/4773
f 4766/4766 4776/4776 4767/4767
f 4776/4776 4775/4775 4773/4773
f 4518/4518 4510/4510 4512/4512
f 4777/4777 4778/4778 4780/4780
f 1523/1523 1517/1517 1524/1524
f 1515/1515 1517/1517 1523/1523
f 4783/4783 4777/4777 4780/4780
f 4821/4821 4815/4815 4814/4814
f 4822/4822 4815/4815 4821/4821
f 4822/4822 4820/4820 4815/4815
f 2621/2621 2618/2618 2617/2617
f 1525/1525 1516/1516 1523/1523
f 2617/2617 2615/2615 2621/2621
f 2621/2621 2615/2615 2622/2622
f 1516/1516 1527/1527 1514/1514
f 1526/1526 1529/1529 1513/1513
f 6400/6400 6263/6263 6266/6266
f 6448/6448 6445/6445 6449/6449
f 6400/6400 6401/6401 6263/6263
f 6400/6400 6402/6402 6401/6401
f 5129/5129 5131/5131 5130/5130
f 919/919 957/957 964/964
f 5933/5933 5934/5934 5935/5935
f 919/919 932/932 905/905
f 919/919 905/905 889/889
f 919/919 889/889 891/891
f 5695/5695 5733/5733 5697/5697
f 886/886 888/888 883/883
f 5115/5115 5114/5114 5116/5116
f 5114/5114 5095/5095 5116/5116
f 880/880 870/870 868/868
f 868/868 870/870 869/869
f 786/786 795/795 796/796
f 6920/6920 6925/6925 6924/6924
f 6922/6922 6920/6920 6923/6923
f 6912/6912 6928/6928 6916/6916
f 6912/6912 6913/6913 6928/6928
f 3097/3097 3095/3095 3094/3094
f 6941/6941 6938/6938 6940/6940
f 6941/6941 6940/6940 6942/6942
f 5101/5101 5105/5105 5011/5011
f 6810/6810 6806/6806 6807/6807
f 5011/5011 5105/5105 5034/5034
f 4910/4910 4969/4969 4965/4965
f 4938/4938 4946/4946 4950/4950
f 4967/4967 4926/4926 4966/4966
f 4982/4982 4980/4980 4979/4979
f 4983/4983 4982/4982 4979/4979
f 4882/4882 4879/4879 4881/4881
f 344/344 346/346 290/290
f 297/297 304/304 325/325
f 325/325 335/335 297/297
f 304/304 300/300 323/323
f 268/268 269/269 262/262
f 5546/5546 5541/5541 5543/5543
f 5546/5546 5543/5543 5544/5544
f 425/425 426/426 429/429
f 377/377 426/426 425/425
f 425/425 424/424 377/377
f 2035/2035 2037/2037 2036/2036
f 2036/2036 2037/2037 2038/2038
f 3829/3829 3827/3827 3828/3828
f 3817/3817 3827/3827 3830/3830
f 3830/3830 3764/3764 3817/3817
f 3817/3817 3764/3764 3763/3763
f 202/202 200/200 228/228
f 200/200 202/202 201/201
f 3791/3791 3760/3760 3769/3769
f 699/699 708/708 697/697
f 697/697 698/698 699/699
f 699/699 698/698 700/700
f 698/698 693/693 700/700
f 3855/3855 3854/3854 3789/3789
f 3854/3854 3855/3855 3853/3853
f 3811/3811 3809/3809 3810/3810
f 3810/3810 3823/3823 3822/3822
f 3823/3823 3824/3824 3822/3822
f 1601/1601 1768/1768 1602/1602
f 1640/1640 1815/1815 1760/1760
f 5777/5777 5776/5776 5782/5782
f 183/183 165/165 167/167
f 741/741 758/758 760/760
f 758/758 759/759 760/760
f 6654/6654 6656/6656 6746/6746
f 1152/1152 1142/1142 1138/1138
f 1156/1156 1132/1132 1131/1131
f 3685/3685 3698/3698 3683/3683
f 1156/1156 1157/1157 1132/1132
f 3677/3677 3685/3685 3683/3683
f 3686/3686 3685/3685 3677/3677
f 3682/3682 3677/3677 3683/3683
f 3682/3682 3680/3680 3677/3677
f 4755/4755 4752/4752 4757/4757
f 3690/3690 3680/3680 3682/3682
f 4752/4752 4756/4756 4757/4757
f 4757/4757 4756/4756 4760/4760
f 2970/2970 2966/2966 2971/2971
f 2970/2970 2969/2969 2966/2966
f 4760/4760 4765/4765 4769/4769
f 4765/4765 4767/4767 4769/4769
f 1110/1110 1101/1101 1106/1106
f 1104/1104 1102/1102 1101/1101
f 4518/4518 4508/4508 4510/4510
f 4775/4775 4777/4777 4774/4774
f 4510/4510 4509/4509 4511/4511
f 4779/4779 4774/4774 4777/4777
f 4779/4779 4777/4777 4783/4783
f 2629/2629 2621/2621 2622/2622
f 2622/2622 2624/2624 2630/2630
f 2630/2630 2624/2624 2626/2626
f 2624/2624 2625/2625 2626/2626
f 6266/6266 6256/6256 6254/6254
f 2625/2625 2627/2627 2626/2626
f 4121/4121 4123/4123 4122/4122
f 905/905 904/904 889/889
f 4121/4121 4122/4122 4119/4119
f 6445/6445 6448/6448 6447/6447
f 5796/5796 5811/5811 5814/5814
f 5814/5814 5811/5811 5813/5813
f 6231/6231 6230/6230 6227/6227
f 6227/6227 6233/6233 6231/6231
f 5695/5695 5696/5696 5694/5694
f 6184/6184 6198/6198 6179/6179
f 882/882 880/880 883/883
f 1998/1998 2015/2015 2000/2000
f 796/796 798/798 799/799
f 5093/5093 5101/5101 5150/5150
f 6849/6849 6852/6852 6850/6850
f 6849/6849 6850/6850 6851/6851
f 3094/3094 3095/3095 3096/3096
f 6812/6812 6837/6837 6809/6809
f 6837/6837 6811/6811 6809/6809
f 3095/3095 3100/3100 3096/3096
f 3101/3101 3100/3100 3095/3095
f 6809/6809 6811/6811 6807/6807
f 6807/6807 6811/6811 6810/6810
f 4951/4951 4938/4938 4950/4950
f 4951/4951 4950/4950 4963/4963
f 4969/4969 4910/4910 4912/4912
f 4932/4932 4925/4925 4913/4913
f 4939/4939 4938/4938 4931/4931
f 4925/4925 4966/4966 4926/4926
f 4926/4926 4958/4958 4931/4931
f 4967/4967 4958/4958 4926/4926
f 4931/4931 4958/4958 4957/4957
f 4982/4982 4983/4983 4984/4984
f 4985/4985 4984/4984 4983/4983
f 4879/4879 4880/4880 4881/4881
f 291/291 344/344 290/290
f 335/335 344/344 291/291
f 297/297 335/335 291/291
f 5541/5541 5515/5515 5543/5543
f 2031/2031 2026/2026 2035/2035
f 458/458 425/425 429/429
f 3829/3829 3849/3849 3827/3827
f 3830/3830 3766/3766 3764/3764
f 3766/3766 3765/3765 3764/3764
f 3761/3761 3764/3764 3765/3765
f 3761/3761 3763/3763 3764/3764
f 5525/5525 5539/5539 5538/5538
f 3763/3763 3761/3761 3760/3760
f 3760/3760 3761/3761 3762/3762
f 3760/3760 3762/3762 3769/3769
f 3809/3809 3808/3808 3810/3810
f 1767/1767 1766/1766 1782/1782
f 1782/1782 1766/1766 1768/1768
f 1768/1768 1766/1766 1602/1602
f 1601/1601 1602/1602 1600/1600
f 1815/1815 1640/1640 1699/1699
f 5768/5768 5758/5758 5777/5777
f 5759/5759 5756/5756 5758/5758
f 6633/6633 6624/6624 6630/6630
f 6635/6635 6633/6633 6630/6630
f 165/165 183/183 237/237
f 251/251 237/237 183/183
f 6623/6623 6622/6622 6618/6618
f 6642/6642 6655/6655 6654/6654
f 6617/6617 6642/6642 6654/6654
f 1149/1149 1151/1151 1143/1143
f 4761/4761 4759/4759 4771/4771
f 3683/3683 3698/3698 3694/3694
f 4755/4755 4758/4758 4759/4759
f 2976/2976 2969/2969 2970/2970
f 2971/2971 2966/2966 2977/2977
f 1109/1109 1110/1110 1106/1106
f 4767/4767 4770/4770 4769/4769
f 4773/4773 4770/4770 4767/4767
f 4773/4773 4775/4775 4774/4774
f 1104/1104 1105/1105 1102/1102
f 4510/4510 4508/4508 4509/4509
f 1523/1523 1524/1524 1525/1525
f 4813/4813 4815/4815 4820/4820
f 4820/4820 4823/4823 4813/4813
f 5795/5795 5797/5797 5798/5798
f 5131/5131 5132/5132 5165/5165
f 5129/5129 5132/5132 5131/5131
f 4140/4140 4185/4185 4184/4184
f 5736/5736 5733/5733 5735/5735
f 886/886 889/889 888/888
f 5122/5122 5121/5121 5128/5128
f 5733/5733 5695/5695 5693/5693
f 4120/4120 4121/4121 4119/4119
f 6227/6227 6230/6230 6226/6226
f 6233/6233 6227/6227 6234/6234
f 5695/5695 5694/5694 5693/5693
f 6181/6181 6179/6179 6198/6198
f 6179/6179 6181/6181 6178/6178
f 6179/6179 6178/6178 6177/6177
f 883/883 888/888 882/882
f 880/880 882/882 881/881
f 880/880 881/881 870/870
f 5096/5096 5035/5035 5092/5092
f 789/789 790/790 802/802
f 790/790 789/789 787/787
f 5150/5150 5101/5101 5011/5011
f 781/781 819/819 822/822
f 6921/6921 6920/6920 6922/6922
f 6917/6917 6916/6916 6918/6918
f 6918/6918 6916/6916 6919/6919
f 3094/3094 3096/3096 3099/3099
f 4450/4450 4455/4455 4453/4453
f 4451/4451 4450/4450 4453/4453
f 4798/4798 4795/4795 4797/4797
f 4795/4795 4796/4796 4797/4797
f 4911/4911 4912/4912 4910/4910
f 4925/4925 4923/4923 4913/4913
f 276/276 273/273 272/272
f 268/268 271/271 269/269
f 272/272 273/273 269/269
f 425/425 458/458 459/459
f 445/445 425/425 459/459
f 2026/2026 2028/2028 2035/2035
f 371/371 377/377 424/424
f 2035/2035 2028/2028 2037/2037
f 3829/3829 3851/3851 3849/3849
f 3827/3827 3849/3849 3845/3845
f 3827/3827 3845/3845 3830/3830
f 201/201 197/197 200/200
f 201/201 215/215 197/197
f 3771/3771 3791/3791 3769/3769
f 700/700 693/693 701/701
f 701/701 693/693 702/702
f 3791/3791 3789/3789 3792/3792
f 693/693 569/569 702/702
f 3863/3863 3853/3853 3855/3855
f 3853/3853 3863/3863 3837/3837
f 3810/3810 3808/3808 3814/3814
f 4464/4464 4463/4463 4466/4466
f 4466/4466 4463/4463 4467/4467
f 1613/1613 1602/1602 1766/1766
f 1613/1613 1766/1766 1767/1767
f 1699/1699 1640/1640 1600/1600
f 5777/5777 5787/5787 5768/5768
f 741/741 717/717 655/655
f 6642/6642 6617/6617 6620/6620
f 6654/6654 6655/6655 6656/6656
f 1142/1142 1143/1143 1141/1141
f 4771/4771 4759/4759 4762/4762
f 1142/1142 1141/1141 1138/1138
f 4758/4758 4762/4762 4759/4759
f 4755/4755 4757/4757 4758/4758
f 1101/1101 1110/1110 1104/1104
f 1110/1110 1111/1111 1104/1104
f 4773/4773 4774/4774 4770/4770
f 4506/4506 4507/4507 4509/4509
f 4506/4506 4509/4509 4508/4508
f 1524/1524 1528/1528 1525/1525
f 4815/4815 4813/4813 4814/4814
f 1525/1525 1528/1528 1516/1516
f 1516/1516 1528/1528 1527/1527
f 2631/2631 2630/2630 2632/2632
f 2630/2630 2626/2626 2632/2632
f 6259/6259 6256/6256 6266/6266
f 6266/6266 6263/6263 6259/6259
f 5132/5132 5129/5129 5133/5133
f 4175/4175 4185/4185 4140/4140
f 906/906 905/905 932/932
f 5733/5733 5693/5693 5735/5735
f 5811/5811 5812/5812 5813/5813
f 6227/6227 6276/6276 6234/6234
f 5693/5693 5692/5692 5690/5690
f 5693/5693 5694/5694 5692/5692
f 5095/5095 5097/5097 5116/5116
f 2015/2015 2002/2002 2000/2000
f 1998/1998 2000/2000 1999/1999
f 5193/5193 5195/5195 5180/5180
f 5191/5191 5197/5197 5193/5193
f 5176/5176 5191/5191 5193/5193
f 5194/5194 5197/5197 5191/5191
f 5096/5096 5092/5092 5093/5093
f 781/781 788/788 819/819
f 6920/6920 6921/6921 6918/6918
f 6913/6913 6929/6929 6928/6928
f 6829/6829 6826/6826 6837/6837
f 3108/3108 3099/3099 3106/3106
f 3106/3106 3099/3099 3096/3096
f 4455/4455 4456/4456 4453/4453
f 6826/6826 6811/6811 6837/6837
f 3100/3100 3107/3107 3106/3106
f 4797/4797 4807/4807 4798/4798
f 6826/6826 6810/6810 6811/6811
f 6810/6810 6826/6826 6827/6827
f 6827/6827 6833/6833 6810/6810
f 5034/5034 5045/5045 5015/5015
f 5045/5045 5038/5038 5015/5015
f 4912/4912 4913/4913 4921/4921
f 4913/4913 4923/4923 4921/4921
f 4926/4926 4923/4923 4925/4925
f 4931/4931 4930/4930 4926/4926
f 283/283 276/276 288/288
f 304/304 297/297 300/300
f 270/270 359/359 268/268
f 271/271 268/268 359/359
f 2030/2030 2026/2026 2031/2031
f 424/424 425/425 444/444
f 424/424 444/444 371/371
f 5541/5541 5525/5525 5515/5515
f 3766/3766 3768/3768 3765/3765
f 5525/5525 5538/5538 5530/5530
f 3761/3761 3765/3765 3767/3767
f 3765/3765 3768/3768 3767/3767
f 3762/3762 3761/3761 3767/3767
f 5555/5555 5530/5530 5538/5538
f 3767/3767 3770/3770 3762/3762
f 3769/3769 3770/3770 3771/3771
f 3762/3762 3770/3770 3769/3769
f 3771/3771 3788/3788 3789/3789
f 3771/3771 3789/3789 3791/3791
f 3837/3837 3820/3820 3808/3808
f 3808/3808 3820/3820 3814/3814
f 3820/3820 3821/3821 3814/3814
f 4464/4464 4472/4472 4465/4465
f 4463/4463 4464/4464 4465/4465
f 1699/1699 1600/1600 1605/1605
f 716/716 717/717 733/733
f 231/231 165/165 237/237
f 6620/6620 6618/6618 6622/6622
f 1138/1138 1141/1141 1123/1123
f 1138/1138 1123/1123 1122/1122
f 3683/3683 3694/3694 3684/3684
f 3683/3683 3684/3684 3682/3682
f 4758/4758 4757/4757 4768/4768
f 4768/4768 4757/4757 4763/4763
f 4757/4757 4760/4760 4763/4763
f 4760/4760 4769/4769 4763/4763
f 4774/4774 4779/4779 4781/4781
f 4781/4781 4779/4779 4783/4783
f 4785/4785 4781/4781 4783/4783
f 4814/4814 4813/4813 4812/4812
f 2629/2629 2622/2622 2630/2630
f 6259/6259 6263/6263 6262/6262
f 5795/5795 5796/5796 5797/5797
f 5161/5161 5165/5165 5132/5132
f 4142/4142 4175/4175 4140/4140
f 4131/4131 4140/4140 4123/4123
f 6226/6226 6473/6473 6254/6254
f 4826/4826 4831/4831 4830/4830
f 906/906 911/911 904/904
f 905/905 906/906 904/904
f 5735/5735 5693/5693 5734/5734
f 5796/5796 5810/5810 5811/5811
f 5129/5129 5122/5122 5128/5128
f 5811/5811 5810/5810 5812/5812
f 5734/5734 5693/5693 5690/5690
f 6276/6276 6227/6227 6228/6228
f 5690/5690 5692/5692 5691/5691
f 5138/5138 5121/5121 5115/5115
f 5097/5097 5095/5095 5035/5035
f 1999/1999 2000/2000 2001/2001
f 3285/3285 3278/3278 3280/3280
f 5180/5180 5195/5195 5199/5199
f 5182/5182 5180/5180 5199/5199
f 5182/5182 5181/5181 5180/5180
f 3277/3277 3281/3281 3280/3280
f 3280/3280 3278/3278 3277/3277
f 3278/3278 3270/3270 3277/3277
f 5195/5195 5193/5193 5198/5198
f 5193/5193 5180/5180 5178/5178
f 5198/5198 5193/5193 5197/5197
f 5176/5176 5193/5193 5178/5178
f 3269/3269 3266/3266 3270/3270
f 3266/3266 3269/3269 3267/3267
f 5187/5187 5191/5191 5176/5176
f 5194/5194 5191/5191 5187/5187
f 3272/3272 3271/3271 3267/3267
f 5187/5187 5192/5192 5194/5194
f 5187/5187 5188/5188 5192/5192
f 3275/3275 3271/3271 3272/3272
f 3275/3275 3272/3272 3288/3288
f 5196/5196 5192/5192 5188/5188
f 5093/5093 5150/5150 5013/5013
f 5150/5150 5011/5011 5013/5013
f 787/787 788/788 781/781
f 6829/6829 6830/6830 6828/6828
f 6927/6927 6925/6925 6920/6920
f 6926/6926 6927/6927 6920/6920
f 6918/6918 6919/6919 6920/6920
f 6916/6916 6928/6928 6919/6919
f 6826/6826 6829/6829 6828/6828
f 3096/3096 3100/3100 3106/3106
f 5034/5034 5015/5015 5011/5011
f 290/290 283/283 288/288
f 276/276 272/272 275/275
f 269/269 271/271 272/272
f 5543/5543 5515/5515 5544/5544
f 444/444 425/425 445/445
f 3849/3849 3850/3850 3845/3845
f 3845/3845 3844/3844 3830/3830
f 3766/3766 3844/3844 3846/3846
f 3766/3766 3830/3830 3844/3844
f 3766/3766 3846/3846 3773/3773
f 3773/3773 3768/3768 3766/3766
f 3861/3861 3771/3771 3770/3770
f 3771/3771 3861/3861 3788/3788
f 3789/3789 3788/3788 3785/3785
f 3788/3788 3783/3783 3785/3785
f 3855/3855 3789/3789 3787/3787
f 3864/3864 3855/3855 3787/3787
f 3855/3855 3864/3864 3863/3863
f 3837/3837 3863/3863 3820/3820
f 3820/3820 3863/3863 3795/3795
f 4468/4468 4465/4465 4469/4469
f 4469/4469 4465/4465 4472/4472
f 4465/4465 4468/4468 4463/4463
f 1602/1602 1603/1603 1600/1600
f 6634/6634 6624/6624 6633/6633
f 6623/6623 6624/6624 6622/6622
f 759/759 761/761 760/760
f 1160/1160 1130/1130 1134/1134
f 4762/4762 4758/4758 4772/4772
f 3691/3691 3684/3684 3692/3692
f 4758/4758 4768/4768 4772/4772
f 3682/3682 3684/3684 3691/3691
f 2976/2976 2972/2972 2969/2969
f 4763/4763 4769/4769 4788/4788
f 3242/3242 3237/3237 3243/3243
f 2966/2966 2967/2967 2977/2977
f 3242/3242 3240/3240 3237/3237
f 1110/1110 1112/1112 1111/1111
f 1111/1111 1107/1107 1104/1104
f 4770/4770 4774/4774 4782/4782
f 1104/1104 1107/1107 1105/1105
f 1107/1107 1115/1115 1105/1105
f 4774/4774 4781/4781 4782/4782
f 4506/4506 4508/4508 4505/4505
f 6262/6262 6260/6260 6259/6259
f 6260/6260 6258/6258 6259/6259
f 6259/6259 6258/6258 6256/6256
f 5161/5161 5132/5132 5134/5134
f 4142/4142 4140/4140 4131/4131
f 961/961 906/906 932/932
f 5132/5132 5133/5133 5134/5134
f 904/904 911/911 910/910
f 5133/5133 5129/5129 5137/5137
f 890/890 889/889 904/904
f 5137/5137 5129/5129 5128/5128
f 5810/5810 5796/5796 5809/5809
f 6227/6227 6224/6224 6228/6228
f 5816/5816 5812/5812 5810/5810
f 5690/5690 5691/5691 5689/5689
f 6198/6198 6183/6183 6181/6181
f 5138/5138 5115/5115 5072/5072
f 5115/5115 5116/5116 5072/5072
f 870/870 871/871 869/869
f 2015/2015 2021/2021 2002/2002
f 2000/2000 2002/2002 2001/2001
f 5035/5035 5095/5095 5092/5092
f 3499/3499 3498/3498 3495/3495
f 3499/3499 3495/3495 3491/3491
f 3280/3280 3281/3281 3290/3290
f 3290/3290 3285/3285 3280/3280
f 5182/5182 5185/5185 5181/5181
f 5181/5181 5179/5179 5180/5180
f 5180/5180 5179/5179 5178/5178
f 3277/3277 3270/3270 3276/3276
f 5174/5174 5178/5178 5179/5179
f 3270/3270 3266/3266 3276/3276
f 5178/5178 5174/5174 5176/5176
f 5174/5174 5173/5173 5176/5176
f 799/799 798/798 800/800
f 5176/5176 5173/5173 5187/5187
f 3266/3266 3267/3267 3268/3268
f 5173/5173 5175/5175 5187/5187
f 3268/3268 3267/3267 3271/3271
f 5175/5175 5189/5189 5188/5188
f 5187/5187 5175/5175 5188/5188
f 5188/5188 5190/5190 5196/5196
f 5188/5188 5189/5189 5190/5190
f 5096/5096 5093/5093 5013/5013
f 800/800 801/801 799/799
f 799/799 801/801 802/802
f 6828/6828 6832/6832 6827/6827
f 6828/6828 6827/6827 6826/6826
f 5015/5015 5010/5010 5011/5011
f 6833/6833 6827/6827 6836/6836
f 4945/4945 4938/4938 4951/4951
f 5015/5015 5038/5038 5020/5020
f 5020/5020 5038/5038 5030/5030
f 4921/4921 4923/4923 4947/4947
f 4937/4937 4931/4931 4938/4938
f 272/272 271/271 275/275
f 5514/5514 5544/5544 5515/5515
f 459/459 458/458 460/460
f 371/371 444/444 447/447
f 444/444 445/445 446/446
f 446/446 447/447 444/444
f 3849/3849 3851/3851 3850/3850
f 3844/3844 3845/3845 3850/3850
f 3767/3767 3768/3768 3772/3772
f 3767/3767 3772/3772 3774/3774
f 3770/3770 3767/3767 3774/3774
f 5555/5555 5526/5526 5530/5530
f 199/199 200/200 197/197
f 198/198 199/199 197/197
f 3861/3861 3862/3862 3788/3788
f 3770/3770 3774/3774 3861/3861
f 3861/3861 3774/3774 3862/3862
f 196/196 197/197 215/215
f 700/700 701/701 703/703
f 703/703 701/701 720/720
f 701/701 702/702 720/720
f 3820/3820 3795/3795 3821/3821
f 4468/4468 4474/4474 4463/4463
f 1602/1602 1613/1613 1603/1603
f 1613/1613 1611/1611 1603/1603
f 1605/1605 1813/1813 1699/1699
f 5759/5759 5758/5758 5760/5760
f 164/164 165/165 163/163
f 741/741 760/760 754/754
f 761/761 754/754 760/760
f 6655/6655 6642/6642 6729/6729
f 6729/6729 6642/6642 6620/6620
f 6666/6666 6687/6687 6678/6678
f 1150/1150 1143/1143 1151/1151
f 1143/1143 1150/1150 1146/1146
f 5601/5601 5609/5609 5586/5586
f 5601/5601 5611/5611 5609/5609
f 1125/1125 1132/1132 1122/1122
f 1155/1155 1160/1160 1134/1134
f 3699/3699 3692/3692 3684/3684
f 5609/5609 5594/5594 5586/5586
f 5594/5594 5608/5608 5595/5595
f 5608/5608 5612/5612 5595/5595
f 5595/5595 5612/5612 5603/5603
f 2965/2965 2967/2967 2966/2966
f 4784/4784 4786/4786 4770/4770
f 4499/4499 4507/4507 4506/4506
f 5801/5801 5800/5800 5802/5802
f 2631/2631 2629/2629 2630/2630
f 5800/5800 5799/5799 5798/5798
f 5798/5798 5799/5799 5795/5795
f 5164/5164 5134/5134 5139/5139
f 5164/5164 5161/5161 5134/5134
f 4175/4175 4142/4142 4186/4186
f 942/942 911/911 906/906
f 961/961 942/942 906/906
f 6254/6254 6253/6253 6226/6226
f 6226/6226 6224/6224 6227/6227
f 6224/6224 6229/6229 6228/6228
f 5809/5809 5816/5816 5810/5810
f 5734/5734 5690/5690 5688/5688
f 5690/5690 5689/5689 5688/5688
f 6181/6181 6183/6183 6182/6182
f 6181/6181 6182/6182 6178/6178
f 5121/5121 5138/5138 5128/5128
f 882/882 888/888 933/933
f 7136/7136 7135/7135 7133/7133
f 7136/7136 7133/7133 7137/7137
f 7137/7137 7133/7133 7138/7138
f 7139/7139 7137/7137 7138/7138
f 5116/5116 5097/5097 5072/5072
f 934/934 870/870 881/881
f 871/871 870/870 934/934
f 5035/5035 5096/5096 5016/5016
f 786/786 794/794 795/795
f 3500/3500 3496/3496 3498/3498
f 3498/3498 3496/3496 3495/3495
f 5181/5181 5183/5183 5179/5179
f 3277/3277 3276/3276 3281/3281
f 795/795 797/797 796/796
f 5174/5174 5171/5171 5173/5173
f 798/798 796/796 797/797
f 3276/3276 3266/3266 3268/3268
f 5173/5173 5172/5172 5175/5175
f 5171/5171 5172/5172 5173/5173
f 5016/5016 5096/5096 5013/5013
f 3273/3273 3274/3274 3268/3268
f 3268/3268 3271/3271 3273/3273
f 844/844 845/845 800/800
f 798/798 844/844 800/800
f 3275/3275 3282/3282 3273/3273
f 3275/3275 3273/3273 3271/3271
f 2735/2735 2731/2731 2741/2741
f 2735/2735 2730/2730 2731/2731
f 2729/2729 2725/2725 2730/2730
f 2728/2728 2725/2725 2729/2729
f 5013/5013 5014/5014 5016/5016
f 5011/5011 5012/5012 5013/5013
f 6920/6920 6919/6919 6926/6926
f 4938/4938 4945/4945 4937/4937
f 4930/4930 4931/4931 4937/4937
f 4926/4926 4930/4930 4929/4929
f 290/290 288/288 291/291
f 459/459 460/460 461/461
f 5515/5515 5525/5525 5513/5513
f 5525/5525 5530/5530 5520/5520
f 5513/5513 5525/5525 5520/5520
f 3852/3852 3847/3847 3850/3850
f 3847/3847 3844/3844 3850/3850
f 3846/3846 3844/3844 3847/3847
f 3848/3848 3846/3846 3847/3847
f 3846/3846 3848/3848 3773/3773
f 3773/3773 3848/3848 3899/3899
f 3772/3772 3773/3773 3899/3899
f 3773/3773 3772/3772 3768/3768
f 3899/3899 3900/3900 3772/3772
f 5939/5939 5940/5940 5941/5941
f 3772/3772 3900/3900 3774/3774
f 5530/5530 5526/5526 5520/5520
f 3900/3900 3862/3862 3774/3774
f 195/195 198/198 197/197
f 197/197 196/196 195/195
f 720/720 721/721 703/703
f 3789/3789 3785/3785 3787/3787
f 3785/3785 3786/3786 3787/3787
f 3864/3864 3787/3787 3795/3795
f 3795/3795 3863/3863 3864/3864
f 1813/1813 1605/1605 1778/1778
f 165/165 231/231 163/163
f 733/733 717/717 741/741
f 6666/6666 6665/6665 6664/6664
f 6657/6657 6678/6678 6656/6656
f 6655/6655 6657/6657 6656/6656
f 1143/1143 1146/1146 1141/1141
f 1134/1134 1130/1130 1129/1129
f 1137/1137 1155/1155 1134/1134
f 3705/3705 3692/3692 3699/3699
f 3700/3700 3692/3692 3705/3705
f 3697/3697 3692/3692 3700/3700
f 3692/3692 3697/3697 3691/3691
f 2972/2972 2968/2968 2969/2969
f 2962/2962 2966/2966 2969/2969
f 2962/2962 2965/2965 2966/2966
f 1112/1112 1113/1113 1111/1111
f 1111/1111 1113/1113 1107/1107
f 4770/4770 4782/4782 4784/4784
f 4498/4498 4499/4499 4505/4505
f 4505/4505 4499/4499 4506/4506
f 4781/4781 4785/4785 4789/4789
f 4813/4813 4809/4809 4812/4812
f 4812/4812 4809/4809 4808/4808
f 4813/4813 4823/4823 4809/4809
f 4809/4809 4823/4823 4824/4824
f 5801/5801 5799/5799 5800/5800
f 6256/6256 6258/6258 6257/6257
f 5134/5134 5135/5135 5139/5139
f 6257/6257 6255/6255 6256/6256
f 5135/5135 5134/5134 5133/5133
f 6256/6256 6255/6255 6254/6254
f 4124/4124 4131/4131 4123/4123
f 910/910 890/890 904/904
f 889/889 890/890 888/888
f 4120/4120 4127/4127 4121/4121
f 7174/7174 7175/7175 7173/7173
f 4836/4836 4835/4835 4834/4834
f 5816/5816 5809/5809 5817/5817
f 5137/5137 5128/5128 5148/5148
f 6229/6229 6451/6451 6228/6228
f 5687/5687 5688/5688 5689/5689
f 5684/5684 5685/5685 5686/5686
f 4836/4836 4839/4839 4837/4837
f 4836/4836 4837/4837 4835/4835
f 6183/6183 6275/6275 6182/6182
f 6178/6178 6182/6182 6185/6185
f 7135/7135 7174/7174 7173/7173
f 5148/5148 5128/5128 5138/5138
f 985/985 987/987 1007/1007
f 985/985 1007/1007 998/998
f 985/985 998/998 986/986
f 7138/7138 7133/7133 7162/7162
f 7138/7138 7140/7140 7139/7139
f 5072/5072 5023/5023 5071/5071
f 5072/5072 5097/5097 5023/5023
f 7148/7148 7139/7139 7143/7143
f 7139/7139 7141/7141 7143/7143
f 5097/5097 5035/5035 5023/5023
f 5035/5035 5019/5019 5023/5023
f 7148/7148 7143/7143 7158/7158
f 2021/2021 2012/2012 2002/2002
f 2002/2002 2012/2012 2011/2011
f 2011/2011 2001/2001 2002/2002
f 794/794 821/821 807/807
f 794/794 818/818 821/821
f 5035/5035 5016/5016 5019/5019
f 807/807 803/803 794/794
f 794/794 803/803 795/795
f 3279/3279 3283/3283 3281/3281
f 5179/5179 5183/5183 5174/5174
f 5016/5016 5018/5018 5019/5019
f 805/805 797/797 795/795
f 805/805 810/810 797/797
f 3281/3281 3276/3276 3279/3279
f 5174/5174 5177/5177 5171/5171
f 810/810 798/798 797/797
f 3276/3276 3268/3268 3279/3279
f 844/844 798/798 810/810
f 3286/3286 3274/3274 3294/3294
f 3279/3279 3274/3274 3286/3286
f 3279/3279 3268/3268 3274/3274
f 3273/3273 3294/3294 3274/3274
f 3294/3294 3273/3273 3297/3297
f 3287/3287 3297/3297 3273/3273
f 3273/3273 3282/3282 3287/3287
f 5017/5017 5016/5016 5014/5014
f 845/845 804/804 800/800
f 2749/2749 2740/2740 2742/2742
f 2730/2730 2725/2725 2731/2731
f 800/800 804/804 801/801
f 5013/5013 5012/5012 5014/5014
f 6828/6828 6830/6830 6831/6831
f 6931/6931 6927/6927 6930/6930
f 6927/6927 6926/6926 6930/6930
f 6832/6832 6828/6828 6831/6831
f 5015/5015 5020/5020 5010/5010
f 6832/6832 6836/6836 6827/6827
f 5028/5028 5020/5020 5030/5030
f 5039/5039 5028/5028 5030/5030
f 4929/4929 4947/4947 4923/4923
f 4926/4926 4929/4929 4923/4923
f 292/292 300/300 297/297
f 289/289 276/276 275/275
f 2029/2029 2030/2030 2055/2055
f 5515/5515 5513/5513 5514/5514
f 3848/3848 3847/3847 3812/3812
f 3848/3848 3812/3812 3899/3899
f 3899/3899 3812/3812 3813/3813
f 3899/3899 3813/3813 3900/3900
f 3813/3813 3790/3790 3862/3862
f 5520/5520 5526/5526 5521/5521
f 3862/3862 3790/3790 3788/3788
f 5526/5526 5537/5537 5521/5521
f 195/195 196/196 194/194
f 3787/3787 3786/3786 3795/3795
f 3815/3815 3795/3795 3786/3786
f 4469/4469 4472/4472 4473/4473
f 3795/3795 3815/3815 3821/3821
f 4469/4469 4473/4473 4459/4459
f 4459/4459 4470/4470 4469/4469
f 4469/4469 4470/4470 4468/4468
f 1600/1600 1603/1603 1605/1605
f 5758/5758 5768/5768 5767/5767
f 6634/6634 6633/6633 6645/6645
f 6633/6633 6635/6635 6645/6645
f 6664/6664 6665/6665 6662/6662
f 6663/6663 6664/6664 6662/6662
f 6678/6678 6665/6665 6666/6666
f 1132/1132 1125/1125 1131/1131
f 1131/1131 1125/1125 1130/1130
f 5586/5586 5600/5600 5601/5601
f 1122/1122 1123/1123 1124/1124
f 1134/1134 1129/1129 1137/1137
f 2972/2972 2974/2974 2968/2968
f 5594/5594 5595/5595 5585/5585
f 5594/5594 5585/5585 5586/5586
f 2968/2968 2961/2961 2969/2969
f 2969/2969 2961/2961 2962/2962
f 5595/5595 5598/5598 5585/5585
f 2965/2965 2963/2963 2982/2982
f 2962/2962 2963/2963 2965/2965
f 2963/2963 2962/2962 2960/2960
f 5595/5595 5603/5603 5598/5598
f 3237/3237 3240/3240 3236/3236
f 2967/2967 2965/2965 2981/2981
f 2982/2982 2981/2981 2965/2965
f 1113/1113 1112/1112 1116/1116
f 4782/4782 4781/4781 4787/4787
f 4787/4787 4781/4781 4789/4789
f 5803/5803 5802/5802 5805/5805
f 5802/5802 5803/5803 5801/5801
f 4811/4811 4809/4809 4824/4824
f 5804/5804 5799/5799 5803/5803
f 5801/5801 5803/5803 5799/5799
f 5799/5799 5804/5804 5795/5795
f 6260/6260 6264/6264 6261/6261
f 6258/6258 6260/6260 6261/6261
f 6258/6258 6261/6261 6265/6265
f 6258/6258 6265/6265 6257/6257
f 6265/6265 6255/6255 6257/6257
f 5806/5806 5796/5796 5795/5795
f 4141/4141 4142/4142 4131/4131
f 4141/4141 4186/4186 4142/4142
f 4190/4190 4186/4186 4141/4141
f 4141/4141 4131/4131 4132/4132
f 921/921 911/911 942/942
f 5136/5136 5135/5135 5133/5133
f 921/921 912/912 911/911
f 6255/6255 6253/6253 6254/6254
f 911/911 912/912 910/910
f 4123/4123 4121/4121 4124/4124
f 912/912 922/922 910/910
f 5136/5136 5133/5133 5137/5137
f 890/890 910/910 922/922
f 5809/5809 5796/5796 5808/5808
f 6224/6224 6226/6226 6208/6208
f 992/992 1000/1000 988/988
f 6207/6207 6225/6225 6224/6224
f 6224/6224 6225/6225 6229/6229
f 5809/5809 5818/5818 5817/5817
f 1000/1000 987/987 988/988
f 6229/6229 6225/6225 6472/6472
f 6225/6225 6468/6468 6472/6472
f 6182/6182 6275/6275 6186/6186
f 6182/6182 6186/6186 6185/6185
f 4120/4120 4136/4136 4161/4161
f 985/985 980/980 987/987
f 7135/7135 7132/7132 7133/7133
f 986/986 983/983 985/985
f 7138/7138 7162/7162 7140/7140
f 7140/7140 7141/7141 7139/7139
f 7143/7143 7159/7159 7158/7158
f 7208/7208 7207/7207 7209/7209
f 7206/7206 7207/7207 7208/7208
f 7186/7186 7155/7155 7185/7185
f 7143/7143 7144/7144 7145/7145
f 7159/7159 7143/7143 7145/7145
f 7152/7152 7159/7159 7149/7149
f 7155/7155 7159/7159 7152/7152
f 7185/7185 7155/7155 7157/7157
f 7157/7157 7155/7155 7154/7154
f 7159/7159 7145/7145 7149/7149
f 7154/7154 7155/7155 7152/7152
f 3495/3495 3496/3496 3482/3482
f 3495/3495 3482/3482 3491/3491
f 7165/7165 7147/7147 7146/7146
f 7145/7145 7146/7146 7147/7147
f 7150/7150 7149/7149 7147/7147
f 7147/7147 7149/7149 7145/7145
f 7151/7151 7149/7149 7150/7150
f 7152/7152 7149/7149 7151/7151
f 3284/3284 3289/3289 3281/3281
f 3290/3290 3281/3281 3289/3289
f 5185/5185 5184/5184 5181/5181
f 7153/7153 7152/7152 7151/7151
f 7154/7154 7152/7152 7153/7153
f 7156/7156 7154/7154 7153/7153
f 7156/7156 7157/7157 7154/7154
f 806/806 795/795 803/803
f 5181/5181 5184/5184 5183/5183
f 806/806 805/805 795/795
f 3284/3284 3293/3293 3292/3292
f 3284/3284 3283/3283 3293/3293
f 3284/3284 3281/3281 3283/3283
f 5183/5183 5177/5177 5174/5174
f 3295/3295 3293/3293 3283/3283
f 3286/3286 3295/3295 3283/3283
f 3283/3283 3279/3279 3286/3286
f 3286/3286 3294/3294 3295/3295
f 4707/4707 4701/4701 4714/4714
f 2740/2740 2741/2741 2731/2731
f 2731/2731 2725/2725 2724/2724
f 2727/2727 2725/2725 2728/2728
f 2740/2740 2737/2737 2742/2742
f 2726/2726 2737/2737 2731/2731
f 6987/6987 7047/7047 7024/7024
f 808/808 801/801 804/804
f 801/801 808/808 802/802
f 808/808 809/809 802/802
f 802/802 809/809 789/789
f 5011/5011 5004/5004 5012/5012
f 787/787 789/789 788/788
f 7001/7001 7003/7003 7000/7000
f 7001/7001 7000/7000 6997/6997
f 7000/7000 6999/6999 6997/6997
f 6919/6919 6928/6928 6926/6926
f 5007/5007 5011/5011 5010/5010
f 7000/7000 7003/7003 7004/7004
f 7003/7003 7005/7005 7004/7004
f 7005/7005 7013/7013 7004/7004
f 7004/7004 7013/7013 7014/7014
f 5010/5010 5020/5020 5027/5027
f 7004/7004 7014/7014 7017/7017
f 5028/5028 5027/5027 5020/5020
f 7014/7014 7019/7019 7018/7018
f 7017/7017 7014/7014 7018/7018
f 4929/4929 4930/4930 4973/4973
f 4937/4937 4973/4973 4930/4930
f 291/291 288/288 292/292
f 297/297 291/291 292/292
f 445/445 470/470 446/446
f 471/471 447/447 446/446
f 3851/3851 3852/3852 3850/3850
f 5510/5510 5520/5520 5518/5518
f 3813/3813 3812/3812 3806/3806
f 3813/3813 3806/3806 3790/3790
f 3790/3790 3783/3783 3788/3788
f 728/728 721/721 720/720
f 4460/4460 4459/4459 4473/4473
f 4470/4470 4475/4475 4468/4468
f 4474/4474 4468/4468 4475/4475
f 4474/4474 4475/4475 4476/4476
f 1609/1609 1611/1611 1645/1645
f 1611/1611 1609/1609 1603/1603
f 6645/6645 6730/6730 6634/6634
f 162/162 163/163 160/160
f 236/236 163/163 231/231
f 6622/6622 6628/6628 6620/6620
f 6729/6729 6620/6620 6628/6628
f 1146/1146 1153/1153 1141/1141
f 5586/5586 5587/5587 5600/5600
f 5606/5606 5600/5600 5587/5587
f 1141/1141 1153/1153 1123/1123
f 1124/1124 1125/1125 1122/1122
f 5584/5584 5587/5587 5586/5586
f 1159/1159 1162/1162 1137/1137
f 1162/1162 1159/1159 1164/1164
f 3700/3700 3707/3707 3697/3697
f 3707/3707 3708/3708 3697/3697
f 3697/3697 3708/3708 3709/3709
f 2979/2979 2968/2968 2974/2974
f 2962/2962 2961/2961 2960/2960
f 5598/5598 5582/5582 5585/5585
f 3238/3238 3239/3239 3234/3234
f 3239/3239 3237/3237 3234/3234
f 3236/3236 3234/3234 3237/3237
f 3240/3240 3244/3244 3236/3236
f 1113/1113 1116/1116 1117/1117
f 4792/4792 4782/4782 4787/4787
f 4784/4784 4782/4782 4792/4792
f 4498/4498 4488/4488 4499/4499
f 5807/5807 5805/5805 5820/5820
f 5807/5807 5803/5803 5805/5805
f 5804/5804 5803/5803 5807/5807
f 5804/5804 5806/5806 5795/5795
f 6264/6264 6277/6277 6261/6261
f 6499/6499 6265/6265 6261/6261
f 5139/5139 5135/5135 5154/5154
f 6265/6265 6499/6499 6255/6255
f 5796/5796 5806/5806 5808/5808
f 6255/6255 6499/6499 6283/6283
f 4131/4131 4124/4124 4132/4132
f 4133/4133 4166/4166 4132/4132
f 4141/4141 4132/4132 4165/4165
f 7194/7194 7195/7195 7193/7193
f 1010/1010 992/992 993/993
f 1010/1010 993/993 999/999
f 7191/7191 7194/7194 7193/7193
f 7190/7190 7191/7191 7193/7193
f 6253/6253 6255/6255 6283/6283
f 4132/4132 4124/4124 4133/4133
f 7191/7191 7190/7190 7182/7182
f 4830/4830 4832/4832 4829/4829
f 6224/6224 6208/6208 6207/6207
f 5809/5809 5808/5808 5818/5818
f 5818/5818 5808/5808 5819/5819
f 6413/6413 6207/6207 6221/6221
f 6413/6413 6225/6225 6207/6207
f 4834/4834 4835/4835 4832/4832
f 6450/6450 6223/6223 6189/6189
f 6275/6275 6450/6450 6189/6189
f 987/987 980/980 988/988
f 6468/6468 6225/6225 6413/6413
f 6469/6469 6470/6470 6471/6471
f 6470/6470 6495/6495 6493/6493
f 4838/4838 4832/4832 4835/4835
f 6275/6275 6189/6189 6186/6186
f 6185/6185 6186/6186 6187/6187
f 4144/4144 4161/4161 4169/4169
f 4120/4120 4161/4161 4144/4144
f 983/983 980/980 985/985
f 7162/7162 7142/7142 7140/7140
f 7140/7140 7142/7142 7141/7141
f 7144/7144 7143/7143 7141/7141
f 7144/7144 7146/7146 7145/7145
f 7146/7146 7144/7144 7165/7165
f 3300/3300 3290/3290 3289/3289
f 3497/3497 3496/3496 3500/3500
f 3491/3491 3482/3482 3483/3483
f 7304/7304 7305/7305 7306/7306
f 2838/2838 2831/2831 2841/2841
f 3291/3291 3289/3289 3284/3284
f 5185/5185 5186/5186 5184/5184
f 7307/7307 7304/7304 7306/7306
f 7312/7312 7317/7317 7307/7307
f 5999/5999 6002/6002 6000/6000
f 3292/3292 3302/3302 3291/3291
f 5999/5999 6000/6000 6001/6001
f 3284/3284 3292/3292 3291/3291
f 4703/4703 4700/4700 4706/4706
f 4701/4701 4707/4707 4706/4706
f 4701/4701 4706/4706 4700/4700
f 4711/4711 4714/4714 4701/4701
f 4711/4711 4713/4713 4714/4714
f 4712/4712 4713/4713 4711/4711
f 7053/7053 7056/7056 7058/7058
f 7055/7055 7056/7056 7053/7053
f 7052/7052 7055/7055 7053/7053
f 2739/2739 2738/2738 2736/2736
f 2746/2746 2739/2739 2736/2736
f 2736/2736 2738/2738 2737/2737
f 2740/2740 2731/2731 2737/2737
f 2724/2724 2726/2726 2731/2731
f 7053/7053 7058/7058 7054/7054
f 7069/7069 7071/7071 7070/7070
f 7052/7052 7053/7053 7049/7049
f 6981/6981 6982/6982 6983/6983
f 7043/7043 6982/6982 7024/7024
f 7024/7024 6982/6982 6985/6985
f 2752/2752 2742/2742 2737/2737
f 2753/2753 2737/2737 2738/2738
f 7051/7051 7052/7052 7049/7049
f 6984/6984 6982/6982 6981/6981
f 6985/6985 6982/6982 6984/6984
f 6987/6987 7024/7024 6985/6985
f 5003/5003 5014/5014 5012/5012
f 7059/7059 7046/7046 7058/7058
f 7049/7049 7053/7053 7054/7054
f 7051/7051 7049/7049 7050/7050
f 6984/6984 6981/6981 7022/7022
f 6986/6986 6985/6985 6984/6984
f 6987/6987 6985/6985 6986/6986
f 7049/7049 6993/6993 7050/7050
f 6988/6988 6984/6984 7022/7022
f 6986/6986 6984/6984 6988/6988
f 6989/6989 6986/6986 6988/6988
f 6986/6986 6989/6989 6990/6990
f 6990/6990 6989/6989 7025/7025
f 7010/7010 7046/7046 7011/7011
f 7068/7068 7069/7069 7070/7070
f 5004/5004 5003/5003 5012/5012
f 7007/7007 7010/7010 7008/7008
f 7023/7023 7010/7010 7007/7007
f 7010/7010 7011/7011 7008/7008
f 7023/7023 7058/7058 7010/7010
f 7002/7002 7057/7057 7023/7023
f 7003/7003 7023/7023 7007/7007
f 7023/7023 7003/7003 7001/7001
f 7002/7002 7023/7023 7001/7001
f 792/792 788/788 791/791
f 5011/5011 5007/5007 5004/5004
f 7009/7009 7008/7008 7011/7011
f 7006/7006 7008/7008 7009/7009
f 7007/7007 7008/7008 7006/7006
f 789/789 791/791 788/788
f 7009/7009 7016/7016 7006/7006
f 7007/7007 7006/7006 7003/7003
f 7005/7005 7006/7006 7016/7016
f 7003/7003 7006/7006 7005/7005
f 7001/7001 6997/6997 7002/7002
f 7012/7012 6996/6996 7021/7021
f 792/792 819/819 788/788
f 6998/6998 6997/6997 6999/6999
f 6996/6996 6997/6997 6998/6998
f 6928/6928 6937/6937 6926/6926
f 6929/6929 6937/6937 6928/6928
f 7005/7005 7016/7016 7013/7013
f 5027/5027 5009/5009 5010/5010
f 7013/7013 7020/7020 7014/7014
f 5028/5028 5029/5029 5027/5027
f 7020/7020 7026/7026 7019/7019
f 7037/7037 7033/7033 7036/7036
f 7033/7033 7035/7035 7036/7036
f 7033/7033 7037/7037 7026/7026
f 7019/7019 7026/7026 7037/7037
f 7014/7014 7020/7020 7019/7019
f 2055/2055 2075/2075 2029/2029
f 2029/2029 2026/2026 2030/2030
f 2026/2026 2027/2027 2028/2028
f 5514/5514 5513/5513 5511/5511
f 2027/2027 2046/2046 2028/2028
f 470/470 471/471 446/446
f 472/472 471/471 470/470
f 447/447 471/471 448/448
f 448/448 471/471 472/472
f 3847/3847 3852/3852 3857/3857
f 3847/3847 3782/3782 3812/3812
f 3806/3806 3812/3812 3782/3782
f 5518/5518 5521/5521 5519/5519
f 5521/5521 5537/5537 5519/5519
f 198/198 195/195 213/213
f 720/720 702/702 728/728
f 3783/3783 3784/3784 3785/3785
f 3785/3785 3784/3784 3786/3786
f 161/161 162/162 160/160
f 162/162 164/164 163/163
f 163/163 236/236 160/160
f 6624/6624 6628/6628 6622/6622
f 6662/6662 6665/6665 6678/6678
f 1125/1125 1124/1124 1126/1126
f 1153/1153 1136/1136 1123/1123
f 5606/5606 5587/5587 5584/5584
f 5584/5584 5586/5586 5585/5585
f 2979/2979 2975/2975 2968/2968
f 2968/2968 2959/2959 2961/2961
f 2959/2959 2960/2960 2961/2961
f 5582/5582 5581/5581 5585/5585
f 5581/5581 5584/5584 5585/5585
f 2982/2982 2963/2963 2985/2985
f 2990/2990 2981/2981 2986/2986
f 2986/2986 2981/2981 2982/2982
f 1117/1117 1116/1116 1118/1118
f 4793/4793 4784/4784 4792/4792
f 1113/1113 1117/1117 1114/1114
f 1114/1114 1107/1107 1113/1113
f 4486/4486 4488/4488 4487/4487
f 4487/4487 4488/4488 4498/4498
f 4791/4791 4787/4787 4789/4789
f 4488/4488 4486/4486 4521/4521
f 4819/4819 4808/4808 4810/4810
f 4808/4808 4809/4809 4810/4810
f 4811/4811 4810/4810 4809/4809
f 5820/5820 5804/5804 5807/5807
f 4811/4811 4824/4824 4825/4825
f 4824/4824 4826/4826 4825/4825
f 4825/4825 4826/4826 4827/4827
f 5806/5806 5804/5804 5821/5821
f 4829/4829 4828/4828 4826/4826
f 6261/6261 6277/6277 6302/6302
f 1012/1012 999/999 994/994
f 994/994 999/999 993/993
f 6443/6443 6283/6283 6499/6499
f 4132/4132 4166/4166 4165/4165
f 991/991 994/994 993/993
f 7190/7190 7193/7193 7180/7180
f 992/992 991/991 993/993
f 6226/6226 6253/6253 6252/6252
f 6253/6253 6283/6283 6252/6252
f 4133/4133 4124/4124 4125/4125
f 7182/7182 7190/7190 7180/7180
f 992/992 988/988 991/991
f 4124/4124 4121/4121 4125/4125
f 7180/7180 7176/7176 7182/7182
f 6226/6226 6252/6252 6251/6251
f 4121/4121 4126/4126 4125/4125
f 7182/7182 7176/7176 7175/7175
f 6208/6208 6226/6226 6251/6251
f 4126/4126 4121/4121 4127/4127
f 4128/4128 4126/4126 4127/4127
f 991/991 988/988 990/990
f 6204/6204 6207/6207 6208/6208
f 5808/5808 5822/5822 5819/5819
f 4144/4144 4127/4127 4120/4120
f 6207/6207 6202/6202 6221/6221
f 989/989 988/988 980/980
f 6189/6189 6223/6223 6192/6192
f 6494/6494 6221/6221 6199/6199
f 6196/6196 6493/6493 6194/6194
f 6186/6186 6188/6188 6187/6187
f 6413/6413 6221/6221 6494/6494
f 1001/1001 983/983 986/986
f 5023/5023 5040/5040 5071/5071
f 7307/7307 7306/7306 7308/7308
f 7312/7312 7307/7307 7308/7308
f 7311/7311 7312/7312 7308/7308
f 7318/7318 7312/7312 7311/7311
f 3296/3296 3300/3300 3289/3289
f 5021/5021 5019/5019 5018/5018
f 7200/7200 7197/7197 7199/7199
f 5977/5977 5978/5978 5979/5979
f 2838/2838 2829/2829 2831/2831
f 3296/3296 3289/3289 3291/3291
f 3291/3291 3298/3298 3296/3296
f 4697/4697 4695/4695 4704/4704
f 4696/4696 4704/4704 4695/4695
f 4696/4696 4703/4703 4704/4704
f 4703/4703 4696/4696 4700/4700
f 5018/5018 5016/5016 5017/5017
f 7061/7061 7060/7060 7058/7058
f 7058/7058 7060/7060 7059/7059
f 5996/5996 5997/5997 5998/5998
f 6884/6884 6885/6885 6886/6886
f 6872/6872 6869/6869 6875/6875
f 2719/2719 2725/2725 2727/2727
f 7058/7058 7046/7046 7010/7010
f 2745/2745 2736/2736 2732/2732
f 2736/2736 2737/2737 2726/2726
f 2726/2726 2724/2724 2723/2723
f 2719/2719 2724/2724 2725/2725
f 5017/5017 5014/5014 5024/5024
f 5017/5017 5024/5024 5026/5026
f 5485/5485 5486/5486 5487/5487
f 2726/2726 2732/2732 2736/2736
f 5026/5026 5024/5024 5008/5008
f 5003/5003 5024/5024 5014/5014
f 5008/5008 5024/5024 5003/5003
f 3601/3601 3600/3600 3599/3599
f 2808/2808 2816/2816 2817/2817
f 2808/2808 2805/2805 2816/2816
f 7063/7063 7064/7064 7046/7046
f 6036/6036 6037/6037 6038/6038
f 5626/5626 5627/5627 5628/5628
f 5746/5746 5747/5747 5748/5748
f 5629/5629 5627/5627 5626/5626
f 5008/5008 5003/5003 5005/5005
f 4846/4846 4852/4852 4849/4849
f 7054/7054 7057/7057 7049/7049
f 7057/7057 7048/7048 7049/7049
f 7049/7049 7048/7048 6993/6993
f 6991/6991 6993/6993 7048/7048
f 6988/6988 6993/6993 6991/6991
f 6989/6989 6988/6988 6991/6991
f 6992/6992 6989/6989 6991/6991
f 7025/7025 6989/6989 6992/6992
f 5003/5003 5004/5004 5005/5005
f 5005/5005 5004/5004 5006/5006
f 4849/4849 4847/4847 4846/4846
f 7025/7025 6992/6992 6994/6994
f 4846/4846 4847/4847 4848/4848
f 6991/6991 7048/7048 6995/6995
f 7025/7025 6994/6994 7012/7012
f 5004/5004 5007/5007 5006/5006
f 7002/7002 7015/7015 7057/7057
f 7048/7048 7057/7057 7015/7015
f 6995/6995 7048/7048 7015/7015
f 6994/6994 6991/6991 6995/6995
f 6992/6992 6991/6991 6994/6994
f 5006/5006 5007/5007 5009/5009
f 4851/4851 4848/4848 4850/4850
f 4850/4850 4848/4848 4847/4847
f 7015/7015 7002/7002 6997/6997
f 6995/6995 7015/7015 6997/6997
f 6996/6996 6995/6995 6997/6997
f 6994/6994 6995/6995 6996/6996
f 7012/7012 6994/6994 6996/6996
f 5009/5009 5007/5007 5010/5010
f 4851/4851 4850/4850 4859/4859
f 7013/7013 7016/7016 7045/7045
f 7013/7013 7045/7045 7020/7020
f 359/359 349/349 271/271
f 459/459 461/461 462/462
f 459/459 462/462 445/445
f 5518/5518 5520/5520 5521/5521
f 3782/3782 3775/3775 3806/3806
f 3775/3775 3790/3790 3806/3806
f 3790/3790 3775/3775 3783/3783
f 192/192 195/195 194/194
f 730/730 721/721 728/728
f 4475/4475 4477/4477 4476/4476
f 1609/1609 1610/1610 1605/1605
f 1609/1609 1605/1605 1603/1603
f 5766/5766 5758/5758 5767/5767
f 162/162 161/161 235/235
f 229/229 160/160 236/236
f 748/748 754/754 755/755
f 6660/6660 6662/6662 6678/6678
f 1124/1124 1136/1136 1126/1126
f 5606/5606 5583/5583 5616/5616
f 5584/5584 5583/5583 5606/5606
f 1136/1136 1124/1124 1123/1123
f 1165/1165 1166/1166 1164/1164
f 5583/5583 5584/5584 5581/5581
f 2975/2975 2959/2959 2968/2968
f 2960/2960 2959/2959 2964/2964
f 5583/5583 5581/5581 5578/5578
f 2960/2960 2984/2984 2963/2963
f 5581/5581 5582/5582 5580/5580
f 2984/2984 2985/2985 2963/2963
f 3230/3230 3238/3238 3234/3234
f 2986/2986 2982/2982 2985/2985
f 3241/3241 3233/3233 3236/3236
f 3233/3233 3234/3234 3236/3236
f 4794/4794 4793/4793 4792/4792
f 1121/1121 1115/1115 1114/1114
f 1114/1114 1115/1115 1107/1107
f 4505/4505 4502/4502 4498/4498
f 4502/4502 4487/4487 4498/4498
f 4787/4787 4791/4791 4792/4792
f 4521/4521 4486/4486 4504/4504
f 4811/4811 4816/4816 4810/4810
f 4811/4811 4818/4818 4816/4816
f 4818/4818 4811/4811 4825/4825
f 4825/4825 4827/4827 4818/4818
f 5804/5804 5820/5820 5821/5821
f 5806/5806 5821/5821 5808/5808
f 4826/4826 4828/4828 4827/4827
f 6499/6499 6261/6261 6302/6302
f 6571/6571 6572/6572 6573/6573
f 6443/6443 6499/6499 6488/6488
f 4845/4845 4829/4829 4840/4840
f 6283/6283 6443/6443 6268/6268
f 4171/4171 4166/4166 4133/4133
f 7193/7193 7181/7181 7180/7180
f 6252/6252 6283/6283 6268/6268
f 4125/4125 4145/4145 4133/4133
f 4133/4133 4145/4145 4171/4171
f 7181/7181 7179/7179 7180/7180
f 7179/7179 7176/7176 7180/7180
f 6251/6251 6252/6252 6267/6267
f 6251/6251 6267/6267 6461/6461
f 6251/6251 6461/6461 6208/6208
f 4129/4129 4126/4126 4128/4128
f 7175/7175 7176/7176 7173/7173
f 988/988 989/989 990/990
f 5808/5808 5825/5825 5822/5822
f 4127/4127 4146/4146 4128/4128
f 4841/4841 4840/4840 4832/4832
f 4843/4843 4840/4840 4841/4841
f 5825/5825 5826/5826 5822/5822
f 4127/4127 4144/4144 4146/4146
f 6199/6199 6221/6221 6202/6202
f 6195/6195 6196/6196 6194/6194
f 6191/6191 6193/6193 6194/6194
f 6193/6193 6195/6195 6194/6194
f 6192/6192 6193/6193 6191/6191
f 6192/6192 6191/6191 6189/6189
f 4144/4144 4169/4169 4167/4167
f 6189/6189 6191/6191 6188/6188
f 6186/6186 6189/6189 6188/6188
f 983/983 982/982 980/980
f 1001/1001 982/982 983/983
f 7310/7310 7311/7311 7308/7308
f 7310/7310 7308/7308 7309/7309
f 7357/7357 7358/7358 7356/7356
f 7308/7308 7306/7306 7309/7309
f 3300/3300 3296/3296 3301/3301
f 3497/3497 3494/3494 3492/3492
f 3496/3496 3497/3497 3487/3487
f 3497/3497 3492/3492 3487/3487
f 3482/3482 3496/3496 3487/3487
f 7197/7197 7198/7198 7199/7199
f 2829/2829 2828/2828 2831/2831
f 4692/4692 4697/4697 4698/4698
f 3296/3296 3298/3298 3299/3299
f 4697/4697 4692/4692 4695/4695
f 4696/4696 4694/4694 4700/4700
f 7059/7059 7066/7066 7067/7067
f 7066/7066 7059/7059 7062/7062
f 7073/7073 7072/7072 7075/7075
f 7059/7059 7060/7060 7062/7062
f 6857/6857 6882/6882 6868/6868
f 6870/6870 6868/6868 6882/6882
f 4711/4711 4705/4705 4712/4712
f 7085/7085 7084/7084 7086/7086
f 7099/7099 7085/7085 7086/7086
f 7074/7074 7073/7073 7100/7100
f 7072/7072 7073/7073 7074/7074
f 6869/6869 6868/6868 6870/6870
f 4705/4705 4716/4716 4712/4712
f 5025/5025 5017/5017 5026/5026
f 5076/5076 5026/5026 5053/5053
f 7059/7059 7065/7065 7063/7063
f 7046/7046 7059/7059 7063/7063
f 6872/6872 6873/6873 6871/6871
f 6872/6872 6871/6871 6869/6869
f 2724/2724 2719/2719 2718/2718
f 7100/7100 7103/7103 7074/7074
f 3595/3595 3597/3597 3598/3598
f 5485/5485 5487/5487 5488/5488
f 2726/2726 2723/2723 2732/2732
f 2732/2732 2723/2723 2733/2733
f 5026/5026 5008/5008 5053/5053
f 4877/4877 4872/4872 4869/4869
f 3595/3595 3596/3596 3597/3597
f 3599/3599 3596/3596 3595/3595
f 3596/3596 3599/3599 3600/3600
f 4869/4869 4849/4849 4877/4877
f 3636/3636 3605/3605 3600/3600
f 3615/3615 3605/3605 3636/3636
f 2805/2805 2835/2835 2816/2816
f 4853/4853 4850/4850 4847/4847
f 5009/5009 5027/5027 5037/5037
f 5029/5029 5037/5037 5027/5027
f 7026/7026 7020/7020 7027/7027
f 276/276 289/289 288/288
f 300/300 292/292 306/306
f 2026/2026 2029/2029 2027/2027
f 359/359 371/371 364/364
f 445/445 462/462 470/470
f 5527/5527 5514/5514 5511/5511
f 447/447 448/448 371/371
f 3775/3775 3777/3777 3783/3783
f 213/213 195/195 192/192
f 194/194 193/193 192/192
f 3777/3777 3784/3784 3783/3783
f 4459/4459 4460/4460 4457/4457
f 4478/4478 4470/4470 4471/4471
f 4477/4477 4475/4475 4478/4478
f 4478/4478 4475/4475 4470/4470
f 4477/4477 4480/4480 4476/4476
f 4476/4476 4480/4480 4482/4482
f 1645/1645 1618/1618 1609/1609
f 1778/1778 1605/1605 1777/1777
f 5767/5767 5781/5781 5766/5766
f 6731/6731 6634/6634 6730/6730
f 6624/6624 6634/6634 6734/6734
f 6624/6624 6734/6734 6628/6628
f 6658/6658 6655/6655 6667/6667
f 6657/6657 6660/6660 6678/6678
f 1129/1129 1130/1130 1125/1125
f 5583/5583 5617/5617 5616/5616
f 5936/5936 5937/5937 5938/5938
f 2979/2979 2998/2998 2975/2975
f 2964/2964 2959/2959 2975/2975
f 2960/2960 2980/2980 2984/2984
f 2964/2964 2980/2980 2960/2960
f 5581/5581 5580/5580 5578/5578
f 5579/5579 5578/5578 5580/5580
f 3230/3230 3234/3234 3233/3233
f 3230/3230 3233/3233 3228/3228
f 2986/2986 2985/2985 2989/2989
f 1193/1193 1190/1190 1189/1189
f 2986/2986 2989/2989 2990/2990
f 1117/1117 1118/1118 1114/1114
f 1188/1188 1197/1197 1196/1196
f 4483/4483 4486/4486 4484/4484
f 4491/4491 4504/4504 4483/4483
f 4486/4486 4483/4483 4504/4504
f 4819/4819 4810/4810 4817/4817
f 4810/4810 4816/4816 4817/4817
f 4495/4495 4492/4492 4494/4494
f 4833/4833 4818/4818 4827/4827
f 4844/4844 4842/4842 4828/4828
f 4842/4842 4833/4833 4828/4828
f 4828/4828 4833/4833 4827/4827
f 5823/5823 5824/5824 5821/5821
f 5820/5820 5823/5823 5821/5821
f 4829/4829 4844/4844 4828/4828
f 4844/4844 4829/4829 4845/4845
f 1012/1012 994/994 1006/1006
f 994/994 991/991 1006/1006
f 6571/6571 6573/6573 6574/6574
f 6443/6443 6298/6298 6296/6296
f 6443/6443 6488/6488 6298/6298
f 990/990 1006/1006 991/991
f 6268/6268 6443/6443 6296/6296
f 7181/7181 7178/7178 7179/7179
f 7178/7178 7176/7176 7179/7179
f 6252/6252 6268/6268 6267/6267
f 4138/4138 4126/4126 4130/4130
f 4138/4138 4125/4125 4126/4126
f 4145/4145 4125/4125 4138/4138
f 4130/4130 4126/4126 4129/4129
f 6208/6208 6461/6461 6222/6222
f 6202/6202 6207/6207 6204/6204
f 6208/6208 6222/6222 6204/6204
f 7176/7176 7160/7160 7173/7173
f 4147/4147 4129/4129 4128/4128
f 4128/4128 4146/4146 4153/4153
f 4147/4147 4128/4128 4153/4153
f 7132/7132 7135/7135 7160/7160
f 6460/6460 6188/6188 6286/6286
f 7173/7173 7160/7160 7135/7135
f 6201/6201 6199/6199 6202/6202
f 6199/6199 6201/6201 6200/6200
f 6191/6191 6199/6199 6200/6200
f 6191/6191 6200/6200 6286/6286
f 6286/6286 6188/6188 6191/6191
f 7162/7162 7128/7128 7127/7127
f 7127/7127 7196/7196 7162/7162
f 1001/1001 1013/1013 982/982
f 7142/7142 7162/7162 7196/7196
f 5023/5023 5022/5022 5040/5040
f 5022/5022 5075/5075 5040/5040
f 5019/5019 5022/5022 5023/5023
f 7201/7201 7202/7202 7203/7203
f 7310/7310 7313/7313 7311/7311
f 7311/7311 7313/7313 7318/7318
f 2837/2837 2827/2827 2829/2829
f 7092/7092 7102/7102 7105/7105
f 7165/7165 7105/7105 7102/7102
f 7356/7356 7354/7354 7353/7353
f 7353/7353 7357/7357 7356/7356
f 2829/2829 2827/2827 2828/2828
f 3482/3482 3480/3480 3483/3483
f 7104/7104 7102/7102 7093/7093
f 5740/5740 5741/5741 5742/5742
f 7104/7104 7107/7107 7102/7102
f 2828/2828 2833/2833 2845/2845
f 5930/5930 5931/5931 5932/5932
f 7356/7356 7359/7359 7354/7354
f 4699/4699 4700/4700 4694/4694
f 4701/4701 4700/4700 4699/4699
f 5025/5025 5018/5018 5017/5017
f 7080/7080 7081/7081 7078/7078
f 7073/7073 7077/7077 7078/7078
f 7076/7076 7077/7077 7073/7073
f 7075/7075 7076/7076 7073/7073
f 4711/4711 4699/4699 4705/4705
f 4711/4711 4701/4701 4699/4699
f 7081/7081 7084/7084 7085/7085
f 7106/7106 7081/7081 7085/7085
f 7078/7078 7081/7081 7106/7106
f 7073/7073 7078/7078 7106/7106
f 5743/5743 5744/5744 5745/5745
f 5980/5980 5981/5981 5982/5982
f 6860/6860 6859/6859 6861/6861
f 6030/6030 6031/6031 6032/6032
f 5645/5645 5644/5644 5649/5649
f 5643/5643 5644/5644 5645/5645
f 5646/5646 5643/5643 5645/5645
f 5647/5647 5643/5643 5646/5646
f 5646/5646 5648/5648 5647/5647
f 6860/6860 6857/6857 6859/6859
f 6858/6858 6857/6857 6868/6868
f 4875/4875 4873/4873 4872/4872
f 6857/6857 6858/6858 6859/6859
f 6868/6868 6869/6869 6858/6858
f 4705/4705 4715/4715 4716/4716
f 7320/7320 7323/7323 7322/7322
f 7322/7322 7323/7323 7336/7336
f 4872/4872 4873/4873 4865/4865
f 6869/6869 6871/6871 6858/6858
f 4872/4872 4865/4865 4869/4869
f 6873/6873 6874/6874 6871/6871
f 2744/2744 2733/2733 2743/2743
f 2718/2718 2723/2723 2724/2724
f 2808/2808 2806/2806 2805/2805
f 5064/5064 5053/5053 5008/5008
f 4867/4867 4869/4869 4865/4865
f 5008/5008 5005/5005 5064/5064
f 5064/5064 5005/5005 5055/5055
f 4869/4869 4867/4867 4849/4849
f 3600/3600 3602/3602 3596/3596
f 4867/4867 4853/4853 4849/4849
f 3605/3605 3602/3602 3600/3600
f 5055/5055 5005/5005 5006/5006
f 5055/5055 5006/5006 5042/5042
f 4849/4849 4853/4853 4847/4847
f 5042/5042 5006/5006 5009/5009
f 4854/4854 4858/4858 4850/4850
f 7033/7033 7026/7026 7028/7028
f 2075/2075 2076/2076 2029/2029
f 349/349 359/359 364/364
f 472/472 470/470 463/463
f 371/371 448/448 474/474
f 448/448 472/472 473/473
f 474/474 448/448 473/473
f 5513/5513 5510/5510 5511/5511
f 5513/5513 5520/5520 5510/5510
f 5517/5517 5519/5519 5557/5557
f 4457/4457 4458/4458 4459/4459
f 4457/4457 4461/4461 4458/4458
f 4458/4458 4471/4471 4459/4459
f 4459/4459 4471/4471 4470/4470
f 4477/4477 4478/4478 4479/4479
f 1609/1609 1618/1618 1610/1610
f 5760/5760 5758/5758 5761/5761
f 235/235 161/161 159/159
f 6734/6734 6634/6634 6731/6731
f 6667/6667 6655/6655 6729/6729
f 6663/6663 6662/6662 6661/6661
f 6661/6661 6662/6662 6660/6660
f 1125/1125 1127/1127 1129/1129
f 5617/5617 5583/5583 5591/5591
f 1129/1129 1133/1133 1137/1137
f 1137/1137 1140/1140 1159/1159
f 1165/1165 1164/1164 1159/1159
f 1167/1167 1166/1166 1165/1165
f 2998/2998 2983/2983 2975/2975
f 2983/2983 2964/2964 2975/2975
f 5588/5588 5583/5583 5578/5578
f 2989/2989 2985/2985 2988/2988
f 2984/2984 2987/2987 2988/2988
f 2980/2980 2987/2987 2984/2984
f 3228/3228 3229/3229 3230/3230
f 2984/2984 2988/2988 2985/2985
f 3235/3235 3228/3228 3233/3233
f 2997/2997 2989/2989 2994/2994
f 3233/3233 3241/3241 3235/3235
f 1190/1190 1186/1186 1189/1189
f 1192/1192 1189/1189 1183/1183
f 1114/1114 1118/1118 1119/1119
f 1194/1194 1197/1197 1188/1188
f 4483/4483 4484/4484 4485/4485
f 4484/4484 4486/4486 4487/4487
f 4493/4493 4492/4492 4490/4490
f 4492/4492 4491/4491 4490/4490
f 4491/4491 4485/4485 4490/4490
f 4485/4485 4491/4491 4483/4483
f 6298/6298 6297/6297 6296/6296
f 6297/6297 6271/6271 6296/6296
f 6268/6268 6271/6271 6270/6270
f 6268/6268 6296/6296 6271/6271
f 4145/4145 4177/4177 4171/4171
f 7178/7178 7177/7177 7176/7176
f 6268/6268 6270/6270 6269/6269
f 6267/6267 6268/6268 6269/6269
f 4145/4145 4170/4170 4177/4177
f 6267/6267 6269/6269 6278/6278
f 4170/4170 4145/4145 4138/4138
f 6461/6461 6267/6267 6278/6278
f 6530/6530 6536/6536 6535/6535
f 6204/6204 6222/6222 6205/6205
f 7176/7176 7177/7177 7160/7160
f 4130/4130 4129/4129 4137/4137
f 7133/7133 7132/7132 7128/7128
f 7196/7196 7164/7164 7142/7142
f 7141/7141 7142/7142 7164/7164
f 7204/7204 7201/7201 7203/7203
f 1556/1556 1553/1553 1557/1557
f 1557/1557 1553/1553 1554/1554
f 7313/7313 7310/7310 7314/7314
f 5022/5022 5019/5019 5021/5021
f 1548/1548 1553/1553 1556/1556
f 7352/7352 7353/7353 7354/7354
f 2827/2827 2823/2823 2828/2828
f 2823/2823 2825/2825 2828/2828
f 3482/3482 3487/3487 3473/3473
f 3473/3473 3480/3480 3482/3482
f 3475/3475 3480/3480 3473/3473
f 7091/7091 7090/7090 7096/7096
f 7093/7093 7091/7091 7094/7094
f 7094/7094 7091/7091 7096/7096
f 5574/5574 5575/5575 5576/5576
f 5650/5650 5651/5651 5652/5652
f 7352/7352 7354/7354 7355/7355
f 2828/2828 2825/2825 2833/2833
f 3490/3490 3494/3494 3493/3493
f 6018/6018 6019/6019 6020/6020
f 7096/7096 7090/7090 7192/7192
f 4695/4695 4691/4691 4694/4694
f 4694/4694 4696/4696 4695/4695
f 5021/5021 5018/5018 5025/5025
f 5033/5033 5021/5021 5025/5025
f 7079/7079 7080/7080 7078/7078
f 5680/5680 5683/5683 5681/5681
f 5680/5680 5681/5681 5682/5682
f 7081/7081 7082/7082 7084/7084
f 7080/7080 7082/7082 7081/7081
f 7077/7077 7079/7079 7078/7078
f 6883/6883 6879/6879 6866/6866
f 6866/6866 6879/6879 6861/6861
f 4874/4874 4871/4871 4873/4873
f 4873/4873 4871/4871 4865/4865
f 6871/6871 6880/6880 6858/6858
f 2718/2718 2719/2719 2720/2720
f 2804/2804 2806/2806 2834/2834
f 2734/2734 2743/2743 2733/2733
f 2723/2723 2722/2722 2733/2733
f 2718/2718 2722/2722 2723/2723
f 3603/3603 3597/3597 3596/3596
f 3604/3604 3603/3603 3596/3596
f 2805/2805 2806/2806 2804/2804
f 4865/4865 4866/4866 4867/4867
f 3596/3596 3602/3602 3604/3604
f 2805/2805 2836/2836 2835/2835
f 3605/3605 3608/3608 3602/3602
f 3615/3615 3608/3608 3605/3605
f 3616/3616 3608/3608 3615/3615
f 4859/4859 4850/4850 4858/4858
f 7045/7045 7038/7038 7027/7027
f 7045/7045 7027/7027 7020/7020
f 7034/7034 7035/7035 7033/7033
f 7028/7028 7026/7026 7027/7027
f 2029/2029 2076/2076 2054/2054
f 288/288 289/289 351/351
f 2029/2029 2054/2054 2053/2053
f 2027/2027 2029/2029 2053/2053
f 371/371 474/474 364/364
f 2046/2046 2027/2027 2047/2047
f 3852/3852 3858/3858 3857/3857
f 3857/3857 3782/3782 3847/3847
f 5519/5519 5517/5517 5518/5518
f 3775/3775 3776/3776 3777/3777
f 3777/3777 3776/3776 3779/3779
f 3465/3465 3455/3455 3462/3462
f 4458/4458 4461/4461 4462/4462
f 730/730 728/728 727/727
f 4462/4462 4471/4471 4458/4458
f 702/702 727/727 728/728
f 4479/4479 4478/4478 4471/4471
f 4479/4479 4481/4481 4480/4480
f 4479/4479 4480/4480 4477/4477
f 4480/4480 4481/4481 4482/4482
f 1610/1610 1618/1618 1619/1619
f 1777/1777 1605/1605 1610/1610
f 6732/6732 6733/6733 6731/6731
f 6732/6732 6731/6731 6730/6730
f 161/161 160/160 159/159
f 733/733 741/741 748/748
f 6659/6659 6661/6661 6660/6660
f 1159/1159 1161/1161 1165/1165
f 2964/2964 2983/2983 2980/2980
f 5577/5577 5588/5588 5578/5578
f 5577/5577 5578/5578 5579/5579
f 3228/3228 3235/3235 3231/3231
f 3229/3229 3228/3228 3231/3231
f 3232/3232 3229/3229 3231/3231
f 5621/5621 5619/5619 5622/5622
f 1185/1185 1178/1178 1182/1182
f 1186/1186 1182/1182 1189/1189
f 1187/1187 1179/1179 1181/1181
f 1183/1183 1189/1189 1182/1182
f 1188/1188 1187/1187 1194/1194
f 1191/1191 1183/1183 1176/1176
f 1176/1176 1175/1175 1198/1198
f 1176/1176 1198/1198 1191/1191
f 4503/4503 4497/4497 4502/4502
f 4489/4489 4484/4484 4497/4497
f 4497/4497 4484/4484 4487/4487
f 4502/4502 4497/4497 4487/4487
f 1195/1195 1188/1188 1196/1196
f 4484/4484 4489/4489 4485/4485
f 4485/4485 4489/4489 4490/4490
f 4493/4493 4500/4500 4494/4494
f 4494/4494 4492/4492 4493/4493
f 1004/1004 1016/1016 990/990
f 6271/6271 6272/6272 6270/6270
f 989/989 1004/1004 990/990
f 6273/6273 6270/6270 6272/6272
f 6270/6270 6273/6273 6269/6269
f 6204/6204 6205/6205 6203/6203
f 6203/6203 6202/6202 6204/6204
f 4170/4170 4138/4138 4172/4172
f 7177/7177 7183/7183 7160/7160
f 4146/4146 4167/4167 4168/4168
f 4146/4146 4168/4168 4153/4153
f 6292/6292 6295/6295 6304/6304
f 6292/6292 6304/6304 6460/6460
f 7160/7160 7134/7134 7132/7132
f 4167/4167 4146/4146 4144/4144
f 6295/6295 6292/6292 6294/6294
f 4129/4129 4147/4147 4148/4148
f 4129/4129 4148/4148 4137/4137
f 7162/7162 7133/7133 7128/7128
f 7127/7127 7128/7128 7125/7125
f 7125/7125 7122/7122 7127/7127
f 7127/7127 7122/7122 7196/7196
f 1013/1013 984/984 982/982
f 7105/7105 7095/7095 7092/7092
f 7205/7205 7201/7201 7204/7204
f 7105/7105 7164/7164 7095/7095
f 7095/7095 7089/7089 7092/7092
f 7313/7313 7314/7314 7315/7315
f 7092/7092 7089/7089 7091/7091
f 7093/7093 7092/7092 7091/7091
f 7102/7102 7092/7092 7093/7093
f 1538/1538 1548/1548 1556/1556
f 7091/7091 7089/7089 7090/7090
f 3492/3492 3494/3494 3490/3490
f 3492/3492 3490/3490 3474/3474
f 3487/3487 3492/3492 3474/3474
f 7090/7090 7089/7089 7088/7088
f 7352/7352 7351/7351 7348/7348
f 3490/3490 3493/3493 3488/3488
f 7090/7090 7088/7088 7098/7098
f 7351/7351 7363/7363 7360/7360
f 7347/7347 7351/7351 7360/7360
f 4695/4695 4692/4692 4691/4691
f 4691/4691 4692/4692 4690/4690
f 7088/7088 7083/7083 7101/7101
f 5674/5674 5678/5678 5675/5675
f 7101/7101 7098/7098 7088/7088
f 5674/5674 5679/5679 5678/5678
f 7192/7192 7090/7090 7098/7098
f 6003/6003 6004/6004 6005/6005
f 5676/5676 5675/5675 5677/5677
f 7080/7080 7101/7101 7083/7083
f 5674/5674 5675/5675 5676/5676
f 4694/4694 4691/4691 4689/4689
f 7083/7083 7082/7082 7080/7080
f 5737/5737 5738/5738 5739/5739
f 7369/7369 7368/7368 7370/7370
f 7370/7370 7371/7371 7369/7369
f 4694/4694 4689/4689 4699/4699
f 7371/7371 7372/7372 7369/7369
f 7324/7324 7325/7325 7329/7329
f 7319/7319 7325/7325 7324/7324
f 7325/7325 7330/7330 7329/7329
f 6867/6867 6866/6866 6863/6863
f 6866/6866 6861/6861 6863/6863
f 7319/7319 7324/7324 7320/7320
f 7331/7331 7329/7329 7330/7330
f 6861/6861 6862/6862 6863/6863
f 6859/6859 6862/6862 6861/6861
f 6880/6880 6859/6859 6858/6858
f 4868/4868 4865/4865 4871/4871
f 6880/6880 6862/6862 6859/6859
f 2747/2747 2734/2734 2722/2722
f 6871/6871 6874/6874 6876/6876
f 2722/2722 2734/2734 2733/2733
f 2804/2804 2802/2802 2805/2805
f 4867/4867 4866/4866 4870/4870
f 3602/3602 3606/3606 3604/3604
f 4867/4867 4870/4870 4853/4853
f 3602/3602 3608/3608 3606/3606
f 4853/4853 4854/4854 4850/4850
f 7028/7028 7034/7034 7033/7033
f 275/275 271/271 333/333
f 289/289 333/333 343/343
f 289/289 275/275 333/333
f 470/470 462/462 463/463
f 364/364 474/474 475/475
f 473/473 472/472 463/463
f 475/475 474/474 473/473
f 193/193 191/191 192/192
f 3776/3776 3780/3780 3779/3779
f 3778/3778 3780/3780 3776/3776
f 191/191 193/193 225/225
f 3451/3451 3454/3454 3455/3455
f 3455/3455 3454/3454 3456/3456
f 3451/3451 3453/3453 3454/3454
f 4462/4462 4479/4479 4471/4471
f 3454/3454 3453/3453 3456/3456
f 3456/3456 3453/3453 3458/3458
f 3462/3462 3455/3455 3456/3456
f 3461/3461 3462/3462 3456/3456
f 3453/3453 3457/3457 3458/3458
f 3458/3458 3457/3457 3459/3459
f 3456/3456 3458/3458 3459/3459
f 3461/3461 3456/3456 3460/3460
f 3460/3460 3456/3456 3459/3459
f 1731/1731 1730/1730 1638/1638
f 1618/1618 1731/1731 1638/1638
f 1618/1618 1638/1638 1619/1619
f 1623/1623 1777/1777 1610/1610
f 723/723 716/716 733/733
f 702/702 716/716 723/723
f 219/219 159/159 152/152
f 236/236 254/254 229/229
f 6657/6657 6659/6659 6660/6660
f 1126/1126 1128/1128 1127/1127
f 1126/1126 1127/1127 1125/1125
f 1137/1137 1133/1133 1140/1140
f 1161/1161 1159/1159 1140/1140
f 2998/2998 2999/2999 2983/2983
f 2980/2980 2983/2983 2987/2987
f 5599/5599 5588/5588 5577/5577
f 5577/5577 5619/5619 5599/5599
f 1184/1184 1180/1180 1178/1178
f 1180/1180 1181/1181 1179/1179
f 1185/1185 1184/1184 1178/1178
f 1185/1185 1182/1182 1186/1186
f 1179/1179 1178/1178 1180/1180
f 1177/1177 1182/1182 1178/1178
f 1183/1183 1177/1177 1176/1176
f 1182/1182 1177/1177 1183/1183
f 1174/1174 1187/1187 1188/1188
f 1179/1179 1187/1187 1174/1174
f 4501/4501 4497/4497 4503/4503
f 4497/4497 4501/4501 4489/4489
f 1195/1195 1174/1174 1188/1188
f 4493/4493 4490/4490 4496/4496
f 4490/4490 4489/4489 4496/4496
f 1005/1005 1004/1004 989/989
f 6313/6313 6273/6273 6272/6272
f 6528/6528 6527/6527 6526/6526
f 6528/6528 6529/6529 6527/6527
f 6407/6407 6273/6273 6313/6313
f 6269/6269 6273/6273 6407/6407
f 6269/6269 6279/6279 6278/6278
f 6407/6407 6279/6279 6269/6269
f 6530/6530 6531/6531 6529/6529
f 6529/6529 6528/6528 6530/6530
f 7183/7183 7134/7134 7160/7160
f 6530/6530 6535/6535 6531/6531
f 6278/6278 6279/6279 6280/6280
f 4159/4159 4172/4172 4138/4138
f 4154/4154 4130/4130 4137/4137
f 4138/4138 4130/4130 4159/4159
f 4159/4159 4130/4130 4154/4154
f 7161/7161 7131/7131 7134/7134
f 7132/7132 7134/7134 7131/7131
f 6206/6206 6286/6286 6200/6200
f 7132/7132 7131/7131 7128/7128
f 973/973 980/980 982/982
f 973/973 982/982 984/984
f 7122/7122 7110/7110 7196/7196
f 7164/7164 7110/7110 7108/7108
f 1018/1018 984/984 1013/1013
f 1553/1553 1549/1549 1554/1554
f 1549/1549 1552/1552 1554/1554
f 7089/7089 7095/7095 7097/7097
f 1553/1553 1548/1548 1549/1549
f 7314/7314 7316/7316 7315/7315
f 5031/5031 5022/5022 5021/5021
f 7089/7089 7087/7087 7088/7088
f 7348/7348 7350/7350 7352/7352
f 7353/7353 7352/7352 7350/7350
f 7087/7087 7083/7083 7088/7088
f 2822/2822 2825/2825 2823/2823
f 3487/3487 3474/3474 3473/3473
f 7348/7348 7351/7351 7347/7347
f 2826/2826 2833/2833 2825/2825
f 3489/3489 3488/3488 3493/3493
f 3475/3475 3473/3473 3472/3472
f 5031/5031 5021/5021 5033/5033
f 7083/7083 7087/7087 7082/7082
f 7339/7339 7338/7338 7337/7337
f 4689/4689 4691/4691 4690/4690
f 7339/7339 7341/7341 7338/7338
f 7362/7362 7338/7338 7341/7341
f 7366/7366 7367/7367 7368/7368
f 7369/7369 7366/7366 7368/7368
f 4699/4699 4689/4689 4702/4702
f 7365/7365 7330/7330 7332/7332
f 6867/6867 6863/6863 6881/6881
f 4705/4705 4699/4699 4702/4702
f 6864/6864 6881/6881 6863/6863
f 6863/6863 6862/6862 6864/6864
f 6865/6865 6864/6864 6862/6862
f 4705/4705 4708/4708 4715/4715
f 7336/7336 7343/7343 7322/7322
f 2734/2734 2747/2747 2748/2748
f 2722/2722 2721/2721 2747/2747
f 2718/2718 2721/2721 2722/2722
f 4718/4718 4715/4715 4708/4708
f 2721/2721 2718/2718 2720/2720
f 4866/4866 4865/4865 4868/4868
f 6871/6871 6876/6876 6880/6880
f 2834/2834 2803/2803 2804/2804
f 2803/2803 2802/2802 2804/2804
f 4870/4870 4855/4855 4853/4853
f 4855/4855 4854/4854 4853/4853
f 3608/3608 3614/3614 3606/3606
f 4859/4859 4858/4858 4862/4862
f 271/271 334/334 333/333
f 333/333 334/334 343/343
f 289/289 343/343 351/351
f 334/334 271/271 349/349
f 2052/2052 2027/2027 2053/2053
f 2052/2052 2047/2047 2027/2027
f 5508/5508 5528/5528 5511/5511
f 5510/5510 5508/5508 5511/5511
f 3776/3776 3775/3775 3778/3778
f 3449/3449 3451/3451 3443/3443
f 3452/3452 3457/3457 3453/3453
f 1738/1738 1625/1625 1730/1730
f 1638/1638 1730/1730 1625/1625
f 1638/1638 1625/1625 1619/1619
f 1623/1623 1610/1610 1619/1619
f 5766/5766 5765/5765 5758/5758
f 5758/5758 5765/5765 5764/5764
f 5761/5761 5758/5758 5764/5764
f 6731/6731 6733/6733 6734/6734
f 159/159 160/160 156/156
f 6659/6659 6657/6657 6658/6658
f 1129/1129 1127/1127 1133/1133
f 5589/5589 5583/5583 5588/5588
f 1165/1165 1168/1168 1167/1167
f 2991/2991 2983/2983 2999/2999
f 2992/2992 2988/2988 2993/2993
f 2987/2987 2983/2983 2991/2991
f 5589/5589 5588/5588 5599/5599
f 5613/5613 5589/5589 5599/5599
f 2992/2992 2989/2989 2988/2988
f 2987/2987 2993/2993 2988/2988
f 5621/5621 5599/5599 5619/5619
f 5621/5621 5613/5613 5599/5599
f 2989/2989 2992/2992 2994/2994
f 1177/1177 1178/1178 1170/1170
f 1178/1178 1179/1179 1171/1171
f 1171/1171 1179/1179 1174/1174
f 1170/1170 1178/1178 1171/1171
f 1177/1177 1170/1170 1176/1176
f 1176/1176 1170/1170 1175/1175
f 1173/1173 1171/1171 1174/1174
f 1172/1172 1171/1171 1173/1173
f 1175/1175 1170/1170 1172/1172
f 4501/4501 4496/4496 4489/4489
f 1173/1173 1174/1174 1195/1195
f 6525/6525 6526/6526 6527/6527
f 6203/6203 6201/6201 6202/6202
f 6529/6529 6531/6531 6532/6532
f 6200/6200 6201/6201 6206/6206
f 1014/1014 1005/1005 997/997
f 997/997 1005/1005 989/989
f 997/997 1002/1002 1019/1019
f 997/997 1019/1019 1014/1014
f 7129/7129 7131/7131 7161/7161
f 980/980 997/997 989/989
f 4137/4137 4148/4148 4158/4158
f 4154/4154 4137/4137 4158/4158
f 7125/7125 7128/7128 7129/7129
f 7129/7129 7128/7128 7131/7131
f 972/972 973/973 984/984
f 972/972 984/984 965/965
f 7109/7109 7108/7108 7110/7110
f 7110/7110 7164/7164 7196/7196
f 965/965 984/984 1018/1018
f 7097/7097 7108/7108 7109/7109
f 7164/7164 7108/7108 7095/7095
f 7095/7095 7108/7108 7097/7097
f 7097/7097 7087/7087 7089/7089
f 1538/1538 1530/1530 1548/1548
f 2824/2824 2827/2827 2840/2840
f 2824/2824 2821/2821 2823/2823
f 2824/2824 2823/2823 2827/2827
f 7346/7346 7349/7349 7348/7348
f 7350/7350 7348/7348 7349/7349
f 1530/1530 1537/1537 1531/1531
f 1538/1538 1537/1537 1530/1530
f 2821/2821 2822/2822 2823/2823
f 7342/7342 7346/7346 7347/7347
f 7348/7348 7347/7347 7346/7346
f 3474/3474 3469/3469 3473/3473
f 7347/7347 7360/7360 7342/7342
f 3490/3490 3488/3488 3467/3467
f 3474/3474 3490/3490 3467/3467
f 3473/3473 3469/3469 3472/3472
f 7360/7360 7339/7339 7342/7342
f 4693/4693 4687/4687 4690/4690
f 7342/7342 7339/7339 7337/7337
f 4689/4689 4690/4690 4687/4687
f 7362/7362 7332/7332 7319/7319
f 7332/7332 7325/7325 7319/7319
f 7332/7332 7330/7330 7325/7325
f 7319/7319 7320/7320 7321/7321
f 7321/7321 7320/7320 7322/7322
f 4702/4702 4708/4708 4705/4705
f 4708/4708 4717/4717 4718/4718
f 4878/4878 4876/4876 4868/4868
f 4876/4876 4866/4866 4868/4868
f 4876/4876 4870/4870 4866/4866
f 6874/6874 6877/6877 6876/6876
f 3607/3607 3603/3603 3604/3604
f 2802/2802 2815/2815 2805/2805
f 3604/3604 3609/3609 3607/3607
f 3604/3604 3606/3606 3609/3609
f 2815/2815 2836/2836 2805/2805
f 3606/3606 3614/3614 3611/3611
f 306/306 366/366 367/367
f 355/355 351/351 343/343
f 5528/5528 5527/5527 5511/5511
f 475/475 473/473 476/476
f 5510/5510 5505/5505 5508/5508
f 3781/3781 3782/3782 3857/3857
f 3781/3781 3775/3775 3782/3782
f 5518/5518 5517/5517 5505/5505
f 3775/3775 3781/3781 3778/3778
f 3451/3451 3452/3452 3453/3453
f 1646/1646 1625/1625 1738/1738
f 1777/1777 1623/1623 1719/1719
f 734/734 723/723 733/733
f 6747/6747 6734/6734 6733/6733
f 220/220 219/219 152/152
f 254/254 253/253 229/229
f 6761/6761 6762/6762 6763/6763
f 1127/1127 1128/1128 1154/1154
f 5591/5591 5583/5583 5590/5590
f 5591/5591 5590/5590 5592/5592
f 1163/1163 1161/1161 1140/1140
f 5590/5590 5583/5583 5589/5589
f 5961/5961 5962/5962 5963/5963
f 1168/1168 1165/1165 1169/1169
f 1169/1169 1165/1165 1163/1163
f 3000/3000 2991/2991 2999/2999
f 2993/2993 2987/2987 2991/2991
f 1170/1170 1171/1171 1172/1172
f 6531/6531 6533/6533 6532/6532
f 6294/6294 6292/6292 6293/6293
f 6281/6281 6280/6280 6279/6279
f 1002/1002 1009/1009 1019/1019
f 6294/6294 6293/6293 6299/6299
f 997/997 980/980 1002/1002
f 979/979 1002/1002 980/980
f 6300/6300 6294/6294 6299/6299
f 7184/7184 7125/7125 7130/7130
f 7129/7129 7130/7130 7125/7125
f 967/967 972/972 965/965
f 965/965 966/966 967/967
f 7112/7112 7163/7163 7109/7109
f 5032/5032 5036/5036 5022/5022
f 7109/7109 7163/7163 7097/7097
f 5032/5032 5022/5022 5031/5031
f 1552/1552 1549/1549 1551/1551
f 1548/1548 1530/1530 1547/1547
f 1552/1552 1551/1551 1561/1561
f 2822/2822 2821/2821 2819/2819
f 7335/7335 7342/7342 7337/7337
f 2822/2822 2826/2826 2825/2825
f 2822/2822 2818/2818 2826/2826
f 2822/2822 2819/2819 2818/2818
f 3488/3488 3468/3468 3467/3467
f 3467/3467 3469/3469 3474/3474
f 3489/3489 3468/3468 3488/3488
f 2826/2826 2818/2818 2830/2830
f 7338/7338 7328/7328 7337/7337
f 4687/4687 4688/4688 4689/4689
f 7328/7328 7362/7362 7321/7321
f 7328/7328 7338/7338 7362/7362
f 7362/7362 7319/7319 7321/7321
f 4688/4688 4702/4702 4689/4689
f 4710/4710 4708/4708 4702/4702
f 4719/4719 4717/4717 4710/4710
f 4717/4717 4708/4708 4710/4710
f 2747/2747 2750/2750 2748/2748
f 4719/4719 4718/4718 4717/4717
f 2750/2750 2747/2747 2721/2721
f 6887/6887 6888/6888 6889/6889
f 3606/3606 3611/3611 3609/3609
f 3614/3614 3616/3616 3617/3617
f 3635/3635 3626/3626 3616/3616
f 3616/3616 3626/3626 3617/3617
f 3616/3616 3614/3614 3608/3608
f 4856/4856 4858/4858 4854/4854
f 5009/5009 5037/5037 5041/5041
f 292/292 288/288 353/353
f 288/288 351/351 353/353
f 366/366 306/306 292/292
f 334/334 349/349 348/348
f 343/343 334/334 347/347
f 461/461 463/463 462/462
f 464/464 463/463 461/461
f 465/465 463/463 464/464
f 463/463 476/476 473/473
f 3858/3858 3872/3872 3857/3857
f 3857/3857 3872/3872 3781/3781
f 5518/5518 5505/5505 5510/5510
f 192/192 191/191 190/190
f 3452/3452 3451/3451 3449/3449
f 1646/1646 1657/1657 1626/1626
f 1646/1646 1626/1626 1625/1625
f 1625/1625 1624/1624 1619/1619
f 1624/1624 1623/1623 1619/1619
f 734/734 733/733 748/748
f 764/764 748/748 755/755
f 1154/1154 1135/1135 1127/1127
f 1127/1127 1135/1135 1133/1133
f 5597/5597 5602/5602 5592/5592
f 5590/5590 5597/5597 5592/5592
f 1133/1133 1135/1135 1158/1158
f 1158/1158 1140/1140 1133/1133
f 1140/1140 1158/1158 1163/1163
f 5618/5618 5625/5625 5610/5610
f 5607/5607 5618/5618 5610/5610
f 5618/5618 5624/5624 5625/5625
f 5593/5593 5590/5590 5589/5589
f 5618/5618 5620/5620 5624/5624
f 2995/2995 2992/2992 2996/2996
f 2992/2992 2993/2993 2996/2996
f 5614/5614 5623/5623 5615/5615
f 5620/5620 5615/5615 5623/5623
f 5593/5593 5589/5589 5613/5613
f 2992/2992 2995/2995 2994/2994
f 6406/6406 6460/6460 6286/6286
f 6460/6460 6285/6285 6292/6292
f 6286/6286 6206/6206 6406/6406
f 6291/6291 6293/6293 6292/6292
f 1002/1002 979/979 1009/1009
f 7189/7189 7188/7188 7184/7184
f 6299/6299 6293/6293 6305/6305
f 7189/7189 7184/7184 7130/7130
f 980/980 973/973 979/979
f 7184/7184 7126/7126 7125/7125
f 7111/7111 7110/7110 7122/7122
f 7110/7110 7111/7111 7109/7109
f 7109/7109 7111/7111 7112/7112
f 968/968 972/972 967/967
f 966/966 968/968 967/967
f 1548/1548 1547/1547 1549/1549
f 1530/1530 1531/1531 1532/1532
f 1531/1531 1533/1533 1532/1532
f 1547/1547 1530/1530 1532/1532
f 1531/1531 1539/1539 1533/1533
f 2819/2819 2813/2813 2818/2818
f 3466/3466 3467/3467 3468/3468
f 7335/7335 7337/7337 7328/7328
f 3469/3469 3467/3467 3466/3466
f 3472/3472 3469/3469 3471/3471
f 3472/3472 3471/3471 3476/3476
f 4693/4693 4688/4688 4687/4687
f 4702/4702 4688/4688 4709/4709
f 7322/7322 7326/7326 7321/7321
f 4710/4710 4702/4702 4709/4709
f 7326/7326 7322/7322 7334/7334
f 7322/7322 7343/7343 7334/7334
f 2750/2750 2751/2751 2748/2748
f 6889/6889 6890/6890 6887/6887
f 6876/6876 6877/6877 6878/6878
f 2802/2802 2839/2839 2815/2815
f 3607/3607 3609/3609 3610/3610
f 4855/4855 4856/4856 4854/4854
f 3614/3614 3617/3617 3621/3621
f 5078/5078 5041/5041 5037/5037
f 3435/3435 3414/3414 3418/3418
f 348/348 347/347 334/334
f 3435/3435 3418/3418 3436/3436
f 343/343 347/347 355/355
f 364/364 475/475 478/478
f 3438/3438 3440/3440 3450/3450
f 463/463 465/465 466/466
f 476/476 463/463 466/466
f 5557/5557 5556/5556 5517/5517
f 3443/3443 3446/3446 3449/3449
f 727/727 702/702 726/726
f 1719/1719 1623/1623 1624/1624
f 5766/5766 5781/5781 5773/5773
f 1777/1777 1719/1719 1811/1811
f 734/734 748/748 749/749
f 6682/6682 6734/6734 6747/6747
f 253/253 156/156 229/229
f 156/156 160/160 229/229
f 765/765 749/749 748/748
f 765/765 748/748 764/764
f 6659/6659 6684/6684 6661/6661
f 6668/6668 6684/6684 6658/6658
f 6658/6658 6684/6684 6659/6659
f 5597/5597 5604/5604 5602/5602
f 5604/5604 5610/5610 5602/5602
f 5604/5604 5597/5597 5605/5605
f 5607/5607 5604/5604 5605/5605
f 5610/5610 5604/5604 5607/5607
f 5597/5597 5590/5590 5596/5596
f 5596/5596 5590/5590 5593/5593
f 5605/5605 5597/5597 5596/5596
f 5614/5614 5605/5605 5596/5596
f 5607/5607 5605/5605 5614/5614
f 5615/5615 5607/5607 5614/5614
f 5618/5618 5615/5615 5620/5620
f 5618/5618 5607/5607 5615/5615
f 5596/5596 5593/5593 5613/5613
f 5614/5614 5596/5596 5613/5613
f 6201/6201 6288/6288 6287/6287
f 6529/6529 6534/6534 6527/6527
f 6201/6201 6289/6289 6288/6288
f 6289/6289 6290/6290 6288/6288
f 6529/6529 6532/6532 6534/6534
f 6521/6521 6523/6523 6524/6524
f 6285/6285 6291/6291 6292/6292
f 973/973 974/974 979/979
f 7125/7125 7111/7111 7122/7122
f 972/972 968/968 973/973
f 969/969 968/968 966/966
f 1549/1549 1550/1550 1551/1551
f 1550/1550 1555/1555 1551/1551
f 1549/1549 1547/1547 1550/1550
f 1561/1561 1551/1551 1555/1555
f 1569/1569 1561/1561 1555/1555
f 1534/1534 1532/1532 1533/1533
f 2820/2820 2821/2821 2824/2824
f 1539/1539 1535/1535 1533/1533
f 2821/2821 2820/2820 2819/2819
f 2820/2820 2813/2813 2819/2819
f 7344/7344 7345/7345 7342/7342
f 7345/7345 7346/7346 7342/7342
f 7342/7342 7335/7335 7344/7344
f 2818/2818 2813/2813 2814/2814
f 7335/7335 7328/7328 7327/7327
f 2818/2818 2814/2814 2830/2830
f 3479/3479 3466/3466 3468/3468
f 3469/3469 3466/3466 3470/3470
f 3470/3470 3466/3466 3479/3479
f 3469/3469 3470/3470 3471/3471
f 3470/3470 3477/3477 3471/3471
f 7328/7328 7321/7321 7327/7327
f 3478/3478 3471/3471 3477/3477
f 3476/3476 3471/3471 3478/3478
f 7326/7326 7327/7327 7321/7321
f 3485/3485 3478/3478 3477/3477
f 3486/3486 3485/3485 3477/3477
f 4719/4719 4710/4710 4720/4720
f 2843/2843 2807/2807 2801/2801
f 2801/2801 2802/2802 2803/2803
f 5044/5044 5055/5055 5042/5042
f 2800/2800 2832/2832 2802/2802
f 3627/3627 3612/3612 3620/3620
f 4855/4855 4863/4863 4857/4857
f 3607/3607 3610/3610 3612/3612
f 3626/3626 3637/3637 3632/3632
f 2839/2839 2802/2802 2832/2832
f 4856/4856 4855/4855 4857/4857
f 3609/3609 3611/3611 3623/3623
f 3617/3617 3626/3626 3625/3625
f 3625/3625 3626/3626 3632/3632
f 3614/3614 3621/3621 3611/3611
f 3617/3617 3625/3625 3621/3621
f 5009/5009 5041/5041 5042/5042
f 7038/7038 7032/7032 7027/7027
f 292/292 353/353 366/366
f 351/351 355/355 374/374
f 3431/3431 3440/3440 3438/3438
f 475/475 476/476 478/478
f 5516/5516 5505/5505 5517/5517
f 5517/5517 5556/5556 5516/5516
f 1633/1633 1657/1657 1726/1726
f 1657/1657 1633/1633 1626/1626
f 1627/1627 1624/1624 1626/1626
f 1625/1625 1626/1626 1624/1624
f 749/749 723/723 734/734
f 5765/5765 5769/5769 5764/5764
f 221/221 220/220 152/152
f 151/151 221/221 152/152
f 159/159 156/156 152/152
f 6765/6765 6764/6764 6763/6763
f 6763/6763 6764/6764 6761/6761
f 6667/6667 6668/6668 6658/6658
f 6521/6521 6522/6522 6523/6523
f 1023/1023 1009/1009 995/995
f 1023/1023 995/995 1017/1017
f 6293/6293 6291/6291 6303/6303
f 974/974 995/995 1009/1009
f 979/979 974/974 1009/1009
f 6404/6404 6305/6305 6293/6293
f 6404/6404 6293/6293 6303/6303
f 7188/7188 7126/7126 7184/7184
f 7117/7117 7126/7126 7188/7188
f 7126/7126 7111/7111 7125/7125
f 1559/1559 1550/1550 1547/1547
f 1544/1544 1532/1532 1534/1534
f 1535/1535 1534/1534 1533/1533
f 1547/1547 1532/1532 1559/1559
f 1559/1559 1532/1532 1562/1562
f 1569/1569 1555/1555 1570/1570
f 2811/2811 2814/2814 2813/2813
f 2810/2810 2814/2814 2811/2811
f 3479/3479 3484/3484 3470/3470
f 3484/3484 3481/3481 3470/3470
f 3470/3470 3481/3481 3477/3477
f 7326/7326 7334/7334 7333/7333
f 7326/7326 7333/7333 7327/7327
f 3477/3477 3481/3481 3486/3486
f 2809/2809 2798/2798 2807/2807
f 5063/5063 5064/5064 5056/5056
f 5064/5064 5055/5055 5056/5056
f 2798/2798 2801/2801 2807/2807
f 2798/2798 2800/2800 2801/2801
f 2801/2801 2800/2800 2802/2802
f 3623/3623 3610/3610 3609/3609
f 3611/3611 3621/3621 3623/3623
f 3621/3621 3625/3625 3633/3633
f 3633/3633 3625/3625 3632/3632
f 4862/4862 4858/4858 4860/4860
f 361/361 348/348 349/349
f 347/347 348/348 361/361
f 375/375 400/400 394/394
f 364/364 386/386 349/349
f 3436/3436 3418/3418 3438/3438
f 476/476 466/466 477/477
f 477/477 478/478 476/476
f 3433/3433 3440/3440 3431/3431
f 1633/1633 1726/1726 1725/1725
f 191/191 188/188 190/190
f 188/188 191/191 225/225
f 1626/1626 1633/1633 1628/1628
f 1627/1627 1626/1626 1628/1628
f 1627/1627 1630/1630 1624/1624
f 1737/1737 1719/1719 1624/1624
f 1737/1737 1624/1624 1630/1630
f 1737/1737 1811/1811 1719/1719
f 702/702 725/725 726/726
f 702/702 724/724 725/725
f 724/724 702/702 723/723
f 724/724 723/723 749/749
f 724/724 749/749 762/762
f 6681/6681 6679/6679 6682/6682
f 152/152 150/150 151/151
f 152/152 156/156 150/150
f 6682/6682 6679/6679 6734/6734
f 6220/6220 6477/6477 6406/6406
f 6406/6406 6206/6206 6220/6220
f 6290/6290 6310/6310 6306/6306
f 6311/6311 6310/6310 6290/6290
f 995/995 974/974 975/975
f 7117/7117 7111/7111 7126/7126
f 970/970 975/975 974/974
f 7111/7111 7113/7113 7112/7112
f 1550/1550 1565/1565 1555/1555
f 1565/1565 1550/1550 1559/1559
f 1555/1555 1565/1565 1570/1570
f 1535/1535 1536/1536 1534/1534
f 1532/1532 1544/1544 1563/1563
f 1532/1532 1563/1563 1562/1562
f 7335/7335 7364/7364 7344/7344
f 1541/1541 1536/1536 1540/1540
f 1536/1536 1535/1535 1540/1540
f 1569/1569 1570/1570 1580/1580
f 2812/2812 2813/2813 2820/2820
f 7335/7335 7340/7340 7364/7364
f 7340/7340 7335/7335 7327/7327
f 2813/2813 2812/2812 2811/2811
f 2812/2812 2799/2799 2811/2811
f 7327/7327 7333/7333 7340/7340
f 2811/2811 2799/2799 2810/2810
f 2798/2798 2810/2810 2799/2799
f 2798/2798 2809/2809 2810/2810
f 2800/2800 2798/2798 2797/2797
f 5056/5056 5055/5055 5044/5044
f 3610/3610 3622/3622 3618/3618
f 3610/3610 3613/3613 3612/3612
f 3618/3618 3613/3613 3610/3610
f 3610/3610 3623/3623 3622/3622
f 4856/4856 4857/4857 4861/4861
f 4858/4858 4856/4856 4860/4860
f 7039/7039 7041/7041 7040/7040
f 7039/7039 7032/7032 7038/7038
f 353/353 351/351 372/372
f 351/351 373/373 372/372
f 361/361 363/363 347/347
f 363/363 355/355 347/347
f 370/370 363/363 369/369
f 370/370 355/355 363/363
f 375/375 394/394 374/374
f 401/401 370/370 369/369
f 386/386 361/361 349/349
f 3438/3438 3418/3418 3431/3431
f 364/364 478/478 386/386
f 386/386 478/478 483/483
f 477/477 466/466 469/469
f 478/478 477/477 479/479
f 479/479 477/477 469/469
f 3444/3444 3440/3440 3433/3433
f 3433/3433 3443/3443 3444/3444
f 3433/3433 3426/3426 3443/3443
f 3426/3426 3442/3442 3443/3443
f 3446/3446 3443/3443 3442/3442
f 1637/1637 1737/1737 1630/1630
f 5773/5773 5765/5765 5766/5766
f 726/726 725/725 729/729
f 762/762 745/745 724/724
f 5764/5764 5769/5769 5770/5770
f 765/765 762/762 749/749
f 6674/6674 6669/6669 6675/6675
f 6675/6675 6679/6679 6680/6680
f 6679/6679 6681/6681 6680/6680
f 151/151 150/150 149/149
f 6675/6675 6669/6669 6679/6679
f 5771/5771 5772/5772 5770/5770
f 6679/6679 6669/6669 6734/6734
f 6670/6670 6668/6668 6669/6669
f 6668/6668 6677/6677 6684/6684
f 6287/6287 6209/6209 6201/6201
f 6290/6290 6301/6301 6288/6288
f 6301/6301 6290/6290 6306/6306
f 6210/6210 6211/6211 6206/6206
f 6285/6285 6477/6477 6282/6282
f 6285/6285 6282/6282 6284/6284
f 6284/6284 6291/6291 6285/6285
f 6291/6291 6284/6284 6303/6303
f 1017/1017 995/995 996/996
f 995/995 975/975 996/996
f 7117/7117 7114/7114 7111/7111
f 7111/7111 7114/7114 7113/7113
f 1562/1562 1568/1568 1559/1559
f 1559/1559 1568/1568 1565/1565
f 1579/1579 1580/1580 1570/1570
f 7340/7340 7333/7333 7361/7361
f 2812/2812 2796/2796 2799/2799
f 5068/5068 5061/5061 5067/5067
f 5068/5068 5057/5057 5061/5061
f 2799/2799 2796/2796 2798/2798
f 5068/5068 5063/5063 5057/5057
f 5057/5057 5063/5063 5056/5056
f 2796/2796 2797/2797 2798/2798
f 2800/2800 2797/2797 2844/2844
f 3650/3650 3651/3651 3639/3639
f 3650/3650 3639/3639 3637/3637
f 3637/3637 3639/3639 3632/3632
f 3622/3622 3623/3623 3631/3631
f 3629/3629 3622/3622 3631/3631
f 3639/3639 3633/3633 3632/3632
f 3612/3612 3613/3613 3620/3620
f 3620/3620 3613/3613 3619/3619
f 3631/3631 3623/3623 3621/3621
f 3621/3621 3633/3633 3631/3631
f 5042/5042 5041/5041 5043/5043
f 374/374 373/373 351/351
f 355/355 375/375 374/374
f 420/420 394/394 400/400
f 420/420 400/400 417/417
f 418/418 420/420 417/417
f 3418/3418 3417/3417 3431/3431
f 483/483 478/478 479/479
f 3426/3426 3441/3441 3442/3442
f 1725/1725 1634/1634 1633/1633
f 1725/1725 1654/1654 1634/1634
f 5516/5516 5556/5556 5531/5531
f 1633/1633 1634/1634 1628/1628
f 189/189 190/190 188/188
f 187/187 189/189 188/188
f 736/736 727/727 726/726
f 1630/1630 1627/1627 1637/1637
f 5765/5765 5773/5773 5774/5774
f 1811/1811 1737/1737 1817/1817
f 745/745 725/725 724/724
f 149/149 148/148 142/142
f 149/149 150/150 148/148
f 765/765 767/767 762/762
f 156/156 238/238 150/150
f 238/238 156/156 252/252
f 6301/6301 6312/6312 6287/6287
f 6301/6301 6287/6287 6288/6288
f 6209/6209 6287/6287 6312/6312
f 6209/6209 6206/6206 6201/6201
f 6211/6211 6220/6220 6206/6206
f 6301/6301 6306/6306 6307/6307
f 6477/6477 6217/6217 6282/6282
f 1021/1021 1017/1017 996/996
f 6284/6284 6282/6282 6218/6218
f 7118/7118 7119/7119 7120/7120
f 7118/7118 7120/7120 7166/7166
f 7118/7118 7114/7114 7117/7117
f 7118/7118 7117/7117 7119/7119
f 974/974 973/973 970/970
f 7114/7114 7115/7115 7113/7113
f 968/968 970/970 973/973
f 969/969 970/970 968/968
f 969/969 971/971 970/970
f 7115/7115 7116/7116 7113/7113
f 1541/1541 1542/1542 1536/1536
f 1558/1558 1572/1572 1542/1542
f 1541/1541 1558/1558 1542/1542
f 1562/1562 1563/1563 1568/1568
f 1580/1580 1579/1579 1588/1588
f 1587/1587 1588/1588 1579/1579
f 2844/2844 2797/2797 2842/2842
f 2797/2797 2796/2796 2842/2842
f 5056/5056 5044/5044 5052/5052
f 3622/3622 3629/3629 3618/3618
f 3628/3628 3620/3620 3619/3619
f 3613/3613 3618/3618 3619/3619
f 4860/4860 4856/4856 4861/4861
f 4860/4860 4861/4861 4864/4864
f 7039/7039 7040/7040 7032/7032
f 5041/5041 5078/5078 5077/5077
f 7028/7028 7027/7027 7029/7029
f 7030/7030 7028/7028 7029/7029
f 7032/7032 7029/7029 7027/7027
f 372/372 378/378 353/353
f 3414/3414 3464/3464 3416/3416
f 372/372 381/381 380/380
f 372/372 380/380 379/379
f 379/379 382/382 378/378
f 379/379 378/378 372/372
f 2523/2523 2511/2511 2525/2525
f 380/380 381/381 383/383
f 2523/2523 2522/2522 2511/2511
f 2522/2522 2501/2501 2511/2511
f 2501/2501 2522/2522 2499/2499
f 3418/3418 3414/3414 3417/3417
f 368/368 363/363 361/361
f 369/369 363/363 368/368
f 394/394 420/420 421/421
f 417/417 401/401 369/369
f 420/420 418/418 421/421
f 3431/3431 3417/3417 3433/3433
f 5508/5508 5529/5529 5528/5528
f 3417/3417 3426/3426 3433/3433
f 3445/3445 3441/3441 3434/3434
f 3426/3426 3434/3434 3441/3441
f 1654/1654 1636/1636 1634/1634
f 5505/5505 5516/5516 5506/5506
f 1627/1627 1628/1628 1629/1629
f 188/188 225/225 226/226
f 1627/1627 1629/1629 1637/1637
f 736/736 726/726 743/743
f 5774/5774 5786/5786 5778/5778
f 1785/1785 1737/1737 1637/1637
f 729/729 742/742 726/726
f 725/725 745/745 729/729
f 763/763 729/729 745/745
f 762/762 767/767 745/745
f 745/745 767/767 763/763
f 5765/5765 5774/5774 5775/5775
f 5791/5791 5771/5771 5769/5769
f 5769/5769 5771/5771 5770/5770
f 230/230 150/150 238/238
f 768/768 767/767 765/765
f 6668/6668 6670/6670 6677/6677
f 6209/6209 6312/6312 6215/6215
f 6211/6211 6213/6213 6220/6220
f 6220/6220 6217/6217 6477/6477
f 6213/6213 6217/6217 6220/6220
f 6206/6206 6209/6209 6210/6210
f 1544/1544 1536/1536 1545/1545
f 1534/1534 1536/1536 1544/1544
f 1565/1565 1578/1578 1570/1570
f 1579/1579 1584/1584 1587/1587
f 1584/1584 1590/1590 1587/1587
f 3658/3658 3652/3652 3651/3651
f 5057/5057 5056/5056 5052/5052
f 3651/3651 3652/3652 3639/3639
f 3638/3638 3629/3629 3631/3631
f 3633/3633 3638/3638 3631/3631
f 3639/3639 3638/3638 3633/3633
f 3628/3628 3624/3624 3634/3634
f 3628/3628 3619/3619 3624/3624
f 387/387 382/382 379/379
f 387/387 380/380 388/388
f 379/379 380/380 387/387
f 2531/2531 2511/2511 2524/2524
f 384/384 378/378 382/382
f 3414/3414 3416/3416 3415/3415
f 3413/3413 3414/3414 3415/3415
f 3413/3413 3407/3407 3414/3414
f 2501/2501 2499/2499 2496/2496
f 368/368 361/361 396/396
f 398/398 417/417 369/369
f 386/386 396/396 361/361
f 417/417 398/398 418/418
f 386/386 397/397 396/396
f 465/465 467/467 466/466
f 483/483 397/397 386/386
f 5529/5529 5563/5563 5528/5528
f 466/466 467/467 468/468
f 466/466 468/468 469/469
f 479/479 480/480 483/483
f 5529/5529 5508/5508 5507/5507
f 480/480 479/479 469/469
f 3426/3426 3427/3427 3434/3434
f 3434/3434 3448/3448 3445/3445
f 1727/1727 1635/1635 1636/1636
f 1636/1636 1635/1635 1634/1634
f 5516/5516 5531/5531 5506/5506
f 5531/5531 5536/5536 5506/5506
f 188/188 185/185 187/187
f 185/185 188/188 226/226
f 1650/1650 1637/1637 1629/1629
f 744/744 736/736 743/743
f 1785/1785 1637/1637 1650/1650
f 5765/5765 5775/5775 5769/5769
f 743/743 726/726 742/742
f 742/742 729/729 763/763
f 766/766 763/763 767/767
f 140/140 141/141 142/142
f 148/148 147/147 142/142
f 5769/5769 5789/5789 5791/5791
f 230/230 148/148 150/150
f 6670/6670 6683/6683 6677/6677
f 6307/6307 6312/6312 6301/6301
f 6210/6210 6212/6212 6211/6211
f 6212/6212 6213/6213 6211/6211
f 6306/6306 6308/6308 6307/6307
f 6282/6282 6217/6217 6218/6218
f 1021/1021 996/996 1011/1011
f 7118/7118 7166/7166 7121/7121
f 7121/7121 7114/7114 7118/7118
f 1536/1536 1542/1542 1543/1543
f 1543/1543 1545/1545 1536/1536
f 1572/1572 1560/1560 1542/1542
f 1560/1560 1543/1543 1542/1542
f 5059/5059 5066/5066 5067/5067
f 1579/1579 1570/1570 1578/1578
f 5067/5067 5061/5061 5059/5059
f 1575/1575 1578/1578 1565/1565
f 1575/1575 1565/1565 1568/1568
f 5061/5061 5052/5052 5059/5059
f 1579/1579 1578/1578 1584/1584
f 5061/5061 5057/5057 5052/5052
f 3639/3639 3652/3652 3653/3653
f 3640/3640 3629/3629 3641/3641
f 3641/3641 3629/3629 3638/3638
f 3653/3653 3638/3638 3639/3639
f 5044/5044 5042/5042 5043/5043
f 3619/3619 3618/3618 3624/3624
f 5043/5043 5041/5041 5077/5077
f 389/389 387/387 388/388
f 382/382 387/387 393/393
f 2524/2524 2511/2511 2512/2512
f 382/382 393/393 385/385
f 2501/2501 2496/2496 2511/2511
f 385/385 384/384 382/382
f 3463/3463 3425/3425 3415/3415
f 3415/3415 3425/3425 3413/3413
f 2500/2500 2497/2497 2499/2499
f 368/368 398/398 369/369
f 3407/3407 3413/3413 3412/3412
f 419/419 418/418 398/398
f 3417/3417 3414/3414 3407/3407
f 396/396 397/397 422/422
f 483/483 480/480 397/397
f 422/422 397/397 482/482
f 482/482 397/397 480/480
f 3417/3417 3407/3407 3420/3420
f 5508/5508 5505/5505 5507/5507
f 3417/3417 3420/3420 3424/3424
f 3426/3426 3417/3417 3424/3424
f 3426/3426 3424/3424 3427/3427
f 3437/3437 3427/3427 3424/3424
f 3437/3437 3434/3434 3427/3427
f 3437/3437 3447/3447 3434/3434
f 3447/3447 3448/3448 3434/3434
f 1727/1727 1644/1644 1635/1635
f 1628/1628 1631/1631 1629/1629
f 185/185 186/186 187/187
f 1629/1629 1632/1632 1650/1650
f 1632/1632 1780/1780 1650/1650
f 1785/1785 1650/1650 1780/1780
f 5778/5778 5775/5775 5774/5774
f 751/751 743/743 742/742
f 5775/5775 5788/5788 5769/5769
f 143/143 141/141 140/140
f 6672/6672 6669/6669 6674/6674
f 5788/5788 5792/5792 5789/5789
f 5769/5769 5788/5788 5789/5789
f 6670/6670 6669/6669 6671/6671
f 6209/6209 6215/6215 6210/6210
f 6213/6213 6214/6214 6216/6216
f 6217/6217 6213/6213 6216/6216
f 6217/6217 6216/6216 6218/6218
f 1011/1011 996/996 976/976
f 996/996 975/975 976/976
f 970/970 971/971 975/975
f 7114/7114 7121/7121 7115/7115
f 1568/1568 1563/1563 1576/1576
f 1576/1576 1575/1575 1568/1568
f 5059/5059 5052/5052 5051/5051
f 1585/1585 1575/1575 1582/1582
f 1578/1578 1575/1575 1585/1585
f 5051/5051 5052/5052 5049/5049
f 5052/5052 5044/5044 5049/5049
f 1584/1584 1578/1578 1590/1590
f 1585/1585 1592/1592 1593/1593
f 1578/1578 1585/1585 1593/1593
f 3641/3641 3654/3654 3640/3640
f 3653/3653 3641/3641 3638/3638
f 3640/3640 3630/3630 3629/3629
f 3629/3629 3630/3630 3624/3624
f 5044/5044 5043/5043 5046/5046
f 3624/3624 3618/3618 3629/3629
f 7041/7041 7042/7042 7040/7040
f 3624/3624 3630/3630 3634/3634
f 7044/7044 7031/7031 7032/7032
f 7044/7044 7032/7032 7040/7040
f 7031/7031 7030/7030 7029/7029
f 391/391 389/389 388/388
f 387/387 389/389 390/390
f 390/390 393/393 387/387
f 391/391 388/388 392/392
f 2512/2512 2511/2511 2496/2496
f 4212/4212 4209/4209 4213/4213
f 4235/4235 4213/4213 4209/4209
f 3425/3425 3421/3421 3413/3413
f 2499/2499 2497/2497 2496/2496
f 3413/3413 3421/3421 3412/3412
f 396/396 407/407 368/368
f 368/368 399/399 398/398
f 368/368 407/407 399/399
f 2505/2505 2497/2497 2532/2532
f 3406/3406 3421/3421 3430/3430
f 3412/3412 3421/3421 3406/3406
f 407/407 396/396 422/422
f 3407/3407 3412/3412 3406/3406
f 3411/3411 3406/3406 3430/3430
f 3407/3407 3406/3406 3399/3399
f 3397/3397 3399/3399 3406/3406
f 5529/5529 5522/5522 5559/5559
f 482/482 519/519 422/422
f 3397/3397 3406/3406 3411/3411
f 5529/5529 5507/5507 5522/5522
f 480/480 469/469 481/481
f 518/518 482/482 481/481
f 482/482 480/480 481/481
f 518/518 519/519 482/482
f 3420/3420 3407/3407 3408/3408
f 3432/3432 3424/3424 3420/3420
f 3432/3432 3437/3437 3424/3424
f 3432/3432 3447/3447 3437/3437
f 3439/3439 3447/3447 3432/3432
f 3447/3447 3439/3439 3448/3448
f 1771/1771 1644/1644 1727/1727
f 1635/1635 1644/1644 1631/1631
f 1628/1628 1635/1635 1631/1631
f 1628/1628 1634/1634 1635/1635
f 5506/5506 5536/5536 5501/5501
f 187/187 186/186 214/214
f 750/750 744/744 743/743
f 750/750 743/743 751/751
f 763/763 766/766 742/742
f 766/766 751/751 742/742
f 6736/6736 6738/6738 6737/6737
f 767/767 768/768 766/766
f 143/143 140/140 144/144
f 144/144 140/140 154/154
f 6671/6671 6683/6683 6670/6670
f 230/230 243/243 148/148
f 6215/6215 6312/6312 6410/6410
f 6215/6215 6410/6410 6452/6452
f 6215/6215 6274/6274 6210/6210
f 6215/6215 6452/6452 6274/6274
f 6210/6210 6274/6274 6212/6212
f 6212/6212 6214/6214 6213/6213
f 6274/6274 6214/6214 6212/6212
f 7187/7187 7121/7121 7166/7166
f 971/971 976/976 975/975
f 1546/1546 1545/1545 1543/1543
f 1543/1543 1560/1560 1546/1546
f 1560/1560 1567/1567 1546/1546
f 5059/5059 5062/5062 5066/5066
f 5059/5059 5051/5051 5062/5062
f 1576/1576 1582/1582 1575/1575
f 1585/1585 1582/1582 1576/1576
f 1585/1585 1576/1576 1592/1592
f 5049/5049 5044/5044 5046/5046
f 3654/3654 3642/3642 3640/3640
f 5047/5047 5043/5043 5073/5073
f 7042/7042 7044/7044 7040/7040
f 5073/5073 5043/5043 5077/5077
f 3648/3648 3645/3645 3646/3646
f 7029/7029 7032/7032 7031/7031
f 4208/4208 4211/4211 4210/4210
f 4208/4208 4212/4212 4211/4211
f 4212/4212 4208/4208 4209/4209
f 4209/4209 4233/4233 4235/4235
f 2494/2494 2493/2493 2496/2496
f 4235/4235 4231/4231 4232/4232
f 4229/4229 4232/4232 4231/4231
f 2505/2505 2494/2494 2497/2497
f 2505/2505 2520/2520 2494/2494
f 2521/2521 2504/2504 2494/2494
f 4232/4232 4318/4318 4336/4336
f 422/422 423/423 407/407
f 3397/3397 3398/3398 3399/3399
f 3407/3407 3399/3399 3408/3408
f 3408/3408 3399/3399 3398/3398
f 3398/3398 3403/3403 3408/3408
f 469/469 468/468 481/481
f 526/526 422/422 519/519
f 4317/4317 4336/4336 4318/4318
f 3411/3411 3393/3393 3397/3397
f 3397/3397 3393/3393 3395/3395
f 3398/3398 3397/3397 3395/3395
f 518/518 481/481 517/517
f 518/518 517/517 519/519
f 6027/6027 6028/6028 6029/6029
f 526/526 519/519 525/525
f 3411/3411 3422/3422 3393/3393
f 3393/3393 3422/3422 3391/3391
f 3420/3420 3408/3408 3432/3432
f 1631/1631 1644/1644 1648/1648
f 5506/5506 5501/5501 5496/5496
f 1629/1629 1631/1631 1632/1632
f 5779/5779 5775/5775 5778/5778
f 5780/5780 5775/5775 5779/5779
f 185/185 182/182 184/184
f 249/249 247/247 180/180
f 180/180 182/182 249/249
f 180/180 247/247 234/234
f 6683/6683 6736/6736 6737/6737
f 6726/6726 6736/6736 6683/6683
f 6671/6671 6669/6669 6672/6672
f 6673/6673 6671/6671 6672/6672
f 144/144 145/145 143/143
f 142/142 147/147 140/140
f 148/148 243/243 147/147
f 6312/6312 6309/6309 6410/6410
f 6308/6308 6309/6309 6307/6307
f 6309/6309 6312/6312 6307/6307
f 6216/6216 6214/6214 6501/6501
f 6219/6219 6218/6218 6216/6216
f 6219/6219 6216/6216 6501/6501
f 7187/7187 7167/7167 7121/7121
f 7167/7167 7115/7115 7121/7121
f 1544/1544 1545/1545 1564/1564
f 1564/1564 1563/1563 1544/1544
f 5051/5051 5049/5049 5050/5050
f 5050/5050 5049/5049 5046/5046
f 3657/3657 3642/3642 3654/3654
f 5046/5046 5043/5043 5047/5047
f 4416/4416 4394/4394 4412/4412
f 4415/4415 4412/4412 4399/4399
f 4415/4415 4399/4399 4414/4414
f 2496/2496 2526/2526 2512/2512
f 4235/4235 4233/4233 4231/4231
f 2494/2494 2504/2504 2492/2492
f 4318/4318 4232/4232 4229/4229
f 2504/2504 2517/2517 2492/2492
f 422/422 526/526 530/530
f 2517/2517 2491/2491 2492/2492
f 5559/5559 5522/5522 5532/5532
f 481/481 468/468 488/488
f 3395/3395 3403/3403 3398/3398
f 517/517 481/481 488/488
f 3392/3392 3401/3401 3395/3395
f 3403/3403 3395/3395 3401/3401
f 3408/3408 3403/3403 3419/3419
f 517/517 520/520 525/525
f 526/526 525/525 520/520
f 520/520 522/522 526/526
f 522/522 530/530 526/526
f 4317/4317 4314/4314 4321/4321
f 3393/3393 3392/3392 3395/3395
f 3391/3391 3392/3392 3393/3393
f 4314/4314 4311/4311 4321/4321
f 3391/3391 3428/3428 3394/3394
f 3392/3392 3391/3391 3394/3394
f 5493/5493 5507/5507 5505/5505
f 3428/3428 3400/3400 3394/3394
f 3408/3408 3419/3419 3432/3432
f 3423/3423 3419/3419 3409/3409
f 3432/3432 3419/3419 3429/3429
f 5496/5496 5493/5493 5505/5505
f 3432/3432 3429/3429 3439/3439
f 1644/1644 1771/1771 1664/1664
f 5505/5505 5506/5506 5496/5496
f 1648/1648 1647/1647 1631/1631
f 1647/1647 1632/1632 1631/1631
f 1780/1780 1632/1632 1647/1647
f 214/214 186/186 217/217
f 5501/5501 5499/5499 5496/5496
f 5780/5780 5790/5790 5775/5775
f 234/234 176/176 180/180
f 234/234 175/175 176/176
f 6683/6683 6676/6676 6726/6726
f 6676/6676 6686/6686 6726/6726
f 6686/6686 6676/6676 6685/6685
f 6676/6676 6673/6673 6685/6685
f 146/146 145/145 144/144
f 6676/6676 6683/6683 6671/6671
f 6673/6673 6676/6676 6671/6671
f 144/144 154/154 155/155
f 154/154 140/140 153/153
f 140/140 147/147 153/153
f 147/147 243/243 250/250
f 248/248 147/147 250/250
f 6452/6452 6491/6491 6274/6274
f 6274/6274 6491/6491 6501/6501
f 6274/6274 6501/6501 6214/6214
f 1003/1003 1011/1011 976/976
f 1003/1003 976/976 978/978
f 7187/7187 7168/7168 7167/7167
f 971/971 977/977 976/976
f 1546/1546 1566/1566 1545/1545
f 1566/1566 1564/1564 1545/1545
f 1567/1567 1574/1574 1566/1566
f 1546/1546 1567/1567 1566/1566
f 1571/1571 1563/1563 1564/1564
f 1571/1571 1576/1576 1563/1563
f 5062/5062 5051/5051 5058/5058
f 5046/5046 5047/5047 5048/5048
f 3630/3630 3643/3643 3644/3644
f 3644/3644 3643/3643 3645/3645
f 3643/3643 3646/3646 3645/3645
f 4412/4412 4394/4394 4399/4399
f 4414/4414 4399/4399 4386/4386
f 4207/4207 4210/4210 4206/4206
f 4207/4207 4208/4208 4210/4210
f 4208/4208 4207/4207 4203/4203
f 4208/4208 4203/4203 4209/4209
f 4203/4203 4233/4233 4209/4209
f 4226/4226 4229/4229 4231/4231
f 2492/2492 2485/2485 2493/2493
f 4318/4318 4229/4229 4317/4317
f 4229/4229 4230/4230 4317/4317
f 4314/4314 4317/4317 4230/4230
f 520/520 517/517 488/488
f 2491/2491 2519/2519 2487/2487
f 5493/5493 5502/5502 5507/5507
f 520/520 488/488 521/521
f 520/520 521/521 522/522
f 3403/3403 3401/3401 3409/3409
f 4230/4230 4312/4312 4314/4314
f 3403/3403 3409/3409 3419/3419
f 4312/4312 4311/4311 4314/4314
f 3401/3401 3392/3392 3404/3404
f 3409/3409 3401/3401 3404/3404
f 4310/4310 4311/4311 4312/4312
f 4311/4311 4310/4310 4327/4327
f 3394/3394 3400/3400 3396/3396
f 3396/3396 3392/3392 3394/3394
f 4310/4310 4328/4328 4327/4327
f 3419/3419 3423/3423 3429/3429
f 3410/3410 3429/3429 3423/3423
f 1664/1664 1665/1665 1663/1663
f 1644/1644 1664/1664 1663/1663
f 1660/1660 1644/1644 1663/1663
f 5779/5779 5790/5790 5780/5780
f 186/186 184/184 217/217
f 186/186 185/185 184/184
f 5775/5775 5790/5790 5788/5788
f 182/182 181/181 184/184
f 182/182 180/180 181/181
f 175/175 157/157 176/176
f 176/176 157/157 177/177
f 175/175 146/146 157/157
f 144/144 155/155 146/146
f 4358/4358 4354/4354 4357/4357
f 6452/6452 6410/6410 6412/6412
f 6410/6410 6411/6411 6412/6412
f 6452/6452 6412/6412 6491/6491
f 6309/6309 6411/6411 6410/6410
f 1011/1011 1003/1003 1022/1022
f 1022/1022 1003/1003 1015/1015
f 7170/7170 7168/7168 7187/7187
f 7168/7168 7124/7124 7167/7167
f 976/976 977/977 978/978
f 7124/7124 7123/7123 7115/7115
f 7115/7115 7123/7123 7116/7116
f 7167/7167 7124/7124 7115/7115
f 1574/1574 1577/1577 1566/1566
f 1573/1573 1566/1566 1577/1577
f 1564/1564 1566/1566 1573/1573
f 5060/5060 5070/5070 5058/5058
f 1576/1576 1571/1571 1581/1581
f 5051/5051 5050/5050 5058/5058
f 5050/5050 5060/5060 5058/5058
f 5054/5054 5060/5060 5050/5050
f 1576/1576 1581/1581 1589/1589
f 5054/5054 5050/5050 5046/5046
f 3657/3657 3656/3656 3642/3642
f 5048/5048 5054/5054 5046/5046
f 5065/5065 5054/5054 5048/5048
f 3649/3649 3643/3643 3642/3642
f 3640/3640 3642/3642 3630/3630
f 5065/5065 5048/5048 5047/5047
f 5074/5074 5065/5065 5047/5047
f 5074/5074 5047/5047 5073/5073
f 3643/3643 3647/3647 3646/3646
f 4399/4399 4394/4394 4385/4385
f 4386/4386 4399/4399 4385/4385
f 4207/4207 4206/4206 4203/4203
f 2497/2497 2494/2494 2496/2496
f 4233/4233 4226/4226 4231/4231
f 4224/4224 4229/4229 4226/4226
f 4230/4230 4229/4229 4224/4224
f 5502/5502 5522/5522 5507/5507
f 4230/4230 4224/4224 4225/4225
f 522/522 521/521 523/523
f 2486/2486 2487/2487 2519/2519
f 4225/4225 4315/4315 4230/4230
f 4312/4312 4230/4230 4315/4315
f 3409/3409 3404/3404 3405/3405
f 3392/3392 3396/3396 3404/3404
f 3396/3396 3405/3405 3404/3404
f 3396/3396 3400/3400 3402/3402
f 1753/1753 1752/1752 1668/1668
f 3396/3396 3402/3402 3405/3405
f 3409/3409 3405/3405 3423/3423
f 3410/3410 3405/3405 3402/3402
f 3423/3423 3405/3405 3410/3410
f 1663/1663 1665/1665 1660/1660
f 1660/1660 1648/1648 1644/1644
f 1660/1660 1661/1661 1648/1648
f 1648/1648 1661/1661 1703/1703
f 1703/1703 1647/1647 1648/1648
f 1780/1780 1647/1647 1781/1781
f 217/217 184/184 232/232
f 184/184 181/181 232/232
f 180/180 179/179 181/181
f 176/176 179/179 180/180
f 4354/4354 4352/4352 4357/4357
f 146/146 155/155 157/157
f 153/153 147/147 248/248
f 6491/6491 6412/6412 6507/6507
f 6507/6507 6501/6501 6491/6491
f 1015/1015 1003/1003 981/981
f 7168/7168 7170/7170 7169/7169
f 1003/1003 978/978 981/981
f 981/981 978/978 977/977
f 981/981 977/977 1008/1008
f 1573/1573 1571/1571 1564/1564
f 1571/1571 1573/1573 1581/1581
f 5054/5054 5069/5069 5060/5060
f 3642/3642 3656/3656 3649/3649
f 5069/5069 5054/5054 5065/5065
f 5074/5074 5069/5069 5065/5065
f 3655/3655 3647/3647 3649/3649
f 3649/3649 3647/3647 3643/3643
f 4384/4384 4385/4385 4394/4394
f 4387/4387 4394/4394 4405/4405
f 4387/4387 4384/4384 4394/4394
f 4203/4203 4206/4206 4198/4198
f 4203/4203 4202/4202 4233/4233
f 4202/4202 4205/4205 4226/4226
f 4233/4233 4202/4202 4226/4226
f 4205/4205 4227/4227 4226/4226
f 4227/4227 4221/4221 4220/4220
f 2494/2494 2492/2492 2493/2493
f 4227/4227 4220/4220 4223/4223
f 4226/4226 4227/4227 4223/4223
f 4226/4226 4223/4223 4224/4224
f 4224/4224 4223/4223 4222/4222
f 5522/5522 5509/5509 5532/5532
f 2485/2485 2487/2487 2486/2486
f 4222/4222 4228/4228 4225/4225
f 4222/4222 4225/4225 4224/4224
f 5509/5509 5522/5522 5502/5502
f 524/524 521/521 488/488
f 4234/4234 4225/4225 4228/4228
f 4315/4315 4225/4225 4234/4234
f 4313/4313 4312/4312 4315/4315
f 4312/4312 4313/4313 4310/4310
f 5671/5671 5672/5672 5673/5673
f 1668/1668 1752/1752 1750/1750
f 5495/5495 5493/5493 5496/5496
f 1703/1703 1781/1781 1647/1647
f 5497/5497 5495/5495 5496/5496
f 5496/5496 5499/5499 5497/5497
f 5793/5793 5794/5794 5790/5790
f 5793/5793 5790/5790 5779/5779
f 4352/4352 4356/4356 4357/4357
f 154/154 158/158 155/155
f 154/154 239/239 158/158
f 239/239 154/154 153/153
f 248/248 239/239 153/153
f 7171/7171 7169/7169 7172/7172
f 981/981 1020/1020 1015/1015
f 7169/7169 7124/7124 7168/7168
f 1577/1577 1586/1586 1583/1583
f 1577/1577 1583/1583 1573/1573
f 1583/1583 1581/1581 1573/1573
f 1581/1581 1583/1583 1589/1589
f 5079/5079 5060/5060 5069/5069
f 5080/5080 5079/5079 5069/5069
f 1589/1589 1583/1583 1591/1591
f 3649/3649 3656/3656 3655/3655
f 5074/5074 5080/5080 5069/5069
f 4384/4384 4383/4383 4385/4385
f 4383/4383 4386/4386 4385/4385
f 4199/4199 4198/4198 4206/4206
f 4198/4198 4202/4202 4203/4203
f 2493/2493 2509/2509 2496/2496
f 4221/4221 4205/4205 4204/4204
f 4205/4205 4221/4221 4227/4227
f 4219/4219 4220/4220 4221/4221
f 4223/4223 4220/4220 4215/4215
f 2485/2485 2492/2492 2491/2491
f 4223/4223 4215/4215 4222/4222
f 2487/2487 2485/2485 2491/2491
f 4222/4222 4215/4215 4217/4217
f 4222/4222 4217/4217 4228/4228
f 5532/5532 5509/5509 5562/5562
f 5509/5509 5502/5502 5503/5503
f 524/524 523/523 521/521
f 4342/4342 4343/4343 4313/4313
f 1703/1703 1807/1807 1781/1781
f 1770/1770 1807/1807 1703/1703
f 4362/4362 4354/4354 4363/4363
f 5497/5497 5553/5553 5498/5498
f 179/179 176/176 178/178
f 177/177 178/178 176/176
f 177/177 218/218 178/178
f 4352/4352 4355/4355 4356/4356
f 177/177 157/157 218/218
f 157/157 241/241 218/218
f 5565/5565 5566/5566 5564/5564
f 5570/5570 5568/5568 5566/5566
f 157/157 155/155 241/241
f 5571/5571 5566/5566 5565/5565
f 5572/5572 5566/5566 5571/5571
f 5570/5570 5566/5566 5572/5572
f 7169/7169 7171/7171 7124/7124
f 4387/4387 4381/4381 4384/4384
f 4383/4383 4384/4384 4381/4381
f 4198/4198 4199/4199 4200/4200
f 4200/4200 4199/4199 4201/4201
f 4198/4198 4200/4200 4202/4202
f 4205/4205 4200/4200 4204/4204
f 4202/4202 4200/4200 4205/4205
f 4204/4204 4249/4249 4221/4221
f 4255/4255 4219/4219 4249/4249
f 4219/4219 4221/4221 4249/4249
f 4215/4215 4219/4219 4218/4218
f 4216/4216 4215/4215 4218/4218
f 4219/4219 4215/4215 4220/4220
f 4214/4214 4215/4215 4216/4216
f 4214/4214 4217/4217 4215/4215
f 4236/4236 4217/4217 4214/4214
f 4217/4217 4236/4236 4234/4234
f 4228/4228 4217/4217 4234/4234
f 2486/2486 2508/2508 2483/2483
f 5493/5493 5492/5492 5502/5502
f 1750/1750 1751/1751 1749/1749
f 1750/1750 1749/1749 1668/1668
f 1665/1665 1668/1668 1667/1667
f 1665/1665 1667/1667 1666/1666
f 1661/1661 1660/1660 1662/1662
f 1770/1770 1661/1661 1662/1662
f 1770/1770 1703/1703 1661/1661
f 4361/4361 4359/4359 4362/4362
f 5495/5495 5497/5497 5498/5498
f 181/181 179/179 223/223
f 240/240 223/223 179/179
f 179/179 178/178 240/240
f 240/240 178/178 218/218
f 5568/5568 5564/5564 5566/5566
f 5565/5565 5567/5567 5569/5569
f 4383/4383 4381/4381 4382/4382
f 4381/4381 4387/4387 4379/4379
f 4204/4204 4201/4201 4239/4239
f 4201/4201 4204/4204 4200/4200
f 4387/4387 4405/4405 4396/4396
f 4249/4249 4239/4239 4247/4247
f 4249/4249 4204/4204 4239/4239
f 4411/4411 4397/4397 4396/4396
f 4396/4396 4405/4405 4411/4411
f 4249/4249 4247/4247 4255/4255
f 4218/4218 4219/4219 4255/4255
f 2483/2483 2485/2485 2486/2486
f 5509/5509 5512/5512 5562/5562
f 2508/2508 2502/2502 2483/2483
f 4236/4236 4237/4237 4234/4234
f 5503/5503 5512/5512 5509/5509
f 4319/4319 4315/4315 4234/4234
f 5492/5492 5503/5503 5502/5502
f 4313/4313 4315/4315 4316/4316
f 5493/5493 5491/5491 5492/5492
f 4340/4340 4342/4342 4313/4313
f 4340/4340 4313/4313 4316/4316
f 1668/1668 1749/1749 1667/1667
f 1660/1660 1665/1665 1666/1666
f 1660/1660 1666/1666 1662/1662
f 1770/1770 1662/1662 1810/1810
f 5495/5495 5494/5494 5493/5493
f 4360/4360 4359/4359 4361/4361
f 4360/4360 4353/4353 4359/4359
f 4359/4359 4353/4353 4354/4354
f 4362/4362 4359/4359 4354/4354
f 4354/4354 4353/4353 4352/4352
f 5533/5533 5495/5495 5498/5498
f 5565/5565 5533/5533 5567/5567
f 5533/5533 5498/5498 5567/5567
f 4379/4379 4380/4380 4381/4381
f 4380/4380 4382/4382 4381/4381
f 4396/4396 4379/4379 4387/4387
f 2509/2509 2510/2510 2514/2514
f 2493/2493 2510/2510 2509/2509
f 2493/2493 2485/2485 2510/2510
f 4216/4216 4218/4218 4255/4255
f 4216/4216 4248/4248 4252/4252
f 4216/4216 4252/4252 4214/4214
f 2485/2485 2483/2483 2480/2480
f 4236/4236 4214/4214 4256/4256
f 4256/4256 4214/4214 4252/4252
f 2483/2483 2502/2502 2482/2482
f 5524/5524 5503/5503 5523/5523
f 5503/5503 5504/5504 5523/5523
f 5492/5492 5504/5504 5503/5503
f 5504/5504 5492/5492 5490/5490
f 4319/4319 4316/4316 4315/4315
f 4316/4316 4320/4320 4340/4340
f 1749/1749 1751/1751 1787/1787
f 1667/1667 1749/1749 1805/1805
f 1805/1805 1775/1775 1667/1667
f 5878/5878 5876/5876 5875/5875
f 1775/1775 1666/1666 1667/1667
f 1666/1666 1775/1775 1806/1806
f 1666/1666 1806/1806 1662/1662
f 5879/5879 5878/5878 5875/5875
f 1662/1662 1806/1806 1810/1810
f 5880/5880 5879/5879 5875/5875
f 5494/5494 5495/5495 5533/5533
f 5534/5534 5494/5494 5533/5533
f 4353/4353 4344/4344 4352/4352
f 5565/5565 5564/5564 5533/5533
f 4238/4238 4239/4239 4201/4201
f 4238/4238 4246/4246 4239/4239
f 4379/4379 4396/4396 4397/4397
f 4379/4379 4397/4397 4378/4378
f 4247/4247 4239/4239 4246/4246
f 4216/4216 4255/4255 4248/4248
f 2483/2483 2482/2482 2480/2480
f 2480/2480 2482/2482 2476/2476
f 4237/4237 4236/4236 4256/4256
f 2482/2482 2484/2484 2476/2476
f 4237/4237 4319/4319 4234/4234
f 2476/2476 2484/2484 2475/2475
f 4319/4319 4320/4320 4316/4316
f 4320/4320 4322/4322 4337/4337
f 4320/4320 4309/4309 4322/4322
f 5490/5490 5492/5492 5491/5491
f 5489/5489 5490/5490 5491/5491
f 1749/1749 1787/1787 1805/1805
f 5881/5881 5877/5877 5876/5876
f 5493/5493 5494/5494 5491/5491
f 5489/5489 5491/5491 5535/5535
f 5535/5535 5491/5491 5500/5500
f 4322/4322 4341/4341 4337/4337
f 5875/5875 5876/5876 5877/5877
f 5494/5494 5500/5500 5491/5491
f 5535/5535 5500/5500 5560/5560
f 4345/4345 4344/4344 4341/4341
f 4337/4337 4341/4341 4344/4344
f 5560/5560 5500/5500 5534/5534
f 5561/5561 5535/5535 5560/5560
f 5561/5561 5560/5560 5573/5573
f 4344/4344 4345/4345 4348/4348
f 4337/4337 4344/4344 4353/4353
f 5500/5500 5494/5494 5534/5534
f 5560/5560 5534/5534 5564/5564
f 4344/4344 4348/4348 4351/4351
f 4352/4352 4344/4344 4351/4351
f 4373/4373 4380/4380 4379/4379
f 4378/4378 4397/4397 4407/4407
f 4395/4395 4378/4378 4407/4407
f 4247/4247 4248/4248 4255/4255
f 2510/2510 2485/2485 2515/2515
f 4254/4254 4256/4256 4252/4252
f 4256/4256 4257/4257 4237/4237
f 4254/4254 4257/4257 4256/4256
f 2476/2476 2475/2475 2471/2471
f 4237/4237 4257/4257 4319/4319
f 4319/4319 4257/4257 4309/4309
f 4319/4319 4309/4309 4320/4320
f 2469/2469 2471/2471 2475/2475
f 2475/2475 2481/2481 2469/2469
f 2469/2469 2481/2481 2470/2470
f 4322/4322 4309/4309 4308/4308
f 4323/4323 4322/4322 4308/4308
f 2528/2528 2470/2470 2481/2481
f 4323/4323 4341/4341 4322/4322
f 2528/2528 2527/2527 2470/2470
f 2528/2528 2535/2535 2527/2527
f 2528/2528 2537/2537 2535/2535
f 4329/4329 4346/4346 4341/4341
f 5900/5900 5896/5896 5901/5901
f 5900/5900 5899/5899 5896/5896
f 4379/4379 4378/4378 4373/4373
f 4245/4245 4246/4246 4238/4238
f 4246/4246 4243/4243 4248/4248
f 4246/4246 4248/4248 4247/4247
f 2515/2515 2485/2485 2506/2506
f 4251/4251 4248/4248 4243/4243
f 4248/4248 4251/4251 4252/4252
f 4260/4260 4253/4253 4251/4251
f 4251/4251 4253/4253 4252/4252
f 4252/4252 4253/4253 4254/4254
f 4254/4254 4253/4253 4258/4258
f 2476/2476 2471/2471 2480/2480
f 4254/4254 4258/4258 4257/4257
f 4257/4257 4258/4258 4309/4309
f 4258/4258 4305/4305 4309/4309
f 4308/4308 4309/4309 4305/4305
f 4329/4329 4341/4341 4323/4323
f 5895/5895 5901/5901 5896/5896
f 5899/5899 5897/5897 5896/5896
f 2535/2535 2534/2534 2527/2527
f 2540/2540 2534/2534 2535/2535
f 4245/4245 4243/4243 4246/4246
f 4245/4245 4240/4240 4243/4243
f 4240/4240 4242/4242 4243/4243
f 4251/4251 4243/4243 4242/4242
f 4251/4251 4242/4242 4260/4260
f 4260/4260 4262/4262 4253/4253
f 4253/4253 4262/4262 4268/4268
f 4264/4264 4262/4262 4263/4263
f 4268/4268 4262/4262 4264/4264
f 4258/4258 4253/4253 4268/4268
f 4264/4264 4301/4301 4268/4268
f 4258/4258 4268/4268 4305/4305
f 4268/4268 4301/4301 4305/4305
f 4306/4306 4308/4308 4305/4305
f 2467/2467 2469/2469 2470/2470
f 4323/4323 4308/4308 4306/4306
f 4323/4323 4306/4306 4324/4324
f 2527/2527 2467/2467 2470/2470
f 4324/4324 4329/4329 4323/4323
f 4372/4372 4378/4378 4395/4395
f 4373/4373 4378/4378 4372/4372
f 4240/4240 4241/4241 4242/4242
f 4374/4374 4373/4373 4371/4371
f 4260/4260 4242/4242 4250/4250
f 4250/4250 4261/4261 4260/4260
f 4260/4260 4261/4261 4262/4262
f 4262/4262 4261/4261 4263/4263
f 2480/2480 2471/2471 2479/2479
f 2471/2471 2469/2469 2466/2466
f 4305/4305 4301/4301 4299/4299
f 4299/4299 4306/4306 4305/4305
f 5890/5890 5895/5895 5896/5896
f 5896/5896 5897/5897 5890/5890
f 4404/4404 4388/4388 4395/4395
f 4372/4372 4395/4395 4388/4388
f 4261/4261 4250/4250 4259/4259
f 2480/2480 2503/2503 2506/2506
f 2480/2480 2506/2506 2485/2485
f 4259/4259 4269/4269 4261/4261
f 4261/4261 4269/4269 4263/4263
f 4263/4263 4269/4269 4267/4267
f 4298/4298 4301/4301 4264/4264
f 2467/2467 2466/2466 2469/2469
f 4299/4299 4303/4303 4306/4306
f 4306/4306 4303/4303 4324/4324
f 2467/2467 2527/2527 2465/2465
f 2527/2527 2534/2534 2465/2465
f 4329/4329 4325/4325 4347/4347
f 5895/5895 5890/5890 5894/5894
f 5894/5894 5890/5890 5884/5884
f 4372/4372 4371/4371 4373/4373
f 4388/4388 4370/4370 4372/4372
f 4372/4372 4370/4370 4371/4371
f 4241/4241 4244/4244 4242/4242
f 4244/4244 4250/4250 4242/4242
f 4250/4250 4244/4244 4259/4259
f 4259/4259 4280/4280 4269/4269
f 4265/4265 4264/4264 4263/4263
f 4298/4298 4264/4264 4265/4265
f 4326/4326 4325/4325 4303/4303
f 4324/4324 4325/4325 4329/4329
f 4303/4303 4325/4325 4324/4324
f 4388/4388 4404/4404 4389/4389
f 4259/4259 4244/4244 4280/4280
f 2503/2503 2480/2480 2498/2498
f 2479/2479 2498/2498 2480/2480
f 4269/4269 4280/4280 4267/4267
f 4267/4267 4266/4266 4263/4263
f 4265/4265 4263/4263 4266/4266
f 4301/4301 4298/4298 4299/4299
f 4299/4299 4302/4302 4303/4303
f 4347/4347 4325/4325 4330/4330
f 5889/5889 5884/5884 5890/5890
f 5882/5882 5884/5884 5889/5889
f 4371/4371 4370/4370 4366/4366
f 4388/4388 4389/4389 4375/4375
f 4370/4370 4388/4388 4375/4375
f 4280/4280 4270/4270 4267/4267
f 4266/4266 4267/4267 4270/4270
f 4265/4265 4266/4266 4298/4298
f 4266/4266 4273/4273 4298/4298
f 4297/4297 4298/4298 4273/4273
f 4299/4299 4296/4296 4302/4302
f 4303/4303 4302/4302 4326/4326
f 4375/4375 4364/4364 4370/4370
f 4364/4364 4366/4366 4370/4370
f 4364/4364 4365/4365 4366/4366
f 4244/4244 4293/4293 4280/4280
f 4404/4404 4406/4406 4389/4389
f 4389/4389 4406/4406 4393/4393
f 4293/4293 4270/4270 4280/4280
f 2479/2479 2471/2471 2466/2466
f 4296/4296 4298/4298 4297/4297
f 4296/4296 4299/4299 4298/4298
f 2465/2465 2466/2466 2467/2467
f 4325/4325 4326/4326 4330/4330
f 2534/2534 2533/2533 2465/2465
f 2534/2534 2539/2539 2533/2533
f 4406/4406 4410/4410 4393/4393
f 4266/4266 4270/4270 4271/4271
f 4266/4266 4271/4271 4273/4273
f 2479/2479 2466/2466 2472/2472
f 2466/2466 2465/2465 2468/2468
f 4330/4330 4326/4326 4331/4331
f 5889/5889 5898/5898 5882/5882
f 4389/4389 4367/4367 4375/4375
f 4367/4367 4364/4364 4375/4375
f 4367/4367 4389/4389 4393/4393
f 2498/2498 2479/2479 2488/2488
f 2468/2468 2472/2472 2466/2466
f 2474/2474 2472/2472 2473/2473
f 4304/4304 4302/4302 4296/4296
f 4304/4304 4326/4326 4302/4302
f 4331/4331 4304/4304 4307/4307
f 4331/4331 4326/4326 4304/4304
f 4307/4307 4332/4332 4331/4331
f 5891/5891 5882/5882 5898/5898
f 4367/4367 4365/4365 4364/4364
f 4393/4393 4410/4410 4403/4403
f 2479/2479 2472/2472 2488/2488
f 4271/4271 4274/4274 4273/4273
f 4273/4273 4274/4274 4297/4297
f 2472/2472 2468/2468 2473/2473
f 4304/4304 4296/4296 4295/4295
f 2465/2465 2518/2518 2468/2468
f 2465/2465 2533/2533 2518/2518
f 5883/5883 5882/5882 5885/5885
f 4367/4367 4368/4368 4365/4365
f 4376/4376 4393/4393 4403/4403
f 4270/4270 4293/4293 4288/4288
f 2513/2513 2498/2498 2488/2488
f 4295/4295 4296/4296 4297/4297
f 4295/4295 4307/4307 4304/4304
f 2536/2536 2518/2518 2533/2533
f 5883/5883 5886/5886 5884/5884
f 5882/5882 5883/5883 5884/5884
f 4393/4393 4376/4376 4367/4367
f 4376/4376 4403/4403 4390/4390
f 4288/4288 4272/4272 4270/4270
f 4270/4270 4272/4272 4271/4271
f 4274/4274 4271/4271 4275/4275
f 4275/4275 4271/4271 4272/4272
f 2472/2472 2474/2474 2488/2488
f 2473/2473 2468/2468 2518/2518
f 4333/4333 4332/4332 4307/4307
f 4333/4333 4334/4334 4332/4332
f 5892/5892 5885/5885 5891/5891
f 4367/4367 4376/4376 4369/4369
f 4369/4369 4368/4368 4367/4367
f 4390/4390 4403/4403 4408/4408
f 2513/2513 2488/2488 2495/2495
f 4276/4276 4274/4274 4275/4275
f 4277/4277 4297/4297 4274/4274
f 4277/4277 4274/4274 4276/4276
f 4297/4297 4277/4277 4295/4295
f 4300/4300 4307/4307 4295/4295
f 4307/4307 4300/4300 4333/4333
f 2518/2518 2536/2536 2529/2529
f 5882/5882 5891/5891 5885/5885
f 4272/4272 4287/4287 4286/4286
f 4272/4272 4288/4288 4287/4287
f 4275/4275 4272/4272 4286/4286
f 2488/2488 2474/2474 2495/2495
f 2495/2495 2474/2474 2477/2477
f 4277/4277 4276/4276 4278/4278
f 4277/4277 4278/4278 4300/4300
f 4300/4300 4295/4295 4277/4277
f 2474/2474 2473/2473 2477/2477
f 2477/2477 2473/2473 2478/2478
f 2518/2518 2478/2478 2473/2473
f 4333/4333 4335/4335 4334/4334
f 4377/4377 4369/4369 4376/4376
f 4376/4376 4390/4390 4377/4377
f 4275/4275 4286/4286 4279/4279
f 4275/4275 4279/4279 4276/4276
f 2495/2495 2477/2477 2489/2489
f 4276/4276 4279/4279 4278/4278
f 2490/2490 2478/2478 2518/2518
f 5887/5887 5883/5883 5885/5885
f 4334/4334 4335/4335 4350/4350
f 4350/4350 4335/4335 4338/4338
f 4283/4283 4286/4286 4287/4287
f 4377/4377 4390/4390 4391/4391
f 4281/4281 4279/4279 4283/4283
f 4283/4283 4279/4279 4286/4286
f 4390/4390 4408/4408 4398/4398
f 2495/2495 2489/2489 2516/2516
f 2477/2477 2478/2478 2489/2489
f 2490/2490 2489/2489 2478/2478
f 4292/4292 4300/4300 4278/4278
f 4300/4300 4292/4292 4333/4333
f 4291/4291 4335/4335 4292/4292
f 4292/4292 4335/4335 4333/4333
f 4291/4291 4338/4338 4335/4335
f 4281/4281 4282/4282 4279/4279
f 4282/4282 4278/4278 4279/4279
f 2518/2518 2529/2529 2490/2490
f 5883/5883 5888/5888 5893/5893
f 5888/5888 5883/5883 5887/5887
f 4390/4390 4398/4398 4392/4392
f 4390/4390 4392/4392 4391/4391
f 4289/4289 4278/4278 4282/4282
f 4349/4349 4338/4338 4339/4339
f 4339/4339 4338/4338 4291/4291
f 4284/4284 4282/4282 4281/4281
f 4285/4285 4282/4282 4284/4284
f 4413/4413 4400/4400 4398/4398
f 4400/4400 4392/4392 4398/4398
f 4400/4400 4413/4413 4409/4409
f 4289/4289 4292/4292 4278/4278
f 2489/2489 2490/2490 2507/2507
f 4290/4290 4291/4291 4289/4289
f 4289/4289 4291/4291 4292/4292
f 2490/2490 2529/2529 2507/2507
f 2507/2507 2529/2529 2530/2530
f 4291/4291 4290/4290 4339/4339
f 5893/5893 5888/5888 5902/5902
f 4400/4400 4401/4401 4392/4392
f 4282/4282 4285/4285 4289/4289
f 4400/4400 4409/4409 4402/4402
f 4402/4402 4401/4401 4400/4400
f 4290/4290 4289/4289 4285/4285
f 2538/2538 2507/2507 2530/2530
f 5903/5903 5902/5902 5888/5888
f 4290/4290 4285/4285 4294/4294
f 4339/4339 4290/4290 4294/4294
f 4339/4339 4294/4294 4349/4349
f 96/96 99/99 93/93
f 74/74 96/96 88/88
f 75/75 96/96 74/74
f 648/648 625/625 628/628
f 6602/6602 6597/6597 6593/6593
f 6778/6778 6776/6776 6779/6779
f 5092/5092 5087/5087 5090/5090
f 769/769 770/770 771/771
f 1457/1457 1465/1465 1454/1454
f 1465/1465 1513/1513 1468/1468
f 6619/6619 6615/6615 6621/6621
f 6618/6618 6615/6615 6619/6619
f 5540/5540 5539/5539 5525/5525
f 4832/4832 4830/4830 4834/4834
f 4826/4826 4830/4830 4829/4829
f 4840/4840 4829/4829 4832/4832
f 6657/6657 6655/6655 6658/6658
f 3642/3642 3643/3643 3630/3630
f 5564/5564 5534/5534 5533/5533
f 6696/6696 6692/6692 6695/6695
f 6705/6705 6698/6698 6699/6699
f 6703/6703 6699/6699 6701/6701
f 6701/6701 6699/6699 6700/6700
f 6699/6699 6703/6703 6704/6704
f 6693/6693 6694/6694 6692/6692
f 6705/6705 6699/6699 6704/6704
f 6687/6687 6666/6666 6741/6741
f 702/702 641/641 716/716
f 44/44 49/49 50/50
f 6699/6699 6698/6698 6696/6696
f 630/630 631/631 634/634
f 591/591 605/605 608/608
f 6081/6081 6083/6083 6085/6085
f 6607/6607 6614/6614 6604/6604
f 741/741 754/754 748/748
f 6669/6669 6668/6668 6667/6667
f 6693/6693 6692/6692 6691/6691
f 630/630 634/634 653/653

