Using pre-set license
Built from '2022.3/staging' branch; Version is '2022.3.60f1 (5f63fdee6d95) revision 6251517'; Using compiler version '192829333'; Build Type 'Release'
OS: 'Windows 11  (10.0.26100) 64bit Professional' Language: 'ko' Physical Memory: 32524 MB
BatchMode: 1, IsHumanControllingUs: 0, StartBugReporterOnCrash: 0, Is64bit: 1, IsPro: 1

COMMAND LINE ARGUMENTS:
C:\Program Files\Unity\Hub\Editor\2022.3.60f1-x86_64\Editor\Unity.exe
-adb2
-batchMode
-noUpm
-name
AssetImportWorker10
-projectPath
C:/Jung/Github_OMC_Project/DevNull_1_OhMyChristmas
-logFile
Logs/AssetImportWorker10.log
-srvPort
58717
Successfully changed project path to: C:/Jung/Github_OMC_Project/DevNull_1_OhMyChristmas
C:/Jung/Github_OMC_Project/DevNull_1_OhMyChristmas
[UnityMemory] Configuration Parameters - Can be set up in boot.config
    "memorysetup-bucket-allocator-granularity=16"
    "memorysetup-bucket-allocator-bucket-count=8"
    "memorysetup-bucket-allocator-block-size=33554432"
    "memorysetup-bucket-allocator-block-count=8"
    "memorysetup-main-allocator-block-size=16777216"
    "memorysetup-thread-allocator-block-size=16777216"
    "memorysetup-gfx-main-allocator-block-size=16777216"
    "memorysetup-gfx-thread-allocator-block-size=16777216"
    "memorysetup-cache-allocator-block-size=4194304"
    "memorysetup-typetree-allocator-block-size=2097152"
    "memorysetup-profiler-bucket-allocator-granularity=16"
    "memorysetup-profiler-bucket-allocator-bucket-count=8"
    "memorysetup-profiler-bucket-allocator-block-size=33554432"
    "memorysetup-profiler-bucket-allocator-block-count=8"
    "memorysetup-profiler-allocator-block-size=16777216"
    "memorysetup-profiler-editor-allocator-block-size=1048576"
    "memorysetup-temp-allocator-size-main=16777216"
    "memorysetup-job-temp-allocator-block-size=2097152"
    "memorysetup-job-temp-allocator-block-size-background=1048576"
    "memorysetup-job-temp-allocator-reduction-small-platforms=262144"
    "memorysetup-allocator-temp-initial-block-size-main=262144"
    "memorysetup-allocator-temp-initial-block-size-worker=262144"
    "memorysetup-temp-allocator-size-background-worker=32768"
    "memorysetup-temp-allocator-size-job-worker=262144"
    "memorysetup-temp-allocator-size-preload-manager=33554432"
    "memorysetup-temp-allocator-size-nav-mesh-worker=65536"
    "memorysetup-temp-allocator-size-audio-worker=65536"
    "memorysetup-temp-allocator-size-cloud-worker=32768"
    "memorysetup-temp-allocator-size-gi-baking-worker=262144"
    "memorysetup-temp-allocator-size-gfx=262144"
Player connection [48532]  Target information:

Player connection [48532]  * "[IP] 192.168.219.103 [Port] 0 [Flags] 2 [Guid] 4251371730 [EditorId] 4251371730 [Version] 1048832 [Id] WindowsEditor(7,BjsPC) [Debug] 1 [PackageName] WindowsEditor [ProjectName] Editor" 

Player connection [48532] Host joined multi-casting on [225.0.0.222:54997]...
Player connection [48532] Host joined alternative multi-casting on [225.0.0.222:34997]...
Input System module state changed to: Initialized.
[PhysX] Initialized MultithreadedTaskDispatcher with 20 workers.
Refreshing native plugins compatible for Editor in 18.82 ms, found 3 plugins.
Preloading 0 native plugins for Editor in 0.00 ms.
Initialize engine version: 2022.3.60f1 (5f63fdee6d95)
[Subsystems] Discovering subsystems at path C:/Program Files/Unity/Hub/Editor/2022.3.60f1-x86_64/Editor/Data/Resources/UnitySubsystems
[Subsystems] Discovering subsystems at path C:/Jung/Github_OMC_Project/DevNull_1_OhMyChristmas/Assets
GfxDevice: creating device client; threaded=0; jobified=0
Direct3D:
    Version:  Direct3D 11.0 [level 11.1]
    Renderer: NVIDIA GeForce RTX 3060 Ti (ID=0x2489)
    Vendor:   NVIDIA
    VRAM:     8024 MB
    Driver:   32.0.15.6094
Initialize mono
Mono path[0] = 'C:/Program Files/Unity/Hub/Editor/2022.3.60f1-x86_64/Editor/Data/Managed'
Mono path[1] = 'C:/Program Files/Unity/Hub/Editor/2022.3.60f1-x86_64/Editor/Data/MonoBleedingEdge/lib/mono/unityjit-win32'
Mono config path = 'C:/Program Files/Unity/Hub/Editor/2022.3.60f1-x86_64/Editor/Data/MonoBleedingEdge/etc'
Using monoOptions --debugger-agent=transport=dt_socket,embedding=1,server=y,suspend=n,address=127.0.0.1:56288
Begin MonoManager ReloadAssembly
Registering precompiled unity dll's ...
Register platform support module: C:/Program Files/Unity/Hub/Editor/2022.3.60f1-x86_64/Editor/Data/PlaybackEngines/WindowsStandaloneSupport/UnityEditor.WindowsStandalone.Extensions.dll
Registered in 0.019895 seconds.
- Loaded All Assemblies, in  0.313 seconds
Native extension for WindowsStandalone target not found
Mono: successfully reloaded assembly
- Finished resetting the current domain, in  0.218 seconds
Domain Reload Profiling: 528ms
	BeginReloadAssembly (109ms)
		ExecutionOrderSort (0ms)
		DisableScriptedObjects (0ms)
		BackupInstance (0ms)
		ReleaseScriptingObjects (0ms)
		CreateAndSetChildDomain (1ms)
	RebuildCommonClasses (27ms)
	RebuildNativeTypeToScriptingClass (7ms)
	initialDomainReloadingComplete (68ms)
	LoadAllAssembliesAndSetupDomain (99ms)
		LoadAssemblies (105ms)
		RebuildTransferFunctionScriptingTraits (0ms)
		AnalyzeDomain (97ms)
			TypeCache.Refresh (96ms)
				TypeCache.ScanAssembly (86ms)
			ScanForSourceGeneratedMonoScriptInfo (0ms)
			ResolveRequiredComponents (0ms)
	FinalizeReload (219ms)
		ReleaseScriptCaches (0ms)
		RebuildScriptCaches (0ms)
		SetupLoadedEditorAssemblies (184ms)
			LogAssemblyErrors (0ms)
			InitializePlatformSupportModulesInManaged (11ms)
			SetLoadedEditorAssemblies (6ms)
			RefreshPlugins (0ms)
			BeforeProcessingInitializeOnLoad (2ms)
			ProcessInitializeOnLoadAttributes (124ms)
			ProcessInitializeOnLoadMethodAttributes (42ms)
			AfterProcessingInitializeOnLoad (0ms)
			EditorAssembliesLoaded (0ms)
		ExecutionOrderSort2 (0ms)
		AwakeInstancesAfterBackupRestoration (0ms)
========================================================================
Worker process is ready to serve import requests
Caller must complete domain reload
Begin MonoManager ReloadAssembly
- Loaded All Assemblies, in  0.682 seconds
Native extension for WindowsStandalone target not found
Mono: successfully reloaded assembly
- Finished resetting the current domain, in  0.801 seconds
Domain Reload Profiling: 1476ms
	BeginReloadAssembly (135ms)
		ExecutionOrderSort (0ms)
		DisableScriptedObjects (4ms)
		BackupInstance (0ms)
		ReleaseScriptingObjects (0ms)
		CreateAndSetChildDomain (14ms)
	RebuildCommonClasses (24ms)
	RebuildNativeTypeToScriptingClass (6ms)
	initialDomainReloadingComplete (47ms)
	LoadAllAssembliesAndSetupDomain (462ms)
		LoadAssemblies (398ms)
		RebuildTransferFunctionScriptingTraits (0ms)
		AnalyzeDomain (150ms)
			TypeCache.Refresh (127ms)
				TypeCache.ScanAssembly (114ms)
			ScanForSourceGeneratedMonoScriptInfo (15ms)
			ResolveRequiredComponents (6ms)
	FinalizeReload (802ms)
		ReleaseScriptCaches (0ms)
		RebuildScriptCaches (0ms)
		SetupLoadedEditorAssemblies (679ms)
			LogAssemblyErrors (0ms)
			InitializePlatformSupportModulesInManaged (14ms)
			SetLoadedEditorAssemblies (4ms)
			RefreshPlugins (0ms)
			BeforeProcessingInitializeOnLoad (85ms)
			ProcessInitializeOnLoadAttributes (538ms)
			ProcessInitializeOnLoadMethodAttributes (22ms)
			AfterProcessingInitializeOnLoad (17ms)
			EditorAssembliesLoaded (0ms)
		ExecutionOrderSort2 (0ms)
		AwakeInstancesAfterBackupRestoration (14ms)
Launched and connected shader compiler UnityShaderCompiler.exe after 0.06 seconds
Refreshing native plugins compatible for Editor in 9.71 ms, found 3 plugins.
Preloading 0 native plugins for Editor in 0.00 ms.
Unloading 4058 Unused Serialized files (Serialized files now loaded: 0)
Unloading 30 unused Assets / (58.8 KB). Loaded Objects now: 4553.
Memory consumption went from 164.1 MB to 164.1 MB.
Total: 3.032200 ms (FindLiveObjects: 0.198100 ms CreateObjectMapping: 0.097900 ms MarkObjects: 2.639000 ms  DeleteObjects: 0.096200 ms)

AssetImportParameters requested are different than current active one (requested -> active):
  custom:container-demuxer-ogg: 62fdf1f143b41e24485cea50d1cbac27 -> 
  custom:video-decoder-ogg-theora: a1e56fd34408186e4bbccfd4996cb3dc -> 
  custom:framework-win-MediaFoundation: 216162199b28c13a410421893ffa2e32 -> 
  custom:CustomObjectIndexerAttribute: 9a22284fe3817be447336de3de66b15e -> 
  custom:container-demuxer-webm: 4f35f7cbe854078d1ac9338744f61a02 -> 
  custom:container-muxer-webm: aa71ff27fc2769a1b78a27578f13a17b -> 
  custom:video-decoder-webm-vp8: 9c59270c3fd7afecdb556c50c9e8de78 -> 
  custom:SearchIndexIgnoredProperties: e643bd26f0fe6173181afceb89e7c659 -> 
  custom:AudioImporter_EditorPlatform: d09bf68614088b80899f8185d706f6e7 -> 
  custom:video-encoder-webm-vp8: eb34c28f22e8b96e1ab97ce403110664 -> 
  custom:audio-decoder-ogg-vorbis: bf7c407c2cedff20999df2af8eb42d56 -> 
  custom:audio-encoder-webm-vorbis: bf7c407c2cedff20999df2af8eb42d56 -> 
========================================================================
Received Import Request.
  Time since last request: 52788.102748 seconds.
  path: Assets/Resources/Items/Throw_Item_Prefab.prefab
  artifactKey: Guid(e40f2775d0ea9bc46b4f91d4411fcace) Importer(815301076,1909f56bfc062723c751e8b465ee728b)
Start importing Assets/Resources/Items/Throw_Item_Prefab.prefab using Guid(e40f2775d0ea9bc46b4f91d4411fcace) Importer(815301076,1909f56bfc062723c751e8b465ee728b) [PhysX] Initialized MultithreadedTaskDispatcher with 20 workers.
[PhysX] Initialized MultithreadedTaskDispatcher with 20 workers.
 -> (artifact id: 'dc61736e957fad0c7c2d16b7cab66e6c') in 0.100490 seconds
Number of updated asset objects reloaded before import = 0
Number of asset objects unloaded after import = 35
========================================================================
Received Import Request.
  Time since last request: 149.715376 seconds.
  path: Assets/huisu/New Folder/Assembly_Building_House_A_Fantasy (1).prefab
  artifactKey: Guid(193395e813e404a45b7be9ce14b40dd4) Importer(815301076,1909f56bfc062723c751e8b465ee728b)
Start importing Assets/huisu/New Folder/Assembly_Building_House_A_Fantasy (1).prefab using Guid(193395e813e404a45b7be9ce14b40dd4) Importer(815301076,1909f56bfc062723c751e8b465ee728b) [PhysX] Initialized MultithreadedTaskDispatcher with 20 workers.
[PhysX] Initialized MultithreadedTaskDispatcher with 20 workers.
 -> (artifact id: '806995e0deed880443f813554d4f721e') in 0.306254 seconds
Number of updated asset objects reloaded before import = 0
Number of asset objects unloaded after import = 2714
========================================================================
Received Import Request.
  Time since last request: 0.000031 seconds.
  path: Assets/huisu/New Folder/Assembly_Building_House_F_Fantasy (1).prefab
  artifactKey: Guid(ac56d6ffc72caa5438595146e6df2b9d) Importer(815301076,1909f56bfc062723c751e8b465ee728b)
Start importing Assets/huisu/New Folder/Assembly_Building_House_F_Fantasy (1).prefab using Guid(ac56d6ffc72caa5438595146e6df2b9d) Importer(815301076,1909f56bfc062723c751e8b465ee728b) [PhysX] Initialized MultithreadedTaskDispatcher with 20 workers.
[PhysX] Initialized MultithreadedTaskDispatcher with 20 workers.
 -> (artifact id: 'e9f661c1c4c4a4d0bfc49226bbaba64d') in 0.204171 seconds
Number of updated asset objects reloaded before import = 0
Number of asset objects unloaded after import = 2254
========================================================================
Received Import Request.
  Time since last request: 0.000046 seconds.
  path: Assets/huisu/New Folder/Assembly_House_Village_B_Fantasy (2).prefab
  artifactKey: Guid(f932ece9e696f5d4e879270a093885e4) Importer(815301076,1909f56bfc062723c751e8b465ee728b)
Start importing Assets/huisu/New Folder/Assembly_House_Village_B_Fantasy (2).prefab using Guid(f932ece9e696f5d4e879270a093885e4) Importer(815301076,1909f56bfc062723c751e8b465ee728b) [PhysX] Initialized MultithreadedTaskDispatcher with 20 workers.
[PhysX] Initialized MultithreadedTaskDispatcher with 20 workers.
 -> (artifact id: '046840051571b794afb45f74c2d2f902') in 0.176941 seconds
Number of updated asset objects reloaded before import = 0
Number of asset objects unloaded after import = 2013
========================================================================
Received Import Request.
  Time since last request: 0.000027 seconds.
  path: Assets/huisu/New Folder/Assembly_House_Village_B_Fantasy.prefab
  artifactKey: Guid(a10e000c72bf0874180cb17a36d62115) Importer(815301076,1909f56bfc062723c751e8b465ee728b)
Start importing Assets/huisu/New Folder/Assembly_House_Village_B_Fantasy.prefab using Guid(a10e000c72bf0874180cb17a36d62115) Importer(815301076,1909f56bfc062723c751e8b465ee728b) [PhysX] Initialized MultithreadedTaskDispatcher with 20 workers.
[PhysX] Initialized MultithreadedTaskDispatcher with 20 workers.
 -> (artifact id: '22c931e5c6bfbacb6a0232741bfd0e9c') in 0.179695 seconds
Number of updated asset objects reloaded before import = 0
Number of asset objects unloaded after import = 2028
========================================================================
Received Import Request.
  Time since last request: 0.000024 seconds.
  path: Assets/huisu/New Folder/Assembly_Building_House_B_Fantasy (3).prefab
  artifactKey: Guid(3d8652bd59163a7478a387d96dcf76a0) Importer(815301076,1909f56bfc062723c751e8b465ee728b)
Start importing Assets/huisu/New Folder/Assembly_Building_House_B_Fantasy (3).prefab using Guid(3d8652bd59163a7478a387d96dcf76a0) Importer(815301076,1909f56bfc062723c751e8b465ee728b) [PhysX] Initialized MultithreadedTaskDispatcher with 20 workers.
[PhysX] Initialized MultithreadedTaskDispatcher with 20 workers.
 -> (artifact id: 'e6255ed7f68a40581f6e4c1da448de6c') in 0.200083 seconds
Number of updated asset objects reloaded before import = 0
Number of asset objects unloaded after import = 4405
========================================================================
Received Import Request.
  Time since last request: 0.000032 seconds.
  path: Assets/polyperfect/Poly Universal Pack/- Prefabs/Fantasy/Bakery Fantasy/Baguette.prefab
  artifactKey: Guid(813b7519a4c7dab4f9f3dfbea31f5a5d) Importer(815301076,1909f56bfc062723c751e8b465ee728b)
Start importing Assets/polyperfect/Poly Universal Pack/- Prefabs/Fantasy/Bakery Fantasy/Baguette.prefab using Guid(813b7519a4c7dab4f9f3dfbea31f5a5d) Importer(815301076,1909f56bfc062723c751e8b465ee728b) [PhysX] Initialized MultithreadedTaskDispatcher with 20 workers.
[PhysX] Initialized MultithreadedTaskDispatcher with 20 workers.
 -> (artifact id: 'ecc88fbd9c9e319fb1b02eca2d3e3ff1') in 0.024087 seconds
Number of updated asset objects reloaded before import = 0
Number of asset objects unloaded after import = 12
========================================================================
Received Import Request.
  Time since last request: 0.000026 seconds.
  path: Assets/polyperfect/Poly Universal Pack/- Prefabs/4July/Bench_Garden_Long_4july.prefab
  artifactKey: Guid(d700fdc609a5c78489215c2abf99fe9f) Importer(815301076,1909f56bfc062723c751e8b465ee728b)
Start importing Assets/polyperfect/Poly Universal Pack/- Prefabs/4July/Bench_Garden_Long_4july.prefab using Guid(d700fdc609a5c78489215c2abf99fe9f) Importer(815301076,1909f56bfc062723c751e8b465ee728b) [PhysX] Initialized MultithreadedTaskDispatcher with 20 workers.
[PhysX] Initialized MultithreadedTaskDispatcher with 20 workers.
 -> (artifact id: '893fea978079b2dbdd14b17f782b9fc8') in 0.023924 seconds
Number of updated asset objects reloaded before import = 0
Number of asset objects unloaded after import = 12
========================================================================
Received Import Request.
  Time since last request: 0.000014 seconds.
  path: Assets/huisu/New Folder/Assembly_Building_House_C_Fantasy (2).prefab
  artifactKey: Guid(64c192c5e64ae9a41a7965732dbbbbe0) Importer(815301076,1909f56bfc062723c751e8b465ee728b)
Start importing Assets/huisu/New Folder/Assembly_Building_House_C_Fantasy (2).prefab using Guid(64c192c5e64ae9a41a7965732dbbbbe0) Importer(815301076,1909f56bfc062723c751e8b465ee728b) [PhysX] Initialized MultithreadedTaskDispatcher with 20 workers.
[PhysX] Initialized MultithreadedTaskDispatcher with 20 workers.
 -> (artifact id: 'e275079439ac2881c0e6683389fed82b') in 0.190634 seconds
Number of updated asset objects reloaded before import = 0
Number of asset objects unloaded after import = 2782
========================================================================
Received Import Request.
  Time since last request: 0.000037 seconds.
  path: Assets/huisu/New Folder/Assembly_House_Village_A_Fantasy (4).prefab
  artifactKey: Guid(571d2fafd98bb714496b6c77e24951f4) Importer(815301076,1909f56bfc062723c751e8b465ee728b)
Start importing Assets/huisu/New Folder/Assembly_House_Village_A_Fantasy (4).prefab using Guid(571d2fafd98bb714496b6c77e24951f4) Importer(815301076,1909f56bfc062723c751e8b465ee728b) [PhysX] Initialized MultithreadedTaskDispatcher with 20 workers.
[PhysX] Initialized MultithreadedTaskDispatcher with 20 workers.
 -> (artifact id: 'bbb3d17e890830aadeec8a9fcc0f6616') in 0.179421 seconds
Number of updated asset objects reloaded before import = 0
Number of asset objects unloaded after import = 2309
========================================================================
Received Import Request.
  Time since last request: 0.000040 seconds.
  path: Assets/huisu/New Folder/Assembly_House_Base_A_Fantasy (3).prefab
  artifactKey: Guid(bc2af9d89d5f95d4e84119360483000b) Importer(815301076,1909f56bfc062723c751e8b465ee728b)
Start importing Assets/huisu/New Folder/Assembly_House_Base_A_Fantasy (3).prefab using Guid(bc2af9d89d5f95d4e84119360483000b) Importer(815301076,1909f56bfc062723c751e8b465ee728b) [PhysX] Initialized MultithreadedTaskDispatcher with 20 workers.
[PhysX] Initialized MultithreadedTaskDispatcher with 20 workers.
 -> (artifact id: 'b7002bb556a734176541832f3659a2b0') in 0.122318 seconds
Number of updated asset objects reloaded before import = 0
Number of asset objects unloaded after import = 1386
========================================================================
Received Import Request.
  Time since last request: 0.000028 seconds.
  path: Assets/huisu/New Folder/Assembly_Building_House_C_Fantasy.prefab
  artifactKey: Guid(a4758b4739ef073478c97104f59bcba9) Importer(815301076,1909f56bfc062723c751e8b465ee728b)
Start importing Assets/huisu/New Folder/Assembly_Building_House_C_Fantasy.prefab using Guid(a4758b4739ef073478c97104f59bcba9) Importer(815301076,1909f56bfc062723c751e8b465ee728b) [PhysX] Initialized MultithreadedTaskDispatcher with 20 workers.
[PhysX] Initialized MultithreadedTaskDispatcher with 20 workers.
 -> (artifact id: '409ed90937aacf922790b978c4fd527a') in 0.183346 seconds
Number of updated asset objects reloaded before import = 0
Number of asset objects unloaded after import = 2782
========================================================================
Received Import Request.
  Time since last request: 0.000048 seconds.
  path: Assets/polyperfect/Poly Universal Pack/- Prefabs/Fantasy/Docks Fantasy/Bag_Rope_Fantasy.prefab
  artifactKey: Guid(22a51eb5bf276914fa3c3bf9e3d38565) Importer(815301076,1909f56bfc062723c751e8b465ee728b)
Start importing Assets/polyperfect/Poly Universal Pack/- Prefabs/Fantasy/Docks Fantasy/Bag_Rope_Fantasy.prefab using Guid(22a51eb5bf276914fa3c3bf9e3d38565) Importer(815301076,1909f56bfc062723c751e8b465ee728b) [PhysX] Initialized MultithreadedTaskDispatcher with 20 workers.
[PhysX] Initialized MultithreadedTaskDispatcher with 20 workers.
 -> (artifact id: 'd44c8c83e59ef1044fe014a186eba7a8') in 0.023222 seconds
Number of updated asset objects reloaded before import = 0
Number of asset objects unloaded after import = 12
========================================================================
Received Import Request.
  Time since last request: 0.000026 seconds.
  path: Assets/huisu/New Folder/Bag_Rope_Fantasy.prefab
  artifactKey: Guid(d37398824fa951f4280d157f6df21060) Importer(815301076,1909f56bfc062723c751e8b465ee728b)
Start importing Assets/huisu/New Folder/Bag_Rope_Fantasy.prefab using Guid(d37398824fa951f4280d157f6df21060) Importer(815301076,1909f56bfc062723c751e8b465ee728b) [PhysX] Initialized MultithreadedTaskDispatcher with 20 workers.
[PhysX] Initialized MultithreadedTaskDispatcher with 20 workers.
 -> (artifact id: 'ef777cf6d5797e1bb79f8a2970001d90') in 0.021874 seconds
Number of updated asset objects reloaded before import = 0
Number of asset objects unloaded after import = 12
========================================================================
Received Import Request.
  Time since last request: 0.000018 seconds.
  path: Assets/Photon/PhotonUnityNetworking/Demos/PunBasics-Tutorial/Prefabs/Game Manager.prefab
  artifactKey: Guid(b7fe671fa5d4d4772a4b20715fb9b0ff) Importer(815301076,1909f56bfc062723c751e8b465ee728b)
Start importing Assets/Photon/PhotonUnityNetworking/Demos/PunBasics-Tutorial/Prefabs/Game Manager.prefab using Guid(b7fe671fa5d4d4772a4b20715fb9b0ff) Importer(815301076,1909f56bfc062723c751e8b465ee728b) [PhysX] Initialized MultithreadedTaskDispatcher with 20 workers.
 -> (artifact id: '323479524b806cfc4fe0a37320fd4454') in 0.014975 seconds
Number of updated asset objects reloaded before import = 0
Number of asset objects unloaded after import = 157
========================================================================
Received Import Request.
  Time since last request: 0.000019 seconds.
  path: Assets/huisu/New Folder/Assembly_House_Village_C_Fantasy (1).prefab
  artifactKey: Guid(3f8e6f4fec6a1ff40ba2ce27731a3b95) Importer(815301076,1909f56bfc062723c751e8b465ee728b)
Start importing Assets/huisu/New Folder/Assembly_House_Village_C_Fantasy (1).prefab using Guid(3f8e6f4fec6a1ff40ba2ce27731a3b95) Importer(815301076,1909f56bfc062723c751e8b465ee728b) [PhysX] Initialized MultithreadedTaskDispatcher with 20 workers.
[PhysX] Initialized MultithreadedTaskDispatcher with 20 workers.
 -> (artifact id: '3143cee47bfcc3acd3f8b5af4e25159c') in 0.277714 seconds
Number of updated asset objects reloaded before import = 0
Number of asset objects unloaded after import = 6022
========================================================================
Received Import Request.
  Time since last request: 0.000026 seconds.
  path: Assets/huisu/New Folder/Assembly_House_Base_A_Fantasy (1).prefab
  artifactKey: Guid(9612b49fa91c82c43bf3c34f50c3ec69) Importer(815301076,1909f56bfc062723c751e8b465ee728b)
Start importing Assets/huisu/New Folder/Assembly_House_Base_A_Fantasy (1).prefab using Guid(9612b49fa91c82c43bf3c34f50c3ec69) Importer(815301076,1909f56bfc062723c751e8b465ee728b) [PhysX] Initialized MultithreadedTaskDispatcher with 20 workers.
[PhysX] Initialized MultithreadedTaskDispatcher with 20 workers.
 -> (artifact id: '8394566217fddf7ed4aae2f245cf560c') in 0.132582 seconds
Number of updated asset objects reloaded before import = 0
Number of asset objects unloaded after import = 1381
========================================================================
Received Import Request.
  Time since last request: 0.000034 seconds.
  path: Assets/polyperfect/Poly Universal Pack/- Prefabs/Farm/Bags Farm/Bag_Logo_Tied_Farm.prefab
  artifactKey: Guid(5bcc9f2ba7e21c74996e1aba454fc9b8) Importer(815301076,1909f56bfc062723c751e8b465ee728b)
Start importing Assets/polyperfect/Poly Universal Pack/- Prefabs/Farm/Bags Farm/Bag_Logo_Tied_Farm.prefab using Guid(5bcc9f2ba7e21c74996e1aba454fc9b8) Importer(815301076,1909f56bfc062723c751e8b465ee728b) [PhysX] Initialized MultithreadedTaskDispatcher with 20 workers.
[PhysX] Initialized MultithreadedTaskDispatcher with 20 workers.
 -> (artifact id: 'cbfefcd98dd2846f9df24a6a3e1d43e3') in 0.022431 seconds
Number of updated asset objects reloaded before import = 0
Number of asset objects unloaded after import = 12
========================================================================
Received Import Request.
  Time since last request: 0.000020 seconds.
  path: Assets/polyperfect/Poly Universal Pack/- Prefabs/Fantasy/Furniture Fantasy/Battlemap_Figurine_Flag_A_Fantasy.prefab
  artifactKey: Guid(4c2c4139ab751f14cae1e9484be75213) Importer(815301076,1909f56bfc062723c751e8b465ee728b)
Start importing Assets/polyperfect/Poly Universal Pack/- Prefabs/Fantasy/Furniture Fantasy/Battlemap_Figurine_Flag_A_Fantasy.prefab using Guid(4c2c4139ab751f14cae1e9484be75213) Importer(815301076,1909f56bfc062723c751e8b465ee728b) [PhysX] Initialized MultithreadedTaskDispatcher with 20 workers.
[PhysX] Initialized MultithreadedTaskDispatcher with 20 workers.
 -> (artifact id: '5a6d1a4237d2fdd18b7b2968dd125b3a') in 0.023507 seconds
Number of updated asset objects reloaded before import = 0
Number of asset objects unloaded after import = 12
========================================================================
Received Import Request.
  Time since last request: 0.000016 seconds.
  path: Assets/polyperfect/Poly Universal Pack/- Prefabs/Fantasy/Furniture Fantasy/Battlemap_Figurine_Lily_Fantasy.prefab
  artifactKey: Guid(12503e46ba16b2d4daaf885a21cb12ac) Importer(815301076,1909f56bfc062723c751e8b465ee728b)
Start importing Assets/polyperfect/Poly Universal Pack/- Prefabs/Fantasy/Furniture Fantasy/Battlemap_Figurine_Lily_Fantasy.prefab using Guid(12503e46ba16b2d4daaf885a21cb12ac) Importer(815301076,1909f56bfc062723c751e8b465ee728b) [PhysX] Initialized MultithreadedTaskDispatcher with 20 workers.
[PhysX] Initialized MultithreadedTaskDispatcher with 20 workers.
 -> (artifact id: 'bd9e1d315e559da6843e2512808386d5') in 0.024432 seconds
Number of updated asset objects reloaded before import = 0
Number of asset objects unloaded after import = 12
========================================================================
Received Import Request.
  Time since last request: 0.000018 seconds.
  path: Assets/huisu/New Folder/Bag_Standing_Open_Onion.prefab
  artifactKey: Guid(0630ab14eabe9e444a7bd1eac8b27905) Importer(815301076,1909f56bfc062723c751e8b465ee728b)
Start importing Assets/huisu/New Folder/Bag_Standing_Open_Onion.prefab using Guid(0630ab14eabe9e444a7bd1eac8b27905) Importer(815301076,1909f56bfc062723c751e8b465ee728b) [PhysX] Initialized MultithreadedTaskDispatcher with 20 workers.
[PhysX] Initialized MultithreadedTaskDispatcher with 20 workers.
 -> (artifact id: '2be85e639a1b806c19e123f7c3a26e15') in 0.023391 seconds
Number of updated asset objects reloaded before import = 0
Number of asset objects unloaded after import = 11
========================================================================
Received Import Request.
  Time since last request: 0.000017 seconds.
  path: Assets/huisu/New Folder/Assembly_House_Village_C_Fantasy.prefab
  artifactKey: Guid(3cc4dccf14ae4ce46a1e77c828537ccb) Importer(815301076,1909f56bfc062723c751e8b465ee728b)
Start importing Assets/huisu/New Folder/Assembly_House_Village_C_Fantasy.prefab using Guid(3cc4dccf14ae4ce46a1e77c828537ccb) Importer(815301076,1909f56bfc062723c751e8b465ee728b) [PhysX] Initialized MultithreadedTaskDispatcher with 20 workers.
[PhysX] Initialized MultithreadedTaskDispatcher with 20 workers.
 -> (artifact id: 'f9f099740de0baf79eb8aa0a0d8ba322') in 0.264076 seconds
Number of updated asset objects reloaded before import = 0
Number of asset objects unloaded after import = 6022
========================================================================
Received Import Request.
  Time since last request: 0.000025 seconds.
  path: Assets/huisu/New Folder/Assembly_House_Base_B_Fantasy (1).prefab
  artifactKey: Guid(3834c4744c94b4841a565e14e33f6f02) Importer(815301076,1909f56bfc062723c751e8b465ee728b)
Start importing Assets/huisu/New Folder/Assembly_House_Base_B_Fantasy (1).prefab using Guid(3834c4744c94b4841a565e14e33f6f02) Importer(815301076,1909f56bfc062723c751e8b465ee728b) [PhysX] Initialized MultithreadedTaskDispatcher with 20 workers.
[PhysX] Initialized MultithreadedTaskDispatcher with 20 workers.
 -> (artifact id: 'e71f87736c0ff4dd2090c964515611b8') in 0.137905 seconds
Number of updated asset objects reloaded before import = 0
Number of asset objects unloaded after import = 1658
========================================================================
Received Import Request.
  Time since last request: 0.000046 seconds.
  path: Assets/huisu/New Folder/Assembly_Building_House_F_Fantasy.prefab
  artifactKey: Guid(fb089ab414e68744381be9a19b2ccdc7) Importer(815301076,1909f56bfc062723c751e8b465ee728b)
Start importing Assets/huisu/New Folder/Assembly_Building_House_F_Fantasy.prefab using Guid(fb089ab414e68744381be9a19b2ccdc7) Importer(815301076,1909f56bfc062723c751e8b465ee728b) [PhysX] Initialized MultithreadedTaskDispatcher with 20 workers.
[PhysX] Initialized MultithreadedTaskDispatcher with 20 workers.
 -> (artifact id: '4b086684fba8859793d47ad80143b87b') in 0.180123 seconds
Number of updated asset objects reloaded before import = 0
Number of asset objects unloaded after import = 2254
========================================================================
Received Import Request.
  Time since last request: 0.000028 seconds.
  path: Assets/huisu/New Folder/Assembly_House_Base_B_Fantasy (4).prefab
  artifactKey: Guid(cd1ea86dfe432914990bd55e5b6ead20) Importer(815301076,1909f56bfc062723c751e8b465ee728b)
Start importing Assets/huisu/New Folder/Assembly_House_Base_B_Fantasy (4).prefab using Guid(cd1ea86dfe432914990bd55e5b6ead20) Importer(815301076,1909f56bfc062723c751e8b465ee728b) [PhysX] Initialized MultithreadedTaskDispatcher with 20 workers.
[PhysX] Initialized MultithreadedTaskDispatcher with 20 workers.
 -> (artifact id: '4ba315886baffc23a698eba0ad16e6eb') in 0.128943 seconds
Number of updated asset objects reloaded before import = 0
Number of asset objects unloaded after import = 1658
========================================================================
Received Import Request.
  Time since last request: 0.000029 seconds.
  path: Assets/huisu/New Folder/Bag_Standing_Open_Potatoes_Farm.prefab
  artifactKey: Guid(197a4ec656c98e54e9d3f896e7ab56a6) Importer(815301076,1909f56bfc062723c751e8b465ee728b)
Start importing Assets/huisu/New Folder/Bag_Standing_Open_Potatoes_Farm.prefab using Guid(197a4ec656c98e54e9d3f896e7ab56a6) Importer(815301076,1909f56bfc062723c751e8b465ee728b) [PhysX] Initialized MultithreadedTaskDispatcher with 20 workers.
[PhysX] Initialized MultithreadedTaskDispatcher with 20 workers.
 -> (artifact id: '8f1d64ba9484dfaa156ceeadf762b55a') in 0.022830 seconds
Number of updated asset objects reloaded before import = 0
Number of asset objects unloaded after import = 12
========================================================================
Received Import Request.
  Time since last request: 0.000024 seconds.
  path: Assets/polyperfect/Poly Universal Pack/- Prefabs/Fantasy/Furniture Fantasy/Battlemap_Figurine_Lion_Fantasy.prefab
  artifactKey: Guid(b8ca93f85862e0349bbc158e02a5e475) Importer(815301076,1909f56bfc062723c751e8b465ee728b)
Start importing Assets/polyperfect/Poly Universal Pack/- Prefabs/Fantasy/Furniture Fantasy/Battlemap_Figurine_Lion_Fantasy.prefab using Guid(b8ca93f85862e0349bbc158e02a5e475) Importer(815301076,1909f56bfc062723c751e8b465ee728b) [PhysX] Initialized MultithreadedTaskDispatcher with 20 workers.
[PhysX] Initialized MultithreadedTaskDispatcher with 20 workers.
 -> (artifact id: '2d9e6c28d89f246997d1da4b0923fa41') in 0.023524 seconds
Number of updated asset objects reloaded before import = 0
Number of asset objects unloaded after import = 12
========================================================================
Received Import Request.
  Time since last request: 0.000018 seconds.
  path: Assets/polyperfect/Poly Universal Pack/- Prefabs/Farm/Basket_G_Farm.prefab
  artifactKey: Guid(8e0a86091c3a5574d9e0556f563dd1ef) Importer(815301076,1909f56bfc062723c751e8b465ee728b)
Start importing Assets/polyperfect/Poly Universal Pack/- Prefabs/Farm/Basket_G_Farm.prefab using Guid(8e0a86091c3a5574d9e0556f563dd1ef) Importer(815301076,1909f56bfc062723c751e8b465ee728b) [PhysX] Initialized MultithreadedTaskDispatcher with 20 workers.
[PhysX] Initialized MultithreadedTaskDispatcher with 20 workers.
 -> (artifact id: 'cb4d95712095d91798135cc21b0ffd9d') in 0.023187 seconds
Number of updated asset objects reloaded before import = 0
Number of asset objects unloaded after import = 12
========================================================================
Received Import Request.
  Time since last request: 0.000017 seconds.
  path: Assets/polyperfect/Poly Universal Pack/- Prefabs/Fantasy/Vegetable Fantasy/Basket_Apples_Green_Fantasy_A_Cloth.prefab
  artifactKey: Guid(8e0d27432ce111541939f8f7cd262949) Importer(815301076,1909f56bfc062723c751e8b465ee728b)
Start importing Assets/polyperfect/Poly Universal Pack/- Prefabs/Fantasy/Vegetable Fantasy/Basket_Apples_Green_Fantasy_A_Cloth.prefab using Guid(8e0d27432ce111541939f8f7cd262949) Importer(815301076,1909f56bfc062723c751e8b465ee728b) [PhysX] Initialized MultithreadedTaskDispatcher with 20 workers.
[PhysX] Initialized MultithreadedTaskDispatcher with 20 workers.
 -> (artifact id: '9b0dcfbc837a14bbb0de47b01d12e4b5') in 0.022536 seconds
Number of updated asset objects reloaded before import = 0
Number of asset objects unloaded after import = 11
========================================================================
Received Import Request.
  Time since last request: 0.000017 seconds.
  path: Assets/huisu/New Folder/Assembly_House_Base_B_Fantasy (3).prefab
  artifactKey: Guid(18a9df4a680f27c41b6a7d5e06ab5614) Importer(815301076,1909f56bfc062723c751e8b465ee728b)
Start importing Assets/huisu/New Folder/Assembly_House_Base_B_Fantasy (3).prefab using Guid(18a9df4a680f27c41b6a7d5e06ab5614) Importer(815301076,1909f56bfc062723c751e8b465ee728b) [PhysX] Initialized MultithreadedTaskDispatcher with 20 workers.
[PhysX] Initialized MultithreadedTaskDispatcher with 20 workers.
 -> (artifact id: 'ad03f84ec1ab0fc733a2a5786de08fc4') in 0.142276 seconds
Number of updated asset objects reloaded before import = 0
Number of asset objects unloaded after import = 1658
========================================================================
Received Import Request.
  Time since last request: 0.000023 seconds.
  path: Assets/polyperfect/Poly Universal Pack/- Prefabs/Farm/Bags Farm/Bag_Logo_Standing_Farm.prefab
  artifactKey: Guid(1a7f1752799da40439cbf508e655e9b7) Importer(815301076,1909f56bfc062723c751e8b465ee728b)
Start importing Assets/polyperfect/Poly Universal Pack/- Prefabs/Farm/Bags Farm/Bag_Logo_Standing_Farm.prefab using Guid(1a7f1752799da40439cbf508e655e9b7) Importer(815301076,1909f56bfc062723c751e8b465ee728b) [PhysX] Initialized MultithreadedTaskDispatcher with 20 workers.
[PhysX] Initialized MultithreadedTaskDispatcher with 20 workers.
 -> (artifact id: '8d1d633ae70ab25f94af8bdfa199136b') in 0.021862 seconds
Number of updated asset objects reloaded before import = 0
Number of asset objects unloaded after import = 12
========================================================================
Received Import Request.
  Time since last request: 0.000028 seconds.
  path: Assets/huisu/New Folder/Bag_Standing_Open_Onion (1).prefab
  artifactKey: Guid(7d269fdd8f2cb4747ae01493724446d5) Importer(815301076,1909f56bfc062723c751e8b465ee728b)
Start importing Assets/huisu/New Folder/Bag_Standing_Open_Onion (1).prefab using Guid(7d269fdd8f2cb4747ae01493724446d5) Importer(815301076,1909f56bfc062723c751e8b465ee728b) [PhysX] Initialized MultithreadedTaskDispatcher with 20 workers.
[PhysX] Initialized MultithreadedTaskDispatcher with 20 workers.
 -> (artifact id: '0928bf512c6fabafd9658b43cc58bb4e') in 0.022338 seconds
Number of updated asset objects reloaded before import = 0
Number of asset objects unloaded after import = 11
========================================================================
Received Import Request.
  Time since last request: 0.000016 seconds.
  path: Assets/huisu/New Folder/Assembly_House_Tower_Big_Fantasy.prefab
  artifactKey: Guid(597e5bdeed7eeb14694cfeb255005cb6) Importer(815301076,1909f56bfc062723c751e8b465ee728b)
Start importing Assets/huisu/New Folder/Assembly_House_Tower_Big_Fantasy.prefab using Guid(597e5bdeed7eeb14694cfeb255005cb6) Importer(815301076,1909f56bfc062723c751e8b465ee728b) [PhysX] Initialized MultithreadedTaskDispatcher with 20 workers.
[PhysX] Initialized MultithreadedTaskDispatcher with 20 workers.
 -> (artifact id: 'da45b273cc6ec485fd07144f37dc51e0') in 0.076534 seconds
Number of updated asset objects reloaded before import = 0
Number of asset objects unloaded after import = 904
========================================================================
Received Import Request.
  Time since last request: 0.000029 seconds.
  path: Assets/polyperfect/Poly Universal Pack/- Prefabs/Valentine/Bottle_Champagne_Closed_Valentine.prefab
  artifactKey: Guid(1585538d25c0ad24e8d31787ea1d999c) Importer(815301076,1909f56bfc062723c751e8b465ee728b)
Start importing Assets/polyperfect/Poly Universal Pack/- Prefabs/Valentine/Bottle_Champagne_Closed_Valentine.prefab using Guid(1585538d25c0ad24e8d31787ea1d999c) Importer(815301076,1909f56bfc062723c751e8b465ee728b) [PhysX] Initialized MultithreadedTaskDispatcher with 20 workers.
[PhysX] Initialized MultithreadedTaskDispatcher with 20 workers.
 -> (artifact id: 'b9198ddbff1987a51d5b44229c7f23c5') in 0.021957 seconds
Number of updated asset objects reloaded before import = 0
Number of asset objects unloaded after import = 13
========================================================================
Received Import Request.
  Time since last request: 0.000016 seconds.
  path: Assets/polyperfect/Poly Universal Pack/- Prefabs/Movie Set/Box_Equipment_Padded_Big.prefab
  artifactKey: Guid(1ef4c016cff14c3459e9d1b8797937d1) Importer(815301076,1909f56bfc062723c751e8b465ee728b)
Start importing Assets/polyperfect/Poly Universal Pack/- Prefabs/Movie Set/Box_Equipment_Padded_Big.prefab using Guid(1ef4c016cff14c3459e9d1b8797937d1) Importer(815301076,1909f56bfc062723c751e8b465ee728b) [PhysX] Initialized MultithreadedTaskDispatcher with 20 workers.
[PhysX] Initialized MultithreadedTaskDispatcher with 20 workers.
 -> (artifact id: 'a93053c2485be1352601e88cf0a739a3') in 0.020759 seconds
Number of updated asset objects reloaded before import = 0
Number of asset objects unloaded after import = 20
========================================================================
Received Import Request.
  Time since last request: 0.000022 seconds.
  path: Assets/huisu/New Folder/Assembly_House_Entrance_B_Fantasy (1).prefab
  artifactKey: Guid(198ec967da206c241b842ce547af57fc) Importer(815301076,1909f56bfc062723c751e8b465ee728b)
Start importing Assets/huisu/New Folder/Assembly_House_Entrance_B_Fantasy (1).prefab using Guid(198ec967da206c241b842ce547af57fc) Importer(815301076,1909f56bfc062723c751e8b465ee728b) [PhysX] Initialized MultithreadedTaskDispatcher with 20 workers.
[PhysX] Initialized MultithreadedTaskDispatcher with 20 workers.
 -> (artifact id: '018c0e7235282ab7bf4a5264f993f297') in 0.062431 seconds
Number of updated asset objects reloaded before import = 0
Number of asset objects unloaded after import = 138
========================================================================
Received Import Request.
  Time since last request: 0.000023 seconds.
  path: Assets/huisu/New Folder/Assembly_House_Village_B_Fantasy (3).prefab
  artifactKey: Guid(4370b9b3d9e7bd74ca546d4c5df40e19) Importer(815301076,1909f56bfc062723c751e8b465ee728b)
Start importing Assets/huisu/New Folder/Assembly_House_Village_B_Fantasy (3).prefab using Guid(4370b9b3d9e7bd74ca546d4c5df40e19) Importer(815301076,1909f56bfc062723c751e8b465ee728b) [PhysX] Initialized MultithreadedTaskDispatcher with 20 workers.
[PhysX] Initialized MultithreadedTaskDispatcher with 20 workers.
 -> (artifact id: '060788c7376c24cb9085deecae2df523') in 0.194219 seconds
Number of updated asset objects reloaded before import = 0
Number of asset objects unloaded after import = 2028
========================================================================
Received Import Request.
  Time since last request: 0.000043 seconds.
  path: Assets/huisu/New Folder/Assembly_Building_House_A_Fantasy (4).prefab
  artifactKey: Guid(927c4525bb1ed8548988d239da42a33e) Importer(815301076,1909f56bfc062723c751e8b465ee728b)
Start importing Assets/huisu/New Folder/Assembly_Building_House_A_Fantasy (4).prefab using Guid(927c4525bb1ed8548988d239da42a33e) Importer(815301076,1909f56bfc062723c751e8b465ee728b) [PhysX] Initialized MultithreadedTaskDispatcher with 20 workers.
[PhysX] Initialized MultithreadedTaskDispatcher with 20 workers.
 -> (artifact id: '679ecd858d67058dc1decfd232de5e21') in 0.194100 seconds
Number of updated asset objects reloaded before import = 0
Number of asset objects unloaded after import = 2679
========================================================================
Received Import Request.
  Time since last request: 0.000027 seconds.
  path: Assets/huisu/New Folder/Assembly_Building_House_E_Fantasy (2).prefab
  artifactKey: Guid(99562df3c953fdd4382470358fe79035) Importer(815301076,1909f56bfc062723c751e8b465ee728b)
Start importing Assets/huisu/New Folder/Assembly_Building_House_E_Fantasy (2).prefab using Guid(99562df3c953fdd4382470358fe79035) Importer(815301076,1909f56bfc062723c751e8b465ee728b) [PhysX] Initialized MultithreadedTaskDispatcher with 20 workers.
[PhysX] Initialized MultithreadedTaskDispatcher with 20 workers.
 -> (artifact id: 'ae4ff1316ea9b811080c7818bd0bc529') in 0.227709 seconds
Number of updated asset objects reloaded before import = 0
Number of asset objects unloaded after import = 5175
========================================================================
Received Import Request.
  Time since last request: 0.000046 seconds.
  path: Assets/huisu/New Folder/Assembly_Building_House_B_Fantasy (1).prefab
  artifactKey: Guid(4925319cc2ff20c4b835d1a906f47679) Importer(815301076,1909f56bfc062723c751e8b465ee728b)
Start importing Assets/huisu/New Folder/Assembly_Building_House_B_Fantasy (1).prefab using Guid(4925319cc2ff20c4b835d1a906f47679) Importer(815301076,1909f56bfc062723c751e8b465ee728b) [PhysX] Initialized MultithreadedTaskDispatcher with 20 workers.
[PhysX] Initialized MultithreadedTaskDispatcher with 20 workers.
 -> (artifact id: '3b87f501d0f9915ca87f6918dce9daa6') in 0.214267 seconds
Number of updated asset objects reloaded before import = 0
Number of asset objects unloaded after import = 4405
========================================================================
Received Import Request.
  Time since last request: 0.000047 seconds.
  path: Assets/huisu/New Folder/Assembly_Building_House_B_Fantasy (6).prefab
  artifactKey: Guid(c2518dad4a95a4d4d9d046023ed50d30) Importer(815301076,1909f56bfc062723c751e8b465ee728b)
Start importing Assets/huisu/New Folder/Assembly_Building_House_B_Fantasy (6).prefab using Guid(c2518dad4a95a4d4d9d046023ed50d30) Importer(815301076,1909f56bfc062723c751e8b465ee728b) [PhysX] Initialized MultithreadedTaskDispatcher with 20 workers.
[PhysX] Initialized MultithreadedTaskDispatcher with 20 workers.
 -> (artifact id: '776940c38571157654e4bf04c96cf0d8') in 0.210128 seconds
Number of updated asset objects reloaded before import = 0
Number of asset objects unloaded after import = 4405
========================================================================
Received Import Request.
  Time since last request: 0.000049 seconds.
  path: Assets/huisu/New Folder/Assembly_House_Village_A_Fantasy.prefab
  artifactKey: Guid(53b8aa6dd7ba8d7458c33bf28d8b42c6) Importer(815301076,1909f56bfc062723c751e8b465ee728b)
Start importing Assets/huisu/New Folder/Assembly_House_Village_A_Fantasy.prefab using Guid(53b8aa6dd7ba8d7458c33bf28d8b42c6) Importer(815301076,1909f56bfc062723c751e8b465ee728b) [PhysX] Initialized MultithreadedTaskDispatcher with 20 workers.
[PhysX] Initialized MultithreadedTaskDispatcher with 20 workers.
 -> (artifact id: '2d8067b50100f41f28964fc4a9df323c') in 0.203046 seconds
Number of updated asset objects reloaded before import = 0
Number of asset objects unloaded after import = 2320
========================================================================
Received Import Request.
  Time since last request: 0.000028 seconds.
  path: Assets/huisu/New Folder/Bag_Standing_Open_Sunflower_Farm.prefab
  artifactKey: Guid(d4ea8dfdf5efaab4f9d389d5c2790dcf) Importer(815301076,1909f56bfc062723c751e8b465ee728b)
Start importing Assets/huisu/New Folder/Bag_Standing_Open_Sunflower_Farm.prefab using Guid(d4ea8dfdf5efaab4f9d389d5c2790dcf) Importer(815301076,1909f56bfc062723c751e8b465ee728b) [PhysX] Initialized MultithreadedTaskDispatcher with 20 workers.
[PhysX] Initialized MultithreadedTaskDispatcher with 20 workers.
 -> (artifact id: '8a54e0db29d2a862bb5eaf76e6e1da38') in 0.023331 seconds
Number of updated asset objects reloaded before import = 0
Number of asset objects unloaded after import = 12
========================================================================
Received Import Request.
  Time since last request: 0.000036 seconds.
  path: Assets/huisu/New Folder/Assembly_House_Base_A_Fantasy (6).prefab
  artifactKey: Guid(da34e59493979d54cb10d0b2a3ce4ead) Importer(815301076,1909f56bfc062723c751e8b465ee728b)
Start importing Assets/huisu/New Folder/Assembly_House_Base_A_Fantasy (6).prefab using Guid(da34e59493979d54cb10d0b2a3ce4ead) Importer(815301076,1909f56bfc062723c751e8b465ee728b) [PhysX] Initialized MultithreadedTaskDispatcher with 20 workers.
[PhysX] Initialized MultithreadedTaskDispatcher with 20 workers.
 -> (artifact id: 'af203925799a790df4a95c55ad3ebccf') in 0.130354 seconds
Number of updated asset objects reloaded before import = 0
Number of asset objects unloaded after import = 1381
========================================================================
Received Import Request.
  Time since last request: 0.000030 seconds.
  path: Assets/huisu/New Folder/Assembly_House_Annex_Top_C_Fantasy.prefab
  artifactKey: Guid(1ce5287cd691f8446a35aa6eb3fb853a) Importer(815301076,1909f56bfc062723c751e8b465ee728b)
Start importing Assets/huisu/New Folder/Assembly_House_Annex_Top_C_Fantasy.prefab using Guid(1ce5287cd691f8446a35aa6eb3fb853a) Importer(815301076,1909f56bfc062723c751e8b465ee728b) [PhysX] Initialized MultithreadedTaskDispatcher with 20 workers.
[PhysX] Initialized MultithreadedTaskDispatcher with 20 workers.
 -> (artifact id: '75c895796864fcc500b5328800ee7196') in 0.073547 seconds
Number of updated asset objects reloaded before import = 0
Number of asset objects unloaded after import = 358
========================================================================
Received Import Request.
  Time since last request: 0.000034 seconds.
  path: Assets/huisu/New Folder/Assembly_Building_House_C_Fantasy (3).prefab
  artifactKey: Guid(b80a63b418016804796e48ceee726431) Importer(815301076,1909f56bfc062723c751e8b465ee728b)
Start importing Assets/huisu/New Folder/Assembly_Building_House_C_Fantasy (3).prefab using Guid(b80a63b418016804796e48ceee726431) Importer(815301076,1909f56bfc062723c751e8b465ee728b) [PhysX] Initialized MultithreadedTaskDispatcher with 20 workers.
[PhysX] Initialized MultithreadedTaskDispatcher with 20 workers.
 -> (artifact id: '0452ab9c0702d606fa72ab18e5ff5cd7') in 0.185510 seconds
Number of updated asset objects reloaded before import = 0
Number of asset objects unloaded after import = 2782
========================================================================
Received Import Request.
  Time since last request: 0.000038 seconds.
  path: Assets/huisu/New Folder/Assembly_House_Village_A_Fantasy (1).prefab
  artifactKey: Guid(d6195573f0a99264b9833bc9a62c4c65) Importer(815301076,1909f56bfc062723c751e8b465ee728b)
Start importing Assets/huisu/New Folder/Assembly_House_Village_A_Fantasy (1).prefab using Guid(d6195573f0a99264b9833bc9a62c4c65) Importer(815301076,1909f56bfc062723c751e8b465ee728b) [PhysX] Initialized MultithreadedTaskDispatcher with 20 workers.
[PhysX] Initialized MultithreadedTaskDispatcher with 20 workers.
 -> (artifact id: 'cec9563f011f39556fc8d6bb936bfb9e') in 0.196805 seconds
Number of updated asset objects reloaded before import = 0
Number of asset objects unloaded after import = 2320
========================================================================
Received Import Request.
  Time since last request: 0.000027 seconds.
  path: Assets/huisu/New Folder/Assembly_House_Village_A_Fantasy (2).prefab
  artifactKey: Guid(1971738bd4838c64495ab65818f43ec4) Importer(815301076,1909f56bfc062723c751e8b465ee728b)
Start importing Assets/huisu/New Folder/Assembly_House_Village_A_Fantasy (2).prefab using Guid(1971738bd4838c64495ab65818f43ec4) Importer(815301076,1909f56bfc062723c751e8b465ee728b) [PhysX] Initialized MultithreadedTaskDispatcher with 20 workers.
[PhysX] Initialized MultithreadedTaskDispatcher with 20 workers.
 -> (artifact id: '882834749519fb6760a2b93ca166b0e3') in 0.286185 seconds
Number of updated asset objects reloaded before import = 0
Number of asset objects unloaded after import = 2320
========================================================================
Received Import Request.
  Time since last request: 0.000027 seconds.
  path: Assets/polyperfect/Poly Universal Pack/- Prefabs/Farm/Bags Farm/Bag_Standing_Open_Potatoes_Farm.prefab
  artifactKey: Guid(1276018e52e5f3148b08d43dabfaad74) Importer(815301076,1909f56bfc062723c751e8b465ee728b)
Start importing Assets/polyperfect/Poly Universal Pack/- Prefabs/Farm/Bags Farm/Bag_Standing_Open_Potatoes_Farm.prefab using Guid(1276018e52e5f3148b08d43dabfaad74) Importer(815301076,1909f56bfc062723c751e8b465ee728b) [PhysX] Initialized MultithreadedTaskDispatcher with 20 workers.
[PhysX] Initialized MultithreadedTaskDispatcher with 20 workers.
 -> (artifact id: '1c99c128cd0a610ef921a48ee4f212ef') in 0.028920 seconds
Number of updated asset objects reloaded before import = 0
Number of asset objects unloaded after import = 12
========================================================================
Received Import Request.
  Time since last request: 0.000057 seconds.
  path: Assets/polyperfect/Poly Universal Pack/- Prefabs/Fantasy/Cooking Fantasy/Beer_Glass_Wood_A_Full_B_Fantasy.prefab
  artifactKey: Guid(36fbb21d79aaf2c468b47dfc5656378f) Importer(815301076,1909f56bfc062723c751e8b465ee728b)
Start importing Assets/polyperfect/Poly Universal Pack/- Prefabs/Fantasy/Cooking Fantasy/Beer_Glass_Wood_A_Full_B_Fantasy.prefab using Guid(36fbb21d79aaf2c468b47dfc5656378f) Importer(815301076,1909f56bfc062723c751e8b465ee728b) [PhysX] Initialized MultithreadedTaskDispatcher with 20 workers.
[PhysX] Initialized MultithreadedTaskDispatcher with 20 workers.
 -> (artifact id: '6cb8b12049604e169c1a89acef860559') in 0.028417 seconds
Number of updated asset objects reloaded before import = 0
Number of asset objects unloaded after import = 12
========================================================================
Received Import Request.
  Time since last request: 0.000026 seconds.
  path: Assets/huisu/New Folder/Assembly_Building_House_E_Fantasy (1).prefab
  artifactKey: Guid(753e5feed0f952b42882cc0c8fef9395) Importer(815301076,1909f56bfc062723c751e8b465ee728b)
Start importing Assets/huisu/New Folder/Assembly_Building_House_E_Fantasy (1).prefab using Guid(753e5feed0f952b42882cc0c8fef9395) Importer(815301076,1909f56bfc062723c751e8b465ee728b) [PhysX] Initialized MultithreadedTaskDispatcher with 20 workers.
[PhysX] Initialized MultithreadedTaskDispatcher with 20 workers.
 -> (artifact id: 'dc7018a81b67d9ce1b57bd5936a58a3c') in 0.276869 seconds
Number of updated asset objects reloaded before import = 0
Number of asset objects unloaded after import = 5175
========================================================================
Received Import Request.
  Time since last request: 10.412462 seconds.
  path: Assets/huisu/New Folder/Garland_Flags_2m_Fantasy (1).prefab
  artifactKey: Guid(16e1451a88b42254284596468cd4c40f) Importer(815301076,1909f56bfc062723c751e8b465ee728b)
Start importing Assets/huisu/New Folder/Garland_Flags_2m_Fantasy (1).prefab using Guid(16e1451a88b42254284596468cd4c40f) Importer(815301076,1909f56bfc062723c751e8b465ee728b) [PhysX] Initialized MultithreadedTaskDispatcher with 20 workers.
[PhysX] Initialized MultithreadedTaskDispatcher with 20 workers.
 -> (artifact id: 'edf3e5d37f08c8ff28dcfa637040c3cd') in 0.029656 seconds
Number of updated asset objects reloaded before import = 0
Number of asset objects unloaded after import = 12
========================================================================
Received Import Request.
  Time since last request: 0.000020 seconds.
  path: Assets/polyperfect/Poly Universal Pack/- Prefabs/4July/Table_Garden_Long_4july.prefab
  artifactKey: Guid(ed1620b3368959b41883852e64b90c4c) Importer(815301076,1909f56bfc062723c751e8b465ee728b)
Start importing Assets/polyperfect/Poly Universal Pack/- Prefabs/4July/Table_Garden_Long_4july.prefab using Guid(ed1620b3368959b41883852e64b90c4c) Importer(815301076,1909f56bfc062723c751e8b465ee728b) [PhysX] Initialized MultithreadedTaskDispatcher with 20 workers.
[PhysX] Initialized MultithreadedTaskDispatcher with 20 workers.
 -> (artifact id: 'ae1c73e3f7166b65f7595f8759ea6ef8') in 0.023429 seconds
Number of updated asset objects reloaded before import = 0
Number of asset objects unloaded after import = 12
========================================================================
Received Import Request.
  Time since last request: 0.000020 seconds.
  path: Assets/huisu/New Folder/Garland_Flags_2m_Fantasy (3).prefab
  artifactKey: Guid(292a140c8a7fe1f4ea157d9a96932343) Importer(815301076,1909f56bfc062723c751e8b465ee728b)
Start importing Assets/huisu/New Folder/Garland_Flags_2m_Fantasy (3).prefab using Guid(292a140c8a7fe1f4ea157d9a96932343) Importer(815301076,1909f56bfc062723c751e8b465ee728b) [PhysX] Initialized MultithreadedTaskDispatcher with 20 workers.
[PhysX] Initialized MultithreadedTaskDispatcher with 20 workers.
 -> (artifact id: 'ae02b24abf3386df86c68f270a498410') in 0.024263 seconds
Number of updated asset objects reloaded before import = 0
Number of asset objects unloaded after import = 12
========================================================================
Received Import Request.
  Time since last request: 0.000019 seconds.
  path: Assets/polyperfect/Poly Universal Pack/- Prefabs/Fantasy/Spice Fantasy/Garlic_Bunch.prefab
  artifactKey: Guid(d8a69c35dbbfa324eb0a092b3da67375) Importer(815301076,1909f56bfc062723c751e8b465ee728b)
Start importing Assets/polyperfect/Poly Universal Pack/- Prefabs/Fantasy/Spice Fantasy/Garlic_Bunch.prefab using Guid(d8a69c35dbbfa324eb0a092b3da67375) Importer(815301076,1909f56bfc062723c751e8b465ee728b) [PhysX] Initialized MultithreadedTaskDispatcher with 20 workers.
[PhysX] Initialized MultithreadedTaskDispatcher with 20 workers.
 -> (artifact id: '2ed0b9e71ea44feb62dd73568013ba0e') in 0.023470 seconds
Number of updated asset objects reloaded before import = 0
Number of asset objects unloaded after import = 12
========================================================================
Received Import Request.
  Time since last request: 0.000018 seconds.
  path: Assets/polyperfect/Poly Universal Pack/- Prefabs/Modular Parts/Gates/Gate_Bottom_Big_Doors_Fantasy_Base.prefab
  artifactKey: Guid(2435aa585e4ecbb4693a7debef6597a3) Importer(815301076,1909f56bfc062723c751e8b465ee728b)
Start importing Assets/polyperfect/Poly Universal Pack/- Prefabs/Modular Parts/Gates/Gate_Bottom_Big_Doors_Fantasy_Base.prefab using Guid(2435aa585e4ecbb4693a7debef6597a3) Importer(815301076,1909f56bfc062723c751e8b465ee728b) [PhysX] Initialized MultithreadedTaskDispatcher with 20 workers.
[PhysX] Initialized MultithreadedTaskDispatcher with 20 workers.
 -> (artifact id: '1d814a0562817d5174f4434bcbadc85a') in 0.028094 seconds
Number of updated asset objects reloaded before import = 0
Number of asset objects unloaded after import = 18
========================================================================
Received Import Request.
  Time since last request: 122.049738 seconds.
  path: Assets/Jung/Items/Gift_Open/Test_Gift1.prefab
  artifactKey: Guid(288ca40f8d6241e4b82c8a421f788a9c) Importer(2089858483,0ecaa5967403d082aa24f35e1b516d23)
Start importing Assets/Jung/Items/Gift_Open/Test_Gift1.prefab using Guid(288ca40f8d6241e4b82c8a421f788a9c) Importer(2089858483,0ecaa5967403d082aa24f35e1b516d23) [PhysX] Initialized MultithreadedTaskDispatcher with 20 workers.
 -> (artifact id: '97e234c9ac616821b8aaeb4e33bbe4b5') in 0.149514 seconds
Number of updated asset objects reloaded before import = 0
Number of asset objects unloaded after import = 48
========================================================================
Received Import Request.
  Time since last request: 0.000017 seconds.
  path: Assets/StarterAssets/ThirdPersonController/Character/Animations
  artifactKey: Guid(478ef75e2d9612043ad9e092df040fea) Importer(2089858483,0ecaa5967403d082aa24f35e1b516d23)
Start importing Assets/StarterAssets/ThirdPersonController/Character/Animations using Guid(478ef75e2d9612043ad9e092df040fea) Importer(2089858483,0ecaa5967403d082aa24f35e1b516d23) [PhysX] Initialized MultithreadedTaskDispatcher with 20 workers.
 -> (artifact id: '272c0f585da28f8518ccfe7210b1b6e2') in 0.014566 seconds
Number of updated asset objects reloaded before import = 0
Number of asset objects unloaded after import = 1
========================================================================
Received Import Request.
  Time since last request: 0.000186 seconds.
  path: Assets/StarterAssets/Environment/Art/Materials/Blue_Mat.mat
  artifactKey: Guid(979aef027a1c86c42a15ce35fce366fa) Importer(2089858483,0ecaa5967403d082aa24f35e1b516d23)
Start importing Assets/StarterAssets/Environment/Art/Materials/Blue_Mat.mat using Guid(979aef027a1c86c42a15ce35fce366fa) Importer(2089858483,0ecaa5967403d082aa24f35e1b516d23) [PhysX] Initialized MultithreadedTaskDispatcher with 20 workers.
 -> (artifact id: '96e9aebc29573d3f42645468e1540d9a') in 0.023972 seconds
Number of updated asset objects reloaded before import = 0
Number of asset objects unloaded after import = 1
========================================================================
Received Import Request.
  Time since last request: 0.000028 seconds.
  path: Assets/StarterAssets/Mobile/Prefabs/VirtualInputs
  artifactKey: Guid(7f242e43338822940a6223675e92f05d) Importer(2089858483,0ecaa5967403d082aa24f35e1b516d23)
Start importing Assets/StarterAssets/Mobile/Prefabs/VirtualInputs using Guid(7f242e43338822940a6223675e92f05d) Importer(2089858483,0ecaa5967403d082aa24f35e1b516d23) [PhysX] Initialized MultithreadedTaskDispatcher with 20 workers.
 -> (artifact id: '85862f8b8e70e1bb96fd159c8a98d8ff') in 0.014729 seconds
Number of updated asset objects reloaded before import = 0
Number of asset objects unloaded after import = 1
========================================================================
Received Import Request.
  Time since last request: 0.000053 seconds.
  path: Assets/StarterAssets/ThirdPersonController/Character/Animations/Stand--Idle.anim.fbx
  artifactKey: Guid(12e52e465ed793a4d801955e9f964a82) Importer(2089858483,0ecaa5967403d082aa24f35e1b516d23)
Start importing Assets/StarterAssets/ThirdPersonController/Character/Animations/Stand--Idle.anim.fbx using Guid(12e52e465ed793a4d801955e9f964a82) Importer(2089858483,0ecaa5967403d082aa24f35e1b516d23) [PhysX] Initialized MultithreadedTaskDispatcher with 20 workers.
 -> (artifact id: '20f9c9059b1ae35c9a67d42fb25eac4b') in 0.041555 seconds
Number of updated asset objects reloaded before import = 0
Number of asset objects unloaded after import = 144
========================================================================
Received Import Request.
  Time since last request: 0.000019 seconds.
  path: Assets/TextMesh Pro/Examples & Extras/Prefabs/TextMeshPro - Prefab 1.prefab
  artifactKey: Guid(a6e39ced0ea046bcb636c3f0b2e2a745) Importer(2089858483,0ecaa5967403d082aa24f35e1b516d23)
Start importing Assets/TextMesh Pro/Examples & Extras/Prefabs/TextMeshPro - Prefab 1.prefab using Guid(a6e39ced0ea046bcb636c3f0b2e2a745) Importer(2089858483,0ecaa5967403d082aa24f35e1b516d23) [PhysX] Initialized MultithreadedTaskDispatcher with 20 workers.
 -> (artifact id: 'b9baf54496d809bb7dda5ae3ef908bc0') in 0.083169 seconds
Number of updated asset objects reloaded before import = 0
Number of asset objects unloaded after import = 16
========================================================================
Received Import Request.
  Time since last request: 0.000019 seconds.
  path: Assets/Jung/Items/Scripts/ItemData.cs
  artifactKey: Guid(c09e4430d1028bc4299c0860dca8d14d) Importer(2089858483,0ecaa5967403d082aa24f35e1b516d23)
Start importing Assets/Jung/Items/Scripts/ItemData.cs using Guid(c09e4430d1028bc4299c0860dca8d14d) Importer(2089858483,0ecaa5967403d082aa24f35e1b516d23) [PhysX] Initialized MultithreadedTaskDispatcher with 20 workers.
 -> (artifact id: '47739880b519c86bec981ba05bc4ad59') in 0.014183 seconds
Number of updated asset objects reloaded before import = 0
Number of asset objects unloaded after import = 1
========================================================================
Received Import Request.
  Time since last request: 0.000023 seconds.
  path: Assets/Settings/Very High_PipelineAsset_ForwardRenderer.asset
  artifactKey: Guid(ca1caac375d7aa94598525ead3ca2810) Importer(2089858483,0ecaa5967403d082aa24f35e1b516d23)
Start importing Assets/Settings/Very High_PipelineAsset_ForwardRenderer.asset using Guid(ca1caac375d7aa94598525ead3ca2810) Importer(2089858483,0ecaa5967403d082aa24f35e1b516d23) [PhysX] Initialized MultithreadedTaskDispatcher with 20 workers.
 -> (artifact id: '9f465a8b5ca87ff6e9d1791fd0cf0f82') in 0.022379 seconds
Number of updated asset objects reloaded before import = 0
Number of asset objects unloaded after import = 1
========================================================================
Received Import Request.
  Time since last request: 0.000022 seconds.
  path: Assets/StarterAssets/ThirdPersonController/Character/Textures/Armature_Legs_AlbedoTransparency.tif
  artifactKey: Guid(c444e3d02d2fcff4d9fe5211d67652a0) Importer(2089858483,0ecaa5967403d082aa24f35e1b516d23)
Start importing Assets/StarterAssets/ThirdPersonController/Character/Textures/Armature_Legs_AlbedoTransparency.tif using Guid(c444e3d02d2fcff4d9fe5211d67652a0) Importer(2089858483,0ecaa5967403d082aa24f35e1b516d23) [PhysX] Initialized MultithreadedTaskDispatcher with 20 workers.
 -> (artifact id: '9b7af1ac096146180bfcc4db850329fe') in 0.057578 seconds
Number of updated asset objects reloaded before import = 0
Number of asset objects unloaded after import = 1
========================================================================
Received Import Request.
  Time since last request: 0.000077 seconds.
  path: Assets/Photon/PhotonUnityNetworking/Demos/DemoAsteroids/Materials/FlyerAsteroid.mat
  artifactKey: Guid(968fc57e6928a5448ae7d0644246d534) Importer(2089858483,0ecaa5967403d082aa24f35e1b516d23)
Start importing Assets/Photon/PhotonUnityNetworking/Demos/DemoAsteroids/Materials/FlyerAsteroid.mat using Guid(968fc57e6928a5448ae7d0644246d534) Importer(2089858483,0ecaa5967403d082aa24f35e1b516d23) [PhysX] Initialized MultithreadedTaskDispatcher with 20 workers.
 -> (artifact id: '1a66acaf6a4e0810e5c8fa6d3d95dfdc') in 0.014703 seconds
Number of updated asset objects reloaded before import = 0
Number of asset objects unloaded after import = 1
========================================================================
Received Import Request.
  Time since last request: 0.000021 seconds.
  path: Assets/Photon/PhotonUnityNetworking/Demos/DemoSlotRacer/Kenney Assets/Stylized city/Materials/windows_2.mat
  artifactKey: Guid(db1318ffb13bfef419a8dad09473425d) Importer(2089858483,0ecaa5967403d082aa24f35e1b516d23)
Start importing Assets/Photon/PhotonUnityNetworking/Demos/DemoSlotRacer/Kenney Assets/Stylized city/Materials/windows_2.mat using Guid(db1318ffb13bfef419a8dad09473425d) Importer(2089858483,0ecaa5967403d082aa24f35e1b516d23) [PhysX] Initialized MultithreadedTaskDispatcher with 20 workers.
 -> (artifact id: '9d551f6cae63a8908c1a16ad519e4830') in 0.012343 seconds
Number of updated asset objects reloaded before import = 0
Number of asset objects unloaded after import = 1
========================================================================
Received Import Request.
  Time since last request: 0.000020 seconds.
  path: Assets/Photon/PhotonUnityNetworking/Demos/DemoAsteroids/Prefabs/PlayerOverviewEntry.prefab
  artifactKey: Guid(f03d1c686a26a1d4da99a4186b0bb1ab) Importer(2089858483,0ecaa5967403d082aa24f35e1b516d23)
Start importing Assets/Photon/PhotonUnityNetworking/Demos/DemoAsteroids/Prefabs/PlayerOverviewEntry.prefab using Guid(f03d1c686a26a1d4da99a4186b0bb1ab) Importer(2089858483,0ecaa5967403d082aa24f35e1b516d23) [PhysX] Initialized MultithreadedTaskDispatcher with 20 workers.
 -> (artifact id: '53082cb86608e09889560cfbfcf88379') in 0.035977 seconds
Number of updated asset objects reloaded before import = 0
Number of asset objects unloaded after import = 8
========================================================================
Received Import Request.
  Time since last request: 0.000021 seconds.
  path: Assets/Photon/PhotonUnityNetworking/Demos/DemoSlotRacer/Kenney Assets/Stylized city/Materials/insides_3.mat
  artifactKey: Guid(cdcec2345c1d1af4da10b1c5d9cbff65) Importer(2089858483,0ecaa5967403d082aa24f35e1b516d23)
Start importing Assets/Photon/PhotonUnityNetworking/Demos/DemoSlotRacer/Kenney Assets/Stylized city/Materials/insides_3.mat using Guid(cdcec2345c1d1af4da10b1c5d9cbff65) Importer(2089858483,0ecaa5967403d082aa24f35e1b516d23) [PhysX] Initialized MultithreadedTaskDispatcher with 20 workers.
 -> (artifact id: 'd9791de10af3b47cef30f9897a198960') in 0.013718 seconds
Number of updated asset objects reloaded before import = 0
Number of asset objects unloaded after import = 1
========================================================================
Received Import Request.
  Time since last request: 0.000021 seconds.
  path: Assets/TextMesh Pro/Examples & Extras/Scenes/06 - Extra Rich Text Examples.unity
  artifactKey: Guid(39a1fa96ad2a449b908fca29d4297a74) Importer(2089858483,0ecaa5967403d082aa24f35e1b516d23)
Start importing Assets/TextMesh Pro/Examples & Extras/Scenes/06 - Extra Rich Text Examples.unity using Guid(39a1fa96ad2a449b908fca29d4297a74) Importer(2089858483,0ecaa5967403d082aa24f35e1b516d23) [PhysX] Initialized MultithreadedTaskDispatcher with 20 workers.
 -> (artifact id: '4f01ccfd1aeddb6a430a1f4a29ad85c1') in 0.012231 seconds
Number of updated asset objects reloaded before import = 0
Number of asset objects unloaded after import = 1
========================================================================
Received Import Request.
  Time since last request: 0.000020 seconds.
  path: Assets/StarterAssets/Environment/Art/Textures/Grid_02_BaseMap.png
  artifactKey: Guid(d9c0dd5cdac07b145be73329e489869a) Importer(2089858483,0ecaa5967403d082aa24f35e1b516d23)
Start importing Assets/StarterAssets/Environment/Art/Textures/Grid_02_BaseMap.png using Guid(d9c0dd5cdac07b145be73329e489869a) Importer(2089858483,0ecaa5967403d082aa24f35e1b516d23) [PhysX] Initialized MultithreadedTaskDispatcher with 20 workers.
 -> (artifact id: '7a110973a4164e0d745705b37b902ba1') in 0.029707 seconds
Number of updated asset objects reloaded before import = 0
Number of asset objects unloaded after import = 1
========================================================================
Received Import Request.
  Time since last request: 0.000063 seconds.
  path: Assets/Jung/Items/Scripts/ItemObject.cs
  artifactKey: Guid(b330263b5bc63ad45a2c12fc12daa55d) Importer(2089858483,0ecaa5967403d082aa24f35e1b516d23)
Start importing Assets/Jung/Items/Scripts/ItemObject.cs using Guid(b330263b5bc63ad45a2c12fc12daa55d) Importer(2089858483,0ecaa5967403d082aa24f35e1b516d23) [PhysX] Initialized MultithreadedTaskDispatcher with 20 workers.
 -> (artifact id: '5edf5711933ebffd13416de312816391') in 0.009189 seconds
Number of updated asset objects reloaded before import = 0
Number of asset objects unloaded after import = 1
========================================================================
Received Import Request.
  Time since last request: 0.000018 seconds.
  path: Assets/StarterAssets/ThirdPersonController/Scenes/Playground/ReflectionProbe-2.exr
  artifactKey: Guid(7e3f1677bc1aead4fb8791998078dcec) Importer(2089858483,0ecaa5967403d082aa24f35e1b516d23)
Start importing Assets/StarterAssets/ThirdPersonController/Scenes/Playground/ReflectionProbe-2.exr using Guid(7e3f1677bc1aead4fb8791998078dcec) Importer(2089858483,0ecaa5967403d082aa24f35e1b516d23) [PhysX] Initialized MultithreadedTaskDispatcher with 20 workers.
 -> (artifact id: '2a01efba93fbc3bc3670c61f761ce126') in 0.022033 seconds
Number of updated asset objects reloaded before import = 0
Number of asset objects unloaded after import = 1
========================================================================
Received Import Request.
  Time since last request: 0.000033 seconds.
  path: Assets/Photon/PhotonUnityNetworking/Demos/PunCockpit/PunCockpit-Scene.unity
  artifactKey: Guid(9d6d60c803e244e51ba945a84b88757d) Importer(2089858483,0ecaa5967403d082aa24f35e1b516d23)
Start importing Assets/Photon/PhotonUnityNetworking/Demos/PunCockpit/PunCockpit-Scene.unity using Guid(9d6d60c803e244e51ba945a84b88757d) Importer(2089858483,0ecaa5967403d082aa24f35e1b516d23) [PhysX] Initialized MultithreadedTaskDispatcher with 20 workers.
 -> (artifact id: 'ad02364e93537f624d42b89a2124af83') in 0.007871 seconds
Number of updated asset objects reloaded before import = 0
Number of asset objects unloaded after import = 1
========================================================================
Received Import Request.
  Time since last request: 0.000018 seconds.
  path: Assets/StarterAssets/Environment/Art/Models/Stairs_650_400_300_Mesh.fbx
  artifactKey: Guid(7e0223e1d3e1733499accfa5ebffb67e) Importer(2089858483,0ecaa5967403d082aa24f35e1b516d23)
Start importing Assets/StarterAssets/Environment/Art/Models/Stairs_650_400_300_Mesh.fbx using Guid(7e0223e1d3e1733499accfa5ebffb67e) Importer(2089858483,0ecaa5967403d082aa24f35e1b516d23) [PhysX] Initialized MultithreadedTaskDispatcher with 20 workers.
 -> (artifact id: '576c891c3e2a549cbb79e790773a6a29') in 0.027105 seconds
Number of updated asset objects reloaded before import = 0
Number of asset objects unloaded after import = 16
========================================================================
Received Import Request.
  Time since last request: 0.000018 seconds.
  path: Assets/Photon/PhotonUnityNetworking/Demos/PunBasics-Tutorial/Scenes/PunBasics-Room for 4Settings.lighting
  artifactKey: Guid(1cc688ad17c5f644cabcf0d0425a7c88) Importer(2089858483,0ecaa5967403d082aa24f35e1b516d23)
Start importing Assets/Photon/PhotonUnityNetworking/Demos/PunBasics-Tutorial/Scenes/PunBasics-Room for 4Settings.lighting using Guid(1cc688ad17c5f644cabcf0d0425a7c88) Importer(2089858483,0ecaa5967403d082aa24f35e1b516d23) [PhysX] Initialized MultithreadedTaskDispatcher with 20 workers.
LightingSettings: switching bake backend from 1 to 0.
 -> (artifact id: 'ac0f3560c43077e0e2e2ae06b665d759') in 0.029062 seconds
Number of updated asset objects reloaded before import = 0
Number of asset objects unloaded after import = 1
========================================================================
Received Import Request.
  Time since last request: 0.000023 seconds.
  path: Assets/Settings/High_PipelineAsset.asset
  artifactKey: Guid(60e1b38462b594749bccf5355d49847c) Importer(2089858483,0ecaa5967403d082aa24f35e1b516d23)
Start importing Assets/Settings/High_PipelineAsset.asset using Guid(60e1b38462b594749bccf5355d49847c) Importer(2089858483,0ecaa5967403d082aa24f35e1b516d23) [PhysX] Initialized MultithreadedTaskDispatcher with 20 workers.
 -> (artifact id: '3ef7bc60c0c855b770c966749e132153') in 0.019022 seconds
Number of updated asset objects reloaded before import = 0
Number of asset objects unloaded after import = 1
========================================================================
Received Import Request.
  Time since last request: 0.000028 seconds.
  path: Assets/StarterAssets/Environment/Art/Models/Stairs_200x100x200_Mesh.fbx
  artifactKey: Guid(fce3bf5a5b603db45ab0048fb6ab44df) Importer(2089858483,0ecaa5967403d082aa24f35e1b516d23)
Start importing Assets/StarterAssets/Environment/Art/Models/Stairs_200x100x200_Mesh.fbx using Guid(fce3bf5a5b603db45ab0048fb6ab44df) Importer(2089858483,0ecaa5967403d082aa24f35e1b516d23) [PhysX] Initialized MultithreadedTaskDispatcher with 20 workers.
 -> (artifact id: '85fe6afcfb9d91cb50deecc1135dc8c2') in 0.024438 seconds
Number of updated asset objects reloaded before import = 0
Number of asset objects unloaded after import = 15
========================================================================
Received Import Request.
  Time since last request: 0.000019 seconds.
  path: Assets/TextMesh Pro/Examples & Extras/Scenes/02 - Multi-line TextMesh Pro.unity
  artifactKey: Guid(251716609f634449bfe8ce75c0ed78fe) Importer(2089858483,0ecaa5967403d082aa24f35e1b516d23)
Start importing Assets/TextMesh Pro/Examples & Extras/Scenes/02 - Multi-line TextMesh Pro.unity using Guid(251716609f634449bfe8ce75c0ed78fe) Importer(2089858483,0ecaa5967403d082aa24f35e1b516d23) [PhysX] Initialized MultithreadedTaskDispatcher with 20 workers.
 -> (artifact id: '40f76659025c4b3bfc77b334b3fbb282') in 0.014062 seconds
Number of updated asset objects reloaded before import = 0
Number of asset objects unloaded after import = 1
========================================================================
Received Import Request.
  Time since last request: 0.000096 seconds.
  path: Assets/Photon/PhotonUnityNetworking/Demos/Shared Assets/Materials/UnitTextureBlue12x.mat
  artifactKey: Guid(c676d877ef241ab4686e2f237b1e2f13) Importer(2089858483,0ecaa5967403d082aa24f35e1b516d23)
Start importing Assets/Photon/PhotonUnityNetworking/Demos/Shared Assets/Materials/UnitTextureBlue12x.mat using Guid(c676d877ef241ab4686e2f237b1e2f13) Importer(2089858483,0ecaa5967403d082aa24f35e1b516d23) [PhysX] Initialized MultithreadedTaskDispatcher with 20 workers.
 -> (artifact id: 'ce4960120aaee6beb9b1dd2277a05b7c') in 0.013524 seconds
Number of updated asset objects reloaded before import = 0
Number of asset objects unloaded after import = 1
========================================================================
Received Import Request.
  Time since last request: 0.000083 seconds.
  path: Assets/Jung/Items
  artifactKey: Guid(d4e660eb29259d045ae5883f0919d5fa) Importer(2089858483,0ecaa5967403d082aa24f35e1b516d23)
Start importing Assets/Jung/Items using Guid(d4e660eb29259d045ae5883f0919d5fa) Importer(2089858483,0ecaa5967403d082aa24f35e1b516d23) [PhysX] Initialized MultithreadedTaskDispatcher with 20 workers.
 -> (artifact id: '848f12212f678521331fff5db250eee2') in 0.011985 seconds
Number of updated asset objects reloaded before import = 0
Number of asset objects unloaded after import = 1
========================================================================
Received Import Request.
  Time since last request: 0.000017 seconds.
  path: Assets/StarterAssets/Environment/Art/Materials/GridBlue_01_Mat.mat
  artifactKey: Guid(ff188f58422043f489060e28a5e4e0c0) Importer(2089858483,0ecaa5967403d082aa24f35e1b516d23)
Start importing Assets/StarterAssets/Environment/Art/Materials/GridBlue_01_Mat.mat using Guid(ff188f58422043f489060e28a5e4e0c0) Importer(2089858483,0ecaa5967403d082aa24f35e1b516d23) [PhysX] Initialized MultithreadedTaskDispatcher with 20 workers.
 -> (artifact id: '18c3565bbd90e21684d5dab1a77fc1c9') in 0.026384 seconds
Number of updated asset objects reloaded before import = 0
Number of asset objects unloaded after import = 4
========================================================================
Received Import Request.
  Time since last request: 0.000023 seconds.
  path: Assets/Photon/PhotonUnityNetworking/Demos/Shared Assets/Prefabs/UI/Tooltip.prefab
  artifactKey: Guid(87d5aa043215a47cba8b74ae3490a936) Importer(2089858483,0ecaa5967403d082aa24f35e1b516d23)
Start importing Assets/Photon/PhotonUnityNetworking/Demos/Shared Assets/Prefabs/UI/Tooltip.prefab using Guid(87d5aa043215a47cba8b74ae3490a936) Importer(2089858483,0ecaa5967403d082aa24f35e1b516d23) [PhysX] Initialized MultithreadedTaskDispatcher with 20 workers.
 -> (artifact id: 'c17166b54d534e91dad3061ff6dadecd') in 0.026052 seconds
Number of updated asset objects reloaded before import = 0
Number of asset objects unloaded after import = 8
========================================================================
Received Import Request.
  Time since last request: 0.000015 seconds.
  path: Assets/Photon/PhotonUnityNetworking/Demos/PunBasics-Tutorial/Materials/UnitTextureYellow12x.mat
  artifactKey: Guid(ceba02e8dfaf34474b36fe43b51b69db) Importer(2089858483,0ecaa5967403d082aa24f35e1b516d23)
Start importing Assets/Photon/PhotonUnityNetworking/Demos/PunBasics-Tutorial/Materials/UnitTextureYellow12x.mat using Guid(ceba02e8dfaf34474b36fe43b51b69db) Importer(2089858483,0ecaa5967403d082aa24f35e1b516d23) [PhysX] Initialized MultithreadedTaskDispatcher with 20 workers.
 -> (artifact id: 'b9f7918c254d3ad34e3cdf2b47f20add') in 0.009892 seconds
Number of updated asset objects reloaded before import = 0
Number of asset objects unloaded after import = 1
========================================================================
Received Import Request.
  Time since last request: 0.000019 seconds.
  path: Assets/Photon/PhotonUnityNetworking/Demos/Shared Assets/Materials/UnitTextureBlue.mat
  artifactKey: Guid(1401c9e6acd739e49a9caa91ab07ac7a) Importer(2089858483,0ecaa5967403d082aa24f35e1b516d23)
Start importing Assets/Photon/PhotonUnityNetworking/Demos/Shared Assets/Materials/UnitTextureBlue.mat using Guid(1401c9e6acd739e49a9caa91ab07ac7a) Importer(2089858483,0ecaa5967403d082aa24f35e1b516d23) [PhysX] Initialized MultithreadedTaskDispatcher with 20 workers.
 -> (artifact id: 'b2c130c6dd03ef1c2f605ba17037771f') in 0.010258 seconds
Number of updated asset objects reloaded before import = 0
Number of asset objects unloaded after import = 1
========================================================================
Received Import Request.
  Time since last request: 0.000018 seconds.
  path: Assets/StarterAssets/Mobile/UI/UI_Icon_Jump.png
  artifactKey: Guid(751aa1b6637101946b2fdbb7aa27d6ad) Importer(2089858483,0ecaa5967403d082aa24f35e1b516d23)
Start importing Assets/StarterAssets/Mobile/UI/UI_Icon_Jump.png using Guid(751aa1b6637101946b2fdbb7aa27d6ad) Importer(2089858483,0ecaa5967403d082aa24f35e1b516d23) [PhysX] Initialized MultithreadedTaskDispatcher with 20 workers.
 -> (artifact id: 'd36768f6ba70bece0dcc8177a399faec') in 0.019712 seconds
Number of updated asset objects reloaded before import = 0
Number of asset objects unloaded after import = 3
========================================================================
Received Import Request.
  Time since last request: 0.000019 seconds.
  path: Assets/StarterAssets/ThirdPersonController/Scenes/Playground
  artifactKey: Guid(e6a4aa6f3d941a64c9a1e93aa05ea6da) Importer(2089858483,0ecaa5967403d082aa24f35e1b516d23)
Start importing Assets/StarterAssets/ThirdPersonController/Scenes/Playground using Guid(e6a4aa6f3d941a64c9a1e93aa05ea6da) Importer(2089858483,0ecaa5967403d082aa24f35e1b516d23) [PhysX] Initialized MultithreadedTaskDispatcher with 20 workers.
 -> (artifact id: '244f30f5340de12685b04c3398eb1214') in 0.010032 seconds
Number of updated asset objects reloaded before import = 0
Number of asset objects unloaded after import = 1
========================================================================
Received Import Request.
  Time since last request: 0.000102 seconds.
  path: Assets/Settings/Very Low_PipelineAsset_ForwardRenderer.asset
  artifactKey: Guid(232920f617dc7fc4889aa30181cda641) Importer(2089858483,0ecaa5967403d082aa24f35e1b516d23)
Start importing Assets/Settings/Very Low_PipelineAsset_ForwardRenderer.asset using Guid(232920f617dc7fc4889aa30181cda641) Importer(2089858483,0ecaa5967403d082aa24f35e1b516d23) [PhysX] Initialized MultithreadedTaskDispatcher with 20 workers.
 -> (artifact id: '98a35a51c8e1a2d8a08420cb9b56db48') in 0.018580 seconds
Number of updated asset objects reloaded before import = 0
Number of asset objects unloaded after import = 1
========================================================================
Received Import Request.
  Time since last request: 0.000026 seconds.
  path: Assets/Photon/PhotonUnityNetworking/Demos/DemoSlotRacer/Kenney Assets/Racing Kit/Models/Materials/grey.mat
  artifactKey: Guid(b34ebdee5d4d60b43baa8cb211b29444) Importer(2089858483,0ecaa5967403d082aa24f35e1b516d23)
Start importing Assets/Photon/PhotonUnityNetworking/Demos/DemoSlotRacer/Kenney Assets/Racing Kit/Models/Materials/grey.mat using Guid(b34ebdee5d4d60b43baa8cb211b29444) Importer(2089858483,0ecaa5967403d082aa24f35e1b516d23) [PhysX] Initialized MultithreadedTaskDispatcher with 20 workers.
 -> (artifact id: '1537addc4fceda9772a446ef25b9518d') in 0.013333 seconds
Number of updated asset objects reloaded before import = 0
Number of asset objects unloaded after import = 1
========================================================================
Received Import Request.
  Time since last request: 0.000023 seconds.
  path: Assets/TextMesh Pro/Examples & Extras/Scenes/25 - Sunny Days Example.unity
  artifactKey: Guid(f9b4c22e15cff344ba9fc6542a58dd07) Importer(2089858483,0ecaa5967403d082aa24f35e1b516d23)
Start importing Assets/TextMesh Pro/Examples & Extras/Scenes/25 - Sunny Days Example.unity using Guid(f9b4c22e15cff344ba9fc6542a58dd07) Importer(2089858483,0ecaa5967403d082aa24f35e1b516d23) [PhysX] Initialized MultithreadedTaskDispatcher with 20 workers.
 -> (artifact id: '3dfb269e1cedf6a4bd16a1883c21126f') in 0.011958 seconds
Number of updated asset objects reloaded before import = 0
Number of asset objects unloaded after import = 1
========================================================================
Received Import Request.
  Time since last request: 0.000075 seconds.
  path: Assets/TextMesh Pro/Examples & Extras/Scenes/11 - The Style TagSettings.lighting
  artifactKey: Guid(25fbb389f75c69f41bd8057234ba2a91) Importer(2089858483,0ecaa5967403d082aa24f35e1b516d23)
Start importing Assets/TextMesh Pro/Examples & Extras/Scenes/11 - The Style TagSettings.lighting using Guid(25fbb389f75c69f41bd8057234ba2a91) Importer(2089858483,0ecaa5967403d082aa24f35e1b516d23) [PhysX] Initialized MultithreadedTaskDispatcher with 20 workers.
LightingSettings: switching bake backend from 1 to 0.
 -> (artifact id: 'c8a6a267fc9449f976194ab95cb6db97') in 0.024934 seconds
Number of updated asset objects reloaded before import = 0
Number of asset objects unloaded after import = 1
========================================================================
Received Import Request.
  Time since last request: 0.000020 seconds.
  path: Assets/StarterAssets/TutorialInfo/Scripts
  artifactKey: Guid(00e1a3ea601874740b954664a078e551) Importer(2089858483,0ecaa5967403d082aa24f35e1b516d23)
Start importing Assets/StarterAssets/TutorialInfo/Scripts using Guid(00e1a3ea601874740b954664a078e551) Importer(2089858483,0ecaa5967403d082aa24f35e1b516d23) [PhysX] Initialized MultithreadedTaskDispatcher with 20 workers.
 -> (artifact id: 'bf79d0be9dbd72d632c5dc694457e9ab') in 0.009075 seconds
Number of updated asset objects reloaded before import = 0
Number of asset objects unloaded after import = 1
========================================================================
Received Import Request.
  Time since last request: 0.000029 seconds.
  path: Assets/Photon/PhotonUnityNetworking/Demos/PunCockpit/Prefabs/Tab Toggle.prefab
  artifactKey: Guid(192c18d73e55e466d89edd9bc2ab936d) Importer(2089858483,0ecaa5967403d082aa24f35e1b516d23)
Start importing Assets/Photon/PhotonUnityNetworking/Demos/PunCockpit/Prefabs/Tab Toggle.prefab using Guid(192c18d73e55e466d89edd9bc2ab936d) Importer(2089858483,0ecaa5967403d082aa24f35e1b516d23) [PhysX] Initialized MultithreadedTaskDispatcher with 20 workers.
 -> (artifact id: 'ef5a61fb5eac24b8ca10d83cb36cae1d') in 0.040643 seconds
Number of updated asset objects reloaded before import = 0
Number of asset objects unloaded after import = 32
========================================================================
Received Import Request.
  Time since last request: 0.000020 seconds.
  path: Assets/Photon/PhotonUnityNetworking/Demos/Shared Assets/Prefabs/UI/Button Regular.prefab
  artifactKey: Guid(395d3cc3d7cf0014a870fee72cbd3490) Importer(2089858483,0ecaa5967403d082aa24f35e1b516d23)
Start importing Assets/Photon/PhotonUnityNetworking/Demos/Shared Assets/Prefabs/UI/Button Regular.prefab using Guid(395d3cc3d7cf0014a870fee72cbd3490) Importer(2089858483,0ecaa5967403d082aa24f35e1b516d23) [PhysX] Initialized MultithreadedTaskDispatcher with 20 workers.
 -> (artifact id: '2377af2ecf5b124e63233419b3770c89') in 0.029077 seconds
Number of updated asset objects reloaded before import = 0
Number of asset objects unloaded after import = 16
========================================================================
Received Import Request.
  Time since last request: 0.000019 seconds.
  path: Assets/Photon/PhotonUnityNetworking/Demos/DemoAsteroids/Prefabs/RoomListEntry.prefab
  artifactKey: Guid(03c5e15309335324fba99d68e38cb08b) Importer(2089858483,0ecaa5967403d082aa24f35e1b516d23)
Start importing Assets/Photon/PhotonUnityNetworking/Demos/DemoAsteroids/Prefabs/RoomListEntry.prefab using Guid(03c5e15309335324fba99d68e38cb08b) Importer(2089858483,0ecaa5967403d082aa24f35e1b516d23) [PhysX] Initialized MultithreadedTaskDispatcher with 20 workers.
 -> (artifact id: '10edad18580b854b9ab924c956c2cfbf') in 0.032101 seconds
Number of updated asset objects reloaded before import = 0
Number of asset objects unloaded after import = 33
========================================================================
Received Import Request.
  Time since last request: 0.000017 seconds.
  path: Assets/TextMesh Pro/Examples & Extras/Prefabs/Text Popup.prefab
  artifactKey: Guid(b06f0e6c1dfa4356ac918da1bb32c603) Importer(2089858483,0ecaa5967403d082aa24f35e1b516d23)
Start importing Assets/TextMesh Pro/Examples & Extras/Prefabs/Text Popup.prefab using Guid(b06f0e6c1dfa4356ac918da1bb32c603) Importer(2089858483,0ecaa5967403d082aa24f35e1b516d23) [PhysX] Initialized MultithreadedTaskDispatcher with 20 workers.
 -> (artifact id: '81e31c2f27ed96641aa5a3f710d1ab73') in 0.039132 seconds
Number of updated asset objects reloaded before import = 0
Number of asset objects unloaded after import = 21
========================================================================
Received Import Request.
  Time since last request: 1.598161 seconds.
  path: Assets/TextMesh Pro/Examples & Extras/Scenes/04 - Word Wrapping.unity
  artifactKey: Guid(8f7137eacd7042d5b17ef0efe5e744f5) Importer(2089858483,0ecaa5967403d082aa24f35e1b516d23)
Start importing Assets/TextMesh Pro/Examples & Extras/Scenes/04 - Word Wrapping.unity using Guid(8f7137eacd7042d5b17ef0efe5e744f5) Importer(2089858483,0ecaa5967403d082aa24f35e1b516d23) [PhysX] Initialized MultithreadedTaskDispatcher with 20 workers.
 -> (artifact id: '26ef545480eb14cb995876a095142665') in 0.014356 seconds
Number of updated asset objects reloaded before import = 0
Number of asset objects unloaded after import = 1
========================================================================
Received Import Request.
  Time since last request: 0.000023 seconds.
  path: Assets/StarterAssets/ThirdPersonController/Character/Sfx/Player_Footstep_06.wav
  artifactKey: Guid(29841e7d5bbfb5b419c9ad16ca8bc4c1) Importer(2089858483,0ecaa5967403d082aa24f35e1b516d23)
Start importing Assets/StarterAssets/ThirdPersonController/Character/Sfx/Player_Footstep_06.wav using Guid(29841e7d5bbfb5b419c9ad16ca8bc4c1) Importer(2089858483,0ecaa5967403d082aa24f35e1b516d23) [PhysX] Initialized MultithreadedTaskDispatcher with 20 workers.
 -> (artifact id: '12849ea25d59d392557e197633050468') in 0.045055 seconds
Number of updated asset objects reloaded before import = 0
Number of asset objects unloaded after import = 1
========================================================================
Received Import Request.
  Time since last request: 0.000019 seconds.
  path: Assets/StarterAssets/ThirdPersonController/Scripts
  artifactKey: Guid(22db1f6f78cfb3440835ed6dee5f8e9e) Importer(2089858483,0ecaa5967403d082aa24f35e1b516d23)
Start importing Assets/StarterAssets/ThirdPersonController/Scripts using Guid(22db1f6f78cfb3440835ed6dee5f8e9e) Importer(2089858483,0ecaa5967403d082aa24f35e1b516d23) [PhysX] Initialized MultithreadedTaskDispatcher with 20 workers.
 -> (artifact id: '933398433ae0d6b64063f7e4fb148eb6') in 0.012541 seconds
Number of updated asset objects reloaded before import = 0
Number of asset objects unloaded after import = 1
========================================================================
Received Import Request.
  Time since last request: 0.000039 seconds.
  path: Assets/StarterAssets/ThirdPersonController/Scenes
  artifactKey: Guid(89e5f9b6a0fcdae4e8ccb4b461925e8c) Importer(2089858483,0ecaa5967403d082aa24f35e1b516d23)
Start importing Assets/StarterAssets/ThirdPersonController/Scenes using Guid(89e5f9b6a0fcdae4e8ccb4b461925e8c) Importer(2089858483,0ecaa5967403d082aa24f35e1b516d23) [PhysX] Initialized MultithreadedTaskDispatcher with 20 workers.
 -> (artifact id: 'dc106076e741941a60d27daca49fa48c') in 0.011357 seconds
Number of updated asset objects reloaded before import = 0
Number of asset objects unloaded after import = 1
========================================================================
Received Import Request.
  Time since last request: 0.000070 seconds.
  path: Assets/StarterAssets
  artifactKey: Guid(3397cd14c28cccf47b097769f7817a19) Importer(2089858483,0ecaa5967403d082aa24f35e1b516d23)
Start importing Assets/StarterAssets using Guid(3397cd14c28cccf47b097769f7817a19) Importer(2089858483,0ecaa5967403d082aa24f35e1b516d23) [PhysX] Initialized MultithreadedTaskDispatcher with 20 workers.
 -> (artifact id: '1b04d467236cb526ac260e46db022afe') in 0.013363 seconds
Number of updated asset objects reloaded before import = 0
Number of asset objects unloaded after import = 1
========================================================================
Received Import Request.
  Time since last request: 0.000024 seconds.
  path: Assets/StarterAssets/Environment
  artifactKey: Guid(8d8da06649314d7498296c53b4a0a77a) Importer(2089858483,0ecaa5967403d082aa24f35e1b516d23)
Start importing Assets/StarterAssets/Environment using Guid(8d8da06649314d7498296c53b4a0a77a) Importer(2089858483,0ecaa5967403d082aa24f35e1b516d23) [PhysX] Initialized MultithreadedTaskDispatcher with 20 workers.
 -> (artifact id: 'bedf1a86564e380f21b042313971db5a') in 0.012061 seconds
Number of updated asset objects reloaded before import = 0
Number of asset objects unloaded after import = 1
========================================================================
Received Import Request.
  Time since last request: 0.000045 seconds.
  path: Assets/StarterAssets/TutorialInfo/Icons
  artifactKey: Guid(bf2b09552ecf8f04294975e07f8da67e) Importer(2089858483,0ecaa5967403d082aa24f35e1b516d23)
Start importing Assets/StarterAssets/TutorialInfo/Icons using Guid(bf2b09552ecf8f04294975e07f8da67e) Importer(2089858483,0ecaa5967403d082aa24f35e1b516d23) [PhysX] Initialized MultithreadedTaskDispatcher with 20 workers.
 -> (artifact id: 'c169500ce71f2ec559f2d5891e9fa519') in 0.012189 seconds
Number of updated asset objects reloaded before import = 0
Number of asset objects unloaded after import = 1
========================================================================
Received Import Request.
  Time since last request: 0.000084 seconds.
  path: Assets/Photon/PhotonUnityNetworking/Demos/DemoSlotRacer/Kenney Assets/Stylized city/Materials/13 - Default54.mat
  artifactKey: Guid(831e4ea6beda02947bdca5aeb8543156) Importer(2089858483,0ecaa5967403d082aa24f35e1b516d23)
Start importing Assets/Photon/PhotonUnityNetworking/Demos/DemoSlotRacer/Kenney Assets/Stylized city/Materials/13 - Default54.mat using Guid(831e4ea6beda02947bdca5aeb8543156) Importer(2089858483,0ecaa5967403d082aa24f35e1b516d23) [PhysX] Initialized MultithreadedTaskDispatcher with 20 workers.
 -> (artifact id: '01cfe5e97e0b4345d94b9447692f1d9c') in 0.015389 seconds
Number of updated asset objects reloaded before import = 0
Number of asset objects unloaded after import = 1
========================================================================
Received Import Request.
  Time since last request: 0.000059 seconds.
  path: Assets/Settings/Medium_PipelineAsset_ForwardRenderer.asset
  artifactKey: Guid(9feb1f93243748e4db3d4184229dc5c2) Importer(2089858483,0ecaa5967403d082aa24f35e1b516d23)
Start importing Assets/Settings/Medium_PipelineAsset_ForwardRenderer.asset using Guid(9feb1f93243748e4db3d4184229dc5c2) Importer(2089858483,0ecaa5967403d082aa24f35e1b516d23) [PhysX] Initialized MultithreadedTaskDispatcher with 20 workers.
 -> (artifact id: '4cf9a41802ed656808db7a842d3fc1ff') in 0.022956 seconds
Number of updated asset objects reloaded before import = 0
Number of asset objects unloaded after import = 1
========================================================================
Received Import Request.
  Time since last request: 0.000022 seconds.
  path: Assets/Photon/PhotonUnityNetworking/Demos/DemoProcedural/Materials/Orange.mat
  artifactKey: Guid(09adc4af150569a4cb996354c367b8c8) Importer(2089858483,0ecaa5967403d082aa24f35e1b516d23)
Start importing Assets/Photon/PhotonUnityNetworking/Demos/DemoProcedural/Materials/Orange.mat using Guid(09adc4af150569a4cb996354c367b8c8) Importer(2089858483,0ecaa5967403d082aa24f35e1b516d23) [PhysX] Initialized MultithreadedTaskDispatcher with 20 workers.
 -> (artifact id: 'fa71f935ef48a2483e463542669c3af4') in 0.014760 seconds
Number of updated asset objects reloaded before import = 0
Number of asset objects unloaded after import = 1
========================================================================
Received Import Request.
  Time since last request: 0.000021 seconds.
  path: Assets/TextMesh Pro/Examples & Extras/Scenes/25 - Sunny Days ExampleSettings.lighting
  artifactKey: Guid(9803ea8b38ae00a43a6e21d668008a0b) Importer(2089858483,0ecaa5967403d082aa24f35e1b516d23)
Start importing Assets/TextMesh Pro/Examples & Extras/Scenes/25 - Sunny Days ExampleSettings.lighting using Guid(9803ea8b38ae00a43a6e21d668008a0b) Importer(2089858483,0ecaa5967403d082aa24f35e1b516d23) [PhysX] Initialized MultithreadedTaskDispatcher with 20 workers.
LightingSettings: switching bake backend from 1 to 0.
 -> (artifact id: '3f9cb2792e713c9e7baf202f05403dda') in 0.027289 seconds
Number of updated asset objects reloaded before import = 0
Number of asset objects unloaded after import = 1
========================================================================
Received Import Request.
  Time since last request: 0.000017 seconds.
  path: Assets/TextMesh Pro/Examples & Extras/Scenes/07 - Superscript & Subscript Example.unity
  artifactKey: Guid(03ec435d4b7140e9b2d87f79136d8374) Importer(2089858483,0ecaa5967403d082aa24f35e1b516d23)
Start importing Assets/TextMesh Pro/Examples & Extras/Scenes/07 - Superscript & Subscript Example.unity using Guid(03ec435d4b7140e9b2d87f79136d8374) Importer(2089858483,0ecaa5967403d082aa24f35e1b516d23) [PhysX] Initialized MultithreadedTaskDispatcher with 20 workers.
 -> (artifact id: '80ab2eee63e54908444129e67fecbf15') in 0.013415 seconds
Number of updated asset objects reloaded before import = 0
Number of asset objects unloaded after import = 1
========================================================================
Received Import Request.
  Time since last request: 0.000071 seconds.
  path: Assets/StarterAssets/ThirdPersonController/Character/Textures/Armature_Body_MetallicSmoothness.tif
  artifactKey: Guid(e73adacd5e8f6fc45a491dbd62e71ead) Importer(2089858483,0ecaa5967403d082aa24f35e1b516d23)
Start importing Assets/StarterAssets/ThirdPersonController/Character/Textures/Armature_Body_MetallicSmoothness.tif using Guid(e73adacd5e8f6fc45a491dbd62e71ead) Importer(2089858483,0ecaa5967403d082aa24f35e1b516d23) [PhysX] Initialized MultithreadedTaskDispatcher with 20 workers.
 -> (artifact id: 'e7840d0638b6eb42a212435b4e834afb') in 0.029953 seconds
Number of updated asset objects reloaded before import = 0
Number of asset objects unloaded after import = 1
========================================================================
Received Import Request.
  Time since last request: 0.000049 seconds.
  path: Assets/StarterAssets/ThirdPersonController/Character/Materials/M_Armature_Legs.mat
  artifactKey: Guid(8b25e99361ac31d4e9ae83c46aee69ea) Importer(2089858483,0ecaa5967403d082aa24f35e1b516d23)
Start importing Assets/StarterAssets/ThirdPersonController/Character/Materials/M_Armature_Legs.mat using Guid(8b25e99361ac31d4e9ae83c46aee69ea) Importer(2089858483,0ecaa5967403d082aa24f35e1b516d23) [PhysX] Initialized MultithreadedTaskDispatcher with 20 workers.
 -> (artifact id: '10c2d79f8c3984b58019a7edd94661d9') in 0.039890 seconds
Number of updated asset objects reloaded before import = 0
Number of asset objects unloaded after import = 4
========================================================================
Received Import Request.
  Time since last request: 0.000020 seconds.
  path: Assets/StarterAssets/ThirdPersonController/Character/Animations/Jump--Jump.anim.fbx
  artifactKey: Guid(98f277b0c8055e143b2fcf058d3c27dc) Importer(2089858483,0ecaa5967403d082aa24f35e1b516d23)
Start importing Assets/StarterAssets/ThirdPersonController/Character/Animations/Jump--Jump.anim.fbx using Guid(98f277b0c8055e143b2fcf058d3c27dc) Importer(2089858483,0ecaa5967403d082aa24f35e1b516d23) [PhysX] Initialized MultithreadedTaskDispatcher with 20 workers.
 -> (artifact id: '562b6154cb658851945de799fac03fdf') in 0.029995 seconds
Number of updated asset objects reloaded before import = 0
Number of asset objects unloaded after import = 145
========================================================================
Received Import Request.
  Time since last request: 0.000024 seconds.
  path: Assets/Photon/PhotonUnityNetworking/Demos/PunBasics-Tutorial/Scenes/PunBasics-Room for 1Settings.lighting
  artifactKey: Guid(7641b4159bbcab348a3826a27d8ed554) Importer(2089858483,0ecaa5967403d082aa24f35e1b516d23)
Start importing Assets/Photon/PhotonUnityNetworking/Demos/PunBasics-Tutorial/Scenes/PunBasics-Room for 1Settings.lighting using Guid(7641b4159bbcab348a3826a27d8ed554) Importer(2089858483,0ecaa5967403d082aa24f35e1b516d23) [PhysX] Initialized MultithreadedTaskDispatcher with 20 workers.
LightingSettings: switching bake backend from 1 to 0.
 -> (artifact id: '476352346d0aa8162ccf8b315f61946b') in 0.025968 seconds
Number of updated asset objects reloaded before import = 0
Number of asset objects unloaded after import = 1
========================================================================
Received Import Request.
  Time since last request: 0.000051 seconds.
  path: Assets/StarterAssets/ThirdPersonController/Character/Textures/Armature_Legs_MetallicSmoothness.tif
  artifactKey: Guid(1c98c94efa7792645972ecf95e6f86c2) Importer(2089858483,0ecaa5967403d082aa24f35e1b516d23)
Start importing Assets/StarterAssets/ThirdPersonController/Character/Textures/Armature_Legs_MetallicSmoothness.tif using Guid(1c98c94efa7792645972ecf95e6f86c2) Importer(2089858483,0ecaa5967403d082aa24f35e1b516d23) [PhysX] Initialized MultithreadedTaskDispatcher with 20 workers.
 -> (artifact id: '80ef4b171a38958ecb96640dea54e0fa') in 0.020034 seconds
Number of updated asset objects reloaded before import = 0
Number of asset objects unloaded after import = 1
========================================================================
Received Import Request.
  Time since last request: 0.000031 seconds.
  path: Assets/StarterAssets/ThirdPersonController/Character/Models
  artifactKey: Guid(f99c02f4392c29d4dad06bad32b0bfb1) Importer(2089858483,0ecaa5967403d082aa24f35e1b516d23)
Start importing Assets/StarterAssets/ThirdPersonController/Character/Models using Guid(f99c02f4392c29d4dad06bad32b0bfb1) Importer(2089858483,0ecaa5967403d082aa24f35e1b516d23) [PhysX] Initialized MultithreadedTaskDispatcher with 20 workers.
 -> (artifact id: '55e94bac87dc02e1a77f5ec95e5bbae4') in 0.010718 seconds
Number of updated asset objects reloaded before import = 0
Number of asset objects unloaded after import = 1
========================================================================
Received Import Request.
  Time since last request: 0.000144 seconds.
  path: Assets/StarterAssets/ThirdPersonController/Character
  artifactKey: Guid(135db69c43c47ee4e97c7c6b13621056) Importer(2089858483,0ecaa5967403d082aa24f35e1b516d23)
Start importing Assets/StarterAssets/ThirdPersonController/Character using Guid(135db69c43c47ee4e97c7c6b13621056) Importer(2089858483,0ecaa5967403d082aa24f35e1b516d23) [PhysX] Initialized MultithreadedTaskDispatcher with 20 workers.
 -> (artifact id: 'f0f71db3c814c19949062563fda022fe') in 0.012354 seconds
Number of updated asset objects reloaded before import = 0
Number of asset objects unloaded after import = 1
========================================================================
Received Import Request.
  Time since last request: 0.000052 seconds.
  path: Assets/Photon/PhotonRealtime/Demos/DemoLoadBalancing/DemoLoadBalancing-Scene.unity
  artifactKey: Guid(a73b0cac1a73cc346aaeb5f8dd0b53f1) Importer(2089858483,0ecaa5967403d082aa24f35e1b516d23)
Start importing Assets/Photon/PhotonRealtime/Demos/DemoLoadBalancing/DemoLoadBalancing-Scene.unity using Guid(a73b0cac1a73cc346aaeb5f8dd0b53f1) Importer(2089858483,0ecaa5967403d082aa24f35e1b516d23) [PhysX] Initialized MultithreadedTaskDispatcher with 20 workers.
 -> (artifact id: '9b5d0184fe1b56dd5f0a9a411e747b87') in 0.012517 seconds
Number of updated asset objects reloaded before import = 0
Number of asset objects unloaded after import = 1
========================================================================
Received Import Request.
  Time since last request: 0.000061 seconds.
  path: Assets/StarterAssets/ThirdPersonController/Character/Animations/StarterAssetsThirdPerson.controller
  artifactKey: Guid(40db3173a05ae3242b1c182a09b0a183) Importer(2089858483,0ecaa5967403d082aa24f35e1b516d23)
Start importing Assets/StarterAssets/ThirdPersonController/Character/Animations/StarterAssetsThirdPerson.controller using Guid(40db3173a05ae3242b1c182a09b0a183) Importer(2089858483,0ecaa5967403d082aa24f35e1b516d23) [PhysX] Initialized MultithreadedTaskDispatcher with 20 workers.
 -> (artifact id: 'bfb2503c995a387903a1bfb6bf57bd6a') in 0.077637 seconds
Number of updated asset objects reloaded before import = 0
Number of asset objects unloaded after import = 21
========================================================================
Received Import Request.
  Time since last request: 0.000028 seconds.
  path: Assets/StarterAssets/ThirdPersonController/Scenes/Playground/ReflectionProbe-1.exr
  artifactKey: Guid(1b8a4de7469ad774c80dd6678d94e6b9) Importer(2089858483,0ecaa5967403d082aa24f35e1b516d23)
Start importing Assets/StarterAssets/ThirdPersonController/Scenes/Playground/ReflectionProbe-1.exr using Guid(1b8a4de7469ad774c80dd6678d94e6b9) Importer(2089858483,0ecaa5967403d082aa24f35e1b516d23) [PhysX] Initialized MultithreadedTaskDispatcher with 20 workers.
 -> (artifact id: 'e4447c5d1925f4479acfffe753bb9481') in 0.025327 seconds
Number of updated asset objects reloaded before import = 0
Number of asset objects unloaded after import = 1
========================================================================
Received Import Request.
  Time since last request: 0.000058 seconds.
  path: Assets/Photon/PhotonUnityNetworking/Demos/DemoSlotRacer/Kenney Assets/Racing Kit/Models/Materials/wall.mat
  artifactKey: Guid(b5e9e0cb388c83440adfb6c0c023ee8b) Importer(2089858483,0ecaa5967403d082aa24f35e1b516d23)
Start importing Assets/Photon/PhotonUnityNetworking/Demos/DemoSlotRacer/Kenney Assets/Racing Kit/Models/Materials/wall.mat using Guid(b5e9e0cb388c83440adfb6c0c023ee8b) Importer(2089858483,0ecaa5967403d082aa24f35e1b516d23) [PhysX] Initialized MultithreadedTaskDispatcher with 20 workers.
 -> (artifact id: 'd5e53c872794b91f8f50ece5e8ef3230') in 0.015630 seconds
Number of updated asset objects reloaded before import = 0
Number of asset objects unloaded after import = 1
========================================================================
Received Import Request.
  Time since last request: 0.000021 seconds.
  path: Assets/StarterAssets/ThirdPersonController/Character/Textures/Armature_Body_Normal.tif
  artifactKey: Guid(2a3daea46c599324e873f935ab08000a) Importer(2089858483,0ecaa5967403d082aa24f35e1b516d23)
Start importing Assets/StarterAssets/ThirdPersonController/Character/Textures/Armature_Body_Normal.tif using Guid(2a3daea46c599324e873f935ab08000a) Importer(2089858483,0ecaa5967403d082aa24f35e1b516d23) [PhysX] Initialized MultithreadedTaskDispatcher with 20 workers.
 -> (artifact id: '32f54e74d598203ccefcda413c5854cd') in 0.029937 seconds
Number of updated asset objects reloaded before import = 0
Number of asset objects unloaded after import = 1
========================================================================
Received Import Request.
  Time since last request: 0.000031 seconds.
  path: Assets/Photon/PhotonUnityNetworking/Demos/Shared Assets/Animations/Materials/SkinMaterial.mat
  artifactKey: Guid(37d0d4d178b5dbf449ff0814718dc354) Importer(2089858483,0ecaa5967403d082aa24f35e1b516d23)
Start importing Assets/Photon/PhotonUnityNetworking/Demos/Shared Assets/Animations/Materials/SkinMaterial.mat using Guid(37d0d4d178b5dbf449ff0814718dc354) Importer(2089858483,0ecaa5967403d082aa24f35e1b516d23) [PhysX] Initialized MultithreadedTaskDispatcher with 20 workers.
 -> (artifact id: '94f976f4b36879746b6cad16b285b2c8') in 0.015099 seconds
Number of updated asset objects reloaded before import = 0
Number of asset objects unloaded after import = 1
========================================================================
Received Import Request.
  Time since last request: 0.000024 seconds.
  path: Assets/TextMesh Pro/Examples & Extras/Scenes/18 - ScrollRect & Masking & Layout.unity
  artifactKey: Guid(03f9d74cec8e4b94a29d2dfd177c821b) Importer(2089858483,0ecaa5967403d082aa24f35e1b516d23)
Start importing Assets/TextMesh Pro/Examples & Extras/Scenes/18 - ScrollRect & Masking & Layout.unity using Guid(03f9d74cec8e4b94a29d2dfd177c821b) Importer(2089858483,0ecaa5967403d082aa24f35e1b516d23) [PhysX] Initialized MultithreadedTaskDispatcher with 20 workers.
 -> (artifact id: 'eb1764f152cfb4250fa863d7e8c7609d') in 0.013119 seconds
Number of updated asset objects reloaded before import = 0
Number of asset objects unloaded after import = 1
========================================================================
Received Import Request.
  Time since last request: 0.000115 seconds.
  path: Assets/TextMesh Pro/Examples & Extras/Scenes/11 - The Style Tag.unity
  artifactKey: Guid(84ed36ad77dd4956b2ffe3769f759879) Importer(2089858483,0ecaa5967403d082aa24f35e1b516d23)
Start importing Assets/TextMesh Pro/Examples & Extras/Scenes/11 - The Style Tag.unity using Guid(84ed36ad77dd4956b2ffe3769f759879) Importer(2089858483,0ecaa5967403d082aa24f35e1b516d23) [PhysX] Initialized MultithreadedTaskDispatcher with 20 workers.
 -> (artifact id: '8d07bd6bc22b4243954acb56769c7f00') in 0.012213 seconds
Number of updated asset objects reloaded before import = 0
Number of asset objects unloaded after import = 1
========================================================================
Received Import Request.
  Time since last request: 0.000062 seconds.
  path: Assets/StarterAssets/ThirdPersonController/Character/Animations/Locomotion--Run_N.anim.fbx
  artifactKey: Guid(16114d403eabb53438de032c6f0d1deb) Importer(2089858483,0ecaa5967403d082aa24f35e1b516d23)
Start importing Assets/StarterAssets/ThirdPersonController/Character/Animations/Locomotion--Run_N.anim.fbx using Guid(16114d403eabb53438de032c6f0d1deb) Importer(2089858483,0ecaa5967403d082aa24f35e1b516d23) [PhysX] Initialized MultithreadedTaskDispatcher with 20 workers.
 -> (artifact id: 'df4bc34db5b0a22f9df1dbe3132113b7') in 0.024162 seconds
Number of updated asset objects reloaded before import = 0
Number of asset objects unloaded after import = 144
========================================================================
Received Import Request.
  Time since last request: 0.000017 seconds.
  path: Assets/TextMesh Pro/Resources/Fonts & Materials/LiberationSans SDF - Fallback.asset
  artifactKey: Guid(2e498d1c8094910479dc3e1b768306a4) Importer(2089858483,0ecaa5967403d082aa24f35e1b516d23)
Start importing Assets/TextMesh Pro/Resources/Fonts & Materials/LiberationSans SDF - Fallback.asset using Guid(2e498d1c8094910479dc3e1b768306a4) Importer(2089858483,0ecaa5967403d082aa24f35e1b516d23) [PhysX] Initialized MultithreadedTaskDispatcher with 20 workers.
 -> (artifact id: 'a51acf3ee9e60ba130b50109af93bda3') in 0.025656 seconds
Number of updated asset objects reloaded before import = 0
Number of asset objects unloaded after import = 5
========================================================================
Received Import Request.
  Time since last request: 0.000017 seconds.
  path: Assets/Photon/PhotonUnityNetworking/Demos/DemoSlotRacer/Kenney Assets/Racing Kit/Models/Materials/red.mat
  artifactKey: Guid(0d79812c7a78bb641b1ee85ce7da18c1) Importer(2089858483,0ecaa5967403d082aa24f35e1b516d23)
Start importing Assets/Photon/PhotonUnityNetworking/Demos/DemoSlotRacer/Kenney Assets/Racing Kit/Models/Materials/red.mat using Guid(0d79812c7a78bb641b1ee85ce7da18c1) Importer(2089858483,0ecaa5967403d082aa24f35e1b516d23) [PhysX] Initialized MultithreadedTaskDispatcher with 20 workers.
 -> (artifact id: '64480dac3788f7ab52977713c7f2262c') in 0.014694 seconds
Number of updated asset objects reloaded before import = 0
Number of asset objects unloaded after import = 1
========================================================================
Received Import Request.
  Time since last request: 0.000021 seconds.
  path: Assets/TextMesh Pro/Examples & Extras/Scenes/17 - Old Computer Terminal.unity
  artifactKey: Guid(3e2e4d7b0bed4cf9ab827e9f32448f69) Importer(2089858483,0ecaa5967403d082aa24f35e1b516d23)
Start importing Assets/TextMesh Pro/Examples & Extras/Scenes/17 - Old Computer Terminal.unity using Guid(3e2e4d7b0bed4cf9ab827e9f32448f69) Importer(2089858483,0ecaa5967403d082aa24f35e1b516d23) [PhysX] Initialized MultithreadedTaskDispatcher with 20 workers.
 -> (artifact id: 'f8532f65ddbc2c94392cea05f2b20bde') in 0.011984 seconds
Number of updated asset objects reloaded before import = 0
Number of asset objects unloaded after import = 1
========================================================================
Received Import Request.
  Time since last request: 0.000043 seconds.
  path: Assets/StarterAssets/InputSystem/StarterAssets.inputactions
  artifactKey: Guid(4419d82f33d36e848b3ed5af4c8da37e) Importer(2089858483,0ecaa5967403d082aa24f35e1b516d23)
Start importing Assets/StarterAssets/InputSystem/StarterAssets.inputactions using Guid(4419d82f33d36e848b3ed5af4c8da37e) Importer(2089858483,0ecaa5967403d082aa24f35e1b516d23) [PhysX] Initialized MultithreadedTaskDispatcher with 20 workers.
 -> (artifact id: 'f7f0e5b89d04738b699bb47edd46727d') in 0.141906 seconds
Number of updated asset objects reloaded before import = 0
Number of asset objects unloaded after import = 7
========================================================================
Received Import Request.
  Time since last request: 0.000022 seconds.
  path: Assets/StarterAssets/ThirdPersonController/Scenes/Playground/LightingData.asset
  artifactKey: Guid(51e8050f26ab504469d218c927558c5e) Importer(2089858483,0ecaa5967403d082aa24f35e1b516d23)
Start importing Assets/StarterAssets/ThirdPersonController/Scenes/Playground/LightingData.asset using Guid(51e8050f26ab504469d218c927558c5e) Importer(2089858483,0ecaa5967403d082aa24f35e1b516d23) [PhysX] Initialized MultithreadedTaskDispatcher with 20 workers.
 -> (artifact id: 'b4c266fa1c4ce79534cd65f3c30d60df') in 0.029053 seconds
Number of updated asset objects reloaded before import = 0
Number of asset objects unloaded after import = 2
========================================================================
Received Import Request.
  Time since last request: 0.000025 seconds.
  path: Assets/TextMesh Pro/Examples & Extras/Scenes/13 - Soft HyphenationSettings.lighting
  artifactKey: Guid(fe3548eee3f04df4e909bbbc680a284c) Importer(2089858483,0ecaa5967403d082aa24f35e1b516d23)
Start importing Assets/TextMesh Pro/Examples & Extras/Scenes/13 - Soft HyphenationSettings.lighting using Guid(fe3548eee3f04df4e909bbbc680a284c) Importer(2089858483,0ecaa5967403d082aa24f35e1b516d23) [PhysX] Initialized MultithreadedTaskDispatcher with 20 workers.
LightingSettings: switching bake backend from 1 to 0.
 -> (artifact id: 'f13bcb82d58cd9674a6ae6d017ce8a23') in 0.028223 seconds
Number of updated asset objects reloaded before import = 0
Number of asset objects unloaded after import = 1
========================================================================
Received Import Request.
  Time since last request: 0.000018 seconds.
  path: Assets/Photon/PhotonUnityNetworking/Demos/DemoSlotRacer/Kenney Assets/Racing Kit/Models/Materials/tankco.mat
  artifactKey: Guid(cceec12884c418c4bb19cef32dc2abc1) Importer(2089858483,0ecaa5967403d082aa24f35e1b516d23)
Start importing Assets/Photon/PhotonUnityNetworking/Demos/DemoSlotRacer/Kenney Assets/Racing Kit/Models/Materials/tankco.mat using Guid(cceec12884c418c4bb19cef32dc2abc1) Importer(2089858483,0ecaa5967403d082aa24f35e1b516d23) [PhysX] Initialized MultithreadedTaskDispatcher with 20 workers.
 -> (artifact id: '3125c81d04ab0c6368cdccb31a25bc78') in 0.014835 seconds
Number of updated asset objects reloaded before import = 0
Number of asset objects unloaded after import = 1
========================================================================
Received Import Request.
  Time since last request: 0.000059 seconds.
  path: Assets/Photon/PhotonUnityNetworking/Demos/DemoSlotRacer/SlotCar-SceneSettings.lighting
  artifactKey: Guid(4547d4204c056ec4cb24a82f2fd6fe1f) Importer(2089858483,0ecaa5967403d082aa24f35e1b516d23)
Start importing Assets/Photon/PhotonUnityNetworking/Demos/DemoSlotRacer/SlotCar-SceneSettings.lighting using Guid(4547d4204c056ec4cb24a82f2fd6fe1f) Importer(2089858483,0ecaa5967403d082aa24f35e1b516d23) [PhysX] Initialized MultithreadedTaskDispatcher with 20 workers.
LightingSettings: switching bake backend from 1 to 0.
 -> (artifact id: '05e9fe065af8417d84255e4dfe0c89da') in 0.027581 seconds
Number of updated asset objects reloaded before import = 0
Number of asset objects unloaded after import = 1
========================================================================
Received Import Request.
  Time since last request: 0.000020 seconds.
  path: Assets/StarterAssets/InputSystem
  artifactKey: Guid(48c9acd554a28814b922162e3fa889b0) Importer(2089858483,0ecaa5967403d082aa24f35e1b516d23)
Start importing Assets/StarterAssets/InputSystem using Guid(48c9acd554a28814b922162e3fa889b0) Importer(2089858483,0ecaa5967403d082aa24f35e1b516d23) [PhysX] Initialized MultithreadedTaskDispatcher with 20 workers.
 -> (artifact id: '48d6a6e0362c4b911019b8ad831e9b08') in 0.012530 seconds
Number of updated asset objects reloaded before import = 0
Number of asset objects unloaded after import = 1
========================================================================
Received Import Request.
  Time since last request: 0.000019 seconds.
  path: Assets/StarterAssets/Environment/Prefabs/Stairs_650_400_300_Prefab.prefab
  artifactKey: Guid(50a0925b0c22af146a2d15615f815a1c) Importer(2089858483,0ecaa5967403d082aa24f35e1b516d23)
Start importing Assets/StarterAssets/Environment/Prefabs/Stairs_650_400_300_Prefab.prefab using Guid(50a0925b0c22af146a2d15615f815a1c) Importer(2089858483,0ecaa5967403d082aa24f35e1b516d23) [PhysX] Initialized MultithreadedTaskDispatcher with 20 workers.
 -> (artifact id: '86363671236857e97e2c8f721b629f83') in 0.028615 seconds
Number of updated asset objects reloaded before import = 0
Number of asset objects unloaded after import = 9
========================================================================
Received Import Request.
  Time since last request: 0.000018 seconds.
  path: Assets/StarterAssets/Environment/Prefabs/Stairs_200x100x200_Prefab.prefab
  artifactKey: Guid(466621a4836aa504c87c15d88722d465) Importer(2089858483,0ecaa5967403d082aa24f35e1b516d23)
Start importing Assets/StarterAssets/Environment/Prefabs/Stairs_200x100x200_Prefab.prefab using Guid(466621a4836aa504c87c15d88722d465) Importer(2089858483,0ecaa5967403d082aa24f35e1b516d23) [PhysX] Initialized MultithreadedTaskDispatcher with 20 workers.
 -> (artifact id: 'f6c44ab33c73ae5a9985865a0ad962c8') in 0.025484 seconds
Number of updated asset objects reloaded before import = 0
Number of asset objects unloaded after import = 9
========================================================================
Received Import Request.
  Time since last request: 0.000019 seconds.
  path: Assets/StarterAssets/TutorialInfo
  artifactKey: Guid(d9b1ba53f81715d4a8405a40b0a1e2c1) Importer(2089858483,0ecaa5967403d082aa24f35e1b516d23)
Start importing Assets/StarterAssets/TutorialInfo using Guid(d9b1ba53f81715d4a8405a40b0a1e2c1) Importer(2089858483,0ecaa5967403d082aa24f35e1b516d23) [PhysX] Initialized MultithreadedTaskDispatcher with 20 workers.
 -> (artifact id: '2a17a0b2b3db0def1e367f910c3833c8') in 0.013666 seconds
Number of updated asset objects reloaded before import = 0
Number of asset objects unloaded after import = 1
========================================================================
Received Import Request.
  Time since last request: 0.000080 seconds.
  path: Assets/TextMesh Pro/Examples & Extras/Scenes/09 - Margin Tag Example.unity
  artifactKey: Guid(349f38d3606449708c7340d26740e1e2) Importer(2089858483,0ecaa5967403d082aa24f35e1b516d23)
Start importing Assets/TextMesh Pro/Examples & Extras/Scenes/09 - Margin Tag Example.unity using Guid(349f38d3606449708c7340d26740e1e2) Importer(2089858483,0ecaa5967403d082aa24f35e1b516d23) [PhysX] Initialized MultithreadedTaskDispatcher with 20 workers.
 -> (artifact id: 'd8afb1eb6853208d2a4fe525f37f484d') in 0.013200 seconds
Number of updated asset objects reloaded before import = 0
Number of asset objects unloaded after import = 1
========================================================================
Received Import Request.
  Time since last request: 0.000101 seconds.
  path: Assets/Photon/PhotonUnityNetworking/Demos/DemoProcedural/Materials/Yellow.mat
  artifactKey: Guid(90623549d4482f042ade35d8a0758e35) Importer(2089858483,0ecaa5967403d082aa24f35e1b516d23)
Start importing Assets/Photon/PhotonUnityNetworking/Demos/DemoProcedural/Materials/Yellow.mat using Guid(90623549d4482f042ade35d8a0758e35) Importer(2089858483,0ecaa5967403d082aa24f35e1b516d23) [PhysX] Initialized MultithreadedTaskDispatcher with 20 workers.
 -> (artifact id: 'cf5f6ddb9b6abea8c20fb4338600db94') in 0.014558 seconds
Number of updated asset objects reloaded before import = 0
Number of asset objects unloaded after import = 1
========================================================================
Received Import Request.
  Time since last request: 0.000020 seconds.
  path: Assets/StarterAssets/ThirdPersonController/Character/Textures/Armature_Legs_RGB.tif
  artifactKey: Guid(64d6bedfd9838e14fb51c78c8e947042) Importer(2089858483,0ecaa5967403d082aa24f35e1b516d23)
Start importing Assets/StarterAssets/ThirdPersonController/Character/Textures/Armature_Legs_RGB.tif using Guid(64d6bedfd9838e14fb51c78c8e947042) Importer(2089858483,0ecaa5967403d082aa24f35e1b516d23) [PhysX] Initialized MultithreadedTaskDispatcher with 20 workers.
 -> (artifact id: 'f93411c97ef0db4718337eb552796bdc') in 0.030966 seconds
Number of updated asset objects reloaded before import = 0
Number of asset objects unloaded after import = 1
========================================================================
Received Import Request.
  Time since last request: 1.481640 seconds.
  path: Assets/TextMesh Pro/Examples & Extras/Scenes/19 - Masking Texture & Soft MaskSettings.lighting
  artifactKey: Guid(8c6d8465a199d354e842445dbdc236b7) Importer(2089858483,0ecaa5967403d082aa24f35e1b516d23)
Start importing Assets/TextMesh Pro/Examples & Extras/Scenes/19 - Masking Texture & Soft MaskSettings.lighting using Guid(8c6d8465a199d354e842445dbdc236b7) Importer(2089858483,0ecaa5967403d082aa24f35e1b516d23) [PhysX] Initialized MultithreadedTaskDispatcher with 20 workers.
LightingSettings: switching bake backend from 1 to 0.
 -> (artifact id: 'efc7d066e052297824aa9e0535103be9') in 0.031638 seconds
Number of updated asset objects reloaded before import = 0
Number of asset objects unloaded after import = 1
========================================================================
Received Import Request.
  Time since last request: 0.000023 seconds.
  path: Assets/TextMesh Pro/Examples & Extras/Scenes/12a - Text Interactions.unity
  artifactKey: Guid(08572ab7713642c8a60789750f0bce5c) Importer(2089858483,0ecaa5967403d082aa24f35e1b516d23)
Start importing Assets/TextMesh Pro/Examples & Extras/Scenes/12a - Text Interactions.unity using Guid(08572ab7713642c8a60789750f0bce5c) Importer(2089858483,0ecaa5967403d082aa24f35e1b516d23) [PhysX] Initialized MultithreadedTaskDispatcher with 20 workers.
 -> (artifact id: '7c410b89f90bcf3afbfac193b38de25c') in 0.015047 seconds
Number of updated asset objects reloaded before import = 0
Number of asset objects unloaded after import = 1
========================================================================
Received Import Request.
  Time since last request: 0.000024 seconds.
  path: Assets/StarterAssets/Mobile/Prefabs/VirtualInputs/UI_Virtual_Button.prefab
  artifactKey: Guid(9e55d9b4642484f41be20c69a9b48063) Importer(2089858483,0ecaa5967403d082aa24f35e1b516d23)
Start importing Assets/StarterAssets/Mobile/Prefabs/VirtualInputs/UI_Virtual_Button.prefab using Guid(9e55d9b4642484f41be20c69a9b48063) Importer(2089858483,0ecaa5967403d082aa24f35e1b516d23) [PhysX] Initialized MultithreadedTaskDispatcher with 20 workers.
 -> (artifact id: '0b2d7463e814e0acb1eb72d31ebf1cce') in 0.042327 seconds
Number of updated asset objects reloaded before import = 0
Number of asset objects unloaded after import = 13
========================================================================
Received Import Request.
  Time since last request: 0.000028 seconds.
  path: Assets/StarterAssets/Environment/Prefabs
  artifactKey: Guid(93bb3603ed019014a98e7c62df54135e) Importer(2089858483,0ecaa5967403d082aa24f35e1b516d23)
Start importing Assets/StarterAssets/Environment/Prefabs using Guid(93bb3603ed019014a98e7c62df54135e) Importer(2089858483,0ecaa5967403d082aa24f35e1b516d23) [PhysX] Initialized MultithreadedTaskDispatcher with 20 workers.
 -> (artifact id: '54c87aea3839a9c0a12c5f983472b6c2') in 0.013641 seconds
Number of updated asset objects reloaded before import = 0
Number of asset objects unloaded after import = 1
========================================================================
Received Import Request.
  Time since last request: 0.000021 seconds.
  path: Assets/StarterAssets/ThirdPersonController/Scripts/ThirdPersonController.cs
  artifactKey: Guid(26e54e5a728a9234ab24fcf1460ed8a2) Importer(2089858483,0ecaa5967403d082aa24f35e1b516d23)
Start importing Assets/StarterAssets/ThirdPersonController/Scripts/ThirdPersonController.cs using Guid(26e54e5a728a9234ab24fcf1460ed8a2) Importer(2089858483,0ecaa5967403d082aa24f35e1b516d23) [PhysX] Initialized MultithreadedTaskDispatcher with 20 workers.
 -> (artifact id: '8f247624f799f41458f5c604fbc93185') in 0.016758 seconds
Number of updated asset objects reloaded before import = 0
Number of asset objects unloaded after import = 1
========================================================================
Received Import Request.
  Time since last request: 0.000023 seconds.
  path: Assets/StarterAssets/Environment/Art/Skybox
  artifactKey: Guid(a5810db7e2f75fd4281a8ace4949bec8) Importer(2089858483,0ecaa5967403d082aa24f35e1b516d23)
Start importing Assets/StarterAssets/Environment/Art/Skybox using Guid(a5810db7e2f75fd4281a8ace4949bec8) Importer(2089858483,0ecaa5967403d082aa24f35e1b516d23) [PhysX] Initialized MultithreadedTaskDispatcher with 20 workers.
 -> (artifact id: '82993de3894a5119db2a0f4eb3796b32') in 0.013790 seconds
Number of updated asset objects reloaded before import = 0
Number of asset objects unloaded after import = 1
========================================================================
Received Import Request.
  Time since last request: 0.000020 seconds.
  path: Assets/TextMesh Pro/Examples & Extras/Scenes/20 - Input Field with ScrollbarSettings.lighting
  artifactKey: Guid(019d1a6fa484acb4eb6f12ea916e1952) Importer(2089858483,0ecaa5967403d082aa24f35e1b516d23)
Start importing Assets/TextMesh Pro/Examples & Extras/Scenes/20 - Input Field with ScrollbarSettings.lighting using Guid(019d1a6fa484acb4eb6f12ea916e1952) Importer(2089858483,0ecaa5967403d082aa24f35e1b516d23) [PhysX] Initialized MultithreadedTaskDispatcher with 20 workers.
LightingSettings: switching bake backend from 1 to 0.
 -> (artifact id: '194f22b42cd7109978c84990fd2f5f48') in 0.030770 seconds
Number of updated asset objects reloaded before import = 0
Number of asset objects unloaded after import = 1
========================================================================
Received Import Request.
  Time since last request: 0.000025 seconds.
  path: Assets/Photon/PhotonUnityNetworking/Demos/Shared Assets/Animations/Materials/EyesMaterial.mat
  artifactKey: Guid(ce5a83fcea7762541ba43ca5bd854dae) Importer(2089858483,0ecaa5967403d082aa24f35e1b516d23)
Start importing Assets/Photon/PhotonUnityNetworking/Demos/Shared Assets/Animations/Materials/EyesMaterial.mat using Guid(ce5a83fcea7762541ba43ca5bd854dae) Importer(2089858483,0ecaa5967403d082aa24f35e1b516d23) [PhysX] Initialized MultithreadedTaskDispatcher with 20 workers.
 -> (artifact id: 'be0640d0fe0b998b3ad8c23c1581259a') in 0.017559 seconds
Number of updated asset objects reloaded before import = 0
Number of asset objects unloaded after import = 1
========================================================================
Received Import Request.
  Time since last request: 0.000032 seconds.
  path: Assets/TextMesh Pro/Examples & Extras/Materials/Ground - Surface Shader Scene.mat
  artifactKey: Guid(aadd5a709a48466c887296bb5b1b8110) Importer(2089858483,0ecaa5967403d082aa24f35e1b516d23)
Start importing Assets/TextMesh Pro/Examples & Extras/Materials/Ground - Surface Shader Scene.mat using Guid(aadd5a709a48466c887296bb5b1b8110) Importer(2089858483,0ecaa5967403d082aa24f35e1b516d23) [PhysX] Initialized MultithreadedTaskDispatcher with 20 workers.
 -> (artifact id: 'f74f66648f149e18944dbeefb5427b8d') in 0.015968 seconds
Number of updated asset objects reloaded before import = 0
Number of asset objects unloaded after import = 1
========================================================================
Received Import Request.
  Time since last request: 0.000021 seconds.
  path: Assets/Photon/PhotonUnityNetworking/Demos/PunCockpit/PunCockpit-SceneSettings.lighting
  artifactKey: Guid(1d3e975a4e6806d4e8f3836e2c1071e7) Importer(2089858483,0ecaa5967403d082aa24f35e1b516d23)
Start importing Assets/Photon/PhotonUnityNetworking/Demos/PunCockpit/PunCockpit-SceneSettings.lighting using Guid(1d3e975a4e6806d4e8f3836e2c1071e7) Importer(2089858483,0ecaa5967403d082aa24f35e1b516d23) [PhysX] Initialized MultithreadedTaskDispatcher with 20 workers.
LightingSettings: switching bake backend from 1 to 0.
 -> (artifact id: '708c4e437490101ef9c859700f41c2d4') in 0.028565 seconds
Number of updated asset objects reloaded before import = 0
Number of asset objects unloaded after import = 1
========================================================================
Received Import Request.
  Time since last request: 0.000023 seconds.
  path: Assets/Settings/Ultra_PipelineAsset.asset
  artifactKey: Guid(286fa5da41a68e542a74326969fe28a5) Importer(2089858483,0ecaa5967403d082aa24f35e1b516d23)
Start importing Assets/Settings/Ultra_PipelineAsset.asset using Guid(286fa5da41a68e542a74326969fe28a5) Importer(2089858483,0ecaa5967403d082aa24f35e1b516d23) [PhysX] Initialized MultithreadedTaskDispatcher with 20 workers.
 -> (artifact id: '813c303b1f68e6a5aaa23d416566b3cd') in 0.015983 seconds
Number of updated asset objects reloaded before import = 0
Number of asset objects unloaded after import = 0
========================================================================
Received Import Request.
  Time since last request: 0.000092 seconds.
  path: Assets/HR_ES/Grey.mat
  artifactKey: Guid(fb74f5661760a7742b427e8dc3c6b7ee) Importer(2089858483,0ecaa5967403d082aa24f35e1b516d23)
Start importing Assets/HR_ES/Grey.mat using Guid(fb74f5661760a7742b427e8dc3c6b7ee) Importer(2089858483,0ecaa5967403d082aa24f35e1b516d23) [PhysX] Initialized MultithreadedTaskDispatcher with 20 workers.
 -> (artifact id: '671ccd43ce8c04d25e987df5ee21a352') in 0.021439 seconds
Number of updated asset objects reloaded before import = 0
Number of asset objects unloaded after import = 1
========================================================================
Received Import Request.
  Time since last request: 0.000020 seconds.
  path: Assets/Photon/PhotonUnityNetworking/Demos/DemoProcedural/Procedural-Scene.unity
  artifactKey: Guid(e1fad393017993c4893877b645062417) Importer(2089858483,0ecaa5967403d082aa24f35e1b516d23)
Start importing Assets/Photon/PhotonUnityNetworking/Demos/DemoProcedural/Procedural-Scene.unity using Guid(e1fad393017993c4893877b645062417) Importer(2089858483,0ecaa5967403d082aa24f35e1b516d23) [PhysX] Initialized MultithreadedTaskDispatcher with 20 workers.
 -> (artifact id: '97095cd0bab9a0446df423aafcbd1a22') in 0.014052 seconds
Number of updated asset objects reloaded before import = 0
Number of asset objects unloaded after import = 1
========================================================================
Received Import Request.
  Time since last request: 0.000034 seconds.
  path: Assets/StarterAssets/ThirdPersonController/Character/Sfx
  artifactKey: Guid(f99957d857b6314489a45d0556423fd4) Importer(2089858483,0ecaa5967403d082aa24f35e1b516d23)
Start importing Assets/StarterAssets/ThirdPersonController/Character/Sfx using Guid(f99957d857b6314489a45d0556423fd4) Importer(2089858483,0ecaa5967403d082aa24f35e1b516d23) [PhysX] Initialized MultithreadedTaskDispatcher with 20 workers.
 -> (artifact id: '749babb446b54ae12359f21daefe6181') in 0.012466 seconds
Number of updated asset objects reloaded before import = 0
Number of asset objects unloaded after import = 1
========================================================================
Received Import Request.
  Time since last request: 0.000022 seconds.
  path: Assets/StarterAssets/Mobile/Scripts/VirtualInputs
  artifactKey: Guid(bcc364c89270bab40a69cac58f5ae926) Importer(2089858483,0ecaa5967403d082aa24f35e1b516d23)
Start importing Assets/StarterAssets/Mobile/Scripts/VirtualInputs using Guid(bcc364c89270bab40a69cac58f5ae926) Importer(2089858483,0ecaa5967403d082aa24f35e1b516d23) [PhysX] Initialized MultithreadedTaskDispatcher with 20 workers.
 -> (artifact id: '6b0be11a6aefac9ab298e25628ba4054') in 0.012157 seconds
Number of updated asset objects reloaded before import = 0
Number of asset objects unloaded after import = 1
========================================================================
Received Import Request.
  Time since last request: 0.000041 seconds.
  path: Assets/TextMesh Pro/Examples & Extras/Prefabs/TextMeshPro - Prefab 2.prefab
  artifactKey: Guid(fdad9d952ae84cafb74c63f2e694d042) Importer(2089858483,0ecaa5967403d082aa24f35e1b516d23)
Start importing Assets/TextMesh Pro/Examples & Extras/Prefabs/TextMeshPro - Prefab 2.prefab using Guid(fdad9d952ae84cafb74c63f2e694d042) Importer(2089858483,0ecaa5967403d082aa24f35e1b516d23) [PhysX] Initialized MultithreadedTaskDispatcher with 20 workers.
 -> (artifact id: '2d6eb88fb93492ae67e52d1140032bd7') in 0.045339 seconds
Number of updated asset objects reloaded before import = 0
Number of asset objects unloaded after import = 16
========================================================================
Received Import Request.
  Time since last request: 0.000017 seconds.
  path: Assets/StarterAssets/ThirdPersonController/Character/Sfx/Player_Footstep_01.wav
  artifactKey: Guid(72f526a6a9890f643a88e85a61c86c8a) Importer(2089858483,0ecaa5967403d082aa24f35e1b516d23)
Start importing Assets/StarterAssets/ThirdPersonController/Character/Sfx/Player_Footstep_01.wav using Guid(72f526a6a9890f643a88e85a61c86c8a) Importer(2089858483,0ecaa5967403d082aa24f35e1b516d23) [PhysX] Initialized MultithreadedTaskDispatcher with 20 workers.
 -> (artifact id: '4080b4fd191ae00d7363f9af40150545') in 0.026026 seconds
Number of updated asset objects reloaded before import = 0
Number of asset objects unloaded after import = 1
========================================================================
Received Import Request.
  Time since last request: 0.000022 seconds.
  path: Assets/StarterAssets/ThirdPersonController/Character/Materials/M_Armature_Body.mat
  artifactKey: Guid(43714b68324cc2c409d534d9874f2a2b) Importer(2089858483,0ecaa5967403d082aa24f35e1b516d23)
Start importing Assets/StarterAssets/ThirdPersonController/Character/Materials/M_Armature_Body.mat using Guid(43714b68324cc2c409d534d9874f2a2b) Importer(2089858483,0ecaa5967403d082aa24f35e1b516d23) [PhysX] Initialized MultithreadedTaskDispatcher with 20 workers.
 -> (artifact id: 'c92cfc8f206bdae8a6e4b3a65837a34f') in 0.030358 seconds
Number of updated asset objects reloaded before import = 0
Number of asset objects unloaded after import = 4
========================================================================
Received Import Request.
  Time since last request: 0.000027 seconds.
  path: Assets/StarterAssets/Mobile/UI/UI_Circle_Faded.png
  artifactKey: Guid(90ded0611e490aa4ba6961afbfc2280d) Importer(2089858483,0ecaa5967403d082aa24f35e1b516d23)
Start importing Assets/StarterAssets/Mobile/UI/UI_Circle_Faded.png using Guid(90ded0611e490aa4ba6961afbfc2280d) Importer(2089858483,0ecaa5967403d082aa24f35e1b516d23) [PhysX] Initialized MultithreadedTaskDispatcher with 20 workers.
 -> (artifact id: '2a78787a3433545494d14e57f50426ae') in 0.034695 seconds
Number of updated asset objects reloaded before import = 0
Number of asset objects unloaded after import = 3
========================================================================
Received Import Request.
  Time since last request: 0.000019 seconds.
  path: Assets/Photon/PhotonUnityNetworking/Demos/PunBasics-Tutorial/Scenes/PunBasics-Launcher.unity
  artifactKey: Guid(bff77b01b50254edbb6edeeaba5ae8b3) Importer(2089858483,0ecaa5967403d082aa24f35e1b516d23)
Start importing Assets/Photon/PhotonUnityNetworking/Demos/PunBasics-Tutorial/Scenes/PunBasics-Launcher.unity using Guid(bff77b01b50254edbb6edeeaba5ae8b3) Importer(2089858483,0ecaa5967403d082aa24f35e1b516d23) [PhysX] Initialized MultithreadedTaskDispatcher with 20 workers.
 -> (artifact id: '2bcae314d5adbce9fba7690df81e83bd') in 0.012992 seconds
Number of updated asset objects reloaded before import = 0
Number of asset objects unloaded after import = 1
========================================================================
Received Import Request.
  Time since last request: 0.000019 seconds.
  path: Assets/TextMesh Pro/Examples & Extras/Scenes/05 - Style Tags.unity
  artifactKey: Guid(70615243e2be4a81afaab9bf5d273d65) Importer(2089858483,0ecaa5967403d082aa24f35e1b516d23)
Start importing Assets/TextMesh Pro/Examples & Extras/Scenes/05 - Style Tags.unity using Guid(70615243e2be4a81afaab9bf5d273d65) Importer(2089858483,0ecaa5967403d082aa24f35e1b516d23) [PhysX] Initialized MultithreadedTaskDispatcher with 20 workers.
 -> (artifact id: '52eeb58e720b2cb582a52ea780b0dd71') in 0.013608 seconds
Number of updated asset objects reloaded before import = 0
Number of asset objects unloaded after import = 1
========================================================================
Received Import Request.
  Time since last request: 0.000017 seconds.
  path: Assets/StarterAssets/ThirdPersonController/Character/Animations/Locomotion--Walk_N.anim.fbx
  artifactKey: Guid(8269a9f8cf495034c817722ac21f309f) Importer(2089858483,0ecaa5967403d082aa24f35e1b516d23)
Start importing Assets/StarterAssets/ThirdPersonController/Character/Animations/Locomotion--Walk_N.anim.fbx using Guid(8269a9f8cf495034c817722ac21f309f) Importer(2089858483,0ecaa5967403d082aa24f35e1b516d23) [PhysX] Initialized MultithreadedTaskDispatcher with 20 workers.
 -> (artifact id: '3d52c9d2da6d8eba145587b3b0daf302') in 0.021985 seconds
Number of updated asset objects reloaded before import = 0
Number of asset objects unloaded after import = 144
========================================================================
Received Prepare
Caller must complete domain reload
Begin MonoManager ReloadAssembly
- Loaded All Assemblies, in  0.958 seconds
Native extension for WindowsStandalone target not found
Mono: successfully reloaded assembly
- Finished resetting the current domain, in  1.760 seconds
Domain Reload Profiling: 2692ms
	BeginReloadAssembly (331ms)
		ExecutionOrderSort (0ms)
		DisableScriptedObjects (5ms)
		BackupInstance (0ms)
		ReleaseScriptingObjects (0ms)
		CreateAndSetChildDomain (40ms)
	RebuildCommonClasses (29ms)
	RebuildNativeTypeToScriptingClass (8ms)
	initialDomainReloadingComplete (69ms)
	LoadAllAssembliesAndSetupDomain (493ms)
		LoadAssemblies (697ms)
		RebuildTransferFunctionScriptingTraits (0ms)
		AnalyzeDomain (16ms)
			TypeCache.Refresh (6ms)
				TypeCache.ScanAssembly (0ms)
			ScanForSourceGeneratedMonoScriptInfo (0ms)
			ResolveRequiredComponents (8ms)
	FinalizeReload (1761ms)
		ReleaseScriptCaches (0ms)
		RebuildScriptCaches (0ms)
		SetupLoadedEditorAssemblies (698ms)
			LogAssemblyErrors (0ms)
			InitializePlatformSupportModulesInManaged (22ms)
			SetLoadedEditorAssemblies (4ms)
			RefreshPlugins (0ms)
			BeforeProcessingInitializeOnLoad (121ms)
			ProcessInitializeOnLoadAttributes (496ms)
			ProcessInitializeOnLoadMethodAttributes (23ms)
			AfterProcessingInitializeOnLoad (32ms)
			EditorAssembliesLoaded (0ms)
		ExecutionOrderSort2 (0ms)
		AwakeInstancesAfterBackupRestoration (16ms)
Refreshing native plugins compatible for Editor in 19.88 ms, found 3 plugins.
Preloading 0 native plugins for Editor in 0.00 ms.
Unloading 4036 Unused Serialized files (Serialized files now loaded: 0)
Unloading 24 unused Assets / (31.0 KB). Loaded Objects now: 4570.
Memory consumption went from 177.7 MB to 177.7 MB.
Total: 4.144800 ms (FindLiveObjects: 0.285200 ms CreateObjectMapping: 0.199800 ms MarkObjects: 3.596800 ms  DeleteObjects: 0.061900 ms)

Prepare: number of updated asset objects reloaded= 0
AssetImportParameters requested are different than current active one (requested -> active):
  custom:container-demuxer-ogg: 62fdf1f143b41e24485cea50d1cbac27 -> 
  custom:video-decoder-ogg-theora: a1e56fd34408186e4bbccfd4996cb3dc -> 
  custom:framework-win-MediaFoundation: 216162199b28c13a410421893ffa2e32 -> 
  custom:CustomObjectIndexerAttribute: 9a22284fe3817be447336de3de66b15e -> 
  custom:container-demuxer-webm: 4f35f7cbe854078d1ac9338744f61a02 -> 
  custom:container-muxer-webm: aa71ff27fc2769a1b78a27578f13a17b -> 
  custom:video-decoder-webm-vp8: 9c59270c3fd7afecdb556c50c9e8de78 -> 
  custom:SearchIndexIgnoredProperties: e643bd26f0fe6173181afceb89e7c659 -> 
  custom:AudioImporter_EditorPlatform: d09bf68614088b80899f8185d706f6e7 -> 
  custom:video-encoder-webm-vp8: eb34c28f22e8b96e1ab97ce403110664 -> 
  custom:audio-decoder-ogg-vorbis: bf7c407c2cedff20999df2af8eb42d56 -> 
  custom:audio-encoder-webm-vorbis: bf7c407c2cedff20999df2af8eb42d56 -> 
Editor requested this worker to shutdown with reason: Scaling down because of idle timeout
TcpMessagingSession - receive error: operation aborted. errorcode: 995, details: 스레드 종료 또는 응용 프로그램 요청 때문에 I/O 작업이 취소되었습니다.
AssetImportWorker is now disconnected from the server
Process exiting
Exiting without the bug reporter. Application will terminate with return code 0