Using pre-set license
Built from '2022.3/staging' branch; Version is '2022.3.60f1 (5f63fdee6d95) revision 6251517'; Using compiler version '192829333'; Build Type 'Release'
OS: 'Windows 11  (10.0.26100) 64bit Professional' Language: 'ko' Physical Memory: 32610 MB
BatchMode: 1, IsHumanControllingUs: 0, StartBugReporterOnCrash: 0, Is64bit: 1, IsPro: 1

COMMAND LINE ARGUMENTS:
C:\Program Files\Unity\Hub\Editor\2022.3.60f1\Editor\Unity.exe
-adb2
-batchMode
-noUpm
-name
AssetImportWorker10
-projectPath
C:/Users/hlj10/DevNull_1_OhMyChristmas
-logFile
Logs/AssetImportWorker10.log
-srvPort
51750
Successfully changed project path to: C:/Users/hlj10/DevNull_1_OhMyChristmas
C:/Users/hlj10/DevNull_1_OhMyChristmas
[UnityMemory] Configuration Parameters - Can be set up in boot.config
    "memorysetup-bucket-allocator-granularity=16"
    "memorysetup-bucket-allocator-bucket-count=8"
    "memorysetup-bucket-allocator-block-size=33554432"
    "memorysetup-bucket-allocator-block-count=8"
    "memorysetup-main-allocator-block-size=16777216"
    "memorysetup-thread-allocator-block-size=16777216"
    "memorysetup-gfx-main-allocator-block-size=16777216"
    "memorysetup-gfx-thread-allocator-block-size=16777216"
    "memorysetup-cache-allocator-block-size=4194304"
    "memorysetup-typetree-allocator-block-size=2097152"
    "memorysetup-profiler-bucket-allocator-granularity=16"
    "memorysetup-profiler-bucket-allocator-bucket-count=8"
    "memorysetup-profiler-bucket-allocator-block-size=33554432"
    "memorysetup-profiler-bucket-allocator-block-count=8"
    "memorysetup-profiler-allocator-block-size=16777216"
    "memorysetup-profiler-editor-allocator-block-size=1048576"
    "memorysetup-temp-allocator-size-main=16777216"
    "memorysetup-job-temp-allocator-block-size=2097152"
    "memorysetup-job-temp-allocator-block-size-background=1048576"
    "memorysetup-job-temp-allocator-reduction-small-platforms=262144"
    "memorysetup-allocator-temp-initial-block-size-main=262144"
    "memorysetup-allocator-temp-initial-block-size-worker=262144"
    "memorysetup-temp-allocator-size-background-worker=32768"
    "memorysetup-temp-allocator-size-job-worker=262144"
    "memorysetup-temp-allocator-size-preload-manager=33554432"
    "memorysetup-temp-allocator-size-nav-mesh-worker=65536"
    "memorysetup-temp-allocator-size-audio-worker=65536"
    "memorysetup-temp-allocator-size-cloud-worker=32768"
    "memorysetup-temp-allocator-size-gi-baking-worker=262144"
    "memorysetup-temp-allocator-size-gfx=262144"
Player connection [32328]  Target information:

Player connection [32328]  * "[IP] 172.30.73.92 [Port] 0 [Flags] 2 [Guid] 3031612550 [EditorId] 3031612550 [Version] 1048832 [Id] WindowsEditor(7,DESKTOP-R06SEU4) [Debug] 1 [PackageName] WindowsEditor [ProjectName] Editor" 

Player connection [32328] Host joined multi-casting on [225.0.0.222:54997]...
Player connection [32328] Host joined alternative multi-casting on [225.0.0.222:34997]...
Input System module state changed to: Initialized.
[PhysX] Initialized MultithreadedTaskDispatcher with 20 workers.
Refreshing native plugins compatible for Editor in 9.60 ms, found 3 plugins.
Preloading 0 native plugins for Editor in 0.00 ms.
Initialize engine version: 2022.3.60f1 (5f63fdee6d95)
[Subsystems] Discovering subsystems at path C:/Program Files/Unity/Hub/Editor/2022.3.60f1/Editor/Data/Resources/UnitySubsystems
[Subsystems] Discovering subsystems at path C:/Users/hlj10/DevNull_1_OhMyChristmas/Assets
GfxDevice: creating device client; threaded=0; jobified=0
Direct3D:
    Version:  Direct3D 11.0 [level 11.1]
    Renderer: NVIDIA GeForce RTX 4060 Ti (ID=0x2803)
    Vendor:   NVIDIA
    VRAM:     16109 MB
    Driver:   32.0.15.8088
Initialize mono
Mono path[0] = 'C:/Program Files/Unity/Hub/Editor/2022.3.60f1/Editor/Data/Managed'
Mono path[1] = 'C:/Program Files/Unity/Hub/Editor/2022.3.60f1/Editor/Data/MonoBleedingEdge/lib/mono/unityjit-win32'
Mono config path = 'C:/Program Files/Unity/Hub/Editor/2022.3.60f1/Editor/Data/MonoBleedingEdge/etc'
Using monoOptions --debugger-agent=transport=dt_socket,embedding=1,server=y,suspend=n,address=127.0.0.1:56192
Begin MonoManager ReloadAssembly
Registering precompiled unity dll's ...
Register platform support module: C:/Program Files/Unity/Hub/Editor/2022.3.60f1/Editor/Data/PlaybackEngines/WindowsStandaloneSupport/UnityEditor.WindowsStandalone.Extensions.dll
Register platform support module: C:/Program Files/Unity/Hub/Editor/2022.3.60f1/Editor/Data/PlaybackEngines/MetroSupport/UnityEditor.UWP.Extensions.dll
Registered in 0.005529 seconds.
- Loaded All Assemblies, in  0.214 seconds
Native extension for UWP target not found
Native extension for WindowsStandalone target not found
Mono: successfully reloaded assembly
- Finished resetting the current domain, in  0.155 seconds
Domain Reload Profiling: 368ms
	BeginReloadAssembly (71ms)
		ExecutionOrderSort (0ms)
		DisableScriptedObjects (0ms)
		BackupInstance (0ms)
		ReleaseScriptingObjects (0ms)
		CreateAndSetChildDomain (0ms)
	RebuildCommonClasses (19ms)
	RebuildNativeTypeToScriptingClass (6ms)
	initialDomainReloadingComplete (34ms)
	LoadAllAssembliesAndSetupDomain (82ms)
		LoadAssemblies (70ms)
		RebuildTransferFunctionScriptingTraits (0ms)
		AnalyzeDomain (81ms)
			TypeCache.Refresh (80ms)
				TypeCache.ScanAssembly (72ms)
			ScanForSourceGeneratedMonoScriptInfo (0ms)
			ResolveRequiredComponents (0ms)
	FinalizeReload (156ms)
		ReleaseScriptCaches (0ms)
		RebuildScriptCaches (0ms)
		SetupLoadedEditorAssemblies (130ms)
			LogAssemblyErrors (0ms)
			InitializePlatformSupportModulesInManaged (6ms)
			SetLoadedEditorAssemblies (3ms)
			RefreshPlugins (0ms)
			BeforeProcessingInitializeOnLoad (1ms)
			ProcessInitializeOnLoadAttributes (87ms)
			ProcessInitializeOnLoadMethodAttributes (32ms)
			AfterProcessingInitializeOnLoad (0ms)
			EditorAssembliesLoaded (0ms)
		ExecutionOrderSort2 (0ms)
		AwakeInstancesAfterBackupRestoration (0ms)
========================================================================
Worker process is ready to serve import requests
Caller must complete domain reload
Begin MonoManager ReloadAssembly
- Loaded All Assemblies, in  0.452 seconds
Native extension for UWP target not found
Native extension for WindowsStandalone target not found
Mono: successfully reloaded assembly
- Finished resetting the current domain, in  0.402 seconds
Domain Reload Profiling: 853ms
	BeginReloadAssembly (91ms)
		ExecutionOrderSort (0ms)
		DisableScriptedObjects (3ms)
		BackupInstance (0ms)
		ReleaseScriptingObjects (0ms)
		CreateAndSetChildDomain (12ms)
	RebuildCommonClasses (22ms)
	RebuildNativeTypeToScriptingClass (6ms)
	initialDomainReloadingComplete (26ms)
	LoadAllAssembliesAndSetupDomain (305ms)
		LoadAssemblies (234ms)
		RebuildTransferFunctionScriptingTraits (0ms)
		AnalyzeDomain (128ms)
			TypeCache.Refresh (110ms)
				TypeCache.ScanAssembly (100ms)
			ScanForSourceGeneratedMonoScriptInfo (12ms)
			ResolveRequiredComponents (5ms)
	FinalizeReload (402ms)
		ReleaseScriptCaches (0ms)
		RebuildScriptCaches (0ms)
		SetupLoadedEditorAssemblies (316ms)
			LogAssemblyErrors (0ms)
			InitializePlatformSupportModulesInManaged (4ms)
			SetLoadedEditorAssemblies (3ms)
			RefreshPlugins (0ms)
			BeforeProcessingInitializeOnLoad (39ms)
			ProcessInitializeOnLoadAttributes (252ms)
			ProcessInitializeOnLoadMethodAttributes (13ms)
			AfterProcessingInitializeOnLoad (4ms)
			EditorAssembliesLoaded (0ms)
		ExecutionOrderSort2 (0ms)
		AwakeInstancesAfterBackupRestoration (9ms)
Launched and connected shader compiler UnityShaderCompiler.exe after 0.04 seconds
Refreshing native plugins compatible for Editor in 4.09 ms, found 3 plugins.
Preloading 0 native plugins for Editor in 0.00 ms.
Unloading 4048 Unused Serialized files (Serialized files now loaded: 0)
Unloading 30 unused Assets / (58.4 KB). Loaded Objects now: 4539.
Memory consumption went from 160.5 MB to 160.4 MB.
Total: 2.006100 ms (FindLiveObjects: 0.162800 ms CreateObjectMapping: 0.048300 ms MarkObjects: 1.716000 ms  DeleteObjects: 0.078100 ms)

AssetImportParameters requested are different than current active one (requested -> active):
  custom:container-demuxer-ogg: 62fdf1f143b41e24485cea50d1cbac27 -> 
  custom:video-codec-MediaFoundation-h265: 746d11721c4dcdbdad8f713fa42b33f4 -> 
  custom:video-decoder-ogg-theora: a1e56fd34408186e4bbccfd4996cb3dc -> 
  custom:framework-win-MediaFoundation: 216162199b28c13a410421893ffa2e32 -> 
  custom:CustomObjectIndexerAttribute: 9a22284fe3817be447336de3de66b15e -> 
  custom:container-demuxer-webm: 4f35f7cbe854078d1ac9338744f61a02 -> 
  custom:container-muxer-webm: aa71ff27fc2769a1b78a27578f13a17b -> 
  custom:video-decoder-webm-vp8: 9c59270c3fd7afecdb556c50c9e8de78 -> 
  custom:SearchIndexIgnoredProperties: e643bd26f0fe6173181afceb89e7c659 -> 
  custom:AudioImporter_EditorPlatform: d09bf68614088b80899f8185d706f6e7 -> 
  custom:video-encoder-webm-vp8: eb34c28f22e8b96e1ab97ce403110664 -> 
  custom:audio-decoder-ogg-vorbis: bf7c407c2cedff20999df2af8eb42d56 -> 
  custom:audio-encoder-webm-vorbis: bf7c407c2cedff20999df2af8eb42d56 -> 
========================================================================
Received Import Request.
  Time since last request: 12838.511037 seconds.
  path: Assets/huisu/Ui/ui 대기 및 선택/순록 산타 대기 사나.png
  artifactKey: Guid(f0050e0dc872f2647ad11bb327b64c6e) Importer(815301076,1909f56bfc062723c751e8b465ee728b)
Start importing Assets/huisu/Ui/ui 대기 및 선택/순록 산타 대기 사나.png using Guid(f0050e0dc872f2647ad11bb327b64c6e) Importer(815301076,1909f56bfc062723c751e8b465ee728b) [PhysX] Initialized MultithreadedTaskDispatcher with 20 workers.
[PhysX] Initialized MultithreadedTaskDispatcher with 20 workers.
 -> (artifact id: 'e9f968479dcda8f9519563d32622901e') in 0.073044 seconds
Number of updated asset objects reloaded before import = 0
Number of asset objects unloaded after import = 3
========================================================================
Received Import Request.
  Time since last request: 0.000019 seconds.
  path: Assets/huisu/Ui/ui 대기 및 선택/인게임 UI, 아이템 창.png
  artifactKey: Guid(9eba6f0987926d44b80c734ada0c946d) Importer(815301076,1909f56bfc062723c751e8b465ee728b)
Start importing Assets/huisu/Ui/ui 대기 및 선택/인게임 UI, 아이템 창.png using Guid(9eba6f0987926d44b80c734ada0c946d) Importer(815301076,1909f56bfc062723c751e8b465ee728b) [PhysX] Initialized MultithreadedTaskDispatcher with 20 workers.
[PhysX] Initialized MultithreadedTaskDispatcher with 20 workers.
 -> (artifact id: '7d09115d1b05877e2d918fd00e1e34c9') in 0.026599 seconds
Number of updated asset objects reloaded before import = 0
Number of asset objects unloaded after import = 3
========================================================================
Received Import Request.
  Time since last request: 0.000022 seconds.
  path: Assets/huisu/Ui/ui 대기 및 선택/순록산타대기 배경.png
  artifactKey: Guid(d2a1c081bfb40f84a822f4efd22d6e44) Importer(815301076,1909f56bfc062723c751e8b465ee728b)
Start importing Assets/huisu/Ui/ui 대기 및 선택/순록산타대기 배경.png using Guid(d2a1c081bfb40f84a822f4efd22d6e44) Importer(815301076,1909f56bfc062723c751e8b465ee728b) [PhysX] Initialized MultithreadedTaskDispatcher with 20 workers.
[PhysX] Initialized MultithreadedTaskDispatcher with 20 workers.
 -> (artifact id: '5de9331557647cf2ec025b3c1c2288ba') in 0.051461 seconds
Number of updated asset objects reloaded before import = 0
Number of asset objects unloaded after import = 3
========================================================================
Received Import Request.
  Time since last request: 376.272114 seconds.
  path: Assets/huisu/New Folder/Barrel_Wood_B_Closed_Fantasy (7).prefab
  artifactKey: Guid(ac51d03929d872d4bb884eec5e06a274) Importer(815301076,1909f56bfc062723c751e8b465ee728b)
Start importing Assets/huisu/New Folder/Barrel_Wood_B_Closed_Fantasy (7).prefab using Guid(ac51d03929d872d4bb884eec5e06a274) Importer(815301076,1909f56bfc062723c751e8b465ee728b) [PhysX] Initialized MultithreadedTaskDispatcher with 20 workers.
[PhysX] Initialized MultithreadedTaskDispatcher with 20 workers.
 -> (artifact id: '93dc23c090ed4418e4a5c49a1d179a6f') in 0.055552 seconds
Number of updated asset objects reloaded before import = 0
Number of asset objects unloaded after import = 12
========================================================================
Received Import Request.
  Time since last request: 0.000046 seconds.
  path: Assets/huisu/New Folder/Barrel_Wood_B_Closed_Fantasy (10).prefab
  artifactKey: Guid(9439702d2cb124b4188781e1821e8467) Importer(815301076,1909f56bfc062723c751e8b465ee728b)
Start importing Assets/huisu/New Folder/Barrel_Wood_B_Closed_Fantasy (10).prefab using Guid(9439702d2cb124b4188781e1821e8467) Importer(815301076,1909f56bfc062723c751e8b465ee728b) [PhysX] Initialized MultithreadedTaskDispatcher with 20 workers.
[PhysX] Initialized MultithreadedTaskDispatcher with 20 workers.
 -> (artifact id: '0e2160ff2bed3124ac7b2aae1cca8705') in 0.032110 seconds
Number of updated asset objects reloaded before import = 0
Number of asset objects unloaded after import = 12
========================================================================
Received Import Request.
  Time since last request: 0.000015 seconds.
  path: Assets/huisu/New Folder/Book_Row_B.prefab
  artifactKey: Guid(334521aad10f5d54ebc04bdc69fceb47) Importer(815301076,1909f56bfc062723c751e8b465ee728b)
Start importing Assets/huisu/New Folder/Book_Row_B.prefab using Guid(334521aad10f5d54ebc04bdc69fceb47) Importer(815301076,1909f56bfc062723c751e8b465ee728b) [PhysX] Initialized MultithreadedTaskDispatcher with 20 workers.
[PhysX] Initialized MultithreadedTaskDispatcher with 20 workers.
 -> (artifact id: '5a60cb4f70465ca14f70d3e0ea9bd0bb') in 0.050351 seconds
Number of updated asset objects reloaded before import = 0
Number of asset objects unloaded after import = 12
========================================================================
Received Import Request.
  Time since last request: 0.000025 seconds.
  path: Assets/huisu/New Folder/Book_Stack_B.prefab
  artifactKey: Guid(c046d8c71575425429950557d10ead15) Importer(815301076,1909f56bfc062723c751e8b465ee728b)
Start importing Assets/huisu/New Folder/Book_Stack_B.prefab using Guid(c046d8c71575425429950557d10ead15) Importer(815301076,1909f56bfc062723c751e8b465ee728b) [PhysX] Initialized MultithreadedTaskDispatcher with 20 workers.
[PhysX] Initialized MultithreadedTaskDispatcher with 20 workers.
 -> (artifact id: 'ef446b909263f534a74b05a50b06d9e2') in 0.039168 seconds
Number of updated asset objects reloaded before import = 0
Number of asset objects unloaded after import = 12
========================================================================
Received Import Request.
  Time since last request: 0.000015 seconds.
  path: Assets/huisu/New Folder/Box_Group_Medium_Fantasy.prefab
  artifactKey: Guid(90a608eb90a70d34f8d358aff94f87cf) Importer(815301076,1909f56bfc062723c751e8b465ee728b)
Start importing Assets/huisu/New Folder/Box_Group_Medium_Fantasy.prefab using Guid(90a608eb90a70d34f8d358aff94f87cf) Importer(815301076,1909f56bfc062723c751e8b465ee728b) [PhysX] Initialized MultithreadedTaskDispatcher with 20 workers.
[PhysX] Initialized MultithreadedTaskDispatcher with 20 workers.
 -> (artifact id: '9cd14e4d31d1f742a713bc389d630d3a') in 0.055346 seconds
Number of updated asset objects reloaded before import = 0
Number of asset objects unloaded after import = 12
========================================================================
Received Import Request.
  Time since last request: 0.000013 seconds.
  path: Assets/huisu/New Folder/Burner_Oil.prefab
  artifactKey: Guid(a02ec6ae34fa20949abf6cd13713e3c7) Importer(815301076,1909f56bfc062723c751e8b465ee728b)
Start importing Assets/huisu/New Folder/Burner_Oil.prefab using Guid(a02ec6ae34fa20949abf6cd13713e3c7) Importer(815301076,1909f56bfc062723c751e8b465ee728b) [PhysX] Initialized MultithreadedTaskDispatcher with 20 workers.
[PhysX] Initialized MultithreadedTaskDispatcher with 20 workers.
 -> (artifact id: '6a44dbe9711612b5641d33e0184b7e18') in 0.042072 seconds
Number of updated asset objects reloaded before import = 0
Number of asset objects unloaded after import = 11
========================================================================
Received Import Request.
  Time since last request: 0.000014 seconds.
  path: Assets/huisu/New Folder/Barrel_Wood_B_Closed_Fantasy (8).prefab
  artifactKey: Guid(cca674cbc6453ea46bf094f148362cbb) Importer(815301076,1909f56bfc062723c751e8b465ee728b)
Start importing Assets/huisu/New Folder/Barrel_Wood_B_Closed_Fantasy (8).prefab using Guid(cca674cbc6453ea46bf094f148362cbb) Importer(815301076,1909f56bfc062723c751e8b465ee728b) [PhysX] Initialized MultithreadedTaskDispatcher with 20 workers.
[PhysX] Initialized MultithreadedTaskDispatcher with 20 workers.
 -> (artifact id: '930adaadbe87c06ca5dbcaec0a45be78') in 0.028901 seconds
Number of updated asset objects reloaded before import = 0
Number of asset objects unloaded after import = 12
========================================================================
Received Import Request.
  Time since last request: 0.000013 seconds.
  path: Assets/huisu/New Folder/Can_Mystery_Closed (1).prefab
  artifactKey: Guid(2669631414927984ea65852f137e9e6f) Importer(815301076,1909f56bfc062723c751e8b465ee728b)
Start importing Assets/huisu/New Folder/Can_Mystery_Closed (1).prefab using Guid(2669631414927984ea65852f137e9e6f) Importer(815301076,1909f56bfc062723c751e8b465ee728b) [PhysX] Initialized MultithreadedTaskDispatcher with 20 workers.
[PhysX] Initialized MultithreadedTaskDispatcher with 20 workers.
 -> (artifact id: 'f951c54d8a57677b459a5bacfef3b664') in 0.032201 seconds
Number of updated asset objects reloaded before import = 0
Number of asset objects unloaded after import = 12
========================================================================
Received Import Request.
  Time since last request: 0.000013 seconds.
  path: Assets/huisu/New Folder/Chair_Leather_A_Fantasy.prefab
  artifactKey: Guid(e3896f22f67061549896501ff07d953e) Importer(815301076,1909f56bfc062723c751e8b465ee728b)
Start importing Assets/huisu/New Folder/Chair_Leather_A_Fantasy.prefab using Guid(e3896f22f67061549896501ff07d953e) Importer(815301076,1909f56bfc062723c751e8b465ee728b) [PhysX] Initialized MultithreadedTaskDispatcher with 20 workers.
[PhysX] Initialized MultithreadedTaskDispatcher with 20 workers.
 -> (artifact id: 'dfe2615ecc71d9ec9e8d4eba96a54ded') in 0.030774 seconds
Number of updated asset objects reloaded before import = 0
Number of asset objects unloaded after import = 12
========================================================================
Received Import Request.
  Time since last request: 0.000019 seconds.
  path: Assets/huisu/New Folder/Crate_Big_Fantasy (9).prefab
  artifactKey: Guid(341d11f98f2afe2488513797983975c0) Importer(815301076,1909f56bfc062723c751e8b465ee728b)
Start importing Assets/huisu/New Folder/Crate_Big_Fantasy (9).prefab using Guid(341d11f98f2afe2488513797983975c0) Importer(815301076,1909f56bfc062723c751e8b465ee728b) [PhysX] Initialized MultithreadedTaskDispatcher with 20 workers.
[PhysX] Initialized MultithreadedTaskDispatcher with 20 workers.
 -> (artifact id: 'c40e27348f0171fc5c091d28fe28c917') in 0.026267 seconds
Number of updated asset objects reloaded before import = 0
Number of asset objects unloaded after import = 20
========================================================================
Received Import Request.
  Time since last request: 0.000026 seconds.
  path: Assets/huisu/New Folder/Crate_Big_Fantasy (2).prefab
  artifactKey: Guid(accb6ed58d88fb54fb50c2f54f9273de) Importer(815301076,1909f56bfc062723c751e8b465ee728b)
Start importing Assets/huisu/New Folder/Crate_Big_Fantasy (2).prefab using Guid(accb6ed58d88fb54fb50c2f54f9273de) Importer(815301076,1909f56bfc062723c751e8b465ee728b) [PhysX] Initialized MultithreadedTaskDispatcher with 20 workers.
[PhysX] Initialized MultithreadedTaskDispatcher with 20 workers.
 -> (artifact id: '074f4e26afd530726d77b7b20385f57d') in 0.025428 seconds
Number of updated asset objects reloaded before import = 0
Number of asset objects unloaded after import = 20
========================================================================
Received Import Request.
  Time since last request: 0.000015 seconds.
  path: Assets/huisu/New Folder/Bucket_Fish_Bones.prefab
  artifactKey: Guid(18b77db959ed23349ae95e696e9ec6a8) Importer(815301076,1909f56bfc062723c751e8b465ee728b)
Start importing Assets/huisu/New Folder/Bucket_Fish_Bones.prefab using Guid(18b77db959ed23349ae95e696e9ec6a8) Importer(815301076,1909f56bfc062723c751e8b465ee728b) [PhysX] Initialized MultithreadedTaskDispatcher with 20 workers.
[PhysX] Initialized MultithreadedTaskDispatcher with 20 workers.
 -> (artifact id: 'cacae2b373aa64355f4772bd3273541a') in 0.028304 seconds
Number of updated asset objects reloaded before import = 0
Number of asset objects unloaded after import = 12
========================================================================
Received Import Request.
  Time since last request: 0.000018 seconds.
  path: Assets/huisu/New Folder/Crate_Plastic_Big (4).prefab
  artifactKey: Guid(ba841a3e28768b34189598fcdf006bc1) Importer(815301076,1909f56bfc062723c751e8b465ee728b)
Start importing Assets/huisu/New Folder/Crate_Plastic_Big (4).prefab using Guid(ba841a3e28768b34189598fcdf006bc1) Importer(815301076,1909f56bfc062723c751e8b465ee728b) [PhysX] Initialized MultithreadedTaskDispatcher with 20 workers.
[PhysX] Initialized MultithreadedTaskDispatcher with 20 workers.
 -> (artifact id: 'dafacb82b3095d66f8ad93c6bff1a0fe') in 0.035000 seconds
Number of updated asset objects reloaded before import = 0
Number of asset objects unloaded after import = 12
========================================================================
Received Import Request.
  Time since last request: 0.000029 seconds.
  path: Assets/huisu/New Folder/Crate_Plastic_Small_Paper_Leek.prefab
  artifactKey: Guid(d29529d2ef52f7743a1ad9a19829233c) Importer(815301076,1909f56bfc062723c751e8b465ee728b)
Start importing Assets/huisu/New Folder/Crate_Plastic_Small_Paper_Leek.prefab using Guid(d29529d2ef52f7743a1ad9a19829233c) Importer(815301076,1909f56bfc062723c751e8b465ee728b) [PhysX] Initialized MultithreadedTaskDispatcher with 20 workers.
[PhysX] Initialized MultithreadedTaskDispatcher with 20 workers.
 -> (artifact id: '22413a66efafbdbbf76c0696b7f68966') in 0.024593 seconds
Number of updated asset objects reloaded before import = 0
Number of asset objects unloaded after import = 12
========================================================================
Received Import Request.
  Time since last request: 0.000013 seconds.
  path: Assets/huisu/New Folder/Crate_Plastic_Small_Paper_Leek (1).prefab
  artifactKey: Guid(9cd843974eac74f40b16f7991b600d1d) Importer(815301076,1909f56bfc062723c751e8b465ee728b)
Start importing Assets/huisu/New Folder/Crate_Plastic_Small_Paper_Leek (1).prefab using Guid(9cd843974eac74f40b16f7991b600d1d) Importer(815301076,1909f56bfc062723c751e8b465ee728b) [PhysX] Initialized MultithreadedTaskDispatcher with 20 workers.
[PhysX] Initialized MultithreadedTaskDispatcher with 20 workers.
 -> (artifact id: '0a40894bbd878079aa32e4100d5061de') in 0.013853 seconds
Number of updated asset objects reloaded before import = 0
Number of asset objects unloaded after import = 12
========================================================================
Received Import Request.
  Time since last request: 0.000014 seconds.
  path: Assets/huisu/New Folder/Crate_Slanted_Salate_Pumpkin_Fantasy (2).prefab
  artifactKey: Guid(f77c9c514ae50de40a52d4aed0de19b9) Importer(815301076,1909f56bfc062723c751e8b465ee728b)
Start importing Assets/huisu/New Folder/Crate_Slanted_Salate_Pumpkin_Fantasy (2).prefab using Guid(f77c9c514ae50de40a52d4aed0de19b9) Importer(815301076,1909f56bfc062723c751e8b465ee728b) [PhysX] Initialized MultithreadedTaskDispatcher with 20 workers.
[PhysX] Initialized MultithreadedTaskDispatcher with 20 workers.
 -> (artifact id: '80967b7089c38b6a2c033678f6245a78') in 0.018334 seconds
Number of updated asset objects reloaded before import = 0
Number of asset objects unloaded after import = 11
========================================================================
Received Import Request.
  Time since last request: 0.000014 seconds.
  path: Assets/huisu/New Folder/Crate_Small_Bevelled_Fantasy (1).prefab
  artifactKey: Guid(00a0cdff0cbb63840b64f72a485c298d) Importer(815301076,1909f56bfc062723c751e8b465ee728b)
Start importing Assets/huisu/New Folder/Crate_Small_Bevelled_Fantasy (1).prefab using Guid(00a0cdff0cbb63840b64f72a485c298d) Importer(815301076,1909f56bfc062723c751e8b465ee728b) [PhysX] Initialized MultithreadedTaskDispatcher with 20 workers.
[PhysX] Initialized MultithreadedTaskDispatcher with 20 workers.
 -> (artifact id: 'b06cd78dc1a1c4952e0f1933aed65eae') in 0.021901 seconds
Number of updated asset objects reloaded before import = 0
Number of asset objects unloaded after import = 12
========================================================================
Received Import Request.
  Time since last request: 0.000016 seconds.
  path: Assets/huisu/New Folder/Crate_Table_Slanted_Fantasy.prefab
  artifactKey: Guid(37d4d2ea697d3a8469287a5dc799c555) Importer(815301076,1909f56bfc062723c751e8b465ee728b)
Start importing Assets/huisu/New Folder/Crate_Table_Slanted_Fantasy.prefab using Guid(37d4d2ea697d3a8469287a5dc799c555) Importer(815301076,1909f56bfc062723c751e8b465ee728b) [PhysX] Initialized MultithreadedTaskDispatcher with 20 workers.
[PhysX] Initialized MultithreadedTaskDispatcher with 20 workers.
 -> (artifact id: '892ed3b15bdbe2f18325aa98d635c684') in 0.019969 seconds
Number of updated asset objects reloaded before import = 0
Number of asset objects unloaded after import = 11
========================================================================
Received Import Request.
  Time since last request: 0.000012 seconds.
  path: Assets/huisu/New Folder/Cage_Small_Fantasy.prefab
  artifactKey: Guid(8381e365c84d0ad44ab73c889ce1d63b) Importer(815301076,1909f56bfc062723c751e8b465ee728b)
Start importing Assets/huisu/New Folder/Cage_Small_Fantasy.prefab using Guid(8381e365c84d0ad44ab73c889ce1d63b) Importer(815301076,1909f56bfc062723c751e8b465ee728b) [PhysX] Initialized MultithreadedTaskDispatcher with 20 workers.
[PhysX] Initialized MultithreadedTaskDispatcher with 20 workers.
 -> (artifact id: 'aea8690b03224c1d5b08febebdfc5d67') in 0.020542 seconds
Number of updated asset objects reloaded before import = 0
Number of asset objects unloaded after import = 26
========================================================================
Received Import Request.
  Time since last request: 0.000017 seconds.
  path: Assets/huisu/New Folder/Crate_Plastic_Small (2).prefab
  artifactKey: Guid(3b9c093b7f6ba9842b652cc4ad2fc5d2) Importer(815301076,1909f56bfc062723c751e8b465ee728b)
Start importing Assets/huisu/New Folder/Crate_Plastic_Small (2).prefab using Guid(3b9c093b7f6ba9842b652cc4ad2fc5d2) Importer(815301076,1909f56bfc062723c751e8b465ee728b) [PhysX] Initialized MultithreadedTaskDispatcher with 20 workers.
[PhysX] Initialized MultithreadedTaskDispatcher with 20 workers.
 -> (artifact id: '40ce353f91d5473b9cacfcab6972fc8b') in 0.019737 seconds
Number of updated asset objects reloaded before import = 0
Number of asset objects unloaded after import = 12
========================================================================
Received Import Request.
  Time since last request: 0.000030 seconds.
  path: Assets/huisu/New Folder/Barrel_Wood_Covered_Fantasy.prefab
  artifactKey: Guid(1c9cd0a1834016144bdeb941d81d20ff) Importer(815301076,1909f56bfc062723c751e8b465ee728b)
Start importing Assets/huisu/New Folder/Barrel_Wood_Covered_Fantasy.prefab using Guid(1c9cd0a1834016144bdeb941d81d20ff) Importer(815301076,1909f56bfc062723c751e8b465ee728b) [PhysX] Initialized MultithreadedTaskDispatcher with 20 workers.
[PhysX] Initialized MultithreadedTaskDispatcher with 20 workers.
 -> (artifact id: '75e027df3440fd485062034ee0931074') in 0.021652 seconds
Number of updated asset objects reloaded before import = 0
Number of asset objects unloaded after import = 12
========================================================================
Received Import Request.
  Time since last request: 0.000021 seconds.
  path: Assets/huisu/New Folder/Book_Row_C.prefab
  artifactKey: Guid(ed6346d4fc9603b41aa9419441780350) Importer(815301076,1909f56bfc062723c751e8b465ee728b)
Start importing Assets/huisu/New Folder/Book_Row_C.prefab using Guid(ed6346d4fc9603b41aa9419441780350) Importer(815301076,1909f56bfc062723c751e8b465ee728b) [PhysX] Initialized MultithreadedTaskDispatcher with 20 workers.
[PhysX] Initialized MultithreadedTaskDispatcher with 20 workers.
 -> (artifact id: 'c5e6b8b5197c213035c563b69ccab032') in 0.013931 seconds
Number of updated asset objects reloaded before import = 0
Number of asset objects unloaded after import = 12
========================================================================
Received Import Request.
  Time since last request: 0.000014 seconds.
  path: Assets/huisu/New Folder/Crate_Big_Fantasy (15).prefab
  artifactKey: Guid(5b0980170875cd0418952cb3a86e257e) Importer(815301076,1909f56bfc062723c751e8b465ee728b)
Start importing Assets/huisu/New Folder/Crate_Big_Fantasy (15).prefab using Guid(5b0980170875cd0418952cb3a86e257e) Importer(815301076,1909f56bfc062723c751e8b465ee728b) [PhysX] Initialized MultithreadedTaskDispatcher with 20 workers.
[PhysX] Initialized MultithreadedTaskDispatcher with 20 workers.
 -> (artifact id: 'd67f002d4b139dd8d652dc5b41c01892') in 0.018467 seconds
Number of updated asset objects reloaded before import = 0
Number of asset objects unloaded after import = 20
========================================================================
Received Import Request.
  Time since last request: 0.000015 seconds.
  path: Assets/huisu/New Folder/Crate_Plastic_Small_Carrots.prefab
  artifactKey: Guid(2825bc80b4250c04da26487eab62900e) Importer(815301076,1909f56bfc062723c751e8b465ee728b)
Start importing Assets/huisu/New Folder/Crate_Plastic_Small_Carrots.prefab using Guid(2825bc80b4250c04da26487eab62900e) Importer(815301076,1909f56bfc062723c751e8b465ee728b) [PhysX] Initialized MultithreadedTaskDispatcher with 20 workers.
[PhysX] Initialized MultithreadedTaskDispatcher with 20 workers.
 -> (artifact id: 'ce41848f8455298814e335b3a45005bf') in 0.023111 seconds
Number of updated asset objects reloaded before import = 0
Number of asset objects unloaded after import = 12
========================================================================
Received Import Request.
  Time since last request: 0.000013 seconds.
  path: Assets/huisu/New Folder/Crate_Slanted_Salate_Pumpkin_Fantasy.prefab
  artifactKey: Guid(34ce46dcbb55ff84db38f261a4b88b26) Importer(815301076,1909f56bfc062723c751e8b465ee728b)
Start importing Assets/huisu/New Folder/Crate_Slanted_Salate_Pumpkin_Fantasy.prefab using Guid(34ce46dcbb55ff84db38f261a4b88b26) Importer(815301076,1909f56bfc062723c751e8b465ee728b) [PhysX] Initialized MultithreadedTaskDispatcher with 20 workers.
[PhysX] Initialized MultithreadedTaskDispatcher with 20 workers.
 -> (artifact id: '173fa86681199bc927702da4a8923f9f') in 0.018179 seconds
Number of updated asset objects reloaded before import = 0
Number of asset objects unloaded after import = 11
========================================================================
Received Import Request.
  Time since last request: 0.000015 seconds.
  path: Assets/huisu/New Folder/Crate_Plastic_Medium_Salad.prefab
  artifactKey: Guid(b461801f72bea39469aaced1822525b0) Importer(815301076,1909f56bfc062723c751e8b465ee728b)
Start importing Assets/huisu/New Folder/Crate_Plastic_Medium_Salad.prefab using Guid(b461801f72bea39469aaced1822525b0) Importer(815301076,1909f56bfc062723c751e8b465ee728b) [PhysX] Initialized MultithreadedTaskDispatcher with 20 workers.
[PhysX] Initialized MultithreadedTaskDispatcher with 20 workers.
 -> (artifact id: '884d82aa7f916ffb0cbf5d3734030b55') in 0.026226 seconds
Number of updated asset objects reloaded before import = 0
Number of asset objects unloaded after import = 12
========================================================================
Received Import Request.
  Time since last request: 0.000016 seconds.
  path: Assets/huisu/New Folder/Crate_Plastic_Small (1).prefab
  artifactKey: Guid(e736a4c8f908564409de0cfdfb253c6c) Importer(815301076,1909f56bfc062723c751e8b465ee728b)
Start importing Assets/huisu/New Folder/Crate_Plastic_Small (1).prefab using Guid(e736a4c8f908564409de0cfdfb253c6c) Importer(815301076,1909f56bfc062723c751e8b465ee728b) [PhysX] Initialized MultithreadedTaskDispatcher with 20 workers.
[PhysX] Initialized MultithreadedTaskDispatcher with 20 workers.
 -> (artifact id: '75f43564533f20f7113617d2006df563') in 0.018107 seconds
Number of updated asset objects reloaded before import = 0
Number of asset objects unloaded after import = 12
========================================================================
Received Import Request.
  Time since last request: 0.000012 seconds.
  path: Assets/huisu/New Folder/Crate_Table_Slanted_Corn_Leek_Fantasy (1).prefab
  artifactKey: Guid(25766048288e8eb40bb7ed64f60115e4) Importer(815301076,1909f56bfc062723c751e8b465ee728b)
Start importing Assets/huisu/New Folder/Crate_Table_Slanted_Corn_Leek_Fantasy (1).prefab using Guid(25766048288e8eb40bb7ed64f60115e4) Importer(815301076,1909f56bfc062723c751e8b465ee728b) [PhysX] Initialized MultithreadedTaskDispatcher with 20 workers.
[PhysX] Initialized MultithreadedTaskDispatcher with 20 workers.
 -> (artifact id: '00acc89582155f9834ba33b2a0dbef5c') in 0.026814 seconds
Number of updated asset objects reloaded before import = 0
Number of asset objects unloaded after import = 11
========================================================================
Received Import Request.
  Time since last request: 0.000018 seconds.
  path: Assets/huisu/New Folder/Barrel_Wood_B_Closed_Fantasy (9).prefab
  artifactKey: Guid(8b83caaf76f833043b451235b88fafbe) Importer(815301076,1909f56bfc062723c751e8b465ee728b)
Start importing Assets/huisu/New Folder/Barrel_Wood_B_Closed_Fantasy (9).prefab using Guid(8b83caaf76f833043b451235b88fafbe) Importer(815301076,1909f56bfc062723c751e8b465ee728b) [PhysX] Initialized MultithreadedTaskDispatcher with 20 workers.
[PhysX] Initialized MultithreadedTaskDispatcher with 20 workers.
 -> (artifact id: '3012e22aade383d5e4bfc60604d9fb27') in 0.017319 seconds
Number of updated asset objects reloaded before import = 0
Number of asset objects unloaded after import = 12
========================================================================
Received Import Request.
  Time since last request: 0.000013 seconds.
  path: Assets/huisu/New Folder/Book_Pile_B.prefab
  artifactKey: Guid(24512e2398be3d44dbddb2e78810c7c3) Importer(815301076,1909f56bfc062723c751e8b465ee728b)
Start importing Assets/huisu/New Folder/Book_Pile_B.prefab using Guid(24512e2398be3d44dbddb2e78810c7c3) Importer(815301076,1909f56bfc062723c751e8b465ee728b) [PhysX] Initialized MultithreadedTaskDispatcher with 20 workers.
[PhysX] Initialized MultithreadedTaskDispatcher with 20 workers.
 -> (artifact id: '10e85fed85d9f2188a23025044a0fb57') in 0.023429 seconds
Number of updated asset objects reloaded before import = 0
Number of asset objects unloaded after import = 12
========================================================================
Received Import Request.
  Time since last request: 0.000016 seconds.
  path: Assets/huisu/New Folder/Box_Blanket_Fantasy (1).prefab
  artifactKey: Guid(0a9ceb4ebb2ed574fb7018d4d401a221) Importer(815301076,1909f56bfc062723c751e8b465ee728b)
Start importing Assets/huisu/New Folder/Box_Blanket_Fantasy (1).prefab using Guid(0a9ceb4ebb2ed574fb7018d4d401a221) Importer(815301076,1909f56bfc062723c751e8b465ee728b) [PhysX] Initialized MultithreadedTaskDispatcher with 20 workers.
[PhysX] Initialized MultithreadedTaskDispatcher with 20 workers.
 -> (artifact id: '93ef0eac08d6ff35ef4f846199c94c8d') in 0.022595 seconds
Number of updated asset objects reloaded before import = 0
Number of asset objects unloaded after import = 12
========================================================================
Received Import Request.
  Time since last request: 0.000021 seconds.
  path: Assets/huisu/New Folder/Candle_Holder_Tall_B_Lit_Christmas.prefab
  artifactKey: Guid(863c32a92036c3f4fa0fabea79196148) Importer(815301076,1909f56bfc062723c751e8b465ee728b)
Start importing Assets/huisu/New Folder/Candle_Holder_Tall_B_Lit_Christmas.prefab using Guid(863c32a92036c3f4fa0fabea79196148) Importer(815301076,1909f56bfc062723c751e8b465ee728b) [PhysX] Initialized MultithreadedTaskDispatcher with 20 workers.
[PhysX] Initialized MultithreadedTaskDispatcher with 20 workers.
 -> (artifact id: '3dad9c49a242e84043b85736e6cb0aca') in 0.145374 seconds
Number of updated asset objects reloaded before import = 0
Number of asset objects unloaded after import = 14
========================================================================
Received Import Request.
  Time since last request: 0.000014 seconds.
  path: Assets/huisu/New Folder/Barrel_Wood_B_Fish_A_Fantasy.prefab
  artifactKey: Guid(2f22159ceea9e7e4d8e512fdc5c9ca2d) Importer(815301076,1909f56bfc062723c751e8b465ee728b)
Start importing Assets/huisu/New Folder/Barrel_Wood_B_Fish_A_Fantasy.prefab using Guid(2f22159ceea9e7e4d8e512fdc5c9ca2d) Importer(815301076,1909f56bfc062723c751e8b465ee728b) [PhysX] Initialized MultithreadedTaskDispatcher with 20 workers.
[PhysX] Initialized MultithreadedTaskDispatcher with 20 workers.
 -> (artifact id: '866f60d09938d4197fec242b70b0e910') in 0.016191 seconds
Number of updated asset objects reloaded before import = 0
Number of asset objects unloaded after import = 12
========================================================================
Received Import Request.
  Time since last request: 0.000012 seconds.
  path: Assets/huisu/New Folder/Box_Fantasy (4).prefab
  artifactKey: Guid(b81e6da748add64488c14c9b743e7e38) Importer(815301076,1909f56bfc062723c751e8b465ee728b)
Start importing Assets/huisu/New Folder/Box_Fantasy (4).prefab using Guid(b81e6da748add64488c14c9b743e7e38) Importer(815301076,1909f56bfc062723c751e8b465ee728b) [PhysX] Initialized MultithreadedTaskDispatcher with 20 workers.
[PhysX] Initialized MultithreadedTaskDispatcher with 20 workers.
 -> (artifact id: '6cd4ca3cd5599c1246c6eb65d7f2e2f3') in 0.015837 seconds
Number of updated asset objects reloaded before import = 0
Number of asset objects unloaded after import = 12
========================================================================
Received Import Request.
  Time since last request: 0.000013 seconds.
  path: Assets/huisu/New Folder/Candle_Holder_Tall_B_Lit_Christmas (2).prefab
  artifactKey: Guid(4255d2d784d63c44187b9b8e278da7a0) Importer(815301076,1909f56bfc062723c751e8b465ee728b)
Start importing Assets/huisu/New Folder/Candle_Holder_Tall_B_Lit_Christmas (2).prefab using Guid(4255d2d784d63c44187b9b8e278da7a0) Importer(815301076,1909f56bfc062723c751e8b465ee728b) [PhysX] Initialized MultithreadedTaskDispatcher with 20 workers.
[PhysX] Initialized MultithreadedTaskDispatcher with 20 workers.
 -> (artifact id: 'ce8427e8e56954053b40a1be676787aa') in 0.017396 seconds
Number of updated asset objects reloaded before import = 0
Number of asset objects unloaded after import = 14
========================================================================
Received Import Request.
  Time since last request: 0.000012 seconds.
  path: Assets/huisu/New Folder/Crate_Big_Fantasy (10).prefab
  artifactKey: Guid(ce1f86a92488f4943bcbb6c16f105cc1) Importer(815301076,1909f56bfc062723c751e8b465ee728b)
Start importing Assets/huisu/New Folder/Crate_Big_Fantasy (10).prefab using Guid(ce1f86a92488f4943bcbb6c16f105cc1) Importer(815301076,1909f56bfc062723c751e8b465ee728b) [PhysX] Initialized MultithreadedTaskDispatcher with 20 workers.
[PhysX] Initialized MultithreadedTaskDispatcher with 20 workers.
 -> (artifact id: '1c161b41e8c13f41d13815b4c32987fd') in 0.018119 seconds
Number of updated asset objects reloaded before import = 0
Number of asset objects unloaded after import = 20
========================================================================
Received Import Request.
  Time since last request: 0.000019 seconds.
  path: Assets/huisu/New Folder/Crate_Plastic_Big (2).prefab
  artifactKey: Guid(bdabfcb56f1635647a6d65df96900aea) Importer(815301076,1909f56bfc062723c751e8b465ee728b)
Start importing Assets/huisu/New Folder/Crate_Plastic_Big (2).prefab using Guid(bdabfcb56f1635647a6d65df96900aea) Importer(815301076,1909f56bfc062723c751e8b465ee728b) [PhysX] Initialized MultithreadedTaskDispatcher with 20 workers.
[PhysX] Initialized MultithreadedTaskDispatcher with 20 workers.
 -> (artifact id: '0330276e7b95b6824e71a064a9771817') in 0.016894 seconds
Number of updated asset objects reloaded before import = 0
Number of asset objects unloaded after import = 12
========================================================================
Received Import Request.
  Time since last request: 0.000019 seconds.
  path: Assets/huisu/New Folder/Crate_Wood_Big_Pumpkin_A.prefab
  artifactKey: Guid(2d91228a42c214e498eabc679177aed8) Importer(815301076,1909f56bfc062723c751e8b465ee728b)
Start importing Assets/huisu/New Folder/Crate_Wood_Big_Pumpkin_A.prefab using Guid(2d91228a42c214e498eabc679177aed8) Importer(815301076,1909f56bfc062723c751e8b465ee728b) [PhysX] Initialized MultithreadedTaskDispatcher with 20 workers.
[PhysX] Initialized MultithreadedTaskDispatcher with 20 workers.
 -> (artifact id: '1ce5a945ac4765a9b49fc96b41b17f37') in 0.021243 seconds
Number of updated asset objects reloaded before import = 0
Number of asset objects unloaded after import = 12
========================================================================
Received Import Request.
  Time since last request: 0.000012 seconds.
  path: Assets/huisu/New Folder/Box_Group_Blanket_Big_Fantasy.prefab
  artifactKey: Guid(48c999709170e7c45b4a8b28a2efa7b4) Importer(815301076,1909f56bfc062723c751e8b465ee728b)
Start importing Assets/huisu/New Folder/Box_Group_Blanket_Big_Fantasy.prefab using Guid(48c999709170e7c45b4a8b28a2efa7b4) Importer(815301076,1909f56bfc062723c751e8b465ee728b) [PhysX] Initialized MultithreadedTaskDispatcher with 20 workers.
[PhysX] Initialized MultithreadedTaskDispatcher with 20 workers.
 -> (artifact id: '2fb8d2bfa9620b1292457186ea17b3a5') in 0.025912 seconds
Number of updated asset objects reloaded before import = 0
Number of asset objects unloaded after import = 12
========================================================================
Received Import Request.
  Time since last request: 0.000012 seconds.
  path: Assets/huisu/New Folder/Candle_Holder_Tall_B_Lit_Christmas (1).prefab
  artifactKey: Guid(8ba0ec0b502555c46b54c861d7d8ece4) Importer(815301076,1909f56bfc062723c751e8b465ee728b)
Start importing Assets/huisu/New Folder/Candle_Holder_Tall_B_Lit_Christmas (1).prefab using Guid(8ba0ec0b502555c46b54c861d7d8ece4) Importer(815301076,1909f56bfc062723c751e8b465ee728b) [PhysX] Initialized MultithreadedTaskDispatcher with 20 workers.
[PhysX] Initialized MultithreadedTaskDispatcher with 20 workers.
 -> (artifact id: 'e4142d7a7b12a636aec2042cf91b0eaf') in 0.016745 seconds
Number of updated asset objects reloaded before import = 0
Number of asset objects unloaded after import = 14
========================================================================
Received Import Request.
  Time since last request: 0.000013 seconds.
  path: Assets/huisu/New Folder/Crate_Big_Fantasy (3).prefab
  artifactKey: Guid(9e84dadb7bea7b94899a07b71976b718) Importer(815301076,1909f56bfc062723c751e8b465ee728b)
Start importing Assets/huisu/New Folder/Crate_Big_Fantasy (3).prefab using Guid(9e84dadb7bea7b94899a07b71976b718) Importer(815301076,1909f56bfc062723c751e8b465ee728b) [PhysX] Initialized MultithreadedTaskDispatcher with 20 workers.
[PhysX] Initialized MultithreadedTaskDispatcher with 20 workers.
 -> (artifact id: 'c09252a9217dc6337b2195458d46db44') in 0.018951 seconds
Number of updated asset objects reloaded before import = 0
Number of asset objects unloaded after import = 20
========================================================================
Received Import Request.
  Time since last request: 0.000013 seconds.
  path: Assets/huisu/New Folder/Box_Fantasy (3).prefab
  artifactKey: Guid(c7524087abe41e74eba5800014e22f83) Importer(815301076,1909f56bfc062723c751e8b465ee728b)
Start importing Assets/huisu/New Folder/Box_Fantasy (3).prefab using Guid(c7524087abe41e74eba5800014e22f83) Importer(815301076,1909f56bfc062723c751e8b465ee728b) [PhysX] Initialized MultithreadedTaskDispatcher with 20 workers.
[PhysX] Initialized MultithreadedTaskDispatcher with 20 workers.
 -> (artifact id: '5975bc903682de638a89899253852174') in 0.015912 seconds
Number of updated asset objects reloaded before import = 0
Number of asset objects unloaded after import = 12
========================================================================
Received Import Request.
  Time since last request: 0.000013 seconds.
  path: Assets/huisu/New Folder/Crate_Wood_Medium_Apples_Yellow.prefab
  artifactKey: Guid(e361ebd24e9e4aa4fbb4c510e8d6a780) Importer(815301076,1909f56bfc062723c751e8b465ee728b)
Start importing Assets/huisu/New Folder/Crate_Wood_Medium_Apples_Yellow.prefab using Guid(e361ebd24e9e4aa4fbb4c510e8d6a780) Importer(815301076,1909f56bfc062723c751e8b465ee728b) [PhysX] Initialized MultithreadedTaskDispatcher with 20 workers.
[PhysX] Initialized MultithreadedTaskDispatcher with 20 workers.
 -> (artifact id: 'cf121abc43db7b6c70740b9c03d9fe92') in 0.021297 seconds
Number of updated asset objects reloaded before import = 0
Number of asset objects unloaded after import = 12
========================================================================
Received Import Request.
  Time since last request: 0.000015 seconds.
  path: Assets/huisu/New Folder/Fish_A_Fantasy.prefab
  artifactKey: Guid(d65546a8e07fe694cbdecf5a16d24e42) Importer(815301076,1909f56bfc062723c751e8b465ee728b)
Start importing Assets/huisu/New Folder/Fish_A_Fantasy.prefab using Guid(d65546a8e07fe694cbdecf5a16d24e42) Importer(815301076,1909f56bfc062723c751e8b465ee728b) [PhysX] Initialized MultithreadedTaskDispatcher with 20 workers.
[PhysX] Initialized MultithreadedTaskDispatcher with 20 workers.
 -> (artifact id: '13e8f52dd3cfc8fbb9fe537d47eab1e7') in 0.021573 seconds
Number of updated asset objects reloaded before import = 0
Number of asset objects unloaded after import = 12
========================================================================
Received Import Request.
  Time since last request: 0.000012 seconds.
  path: Assets/huisu/New Folder/Fish_A_Fantasy (3).prefab
  artifactKey: Guid(d991bd94611dc284784132ff000c1bbc) Importer(815301076,1909f56bfc062723c751e8b465ee728b)
Start importing Assets/huisu/New Folder/Fish_A_Fantasy (3).prefab using Guid(d991bd94611dc284784132ff000c1bbc) Importer(815301076,1909f56bfc062723c751e8b465ee728b) [PhysX] Initialized MultithreadedTaskDispatcher with 20 workers.
[PhysX] Initialized MultithreadedTaskDispatcher with 20 workers.
 -> (artifact id: '613153e0ce45ca4fda3787d62944e992') in 0.018024 seconds
Number of updated asset objects reloaded before import = 0
Number of asset objects unloaded after import = 12
========================================================================
Received Import Request.
  Time since last request: 0.000015 seconds.
  path: Assets/huisu/New Folder/Fish_Trout_Hanging_C (2).prefab
  artifactKey: Guid(407307c2e0a963d4c99f0976384041e9) Importer(815301076,1909f56bfc062723c751e8b465ee728b)
Start importing Assets/huisu/New Folder/Fish_Trout_Hanging_C (2).prefab using Guid(407307c2e0a963d4c99f0976384041e9) Importer(815301076,1909f56bfc062723c751e8b465ee728b) [PhysX] Initialized MultithreadedTaskDispatcher with 20 workers.
[PhysX] Initialized MultithreadedTaskDispatcher with 20 workers.
 -> (artifact id: '0046f2f32aab77a1595643d17523db5c') in 0.022260 seconds
Number of updated asset objects reloaded before import = 0
Number of asset objects unloaded after import = 12
========================================================================
Received Import Request.
  Time since last request: 0.000014 seconds.
  path: Assets/huisu/New Folder/Fish_Trout_Hanging_C (3).prefab
  artifactKey: Guid(3cc67f018cf8e5947928fd7fbd1d8bca) Importer(815301076,1909f56bfc062723c751e8b465ee728b)
Start importing Assets/huisu/New Folder/Fish_Trout_Hanging_C (3).prefab using Guid(3cc67f018cf8e5947928fd7fbd1d8bca) Importer(815301076,1909f56bfc062723c751e8b465ee728b) [PhysX] Initialized MultithreadedTaskDispatcher with 20 workers.
[PhysX] Initialized MultithreadedTaskDispatcher with 20 workers.
 -> (artifact id: 'dc438aa86a65bc300841e83e3cd5ca8c') in 0.015377 seconds
Number of updated asset objects reloaded before import = 0
Number of asset objects unloaded after import = 12
========================================================================
Received Import Request.
  Time since last request: 0.000013 seconds.
  path: Assets/huisu/New Folder/Fish_Carp (1).prefab
  artifactKey: Guid(1b03e9c4d168a4e478a5f55b1eefaec7) Importer(815301076,1909f56bfc062723c751e8b465ee728b)
Start importing Assets/huisu/New Folder/Fish_Carp (1).prefab using Guid(1b03e9c4d168a4e478a5f55b1eefaec7) Importer(815301076,1909f56bfc062723c751e8b465ee728b) [PhysX] Initialized MultithreadedTaskDispatcher with 20 workers.
[PhysX] Initialized MultithreadedTaskDispatcher with 20 workers.
 -> (artifact id: '4564d654e847409e15419f09f56358ad') in 0.019232 seconds
Number of updated asset objects reloaded before import = 0
Number of asset objects unloaded after import = 12
========================================================================
Received Import Request.
  Time since last request: 0.000014 seconds.
  path: Assets/huisu/New Folder/Forge_Mobile_Wooden.prefab
  artifactKey: Guid(bb31080d0da673545b9a3d5679317632) Importer(815301076,1909f56bfc062723c751e8b465ee728b)
Start importing Assets/huisu/New Folder/Forge_Mobile_Wooden.prefab using Guid(bb31080d0da673545b9a3d5679317632) Importer(815301076,1909f56bfc062723c751e8b465ee728b) [PhysX] Initialized MultithreadedTaskDispatcher with 20 workers.
[PhysX] Initialized MultithreadedTaskDispatcher with 20 workers.
 -> (artifact id: '28ebaa5c91e971f1714009e7ac66a379') in 0.020900 seconds
Number of updated asset objects reloaded before import = 0
Number of asset objects unloaded after import = 12
========================================================================
Received Import Request.
  Time since last request: 0.000018 seconds.
  path: Assets/huisu/New Folder/Garland_Flags_3m_Fantasy.prefab
  artifactKey: Guid(b8d1c260871de7b4d8d065f0dda5ac9b) Importer(815301076,1909f56bfc062723c751e8b465ee728b)
Start importing Assets/huisu/New Folder/Garland_Flags_3m_Fantasy.prefab using Guid(b8d1c260871de7b4d8d065f0dda5ac9b) Importer(815301076,1909f56bfc062723c751e8b465ee728b) [PhysX] Initialized MultithreadedTaskDispatcher with 20 workers.
[PhysX] Initialized MultithreadedTaskDispatcher with 20 workers.
 -> (artifact id: 'af7b6644d4f40a28a87382a309449b22') in 0.021624 seconds
Number of updated asset objects reloaded before import = 0
Number of asset objects unloaded after import = 12
========================================================================
Received Import Request.
  Time since last request: 0.000014 seconds.
  path: Assets/huisu/New Folder/Light_String_Color_Big_5m_Christmas (2).prefab
  artifactKey: Guid(8a3f2a15c057a2f479a1d6fc828fd7c9) Importer(815301076,1909f56bfc062723c751e8b465ee728b)
Start importing Assets/huisu/New Folder/Light_String_Color_Big_5m_Christmas (2).prefab using Guid(8a3f2a15c057a2f479a1d6fc828fd7c9) Importer(815301076,1909f56bfc062723c751e8b465ee728b) [PhysX] Initialized MultithreadedTaskDispatcher with 20 workers.
[PhysX] Initialized MultithreadedTaskDispatcher with 20 workers.
 -> (artifact id: '1dbe23cf882d5b2ff76f67dc73b33524') in 0.022223 seconds
Number of updated asset objects reloaded before import = 0
Number of asset objects unloaded after import = 13
========================================================================
Received Import Request.
  Time since last request: 0.000013 seconds.
  path: Assets/huisu/New Folder/Light_String_Color_Big_Vertical_2m_Christmas (1).prefab
  artifactKey: Guid(ae78ca3e05193bc47be0be83e09d8c8c) Importer(815301076,1909f56bfc062723c751e8b465ee728b)
Start importing Assets/huisu/New Folder/Light_String_Color_Big_Vertical_2m_Christmas (1).prefab using Guid(ae78ca3e05193bc47be0be83e09d8c8c) Importer(815301076,1909f56bfc062723c751e8b465ee728b) [PhysX] Initialized MultithreadedTaskDispatcher with 20 workers.
[PhysX] Initialized MultithreadedTaskDispatcher with 20 workers.
 -> (artifact id: '7a0aa934a003ca9ddbcaa06390f0480a') in 0.022981 seconds
Number of updated asset objects reloaded before import = 0
Number of asset objects unloaded after import = 13
========================================================================
Received Import Request.
  Time since last request: 0.000013 seconds.
  path: Assets/huisu/New Folder/Light_String_White_2m_Christmas (5).prefab
  artifactKey: Guid(577f9de2fd1bef8439cb1879342d8df7) Importer(815301076,1909f56bfc062723c751e8b465ee728b)
Start importing Assets/huisu/New Folder/Light_String_White_2m_Christmas (5).prefab using Guid(577f9de2fd1bef8439cb1879342d8df7) Importer(815301076,1909f56bfc062723c751e8b465ee728b) [PhysX] Initialized MultithreadedTaskDispatcher with 20 workers.
[PhysX] Initialized MultithreadedTaskDispatcher with 20 workers.
 -> (artifact id: '356c786bfc8cba29dbb117da1aabcbe2') in 0.023441 seconds
Number of updated asset objects reloaded before import = 0
Number of asset objects unloaded after import = 48
========================================================================
Received Import Request.
  Time since last request: 0.000016 seconds.
  path: Assets/huisu/New Folder/Light_String_White_2m_Christmas (8).prefab
  artifactKey: Guid(ad639eb45aa16ef42b4363ff4f63964a) Importer(815301076,1909f56bfc062723c751e8b465ee728b)
Start importing Assets/huisu/New Folder/Light_String_White_2m_Christmas (8).prefab using Guid(ad639eb45aa16ef42b4363ff4f63964a) Importer(815301076,1909f56bfc062723c751e8b465ee728b) [PhysX] Initialized MultithreadedTaskDispatcher with 20 workers.
[PhysX] Initialized MultithreadedTaskDispatcher with 20 workers.
 -> (artifact id: 'c44f54a423a8f785cff6a1232dc1b0a9') in 0.017871 seconds
Number of updated asset objects reloaded before import = 0
Number of asset objects unloaded after import = 43
========================================================================
Received Import Request.
  Time since last request: 0.000017 seconds.
  path: Assets/huisu/New Folder/Light_String_White_2m_Christmas (14).prefab
  artifactKey: Guid(b358e3d42d09d57488b427a9dd433ba3) Importer(815301076,1909f56bfc062723c751e8b465ee728b)
Start importing Assets/huisu/New Folder/Light_String_White_2m_Christmas (14).prefab using Guid(b358e3d42d09d57488b427a9dd433ba3) Importer(815301076,1909f56bfc062723c751e8b465ee728b) [PhysX] Initialized MultithreadedTaskDispatcher with 20 workers.
[PhysX] Initialized MultithreadedTaskDispatcher with 20 workers.
 -> (artifact id: '2b75c24f66ef5e4854797cdf41c6401b') in 0.017622 seconds
Number of updated asset objects reloaded before import = 0
Number of asset objects unloaded after import = 68
========================================================================
Received Import Request.
  Time since last request: 0.000014 seconds.
  path: Assets/huisu/New Folder/Light_String_White_2m_Christmas (19).prefab
  artifactKey: Guid(f6faa5362d32a0c47b3f680ef8424989) Importer(815301076,1909f56bfc062723c751e8b465ee728b)
Start importing Assets/huisu/New Folder/Light_String_White_2m_Christmas (19).prefab using Guid(f6faa5362d32a0c47b3f680ef8424989) Importer(815301076,1909f56bfc062723c751e8b465ee728b) [PhysX] Initialized MultithreadedTaskDispatcher with 20 workers.
[PhysX] Initialized MultithreadedTaskDispatcher with 20 workers.
 -> (artifact id: 'a84f8eeef09e2cd96eac021edbf98df2') in 0.019338 seconds
Number of updated asset objects reloaded before import = 0
Number of asset objects unloaded after import = 68
========================================================================
Received Import Request.
  Time since last request: 0.000014 seconds.
  path: Assets/huisu/New Folder/Light_String_White_2m_Christmas (9).prefab
  artifactKey: Guid(3b049e8f0fc20b049aea81d11867a46d) Importer(815301076,1909f56bfc062723c751e8b465ee728b)
Start importing Assets/huisu/New Folder/Light_String_White_2m_Christmas (9).prefab using Guid(3b049e8f0fc20b049aea81d11867a46d) Importer(815301076,1909f56bfc062723c751e8b465ee728b) [PhysX] Initialized MultithreadedTaskDispatcher with 20 workers.
[PhysX] Initialized MultithreadedTaskDispatcher with 20 workers.
 -> (artifact id: 'b92a27c5794ae40fad6bd9fd599a13a7') in 0.019142 seconds
Number of updated asset objects reloaded before import = 0
Number of asset objects unloaded after import = 48
========================================================================
Received Import Request.
  Time since last request: 0.000012 seconds.
  path: Assets/huisu/New Folder/Light_String_White_2m_Christmas (15).prefab
  artifactKey: Guid(790457123a6ab394eb881e852e32fb4a) Importer(815301076,1909f56bfc062723c751e8b465ee728b)
Start importing Assets/huisu/New Folder/Light_String_White_2m_Christmas (15).prefab using Guid(790457123a6ab394eb881e852e32fb4a) Importer(815301076,1909f56bfc062723c751e8b465ee728b) [PhysX] Initialized MultithreadedTaskDispatcher with 20 workers.
[PhysX] Initialized MultithreadedTaskDispatcher with 20 workers.
 -> (artifact id: '0811a1c70aacec38495ab6beb1b37a2d') in 0.018772 seconds
Number of updated asset objects reloaded before import = 0
Number of asset objects unloaded after import = 68
========================================================================
Received Import Request.
  Time since last request: 0.000012 seconds.
  path: Assets/huisu/New Folder/Light_String_White_2m_Christmas (6).prefab
  artifactKey: Guid(3fd054055d354d94a95aecdd44728ec8) Importer(815301076,1909f56bfc062723c751e8b465ee728b)
Start importing Assets/huisu/New Folder/Light_String_White_2m_Christmas (6).prefab using Guid(3fd054055d354d94a95aecdd44728ec8) Importer(815301076,1909f56bfc062723c751e8b465ee728b) [PhysX] Initialized MultithreadedTaskDispatcher with 20 workers.
[PhysX] Initialized MultithreadedTaskDispatcher with 20 workers.
 -> (artifact id: 'c29450d7489f70eea6bc1759ed28b87d') in 0.018952 seconds
Number of updated asset objects reloaded before import = 0
Number of asset objects unloaded after import = 43
========================================================================
Received Import Request.
  Time since last request: 0.000014 seconds.
  path: Assets/huisu/New Folder/House_Farm_British.prefab
  artifactKey: Guid(2bf7077973983484d9e9716ece3eafa2) Importer(815301076,1909f56bfc062723c751e8b465ee728b)
Start importing Assets/huisu/New Folder/House_Farm_British.prefab using Guid(2bf7077973983484d9e9716ece3eafa2) Importer(815301076,1909f56bfc062723c751e8b465ee728b) [PhysX] Initialized MultithreadedTaskDispatcher with 20 workers.
[PhysX] Initialized MultithreadedTaskDispatcher with 20 workers.
 -> (artifact id: '12c4f95b2e35aa467ed2d30d2ed5ad4b') in 0.432519 seconds
Number of updated asset objects reloaded before import = 0
Number of asset objects unloaded after import = 188
========================================================================
Received Import Request.
  Time since last request: 0.000026 seconds.
  path: Assets/huisu/New Folder/Flag_Banner_Short_C_Fantasy (4).prefab
  artifactKey: Guid(129d2b70671f53b44b9f57858dc0f0d3) Importer(815301076,1909f56bfc062723c751e8b465ee728b)
Start importing Assets/huisu/New Folder/Flag_Banner_Short_C_Fantasy (4).prefab using Guid(129d2b70671f53b44b9f57858dc0f0d3) Importer(815301076,1909f56bfc062723c751e8b465ee728b) [PhysX] Initialized MultithreadedTaskDispatcher with 20 workers.
[PhysX] Initialized MultithreadedTaskDispatcher with 20 workers.
 -> (artifact id: '31b124cc2af773d041d686dcc0a9d6f6') in 0.022176 seconds
Number of updated asset objects reloaded before import = 0
Number of asset objects unloaded after import = 15
========================================================================
Received Import Request.
  Time since last request: 0.000013 seconds.
  path: Assets/huisu/New Folder/Garland_Flags_2m_Fantasy (3).prefab
  artifactKey: Guid(292a140c8a7fe1f4ea157d9a96932343) Importer(815301076,1909f56bfc062723c751e8b465ee728b)
Start importing Assets/huisu/New Folder/Garland_Flags_2m_Fantasy (3).prefab using Guid(292a140c8a7fe1f4ea157d9a96932343) Importer(815301076,1909f56bfc062723c751e8b465ee728b) [PhysX] Initialized MultithreadedTaskDispatcher with 20 workers.
[PhysX] Initialized MultithreadedTaskDispatcher with 20 workers.
 -> (artifact id: 'f8e9e80c9d059fe0295e570837a7f9d8') in 0.019212 seconds
Number of updated asset objects reloaded before import = 0
Number of asset objects unloaded after import = 12
========================================================================
Received Import Request.
  Time since last request: 0.000014 seconds.
  path: Assets/huisu/New Folder/Fish_Trout_Hanging_C (1).prefab
  artifactKey: Guid(b92d9912dcfe8434291aa698f0b0f7f3) Importer(815301076,1909f56bfc062723c751e8b465ee728b)
Start importing Assets/huisu/New Folder/Fish_Trout_Hanging_C (1).prefab using Guid(b92d9912dcfe8434291aa698f0b0f7f3) Importer(815301076,1909f56bfc062723c751e8b465ee728b) [PhysX] Initialized MultithreadedTaskDispatcher with 20 workers.
[PhysX] Initialized MultithreadedTaskDispatcher with 20 workers.
 -> (artifact id: '439aa02dd299ba193440a54fe90a3191') in 0.020144 seconds
Number of updated asset objects reloaded before import = 0
Number of asset objects unloaded after import = 12
========================================================================
Received Import Request.
  Time since last request: 0.000015 seconds.
  path: Assets/huisu/New Folder/Crate_Small_Meat_Beef_Steaks_Fantasy.prefab
  artifactKey: Guid(46f87ef5b6733f147b4de1822fac5467) Importer(815301076,1909f56bfc062723c751e8b465ee728b)
Start importing Assets/huisu/New Folder/Crate_Small_Meat_Beef_Steaks_Fantasy.prefab using Guid(46f87ef5b6733f147b4de1822fac5467) Importer(815301076,1909f56bfc062723c751e8b465ee728b) [PhysX] Initialized MultithreadedTaskDispatcher with 20 workers.
[PhysX] Initialized MultithreadedTaskDispatcher with 20 workers.
 -> (artifact id: '7fa9ed834d8d2753514bc9fb725c04c3') in 0.027144 seconds
Number of updated asset objects reloaded before import = 0
Number of asset objects unloaded after import = 12
========================================================================
Received Import Request.
  Time since last request: 0.000014 seconds.
  path: Assets/huisu/New Folder/Garland_Flags_2m_Fantasy.prefab
  artifactKey: Guid(16b5641ee933a8b42af77e0582c91e8c) Importer(815301076,1909f56bfc062723c751e8b465ee728b)
Start importing Assets/huisu/New Folder/Garland_Flags_2m_Fantasy.prefab using Guid(16b5641ee933a8b42af77e0582c91e8c) Importer(815301076,1909f56bfc062723c751e8b465ee728b) [PhysX] Initialized MultithreadedTaskDispatcher with 20 workers.
[PhysX] Initialized MultithreadedTaskDispatcher with 20 workers.
 -> (artifact id: 'be5bf9d043701ca7b49c2a9d6e0e5e51') in 0.017916 seconds
Number of updated asset objects reloaded before import = 0
Number of asset objects unloaded after import = 12
========================================================================
Received Import Request.
  Time since last request: 0.000013 seconds.
  path: Assets/huisu/New Folder/Can_Mystery_Open.prefab
  artifactKey: Guid(711e648e6e1f0054d9c09f95a08b7f1b) Importer(815301076,1909f56bfc062723c751e8b465ee728b)
Start importing Assets/huisu/New Folder/Can_Mystery_Open.prefab using Guid(711e648e6e1f0054d9c09f95a08b7f1b) Importer(815301076,1909f56bfc062723c751e8b465ee728b) [PhysX] Initialized MultithreadedTaskDispatcher with 20 workers.
[PhysX] Initialized MultithreadedTaskDispatcher with 20 workers.
 -> (artifact id: 'cda74c71fd5de274fb137d5f3d72d841') in 0.027005 seconds
Number of updated asset objects reloaded before import = 0
Number of asset objects unloaded after import = 12
========================================================================
Received Import Request.
  Time since last request: 0.000013 seconds.
  path: Assets/huisu/New Folder/Light_String_White_2m_Christmas (18).prefab
  artifactKey: Guid(14f1d63803ba211439ad02104bf367c4) Importer(815301076,1909f56bfc062723c751e8b465ee728b)
Start importing Assets/huisu/New Folder/Light_String_White_2m_Christmas (18).prefab using Guid(14f1d63803ba211439ad02104bf367c4) Importer(815301076,1909f56bfc062723c751e8b465ee728b) [PhysX] Initialized MultithreadedTaskDispatcher with 20 workers.
[PhysX] Initialized MultithreadedTaskDispatcher with 20 workers.
 -> (artifact id: 'e2a4752b40225aac0fc1913c601c3fc6') in 0.018480 seconds
Number of updated asset objects reloaded before import = 0
Number of asset objects unloaded after import = 68
========================================================================
Received Import Request.
  Time since last request: 0.000010 seconds.
  path: Assets/huisu/New Folder/Crate_Small_Meat_Beef_Steaks_Fantasy (1).prefab
  artifactKey: Guid(a3ecc9b11d4257e44b04aa759a2d8288) Importer(815301076,1909f56bfc062723c751e8b465ee728b)
Start importing Assets/huisu/New Folder/Crate_Small_Meat_Beef_Steaks_Fantasy (1).prefab using Guid(a3ecc9b11d4257e44b04aa759a2d8288) Importer(815301076,1909f56bfc062723c751e8b465ee728b) [PhysX] Initialized MultithreadedTaskDispatcher with 20 workers.
[PhysX] Initialized MultithreadedTaskDispatcher with 20 workers.
 -> (artifact id: 'ec9838757d968cde47f6d656a3f9aee8') in 0.022168 seconds
Number of updated asset objects reloaded before import = 0
Number of asset objects unloaded after import = 12
========================================================================
Received Import Request.
  Time since last request: 0.000014 seconds.
  path: Assets/huisu/New Folder/GameObject.prefab
  artifactKey: Guid(d6e009ab132b87f4e8917dcc607cf18c) Importer(815301076,1909f56bfc062723c751e8b465ee728b)
Start importing Assets/huisu/New Folder/GameObject.prefab using Guid(d6e009ab132b87f4e8917dcc607cf18c) Importer(815301076,1909f56bfc062723c751e8b465ee728b) [PhysX] Initialized MultithreadedTaskDispatcher with 20 workers.
 -> (artifact id: 'cbea9068166fb544e382d1752bad7347') in 0.001280 seconds
Number of updated asset objects reloaded before import = 0
Number of asset objects unloaded after import = 4
========================================================================
Received Import Request.
  Time since last request: 0.000013 seconds.
  path: Assets/huisu/New Folder/Light_String_White_2m_Christmas (12).prefab
  artifactKey: Guid(8c1ef539d83615a478efc8709ddb285c) Importer(815301076,1909f56bfc062723c751e8b465ee728b)
Start importing Assets/huisu/New Folder/Light_String_White_2m_Christmas (12).prefab using Guid(8c1ef539d83615a478efc8709ddb285c) Importer(815301076,1909f56bfc062723c751e8b465ee728b) [PhysX] Initialized MultithreadedTaskDispatcher with 20 workers.
[PhysX] Initialized MultithreadedTaskDispatcher with 20 workers.
 -> (artifact id: '412684a24ba16333523d52932a5163b9') in 0.017271 seconds
Number of updated asset objects reloaded before import = 0
Number of asset objects unloaded after import = 53
========================================================================
Received Import Request.
  Time since last request: 0.000014 seconds.
  path: Assets/huisu/New Folder/Light_String_Color_Big_2m_Christmas.prefab
  artifactKey: Guid(20e98b86267b6534db1512646939d59f) Importer(815301076,1909f56bfc062723c751e8b465ee728b)
Start importing Assets/huisu/New Folder/Light_String_Color_Big_2m_Christmas.prefab using Guid(20e98b86267b6534db1512646939d59f) Importer(815301076,1909f56bfc062723c751e8b465ee728b) [PhysX] Initialized MultithreadedTaskDispatcher with 20 workers.
[PhysX] Initialized MultithreadedTaskDispatcher with 20 workers.
 -> (artifact id: '8a395194a070702ccc4fcdb7f1a2ce28') in 0.029295 seconds
Number of updated asset objects reloaded before import = 0
Number of asset objects unloaded after import = 13
========================================================================
Received Import Request.
  Time since last request: 0.000016 seconds.
  path: Assets/huisu/New Folder/Crate_Wood_Medium_Corn_B.prefab
  artifactKey: Guid(ee2b00101af1c5d41845cc27f612d6ed) Importer(815301076,1909f56bfc062723c751e8b465ee728b)
Start importing Assets/huisu/New Folder/Crate_Wood_Medium_Corn_B.prefab using Guid(ee2b00101af1c5d41845cc27f612d6ed) Importer(815301076,1909f56bfc062723c751e8b465ee728b) [PhysX] Initialized MultithreadedTaskDispatcher with 20 workers.
[PhysX] Initialized MultithreadedTaskDispatcher with 20 workers.
 -> (artifact id: 'f9489ca46585b7e40e2e3ff9bbfd93f6') in 0.025558 seconds
Number of updated asset objects reloaded before import = 0
Number of asset objects unloaded after import = 12
========================================================================
Received Import Request.
  Time since last request: 0.000019 seconds.
  path: Assets/huisu/New Folder/Fish_Carp.prefab
  artifactKey: Guid(bb492c8f3ed534047bfbb13fe8e9e340) Importer(815301076,1909f56bfc062723c751e8b465ee728b)
Start importing Assets/huisu/New Folder/Fish_Carp.prefab using Guid(bb492c8f3ed534047bfbb13fe8e9e340) Importer(815301076,1909f56bfc062723c751e8b465ee728b) [PhysX] Initialized MultithreadedTaskDispatcher with 20 workers.
[PhysX] Initialized MultithreadedTaskDispatcher with 20 workers.
 -> (artifact id: '11a773d03350bba006ac7da087c7f1a3') in 0.017819 seconds
Number of updated asset objects reloaded before import = 0
Number of asset objects unloaded after import = 12
========================================================================
Received Import Request.
  Time since last request: 0.000013 seconds.
  path: Assets/huisu/New Folder/Fish_Trout_Hanging_C.prefab
  artifactKey: Guid(4c681be71ac640043b9a90ec9d4faa87) Importer(815301076,1909f56bfc062723c751e8b465ee728b)
Start importing Assets/huisu/New Folder/Fish_Trout_Hanging_C.prefab using Guid(4c681be71ac640043b9a90ec9d4faa87) Importer(815301076,1909f56bfc062723c751e8b465ee728b) [PhysX] Initialized MultithreadedTaskDispatcher with 20 workers.
[PhysX] Initialized MultithreadedTaskDispatcher with 20 workers.
 -> (artifact id: '7af07f8e2673f6d0f689d573b1222026') in 0.017305 seconds
Number of updated asset objects reloaded before import = 0
Number of asset objects unloaded after import = 12
========================================================================
Received Import Request.
  Time since last request: 0.000011 seconds.
  path: Assets/huisu/New Folder/Crate_Slanted_Salate_Pumpkin_Fantasy (1).prefab
  artifactKey: Guid(1115205392548e44ca8861f48e93d987) Importer(815301076,1909f56bfc062723c751e8b465ee728b)
Start importing Assets/huisu/New Folder/Crate_Slanted_Salate_Pumpkin_Fantasy (1).prefab using Guid(1115205392548e44ca8861f48e93d987) Importer(815301076,1909f56bfc062723c751e8b465ee728b) [PhysX] Initialized MultithreadedTaskDispatcher with 20 workers.
[PhysX] Initialized MultithreadedTaskDispatcher with 20 workers.
 -> (artifact id: 'b948b850f5448c5859f1bfc7e72800f4') in 0.016997 seconds
Number of updated asset objects reloaded before import = 0
Number of asset objects unloaded after import = 11
========================================================================
Received Import Request.
  Time since last request: 0.000011 seconds.
  path: Assets/huisu/New Folder/Cage_Bird_Fantasy.prefab
  artifactKey: Guid(70144e1b309651043902822950770f9d) Importer(815301076,1909f56bfc062723c751e8b465ee728b)
Start importing Assets/huisu/New Folder/Cage_Bird_Fantasy.prefab using Guid(70144e1b309651043902822950770f9d) Importer(815301076,1909f56bfc062723c751e8b465ee728b) [PhysX] Initialized MultithreadedTaskDispatcher with 20 workers.
[PhysX] Initialized MultithreadedTaskDispatcher with 20 workers.
 -> (artifact id: '1af4bef6f100643587d477341ede9a65') in 0.025454 seconds
Number of updated asset objects reloaded before import = 0
Number of asset objects unloaded after import = 26
========================================================================
Received Import Request.
  Time since last request: 0.000014 seconds.
  path: Assets/huisu/New Folder/Book_Stack_C (1).prefab
  artifactKey: Guid(6c253a3c27a2bc042be61361f5d12db6) Importer(815301076,1909f56bfc062723c751e8b465ee728b)
Start importing Assets/huisu/New Folder/Book_Stack_C (1).prefab using Guid(6c253a3c27a2bc042be61361f5d12db6) Importer(815301076,1909f56bfc062723c751e8b465ee728b) [PhysX] Initialized MultithreadedTaskDispatcher with 20 workers.
[PhysX] Initialized MultithreadedTaskDispatcher with 20 workers.
 -> (artifact id: '6e41db14e3ebb58f7d5ab2f1d61460a3') in 0.019626 seconds
Number of updated asset objects reloaded before import = 0
Number of asset objects unloaded after import = 12
========================================================================
Received Import Request.
  Time since last request: 0.000016 seconds.
  path: Assets/huisu/New Folder/Crate_Plastic_Medium_Tomatoes.prefab
  artifactKey: Guid(d721655bdd4b2b2489c3c02a0429badb) Importer(815301076,1909f56bfc062723c751e8b465ee728b)
Start importing Assets/huisu/New Folder/Crate_Plastic_Medium_Tomatoes.prefab using Guid(d721655bdd4b2b2489c3c02a0429badb) Importer(815301076,1909f56bfc062723c751e8b465ee728b) [PhysX] Initialized MultithreadedTaskDispatcher with 20 workers.
[PhysX] Initialized MultithreadedTaskDispatcher with 20 workers.
 -> (artifact id: '8b79f41fceb3ed57f085397aec04e74b') in 0.025906 seconds
Number of updated asset objects reloaded before import = 0
Number of asset objects unloaded after import = 12
========================================================================
Received Import Request.
  Time since last request: 0.000013 seconds.
  path: Assets/huisu/New Folder/Crate_Small_Beef_Chunk_Trotters_Fantasy (1).prefab
  artifactKey: Guid(44648a9cb8b0c554981006b7ce7d776f) Importer(815301076,1909f56bfc062723c751e8b465ee728b)
Start importing Assets/huisu/New Folder/Crate_Small_Beef_Chunk_Trotters_Fantasy (1).prefab using Guid(44648a9cb8b0c554981006b7ce7d776f) Importer(815301076,1909f56bfc062723c751e8b465ee728b) [PhysX] Initialized MultithreadedTaskDispatcher with 20 workers.
[PhysX] Initialized MultithreadedTaskDispatcher with 20 workers.
 -> (artifact id: '8e1147148dbbd4a7bf3c86a31c204dfa') in 0.016718 seconds
Number of updated asset objects reloaded before import = 0
Number of asset objects unloaded after import = 12
========================================================================
Received Import Request.
  Time since last request: 0.000013 seconds.
  path: Assets/huisu/New Folder/Crate_Display_Fantasy_A_Fish.prefab
  artifactKey: Guid(72d382cded477d749a99934e1020f737) Importer(815301076,1909f56bfc062723c751e8b465ee728b)
Start importing Assets/huisu/New Folder/Crate_Display_Fantasy_A_Fish.prefab using Guid(72d382cded477d749a99934e1020f737) Importer(815301076,1909f56bfc062723c751e8b465ee728b) [PhysX] Initialized MultithreadedTaskDispatcher with 20 workers.
[PhysX] Initialized MultithreadedTaskDispatcher with 20 workers.
 -> (artifact id: 'fd20deabf229ae7f179131ca004902f0') in 0.019117 seconds
Number of updated asset objects reloaded before import = 0
Number of asset objects unloaded after import = 12
========================================================================
Received Import Request.
  Time since last request: 0.000013 seconds.
  path: Assets/huisu/New Folder/Garland_Flags_2m_Fantasy (4).prefab
  artifactKey: Guid(4c89c68bc5703664992ecfa5f80b6aff) Importer(815301076,1909f56bfc062723c751e8b465ee728b)
Start importing Assets/huisu/New Folder/Garland_Flags_2m_Fantasy (4).prefab using Guid(4c89c68bc5703664992ecfa5f80b6aff) Importer(815301076,1909f56bfc062723c751e8b465ee728b) [PhysX] Initialized MultithreadedTaskDispatcher with 20 workers.
[PhysX] Initialized MultithreadedTaskDispatcher with 20 workers.
 -> (artifact id: '7769a828c534778aa690fb5fc98445bd') in 0.017756 seconds
Number of updated asset objects reloaded before import = 0
Number of asset objects unloaded after import = 12
========================================================================
Received Import Request.
  Time since last request: 0.000021 seconds.
  path: Assets/huisu/New Folder/Candle_Holder_Tall_C_Lit_Christmas.prefab
  artifactKey: Guid(d6396a3aadadfd641b17185505cf9df9) Importer(815301076,1909f56bfc062723c751e8b465ee728b)
Start importing Assets/huisu/New Folder/Candle_Holder_Tall_C_Lit_Christmas.prefab using Guid(d6396a3aadadfd641b17185505cf9df9) Importer(815301076,1909f56bfc062723c751e8b465ee728b) [PhysX] Initialized MultithreadedTaskDispatcher with 20 workers.
[PhysX] Initialized MultithreadedTaskDispatcher with 20 workers.
 -> (artifact id: '705b10c4c3c81d99c1dd06c2a45064a2') in 0.026786 seconds
Number of updated asset objects reloaded before import = 0
Number of asset objects unloaded after import = 14
========================================================================
Received Import Request.
  Time since last request: 2.161236 seconds.
  path: Assets/huisu/New Folder/Light_String_White_2m_Christmas (23).prefab
  artifactKey: Guid(b7f253f1e87b2534eae0a239f02c22e5) Importer(815301076,1909f56bfc062723c751e8b465ee728b)
Start importing Assets/huisu/New Folder/Light_String_White_2m_Christmas (23).prefab using Guid(b7f253f1e87b2534eae0a239f02c22e5) Importer(815301076,1909f56bfc062723c751e8b465ee728b) [PhysX] Initialized MultithreadedTaskDispatcher with 20 workers.
[PhysX] Initialized MultithreadedTaskDispatcher with 20 workers.
 -> (artifact id: '10cfaa8c4a93f22e0475329fb064b2bb') in 0.019692 seconds
Number of updated asset objects reloaded before import = 0
Number of asset objects unloaded after import = 53
========================================================================
Received Import Request.
  Time since last request: 0.000013 seconds.
  path: Assets/huisu/New Folder/Light_String_White_2m_Christmas (27).prefab
  artifactKey: Guid(8b10f2dabe3bd754eb362ff24cb95633) Importer(815301076,1909f56bfc062723c751e8b465ee728b)
Start importing Assets/huisu/New Folder/Light_String_White_2m_Christmas (27).prefab using Guid(8b10f2dabe3bd754eb362ff24cb95633) Importer(815301076,1909f56bfc062723c751e8b465ee728b) [PhysX] Initialized MultithreadedTaskDispatcher with 20 workers.
[PhysX] Initialized MultithreadedTaskDispatcher with 20 workers.
 -> (artifact id: 'd9ba3196d347a58d50a0a2b6c49833a1') in 0.016318 seconds
Number of updated asset objects reloaded before import = 0
Number of asset objects unloaded after import = 53
========================================================================
Received Import Request.
  Time since last request: 0.000012 seconds.
  path: Assets/huisu/New Folder/Light_String_White_2m_Christmas (29).prefab
  artifactKey: Guid(725d04157fd448d4cab921d2ecf00619) Importer(815301076,1909f56bfc062723c751e8b465ee728b)
Start importing Assets/huisu/New Folder/Light_String_White_2m_Christmas (29).prefab using Guid(725d04157fd448d4cab921d2ecf00619) Importer(815301076,1909f56bfc062723c751e8b465ee728b) [PhysX] Initialized MultithreadedTaskDispatcher with 20 workers.
[PhysX] Initialized MultithreadedTaskDispatcher with 20 workers.
 -> (artifact id: '94a7ed99dbf873ab5deb0bc147c9e66a') in 0.018110 seconds
Number of updated asset objects reloaded before import = 0
Number of asset objects unloaded after import = 83
========================================================================
Received Import Request.
  Time since last request: 0.000015 seconds.
  path: Assets/huisu/New Folder/Light_String_White_2m_Christmas (32).prefab
  artifactKey: Guid(af201cabdc810d4498890993e3c1c9c9) Importer(815301076,1909f56bfc062723c751e8b465ee728b)
Start importing Assets/huisu/New Folder/Light_String_White_2m_Christmas (32).prefab using Guid(af201cabdc810d4498890993e3c1c9c9) Importer(815301076,1909f56bfc062723c751e8b465ee728b) [PhysX] Initialized MultithreadedTaskDispatcher with 20 workers.
[PhysX] Initialized MultithreadedTaskDispatcher with 20 workers.
 -> (artifact id: '500ea82f460cd25d8f08c291fef7c937') in 0.021582 seconds
Number of updated asset objects reloaded before import = 0
Number of asset objects unloaded after import = 58
========================================================================
Received Import Request.
  Time since last request: 0.000020 seconds.
  path: Assets/huisu/New Folder/Light_String_White_2m_Christmas (36).prefab
  artifactKey: Guid(e8ea0bf9be27c5b4ab78658ecb4533bb) Importer(815301076,1909f56bfc062723c751e8b465ee728b)
Start importing Assets/huisu/New Folder/Light_String_White_2m_Christmas (36).prefab using Guid(e8ea0bf9be27c5b4ab78658ecb4533bb) Importer(815301076,1909f56bfc062723c751e8b465ee728b) [PhysX] Initialized MultithreadedTaskDispatcher with 20 workers.
[PhysX] Initialized MultithreadedTaskDispatcher with 20 workers.
 -> (artifact id: '57424e887ff6b01412a08d2a1b1e2a44') in 0.019761 seconds
Number of updated asset objects reloaded before import = 0
Number of asset objects unloaded after import = 68
========================================================================
Received Import Request.
  Time since last request: 0.000016 seconds.
  path: Assets/huisu/New Folder/Point Light (76).prefab
  artifactKey: Guid(82848a74ef7869c42b16f3ad88fbae0e) Importer(815301076,1909f56bfc062723c751e8b465ee728b)
Start importing Assets/huisu/New Folder/Point Light (76).prefab using Guid(82848a74ef7869c42b16f3ad88fbae0e) Importer(815301076,1909f56bfc062723c751e8b465ee728b) [PhysX] Initialized MultithreadedTaskDispatcher with 20 workers.
 -> (artifact id: '454e28a61b7163f246fbe38339fd5458') in 0.001451 seconds
Number of updated asset objects reloaded before import = 0
Number of asset objects unloaded after import = 5
========================================================================
Received Import Request.
  Time since last request: 0.000015 seconds.
  path: Assets/huisu/New Folder/Light_String_White_2m_Christmas (34).prefab
  artifactKey: Guid(3de7046b4998b374a837b0b1c306e244) Importer(815301076,1909f56bfc062723c751e8b465ee728b)
Start importing Assets/huisu/New Folder/Light_String_White_2m_Christmas (34).prefab using Guid(3de7046b4998b374a837b0b1c306e244) Importer(815301076,1909f56bfc062723c751e8b465ee728b) [PhysX] Initialized MultithreadedTaskDispatcher with 20 workers.
[PhysX] Initialized MultithreadedTaskDispatcher with 20 workers.
 -> (artifact id: '833380228c2e05f912a8f83aa3c89aeb') in 0.015541 seconds
Number of updated asset objects reloaded before import = 0
Number of asset objects unloaded after import = 58
========================================================================
Received Import Request.
  Time since last request: 0.000013 seconds.
  path: Assets/huisu/New Folder/Point Light (80).prefab
  artifactKey: Guid(dadc6e9a007b6e14193a35189d5270fb) Importer(815301076,1909f56bfc062723c751e8b465ee728b)
Start importing Assets/huisu/New Folder/Point Light (80).prefab using Guid(dadc6e9a007b6e14193a35189d5270fb) Importer(815301076,1909f56bfc062723c751e8b465ee728b) [PhysX] Initialized MultithreadedTaskDispatcher with 20 workers.
 -> (artifact id: 'f5c0e369cb252ae4c77fb1567e21eb3b') in 0.001384 seconds
Number of updated asset objects reloaded before import = 0
Number of asset objects unloaded after import = 5
========================================================================
Received Import Request.
  Time since last request: 0.000009 seconds.
  path: Assets/huisu/New Folder/Point Light (81).prefab
  artifactKey: Guid(1ae2620424f7dfc438b810df6d7293d5) Importer(815301076,1909f56bfc062723c751e8b465ee728b)
Start importing Assets/huisu/New Folder/Point Light (81).prefab using Guid(1ae2620424f7dfc438b810df6d7293d5) Importer(815301076,1909f56bfc062723c751e8b465ee728b) [PhysX] Initialized MultithreadedTaskDispatcher with 20 workers.
 -> (artifact id: '8addec4540911d411e1f3271f515177f') in 0.001160 seconds
Number of updated asset objects reloaded before import = 0
Number of asset objects unloaded after import = 5
========================================================================
Received Import Request.
  Time since last request: 0.000009 seconds.
  path: Assets/huisu/New Folder/Point Light (83).prefab
  artifactKey: Guid(2729164fa95b15942a2265d138f22e46) Importer(815301076,1909f56bfc062723c751e8b465ee728b)
Start importing Assets/huisu/New Folder/Point Light (83).prefab using Guid(2729164fa95b15942a2265d138f22e46) Importer(815301076,1909f56bfc062723c751e8b465ee728b) [PhysX] Initialized MultithreadedTaskDispatcher with 20 workers.
 -> (artifact id: '4b0baa4eaa34d77ecbb7b8375f2ee2ab') in 0.001264 seconds
Number of updated asset objects reloaded before import = 0
Number of asset objects unloaded after import = 5
========================================================================
Received Import Request.
  Time since last request: 0.000010 seconds.
  path: Assets/huisu/New Folder/Point Light (82).prefab
  artifactKey: Guid(1eb1fd4ba99aa2f4399c1466b0e11065) Importer(815301076,1909f56bfc062723c751e8b465ee728b)
Start importing Assets/huisu/New Folder/Point Light (82).prefab using Guid(1eb1fd4ba99aa2f4399c1466b0e11065) Importer(815301076,1909f56bfc062723c751e8b465ee728b) [PhysX] Initialized MultithreadedTaskDispatcher with 20 workers.
 -> (artifact id: '212f19117029ea8354ca519410569f41') in 0.001119 seconds
Number of updated asset objects reloaded before import = 0
Number of asset objects unloaded after import = 5
========================================================================
Received Import Request.
  Time since last request: 0.000008 seconds.
  path: Assets/huisu/New Folder/Point Light (78).prefab
  artifactKey: Guid(2218a6ea757b5564292ea155fd09325d) Importer(815301076,1909f56bfc062723c751e8b465ee728b)
Start importing Assets/huisu/New Folder/Point Light (78).prefab using Guid(2218a6ea757b5564292ea155fd09325d) Importer(815301076,1909f56bfc062723c751e8b465ee728b) [PhysX] Initialized MultithreadedTaskDispatcher with 20 workers.
 -> (artifact id: '7d5e4de36fe81e19422470338a71935c') in 0.001038 seconds
Number of updated asset objects reloaded before import = 0
Number of asset objects unloaded after import = 5
========================================================================
Received Import Request.
  Time since last request: 0.000100 seconds.
  path: Assets/huisu/New Folder/Point Light (84).prefab
  artifactKey: Guid(13764dae0527a144c88386122775b39c) Importer(815301076,1909f56bfc062723c751e8b465ee728b)
Start importing Assets/huisu/New Folder/Point Light (84).prefab using Guid(13764dae0527a144c88386122775b39c) Importer(815301076,1909f56bfc062723c751e8b465ee728b) [PhysX] Initialized MultithreadedTaskDispatcher with 20 workers.
 -> (artifact id: '299e587d400c0fa8ab7ffa5ba2a848b5') in 0.001073 seconds
Number of updated asset objects reloaded before import = 0
Number of asset objects unloaded after import = 5
========================================================================
Received Import Request.
  Time since last request: 0.003447 seconds.
  path: Assets/huisu/New Folder/Point Light (85).prefab
  artifactKey: Guid(794af674d839b2c4caec32fdd8a3d1e7) Importer(815301076,1909f56bfc062723c751e8b465ee728b)
Start importing Assets/huisu/New Folder/Point Light (85).prefab using Guid(794af674d839b2c4caec32fdd8a3d1e7) Importer(815301076,1909f56bfc062723c751e8b465ee728b) [PhysX] Initialized MultithreadedTaskDispatcher with 20 workers.
 -> (artifact id: 'fa7ec461bca72d07784990395a9434fb') in 0.001559 seconds
Number of updated asset objects reloaded before import = 0
Number of asset objects unloaded after import = 5
========================================================================
Received Import Request.
  Time since last request: 0.003175 seconds.
  path: Assets/huisu/New Folder/Point Light (86).prefab
  artifactKey: Guid(5dfda2a1d62790a488c5ded65477626d) Importer(815301076,1909f56bfc062723c751e8b465ee728b)
Start importing Assets/huisu/New Folder/Point Light (86).prefab using Guid(5dfda2a1d62790a488c5ded65477626d) Importer(815301076,1909f56bfc062723c751e8b465ee728b) [PhysX] Initialized MultithreadedTaskDispatcher with 20 workers.
 -> (artifact id: '0851f156fb2b7c963d50f961fd2400e9') in 0.001312 seconds
Number of updated asset objects reloaded before import = 0
Number of asset objects unloaded after import = 5
========================================================================
Received Import Request.
  Time since last request: 0.077408 seconds.
  path: Assets/huisu/New Folder/Pot_Clay_Small_A.prefab
  artifactKey: Guid(200f6b6b64bf9ff4f8d6038a507d1beb) Importer(815301076,1909f56bfc062723c751e8b465ee728b)
Start importing Assets/huisu/New Folder/Pot_Clay_Small_A.prefab using Guid(200f6b6b64bf9ff4f8d6038a507d1beb) Importer(815301076,1909f56bfc062723c751e8b465ee728b) [PhysX] Initialized MultithreadedTaskDispatcher with 20 workers.
[PhysX] Initialized MultithreadedTaskDispatcher with 20 workers.
 -> (artifact id: '67d8478b205f8793c8882ddcc2da8f12') in 0.022672 seconds
Number of updated asset objects reloaded before import = 0
Number of asset objects unloaded after import = 12
========================================================================
Received Import Request.
  Time since last request: 0.000014 seconds.
  path: Assets/huisu/New Folder/Sea_Shell_Sunrise_Venus_Half_A (2).prefab
  artifactKey: Guid(0eca05d9cbff77349877871a95214e3c) Importer(815301076,1909f56bfc062723c751e8b465ee728b)
Start importing Assets/huisu/New Folder/Sea_Shell_Sunrise_Venus_Half_A (2).prefab using Guid(0eca05d9cbff77349877871a95214e3c) Importer(815301076,1909f56bfc062723c751e8b465ee728b) [PhysX] Initialized MultithreadedTaskDispatcher with 20 workers.
[PhysX] Initialized MultithreadedTaskDispatcher with 20 workers.
 -> (artifact id: 'e864812366e4da7a128930ad728319dd') in 0.018648 seconds
Number of updated asset objects reloaded before import = 0
Number of asset objects unloaded after import = 48
========================================================================
Received Import Request.
  Time since last request: 0.007042 seconds.
  path: Assets/huisu/New Folder/Sea_Shell_Sunrise_Venus_Half_A (7).prefab
  artifactKey: Guid(4751cf3fa4305424197653eccb85248e) Importer(815301076,1909f56bfc062723c751e8b465ee728b)
Start importing Assets/huisu/New Folder/Sea_Shell_Sunrise_Venus_Half_A (7).prefab using Guid(4751cf3fa4305424197653eccb85248e) Importer(815301076,1909f56bfc062723c751e8b465ee728b) [PhysX] Initialized MultithreadedTaskDispatcher with 20 workers.
[PhysX] Initialized MultithreadedTaskDispatcher with 20 workers.
 -> (artifact id: '9b2ca37a7c142259b700e0dd7b1809f9') in 0.016104 seconds
Number of updated asset objects reloaded before import = 0
Number of asset objects unloaded after import = 48
========================================================================
Received Import Request.
  Time since last request: 0.002346 seconds.
  path: Assets/huisu/New Folder/Sea_Shell_Sunrise_Venus_Half_A (11).prefab
  artifactKey: Guid(d622407fa25c5bb4f8d2bbc8d3a1771c) Importer(815301076,1909f56bfc062723c751e8b465ee728b)
Start importing Assets/huisu/New Folder/Sea_Shell_Sunrise_Venus_Half_A (11).prefab using Guid(d622407fa25c5bb4f8d2bbc8d3a1771c) Importer(815301076,1909f56bfc062723c751e8b465ee728b) [PhysX] Initialized MultithreadedTaskDispatcher with 20 workers.
[PhysX] Initialized MultithreadedTaskDispatcher with 20 workers.
 -> (artifact id: 'aa1c54c3e432c15a00d2d7b843754197') in 0.014660 seconds
Number of updated asset objects reloaded before import = 0
Number of asset objects unloaded after import = 48
========================================================================
Received Import Request.
  Time since last request: 0.002558 seconds.
  path: Assets/huisu/New Folder/Sea_Shell_Sunrise_Venus_Half_A (15).prefab
  artifactKey: Guid(0325e7e59fffdd443ac0cb4a80fb250c) Importer(815301076,1909f56bfc062723c751e8b465ee728b)
Start importing Assets/huisu/New Folder/Sea_Shell_Sunrise_Venus_Half_A (15).prefab using Guid(0325e7e59fffdd443ac0cb4a80fb250c) Importer(815301076,1909f56bfc062723c751e8b465ee728b) [PhysX] Initialized MultithreadedTaskDispatcher with 20 workers.
[PhysX] Initialized MultithreadedTaskDispatcher with 20 workers.
 -> (artifact id: 'bf15d3dd476087e575688fe7a7c150b4') in 0.015886 seconds
Number of updated asset objects reloaded before import = 0
Number of asset objects unloaded after import = 48
========================================================================
Received Import Request.
  Time since last request: 0.000356 seconds.
  path: Assets/huisu/New Folder/Signpost_Basic.prefab
  artifactKey: Guid(d756f7c95db6c5545b72c5f98d1ff80e) Importer(815301076,1909f56bfc062723c751e8b465ee728b)
Start importing Assets/huisu/New Folder/Signpost_Basic.prefab using Guid(d756f7c95db6c5545b72c5f98d1ff80e) Importer(815301076,1909f56bfc062723c751e8b465ee728b) [PhysX] Initialized MultithreadedTaskDispatcher with 20 workers.
[PhysX] Initialized MultithreadedTaskDispatcher with 20 workers.
 -> (artifact id: '36f0d6f72a0926a4533add60a711b5ee') in 0.021943 seconds
Number of updated asset objects reloaded before import = 0
Number of asset objects unloaded after import = 12
========================================================================
Received Import Request.
  Time since last request: 0.001186 seconds.
  path: Assets/huisu/New Folder/Stone_C_Snow.prefab
  artifactKey: Guid(6aca0d3ec4fbbc5499d2c168584d0d48) Importer(815301076,1909f56bfc062723c751e8b465ee728b)
Start importing Assets/huisu/New Folder/Stone_C_Snow.prefab using Guid(6aca0d3ec4fbbc5499d2c168584d0d48) Importer(815301076,1909f56bfc062723c751e8b465ee728b) [PhysX] Initialized MultithreadedTaskDispatcher with 20 workers.
[PhysX] Initialized MultithreadedTaskDispatcher with 20 workers.
 -> (artifact id: '26b20ddfc991ca8c01e115adbfa465f0') in 0.021184 seconds
Number of updated asset objects reloaded before import = 0
Number of asset objects unloaded after import = 12
========================================================================
Received Import Request.
  Time since last request: 0.002371 seconds.
  path: Assets/huisu/New Folder/Street_Bin_Simple_Top.prefab
  artifactKey: Guid(7e1f096fc445586438ee00a6f6ceff28) Importer(815301076,1909f56bfc062723c751e8b465ee728b)
Start importing Assets/huisu/New Folder/Street_Bin_Simple_Top.prefab using Guid(7e1f096fc445586438ee00a6f6ceff28) Importer(815301076,1909f56bfc062723c751e8b465ee728b) [PhysX] Initialized MultithreadedTaskDispatcher with 20 workers.
[PhysX] Initialized MultithreadedTaskDispatcher with 20 workers.
 -> (artifact id: 'c9564e4f6aadfd100b3fc7de1009d78f') in 0.021358 seconds
Number of updated asset objects reloaded before import = 0
Number of asset objects unloaded after import = 12
========================================================================
Received Import Request.
  Time since last request: 0.010776 seconds.
  path: Assets/huisu/New Folder/Tree_Spruce_Young_A_Snow (1).prefab
  artifactKey: Guid(fa7854b53c91e7a45972049b27fb3c95) Importer(815301076,1909f56bfc062723c751e8b465ee728b)
Start importing Assets/huisu/New Folder/Tree_Spruce_Young_A_Snow (1).prefab using Guid(fa7854b53c91e7a45972049b27fb3c95) Importer(815301076,1909f56bfc062723c751e8b465ee728b) [PhysX] Initialized MultithreadedTaskDispatcher with 20 workers.
[PhysX] Initialized MultithreadedTaskDispatcher with 20 workers.
 -> (artifact id: '588e9253272aa3a3f7c3b1dea6deb621') in 0.264711 seconds
Number of updated asset objects reloaded before import = 0
Number of asset objects unloaded after import = 13
========================================================================
Received Import Request.
  Time since last request: 0.000017 seconds.
  path: Assets/huisu/New Folder/Wall_Thick_4x3m_Ext_Fantasy.prefab
  artifactKey: Guid(07d718f88ea8e204a9bb875c71d8d9db) Importer(815301076,1909f56bfc062723c751e8b465ee728b)
Start importing Assets/huisu/New Folder/Wall_Thick_4x3m_Ext_Fantasy.prefab using Guid(07d718f88ea8e204a9bb875c71d8d9db) Importer(815301076,1909f56bfc062723c751e8b465ee728b) [PhysX] Initialized MultithreadedTaskDispatcher with 20 workers.
[PhysX] Initialized MultithreadedTaskDispatcher with 20 workers.
 -> (artifact id: '57af6258ec4ea6056c796b34bc5c9bc9') in 0.028046 seconds
Number of updated asset objects reloaded before import = 0
Number of asset objects unloaded after import = 14
========================================================================
Received Import Request.
  Time since last request: 0.000018 seconds.
  path: Assets/huisu/New Folder/Wall_Thick_5x3m_Ext_Fantasy.prefab
  artifactKey: Guid(33f2947a6b3cc2a409b3142d10f91a8a) Importer(815301076,1909f56bfc062723c751e8b465ee728b)
Start importing Assets/huisu/New Folder/Wall_Thick_5x3m_Ext_Fantasy.prefab using Guid(33f2947a6b3cc2a409b3142d10f91a8a) Importer(815301076,1909f56bfc062723c751e8b465ee728b) [PhysX] Initialized MultithreadedTaskDispatcher with 20 workers.
[PhysX] Initialized MultithreadedTaskDispatcher with 20 workers.
 -> (artifact id: 'd0ec39d3b8a36e7c449f7eb883370483') in 0.017765 seconds
Number of updated asset objects reloaded before import = 0
Number of asset objects unloaded after import = 14
========================================================================
Received Import Request.
  Time since last request: 0.000019 seconds.
  path: Assets/huisu/New Folder/Wreath_Wall_C_Easter (1).prefab
  artifactKey: Guid(890a934a03bb38b41ba6899220df1303) Importer(815301076,1909f56bfc062723c751e8b465ee728b)
Start importing Assets/huisu/New Folder/Wreath_Wall_C_Easter (1).prefab using Guid(890a934a03bb38b41ba6899220df1303) Importer(815301076,1909f56bfc062723c751e8b465ee728b) [PhysX] Initialized MultithreadedTaskDispatcher with 20 workers.
[PhysX] Initialized MultithreadedTaskDispatcher with 20 workers.
 -> (artifact id: '1c2717814db94b8e73624b87892fe1a2') in 0.016195 seconds
Number of updated asset objects reloaded before import = 0
Number of asset objects unloaded after import = 12
========================================================================
Received Import Request.
  Time since last request: 0.410572 seconds.
  path: Assets/huisu/New Folder/Tree_Beech_Stump_A_Snow.prefab
  artifactKey: Guid(38997c3cd2c64734ebf40b0dc5082119) Importer(815301076,1909f56bfc062723c751e8b465ee728b)
Start importing Assets/huisu/New Folder/Tree_Beech_Stump_A_Snow.prefab using Guid(38997c3cd2c64734ebf40b0dc5082119) Importer(815301076,1909f56bfc062723c751e8b465ee728b) [PhysX] Initialized MultithreadedTaskDispatcher with 20 workers.
[PhysX] Initialized MultithreadedTaskDispatcher with 20 workers.
 -> (artifact id: 'bc6f245cd235c558b496bec004c50dc8') in 0.026991 seconds
Number of updated asset objects reloaded before import = 0
Number of asset objects unloaded after import = 11
========================================================================
Received Import Request.
  Time since last request: 0.000015 seconds.
  path: Assets/huisu/New Folder/Tree_Oak_Log_Pile_A_Snow.prefab
  artifactKey: Guid(3ea9f5772f96bc34bb6c1df695cfcf81) Importer(815301076,1909f56bfc062723c751e8b465ee728b)
Start importing Assets/huisu/New Folder/Tree_Oak_Log_Pile_A_Snow.prefab using Guid(3ea9f5772f96bc34bb6c1df695cfcf81) Importer(815301076,1909f56bfc062723c751e8b465ee728b) [PhysX] Initialized MultithreadedTaskDispatcher with 20 workers.
[PhysX] Initialized MultithreadedTaskDispatcher with 20 workers.
 -> (artifact id: 'db51e00259d7f36ed41e3065bbad972f') in 0.032445 seconds
Number of updated asset objects reloaded before import = 0
Number of asset objects unloaded after import = 12
========================================================================
Received Import Request.
  Time since last request: 0.000016 seconds.
  path: Assets/huisu/New Folder/Tree_Sequoia_Sapling_A_Snow (1).prefab
  artifactKey: Guid(4c90a76cd484e8b4780949a0e10d186d) Importer(815301076,1909f56bfc062723c751e8b465ee728b)
Start importing Assets/huisu/New Folder/Tree_Sequoia_Sapling_A_Snow (1).prefab using Guid(4c90a76cd484e8b4780949a0e10d186d) Importer(815301076,1909f56bfc062723c751e8b465ee728b) [PhysX] Initialized MultithreadedTaskDispatcher with 20 workers.
[PhysX] Initialized MultithreadedTaskDispatcher with 20 workers.
 -> (artifact id: 'a7529ebff2925040118a42b8a1b312d4') in 0.026663 seconds
Number of updated asset objects reloaded before import = 0
Number of asset objects unloaded after import = 13
Editor requested this worker to shutdown with reason: Scaling down because of idle timeout
TcpMessagingSession - receive error: operation aborted. errorcode: 995, details: ������ ���� �Ǵ� ���� ���α׷� ��û ������ I/O �۾��� ��ҵǾ����ϴ�.
AssetImportWorker is now disconnected from the server
Process exiting
Exiting without the bug reporter. Application will terminate with return code 0