Using pre-set license
Built from '2022.3/staging' branch; Version is '2022.3.60f1 (5f63fdee6d95) revision 6251517'; Using compiler version '192829333'; Build Type 'Release'
OS: 'Windows 11  (10.0.26100) 64bit Professional' Language: 'ko' Physical Memory: 32524 MB
BatchMode: 1, IsHumanControllingUs: 0, StartBugReporterOnCrash: 0, Is64bit: 1, IsPro: 1

COMMAND LINE ARGUMENTS:
C:\Program Files\Unity\Hub\Editor\2022.3.60f1-x86_64\Editor\Unity.exe
-adb2
-batchMode
-noUpm
-name
AssetImportWorker8
-projectPath
C:/Jung/Github_OMC_Project/DevNull_1_OhMyChristmas
-logFile
Logs/AssetImportWorker8.log
-srvPort
58717
Successfully changed project path to: C:/Jung/Github_OMC_Project/DevNull_1_OhMyChristmas
C:/Jung/Github_OMC_Project/DevNull_1_OhMyChristmas
[UnityMemory] Configuration Parameters - Can be set up in boot.config
    "memorysetup-bucket-allocator-granularity=16"
    "memorysetup-bucket-allocator-bucket-count=8"
    "memorysetup-bucket-allocator-block-size=33554432"
    "memorysetup-bucket-allocator-block-count=8"
    "memorysetup-main-allocator-block-size=16777216"
    "memorysetup-thread-allocator-block-size=16777216"
    "memorysetup-gfx-main-allocator-block-size=16777216"
    "memorysetup-gfx-thread-allocator-block-size=16777216"
    "memorysetup-cache-allocator-block-size=4194304"
    "memorysetup-typetree-allocator-block-size=2097152"
    "memorysetup-profiler-bucket-allocator-granularity=16"
    "memorysetup-profiler-bucket-allocator-bucket-count=8"
    "memorysetup-profiler-bucket-allocator-block-size=33554432"
    "memorysetup-profiler-bucket-allocator-block-count=8"
    "memorysetup-profiler-allocator-block-size=16777216"
    "memorysetup-profiler-editor-allocator-block-size=1048576"
    "memorysetup-temp-allocator-size-main=16777216"
    "memorysetup-job-temp-allocator-block-size=2097152"
    "memorysetup-job-temp-allocator-block-size-background=1048576"
    "memorysetup-job-temp-allocator-reduction-small-platforms=262144"
    "memorysetup-allocator-temp-initial-block-size-main=262144"
    "memorysetup-allocator-temp-initial-block-size-worker=262144"
    "memorysetup-temp-allocator-size-background-worker=32768"
    "memorysetup-temp-allocator-size-job-worker=262144"
    "memorysetup-temp-allocator-size-preload-manager=33554432"
    "memorysetup-temp-allocator-size-nav-mesh-worker=65536"
    "memorysetup-temp-allocator-size-audio-worker=65536"
    "memorysetup-temp-allocator-size-cloud-worker=32768"
    "memorysetup-temp-allocator-size-gi-baking-worker=262144"
    "memorysetup-temp-allocator-size-gfx=262144"
Player connection [49280]  Target information:

Player connection [49280]  * "[IP] 192.168.219.103 [Port] 0 [Flags] 2 [Guid] 462971838 [EditorId] 462971838 [Version] 1048832 [Id] WindowsEditor(7,BjsPC) [Debug] 1 [PackageName] WindowsEditor [ProjectName] Editor" 

Player connection [49280] Host joined multi-casting on [225.0.0.222:54997]...
Player connection [49280] Host joined alternative multi-casting on [225.0.0.222:34997]...
Input System module state changed to: Initialized.
[PhysX] Initialized MultithreadedTaskDispatcher with 20 workers.
Refreshing native plugins compatible for Editor in 19.95 ms, found 3 plugins.
Preloading 0 native plugins for Editor in 0.00 ms.
Initialize engine version: 2022.3.60f1 (5f63fdee6d95)
[Subsystems] Discovering subsystems at path C:/Program Files/Unity/Hub/Editor/2022.3.60f1-x86_64/Editor/Data/Resources/UnitySubsystems
[Subsystems] Discovering subsystems at path C:/Jung/Github_OMC_Project/DevNull_1_OhMyChristmas/Assets
GfxDevice: creating device client; threaded=0; jobified=0
Direct3D:
    Version:  Direct3D 11.0 [level 11.1]
    Renderer: NVIDIA GeForce RTX 3060 Ti (ID=0x2489)
    Vendor:   NVIDIA
    VRAM:     8024 MB
    Driver:   32.0.15.6094
Initialize mono
Mono path[0] = 'C:/Program Files/Unity/Hub/Editor/2022.3.60f1-x86_64/Editor/Data/Managed'
Mono path[1] = 'C:/Program Files/Unity/Hub/Editor/2022.3.60f1-x86_64/Editor/Data/MonoBleedingEdge/lib/mono/unityjit-win32'
Mono config path = 'C:/Program Files/Unity/Hub/Editor/2022.3.60f1-x86_64/Editor/Data/MonoBleedingEdge/etc'
Using monoOptions --debugger-agent=transport=dt_socket,embedding=1,server=y,suspend=n,address=127.0.0.1:56172
Begin MonoManager ReloadAssembly
Registering precompiled unity dll's ...
Register platform support module: C:/Program Files/Unity/Hub/Editor/2022.3.60f1-x86_64/Editor/Data/PlaybackEngines/WindowsStandaloneSupport/UnityEditor.WindowsStandalone.Extensions.dll
Registered in 0.018176 seconds.
- Loaded All Assemblies, in  0.355 seconds
Native extension for WindowsStandalone target not found
Mono: successfully reloaded assembly
- Finished resetting the current domain, in  0.219 seconds
Domain Reload Profiling: 568ms
	BeginReloadAssembly (142ms)
		ExecutionOrderSort (0ms)
		DisableScriptedObjects (0ms)
		BackupInstance (0ms)
		ReleaseScriptingObjects (0ms)
		CreateAndSetChildDomain (1ms)
	RebuildCommonClasses (27ms)
	RebuildNativeTypeToScriptingClass (7ms)
	initialDomainReloadingComplete (72ms)
	LoadAllAssembliesAndSetupDomain (100ms)
		LoadAssemblies (136ms)
		RebuildTransferFunctionScriptingTraits (0ms)
		AnalyzeDomain (98ms)
			TypeCache.Refresh (97ms)
				TypeCache.ScanAssembly (86ms)
			ScanForSourceGeneratedMonoScriptInfo (0ms)
			ResolveRequiredComponents (0ms)
	FinalizeReload (219ms)
		ReleaseScriptCaches (0ms)
		RebuildScriptCaches (0ms)
		SetupLoadedEditorAssemblies (186ms)
			LogAssemblyErrors (0ms)
			InitializePlatformSupportModulesInManaged (12ms)
			SetLoadedEditorAssemblies (6ms)
			RefreshPlugins (0ms)
			BeforeProcessingInitializeOnLoad (2ms)
			ProcessInitializeOnLoadAttributes (120ms)
			ProcessInitializeOnLoadMethodAttributes (47ms)
			AfterProcessingInitializeOnLoad (0ms)
			EditorAssembliesLoaded (0ms)
		ExecutionOrderSort2 (0ms)
		AwakeInstancesAfterBackupRestoration (0ms)
========================================================================
Worker process is ready to serve import requests
Caller must complete domain reload
Begin MonoManager ReloadAssembly
- Loaded All Assemblies, in  0.787 seconds
Native extension for WindowsStandalone target not found
Mono: successfully reloaded assembly
- Finished resetting the current domain, in  0.725 seconds
Domain Reload Profiling: 1499ms
	BeginReloadAssembly (164ms)
		ExecutionOrderSort (0ms)
		DisableScriptedObjects (4ms)
		BackupInstance (0ms)
		ReleaseScriptingObjects (0ms)
		CreateAndSetChildDomain (15ms)
	RebuildCommonClasses (27ms)
	RebuildNativeTypeToScriptingClass (7ms)
	initialDomainReloadingComplete (54ms)
	LoadAllAssembliesAndSetupDomain (522ms)
		LoadAssemblies (485ms)
		RebuildTransferFunctionScriptingTraits (0ms)
		AnalyzeDomain (151ms)
			TypeCache.Refresh (130ms)
				TypeCache.ScanAssembly (117ms)
			ScanForSourceGeneratedMonoScriptInfo (14ms)
			ResolveRequiredComponents (6ms)
	FinalizeReload (725ms)
		ReleaseScriptCaches (0ms)
		RebuildScriptCaches (0ms)
		SetupLoadedEditorAssemblies (611ms)
			LogAssemblyErrors (0ms)
			InitializePlatformSupportModulesInManaged (11ms)
			SetLoadedEditorAssemblies (4ms)
			RefreshPlugins (0ms)
			BeforeProcessingInitializeOnLoad (87ms)
			ProcessInitializeOnLoadAttributes (472ms)
			ProcessInitializeOnLoadMethodAttributes (17ms)
			AfterProcessingInitializeOnLoad (19ms)
			EditorAssembliesLoaded (0ms)
		ExecutionOrderSort2 (0ms)
		AwakeInstancesAfterBackupRestoration (14ms)
Launched and connected shader compiler UnityShaderCompiler.exe after 0.07 seconds
Refreshing native plugins compatible for Editor in 18.95 ms, found 3 plugins.
Preloading 0 native plugins for Editor in 0.00 ms.
Unloading 4058 Unused Serialized files (Serialized files now loaded: 0)
Unloading 30 unused Assets / (58.6 KB). Loaded Objects now: 4553.
Memory consumption went from 164.1 MB to 164.1 MB.
Total: 4.295600 ms (FindLiveObjects: 0.261600 ms CreateObjectMapping: 0.202800 ms MarkObjects: 3.677900 ms  DeleteObjects: 0.151900 ms)

AssetImportParameters requested are different than current active one (requested -> active):
  custom:container-demuxer-ogg: 62fdf1f143b41e24485cea50d1cbac27 -> 
  custom:video-decoder-ogg-theora: a1e56fd34408186e4bbccfd4996cb3dc -> 
  custom:framework-win-MediaFoundation: 216162199b28c13a410421893ffa2e32 -> 
  custom:CustomObjectIndexerAttribute: 9a22284fe3817be447336de3de66b15e -> 
  custom:container-demuxer-webm: 4f35f7cbe854078d1ac9338744f61a02 -> 
  custom:container-muxer-webm: aa71ff27fc2769a1b78a27578f13a17b -> 
  custom:video-decoder-webm-vp8: 9c59270c3fd7afecdb556c50c9e8de78 -> 
  custom:SearchIndexIgnoredProperties: e643bd26f0fe6173181afceb89e7c659 -> 
  custom:AudioImporter_EditorPlatform: d09bf68614088b80899f8185d706f6e7 -> 
  custom:video-encoder-webm-vp8: eb34c28f22e8b96e1ab97ce403110664 -> 
  custom:audio-decoder-ogg-vorbis: bf7c407c2cedff20999df2af8eb42d56 -> 
  custom:audio-encoder-webm-vorbis: bf7c407c2cedff20999df2af8eb42d56 -> 
========================================================================
Received Import Request.
  Time since last request: 52238.560502 seconds.
  path: Assets/polyperfect/Poly Universal Pack/- Meshes/4July/SM_Cup_Plastic_Full.fbx
  artifactKey: Guid(61d38964ea26c664bb4b51be01f907a7) Importer(815301076,1909f56bfc062723c751e8b465ee728b)
Start importing Assets/polyperfect/Poly Universal Pack/- Meshes/4July/SM_Cup_Plastic_Full.fbx using Guid(61d38964ea26c664bb4b51be01f907a7) Importer(815301076,1909f56bfc062723c751e8b465ee728b) [PhysX] Initialized MultithreadedTaskDispatcher with 20 workers.
[PhysX] Initialized MultithreadedTaskDispatcher with 20 workers.
[PhysX] Initialized MultithreadedTaskDispatcher with 20 workers.
 -> (artifact id: 'a842cfad5b1155cf6c0d44d24a54c53e') in 0.120795 seconds
Number of updated asset objects reloaded before import = 0
Number of asset objects unloaded after import = 7
========================================================================
Received Import Request.
  Time since last request: 115.791024 seconds.
  path: Assets/Jung/Items/Snow_Globe.prefab
  artifactKey: Guid(2b8eb7d9546331545ae97e4bd86af4fa) Importer(815301076,1909f56bfc062723c751e8b465ee728b)
Start importing Assets/Jung/Items/Snow_Globe.prefab using Guid(2b8eb7d9546331545ae97e4bd86af4fa) Importer(815301076,1909f56bfc062723c751e8b465ee728b) [PhysX] Initialized MultithreadedTaskDispatcher with 20 workers.
[PhysX] Initialized MultithreadedTaskDispatcher with 20 workers.
 -> (artifact id: 'b8b778a1dec5ebf5336ea05427295f1f') in 0.032020 seconds
Number of updated asset objects reloaded before import = 0
Number of asset objects unloaded after import = 13
========================================================================
Received Import Request.
  Time since last request: 46.916099 seconds.
  path: Assets/Jung/Items/Speed_Item_Equiped.prefab
  artifactKey: Guid(ad220c2e17645924c961c0bd5f905951) Importer(815301076,1909f56bfc062723c751e8b465ee728b)
Start importing Assets/Jung/Items/Speed_Item_Equiped.prefab using Guid(ad220c2e17645924c961c0bd5f905951) Importer(815301076,1909f56bfc062723c751e8b465ee728b) [PhysX] Initialized MultithreadedTaskDispatcher with 20 workers.
[PhysX] Initialized MultithreadedTaskDispatcher with 20 workers.
 -> (artifact id: '2d8216e1e814939e87b39ffbc18026f2') in 0.014621 seconds
Number of updated asset objects reloaded before import = 0
Number of asset objects unloaded after import = 12
========================================================================
Received Import Request.
  Time since last request: 8.222553 seconds.
  path: Assets/Jung/Items/Throw_Item_Equiped.prefab
  artifactKey: Guid(2b8eb7d9546331545ae97e4bd86af4fa) Importer(815301076,1909f56bfc062723c751e8b465ee728b)
Start importing Assets/Jung/Items/Throw_Item_Equiped.prefab using Guid(2b8eb7d9546331545ae97e4bd86af4fa) Importer(815301076,1909f56bfc062723c751e8b465ee728b) [PhysX] Initialized MultithreadedTaskDispatcher with 20 workers.
[PhysX] Initialized MultithreadedTaskDispatcher with 20 workers.
 -> (artifact id: 'b44c31596609eb36c342235c10d31290') in 0.012188 seconds
Number of updated asset objects reloaded before import = 0
Number of asset objects unloaded after import = 13
========================================================================
Received Import Request.
  Time since last request: 7.104386 seconds.
  path: Assets/Resources/reindeerPrefab.prefab
  artifactKey: Guid(6dd61fb93d44f264d88d31c09ad95d94) Importer(815301076,1909f56bfc062723c751e8b465ee728b)
Start importing Assets/Resources/reindeerPrefab.prefab using Guid(6dd61fb93d44f264d88d31c09ad95d94) Importer(815301076,1909f56bfc062723c751e8b465ee728b) [PhysX] Initialized MultithreadedTaskDispatcher with 20 workers.
[PhysX] Initialized MultithreadedTaskDispatcher with 20 workers.
 -> (artifact id: '57b451f349a3396717870fc11cf7bfda') in 0.118084 seconds
Number of updated asset objects reloaded before import = 0
Number of asset objects unloaded after import = 825
========================================================================
Received Import Request.
  Time since last request: 2.670829 seconds.
  path: Assets/Resources/Snow_Globe.prefab
  artifactKey: Guid(b58889f1765608a4996e79442050fbdd) Importer(815301076,1909f56bfc062723c751e8b465ee728b)
Start importing Assets/Resources/Snow_Globe.prefab using Guid(b58889f1765608a4996e79442050fbdd) Importer(815301076,1909f56bfc062723c751e8b465ee728b) [PhysX] Initialized MultithreadedTaskDispatcher with 20 workers.
[PhysX] Initialized MultithreadedTaskDispatcher with 20 workers.
 -> (artifact id: 'aaf8cfbbcedc5257504afacfb61c9373') in 0.014280 seconds
Number of updated asset objects reloaded before import = 0
Number of asset objects unloaded after import = 13
========================================================================
Received Import Request.
  Time since last request: 0.005447 seconds.
  path: Assets/Resources/Candy_Cane.prefab
  artifactKey: Guid(c4c32ee49dca7e6479646dc2ed2fa3c8) Importer(815301076,1909f56bfc062723c751e8b465ee728b)
Start importing Assets/Resources/Candy_Cane.prefab using Guid(c4c32ee49dca7e6479646dc2ed2fa3c8) Importer(815301076,1909f56bfc062723c751e8b465ee728b) [PhysX] Initialized MultithreadedTaskDispatcher with 20 workers.
[PhysX] Initialized MultithreadedTaskDispatcher with 20 workers.
 -> (artifact id: 'ce038ed01ecb361e63c4c16c37c59514') in 0.011092 seconds
Number of updated asset objects reloaded before import = 0
Number of asset objects unloaded after import = 12
========================================================================
Received Import Request.
  Time since last request: 12.879039 seconds.
  path: Assets/Resources/Throw_Item_Equiped.prefab
  artifactKey: Guid(7b55658020ba833409171f2ed0bbc87a) Importer(815301076,1909f56bfc062723c751e8b465ee728b)
Start importing Assets/Resources/Throw_Item_Equiped.prefab using Guid(7b55658020ba833409171f2ed0bbc87a) Importer(815301076,1909f56bfc062723c751e8b465ee728b) [PhysX] Initialized MultithreadedTaskDispatcher with 20 workers.
[PhysX] Initialized MultithreadedTaskDispatcher with 20 workers.
 -> (artifact id: '41df9beb0ecb401d5a9b18dd1451b10b') in 0.014450 seconds
Number of updated asset objects reloaded before import = 0
Number of asset objects unloaded after import = 13
========================================================================
Received Import Request.
  Time since last request: 12.260000 seconds.
  path: Assets/Resources/Throw_Item_Equiped.prefab
  artifactKey: Guid(7b55658020ba833409171f2ed0bbc87a) Importer(815301076,1909f56bfc062723c751e8b465ee728b)
Start importing Assets/Resources/Throw_Item_Equiped.prefab using Guid(7b55658020ba833409171f2ed0bbc87a) Importer(815301076,1909f56bfc062723c751e8b465ee728b) [PhysX] Initialized MultithreadedTaskDispatcher with 20 workers.
[PhysX] Initialized MultithreadedTaskDispatcher with 20 workers.
 -> (artifact id: '8a95f9953fc823b186b466c4247346ec') in 0.013088 seconds
Number of updated asset objects reloaded before import = 0
Number of asset objects unloaded after import = 13
========================================================================
Received Import Request.
  Time since last request: 0.941468 seconds.
  path: Assets/Resources/Throw_Item_Equiped.prefab
  artifactKey: Guid(7b55658020ba833409171f2ed0bbc87a) Importer(815301076,1909f56bfc062723c751e8b465ee728b)
Start importing Assets/Resources/Throw_Item_Equiped.prefab using Guid(7b55658020ba833409171f2ed0bbc87a) Importer(815301076,1909f56bfc062723c751e8b465ee728b) [PhysX] Initialized MultithreadedTaskDispatcher with 20 workers.
[PhysX] Initialized MultithreadedTaskDispatcher with 20 workers.
 -> (artifact id: '228f40d2f8b9fb6bed00b130f0a8afad') in 0.016347 seconds
Number of updated asset objects reloaded before import = 0
Number of asset objects unloaded after import = 13
========================================================================
Received Import Request.
  Time since last request: 17.388587 seconds.
  path: Assets/Resources/Throw_Item_Equiped.prefab
  artifactKey: Guid(7b55658020ba833409171f2ed0bbc87a) Importer(815301076,1909f56bfc062723c751e8b465ee728b)
Start importing Assets/Resources/Throw_Item_Equiped.prefab using Guid(7b55658020ba833409171f2ed0bbc87a) Importer(815301076,1909f56bfc062723c751e8b465ee728b) [PhysX] Initialized MultithreadedTaskDispatcher with 20 workers.
[PhysX] Initialized MultithreadedTaskDispatcher with 20 workers.
 -> (artifact id: 'b63c209a545d238e945be261eda00bd0') in 0.012817 seconds
Number of updated asset objects reloaded before import = 0
Number of asset objects unloaded after import = 14
========================================================================
Received Import Request.
  Time since last request: 13.431383 seconds.
  path: Assets/Resources/Throw_Item_Equiped.prefab
  artifactKey: Guid(7b55658020ba833409171f2ed0bbc87a) Importer(815301076,1909f56bfc062723c751e8b465ee728b)
Start importing Assets/Resources/Throw_Item_Equiped.prefab using Guid(7b55658020ba833409171f2ed0bbc87a) Importer(815301076,1909f56bfc062723c751e8b465ee728b) [PhysX] Initialized MultithreadedTaskDispatcher with 20 workers.
[PhysX] Initialized MultithreadedTaskDispatcher with 20 workers.
 -> (artifact id: '050fb64d9e057343c27a87f4ddf79606') in 0.013881 seconds
Number of updated asset objects reloaded before import = 0
Number of asset objects unloaded after import = 15
========================================================================
Received Import Request.
  Time since last request: 6.670009 seconds.
  path: Assets/Resources/Throw_Item_Equiped.prefab
  artifactKey: Guid(7b55658020ba833409171f2ed0bbc87a) Importer(815301076,1909f56bfc062723c751e8b465ee728b)
Start importing Assets/Resources/Throw_Item_Equiped.prefab using Guid(7b55658020ba833409171f2ed0bbc87a) Importer(815301076,1909f56bfc062723c751e8b465ee728b) [PhysX] Initialized MultithreadedTaskDispatcher with 20 workers.
[PhysX] Initialized MultithreadedTaskDispatcher with 20 workers.
 -> (artifact id: '0131ff58ca1ab577478220e4ca10488a') in 0.012739 seconds
Number of updated asset objects reloaded before import = 0
Number of asset objects unloaded after import = 16
========================================================================
Received Import Request.
  Time since last request: 6.775722 seconds.
  path: Assets/Resources/Throw_Item_Equiped.prefab
  artifactKey: Guid(7b55658020ba833409171f2ed0bbc87a) Importer(815301076,1909f56bfc062723c751e8b465ee728b)
Start importing Assets/Resources/Throw_Item_Equiped.prefab using Guid(7b55658020ba833409171f2ed0bbc87a) Importer(815301076,1909f56bfc062723c751e8b465ee728b) [PhysX] Initialized MultithreadedTaskDispatcher with 20 workers.
[PhysX] Initialized MultithreadedTaskDispatcher with 20 workers.
 -> (artifact id: '1aad94032affd134f1dbba05c9de3c32') in 0.012990 seconds
Number of updated asset objects reloaded before import = 0
Number of asset objects unloaded after import = 16
========================================================================
Received Import Request.
  Time since last request: 13.873553 seconds.
  path: Assets/Resources/Throw_Item_Equiped.prefab
  artifactKey: Guid(7b55658020ba833409171f2ed0bbc87a) Importer(815301076,1909f56bfc062723c751e8b465ee728b)
Start importing Assets/Resources/Throw_Item_Equiped.prefab using Guid(7b55658020ba833409171f2ed0bbc87a) Importer(815301076,1909f56bfc062723c751e8b465ee728b) [PhysX] Initialized MultithreadedTaskDispatcher with 20 workers.
[PhysX] Initialized MultithreadedTaskDispatcher with 20 workers.
 -> (artifact id: 'b5ae051b54c5cfeb41354e2f0993d9a9') in 0.013237 seconds
Number of updated asset objects reloaded before import = 0
Number of asset objects unloaded after import = 16
========================================================================
Received Import Request.
  Time since last request: 12.063994 seconds.
  path: Assets/Resources/Throwing_Item_Prefab.prefab
  artifactKey: Guid(7b55658020ba833409171f2ed0bbc87a) Importer(815301076,1909f56bfc062723c751e8b465ee728b)
Start importing Assets/Resources/Throwing_Item_Prefab.prefab using Guid(7b55658020ba833409171f2ed0bbc87a) Importer(815301076,1909f56bfc062723c751e8b465ee728b) [PhysX] Initialized MultithreadedTaskDispatcher with 20 workers.
[PhysX] Initialized MultithreadedTaskDispatcher with 20 workers.
 -> (artifact id: '240d178ab074ae8d9553b01c78aecb4c') in 0.013360 seconds
Number of updated asset objects reloaded before import = 0
Number of asset objects unloaded after import = 16
========================================================================
Received Import Request.
  Time since last request: 5.755427 seconds.
  path: Assets/Resources/Items/FairyDust_Data.asset
  artifactKey: Guid(056c7459d06fac4469ca32cdb379b8e8) Importer(815301076,1909f56bfc062723c751e8b465ee728b)
Start importing Assets/Resources/Items/FairyDust_Data.asset using Guid(056c7459d06fac4469ca32cdb379b8e8) Importer(815301076,1909f56bfc062723c751e8b465ee728b) [PhysX] Initialized MultithreadedTaskDispatcher with 20 workers.
 -> (artifact id: '81df51ccbc0dc49c967bb41b207dd590') in 0.002118 seconds
Number of updated asset objects reloaded before import = 0
Number of asset objects unloaded after import = 3
========================================================================
Received Import Request.
  Time since last request: 0.008015 seconds.
  path: Assets/Resources/Items/Speed_Item_Prefab.prefab
  artifactKey: Guid(4305b7d10d3bdc34587ae9be97eb3a08) Importer(815301076,1909f56bfc062723c751e8b465ee728b)
Start importing Assets/Resources/Items/Speed_Item_Prefab.prefab using Guid(4305b7d10d3bdc34587ae9be97eb3a08) Importer(815301076,1909f56bfc062723c751e8b465ee728b) [PhysX] Initialized MultithreadedTaskDispatcher with 20 workers.
[PhysX] Initialized MultithreadedTaskDispatcher with 20 workers.
 -> (artifact id: 'ca989e35dfbce5ca52e5ec1f669fbdd3') in 0.019020 seconds
Number of updated asset objects reloaded before import = 0
Number of asset objects unloaded after import = 14
========================================================================
Received Import Request.
  Time since last request: 0.000028 seconds.
  path: Assets/Resources/Items/Throw_Item_Data.asset
  artifactKey: Guid(e6cef50bfe4a19d41886b8400c4ebaec) Importer(815301076,1909f56bfc062723c751e8b465ee728b)
Start importing Assets/Resources/Items/Throw_Item_Data.asset using Guid(e6cef50bfe4a19d41886b8400c4ebaec) Importer(815301076,1909f56bfc062723c751e8b465ee728b) [PhysX] Initialized MultithreadedTaskDispatcher with 20 workers.
 -> (artifact id: '9933c4e816314c31294f6d4c8715ce09') in 0.003007 seconds
Number of updated asset objects reloaded before import = 0
Number of asset objects unloaded after import = 3
========================================================================
Received Import Request.
  Time since last request: 8.684942 seconds.
  path: Assets/Resources/Items/Throw_Item_Equiped.prefab
  artifactKey: Guid(900f520a385572f47a598043b5ded4cc) Importer(815301076,1909f56bfc062723c751e8b465ee728b)
Start importing Assets/Resources/Items/Throw_Item_Equiped.prefab using Guid(900f520a385572f47a598043b5ded4cc) Importer(815301076,1909f56bfc062723c751e8b465ee728b) [PhysX] Initialized MultithreadedTaskDispatcher with 20 workers.
[PhysX] Initialized MultithreadedTaskDispatcher with 20 workers.
 -> (artifact id: 'a7958e5f7f321211599b5b5adcc124b6') in 0.013796 seconds
Number of updated asset objects reloaded before import = 0
Number of asset objects unloaded after import = 13
========================================================================
Received Import Request.
  Time since last request: 4.461184 seconds.
  path: Assets/Jung/Items/Throw_Item_Equiped.prefab
  artifactKey: Guid(2b8eb7d9546331545ae97e4bd86af4fa) Importer(815301076,1909f56bfc062723c751e8b465ee728b)
Start importing Assets/Jung/Items/Throw_Item_Equiped.prefab using Guid(2b8eb7d9546331545ae97e4bd86af4fa) Importer(815301076,1909f56bfc062723c751e8b465ee728b) [PhysX] Initialized MultithreadedTaskDispatcher with 20 workers.
[PhysX] Initialized MultithreadedTaskDispatcher with 20 workers.
 -> (artifact id: 'a19ba4156fd100dfc91c96cba7f112b9') in 0.012877 seconds
Number of updated asset objects reloaded before import = 0
Number of asset objects unloaded after import = 13
========================================================================
Received Import Request.
  Time since last request: 6.344882 seconds.
  path: Assets/Resources/FairyDust_Equiped.prefab
  artifactKey: Guid(e2e854679076fca4580ea11a0b4a6a99) Importer(815301076,1909f56bfc062723c751e8b465ee728b)
Start importing Assets/Resources/FairyDust_Equiped.prefab using Guid(e2e854679076fca4580ea11a0b4a6a99) Importer(815301076,1909f56bfc062723c751e8b465ee728b) [PhysX] Initialized MultithreadedTaskDispatcher with 20 workers.
[PhysX] Initialized MultithreadedTaskDispatcher with 20 workers.
 -> (artifact id: '2bedd64896bd85de9b92c4ab50ba2c2a') in 0.018075 seconds
Number of updated asset objects reloaded before import = 0
Number of asset objects unloaded after import = 9
========================================================================
Received Import Request.
  Time since last request: 0.000530 seconds.
  path: Assets/Resources/Speed_Item_Equiped.prefab
  artifactKey: Guid(7d8811b5f31978d45a1c819b907010a5) Importer(815301076,1909f56bfc062723c751e8b465ee728b)
Start importing Assets/Resources/Speed_Item_Equiped.prefab using Guid(7d8811b5f31978d45a1c819b907010a5) Importer(815301076,1909f56bfc062723c751e8b465ee728b) [PhysX] Initialized MultithreadedTaskDispatcher with 20 workers.
[PhysX] Initialized MultithreadedTaskDispatcher with 20 workers.
 -> (artifact id: '9595b3e10fb337380db79c7ab102eb3e') in 0.011957 seconds
Number of updated asset objects reloaded before import = 0
Number of asset objects unloaded after import = 12
========================================================================
Received Import Request.
  Time since last request: 5.956580 seconds.
  path: Assets/Resources/Items/FairyDust_Equiped.prefab
  artifactKey: Guid(150712daab963b543b03aaeab5bd8758) Importer(815301076,1909f56bfc062723c751e8b465ee728b)
Start importing Assets/Resources/Items/FairyDust_Equiped.prefab using Guid(150712daab963b543b03aaeab5bd8758) Importer(815301076,1909f56bfc062723c751e8b465ee728b) [PhysX] Initialized MultithreadedTaskDispatcher with 20 workers.
[PhysX] Initialized MultithreadedTaskDispatcher with 20 workers.
 -> (artifact id: 'dd7a4ae70e39f647eb42e9b04aa16eb9') in 0.017116 seconds
Number of updated asset objects reloaded before import = 0
Number of asset objects unloaded after import = 9
========================================================================
Received Import Request.
  Time since last request: 0.003883 seconds.
  path: Assets/Resources/Items/Speed_Item_Equiped.prefab
  artifactKey: Guid(8df0accf4954c6248aaaeda3c50534d1) Importer(815301076,1909f56bfc062723c751e8b465ee728b)
Start importing Assets/Resources/Items/Speed_Item_Equiped.prefab using Guid(8df0accf4954c6248aaaeda3c50534d1) Importer(815301076,1909f56bfc062723c751e8b465ee728b) [PhysX] Initialized MultithreadedTaskDispatcher with 20 workers.
[PhysX] Initialized MultithreadedTaskDispatcher with 20 workers.
 -> (artifact id: 'a79c516c310fbf1f72ed2fbb7b93233b') in 0.011400 seconds
Number of updated asset objects reloaded before import = 0
Number of asset objects unloaded after import = 12
========================================================================
Received Import Request.
  Time since last request: 15.228139 seconds.
  path: Assets/Resources/Items/FairyDust_Equiped.prefab
  artifactKey: Guid(150712daab963b543b03aaeab5bd8758) Importer(815301076,1909f56bfc062723c751e8b465ee728b)
Start importing Assets/Resources/Items/FairyDust_Equiped.prefab using Guid(150712daab963b543b03aaeab5bd8758) Importer(815301076,1909f56bfc062723c751e8b465ee728b) [PhysX] Initialized MultithreadedTaskDispatcher with 20 workers.
[PhysX] Initialized MultithreadedTaskDispatcher with 20 workers.
 -> (artifact id: '2def443cfd4ff87f0dfc35fbc9823160') in 0.016862 seconds
Number of updated asset objects reloaded before import = 0
Number of asset objects unloaded after import = 10
========================================================================
Received Import Request.
  Time since last request: 3.383621 seconds.
  path: Assets/Resources/Items/FairyDust_Equiped.prefab
  artifactKey: Guid(150712daab963b543b03aaeab5bd8758) Importer(815301076,1909f56bfc062723c751e8b465ee728b)
Start importing Assets/Resources/Items/FairyDust_Equiped.prefab using Guid(150712daab963b543b03aaeab5bd8758) Importer(815301076,1909f56bfc062723c751e8b465ee728b) [PhysX] Initialized MultithreadedTaskDispatcher with 20 workers.
[PhysX] Initialized MultithreadedTaskDispatcher with 20 workers.
 -> (artifact id: '1ce82e7e7c3306c91371a45dda1ea710') in 0.017232 seconds
Number of updated asset objects reloaded before import = 0
Number of asset objects unloaded after import = 10
========================================================================
Received Import Request.
  Time since last request: 4.165331 seconds.
  path: Assets/Resources/Items/FairyDust_Equiped.prefab
  artifactKey: Guid(150712daab963b543b03aaeab5bd8758) Importer(815301076,1909f56bfc062723c751e8b465ee728b)
Start importing Assets/Resources/Items/FairyDust_Equiped.prefab using Guid(150712daab963b543b03aaeab5bd8758) Importer(815301076,1909f56bfc062723c751e8b465ee728b) [PhysX] Initialized MultithreadedTaskDispatcher with 20 workers.
[PhysX] Initialized MultithreadedTaskDispatcher with 20 workers.
 -> (artifact id: '13ecbab1373d01f2a423642c8decf165') in 0.014948 seconds
Number of updated asset objects reloaded before import = 0
Number of asset objects unloaded after import = 10
========================================================================
Received Import Request.
  Time since last request: 0.859690 seconds.
  path: Assets/Resources/Items/FairyDust_Equiped.prefab
  artifactKey: Guid(150712daab963b543b03aaeab5bd8758) Importer(815301076,1909f56bfc062723c751e8b465ee728b)
Start importing Assets/Resources/Items/FairyDust_Equiped.prefab using Guid(150712daab963b543b03aaeab5bd8758) Importer(815301076,1909f56bfc062723c751e8b465ee728b) [PhysX] Initialized MultithreadedTaskDispatcher with 20 workers.
[PhysX] Initialized MultithreadedTaskDispatcher with 20 workers.
 -> (artifact id: 'e6db3cefa37e7550a003b055495b92f9') in 0.016184 seconds
Number of updated asset objects reloaded before import = 0
Number of asset objects unloaded after import = 10
========================================================================
Received Import Request.
  Time since last request: 2.055039 seconds.
  path: Assets/Resources/Items/FairyDust_Equiped.prefab
  artifactKey: Guid(150712daab963b543b03aaeab5bd8758) Importer(815301076,1909f56bfc062723c751e8b465ee728b)
Start importing Assets/Resources/Items/FairyDust_Equiped.prefab using Guid(150712daab963b543b03aaeab5bd8758) Importer(815301076,1909f56bfc062723c751e8b465ee728b) [PhysX] Initialized MultithreadedTaskDispatcher with 20 workers.
[PhysX] Initialized MultithreadedTaskDispatcher with 20 workers.
 -> (artifact id: '56249414f42dccb52873b91f95980ead') in 0.014297 seconds
Number of updated asset objects reloaded before import = 0
Number of asset objects unloaded after import = 10
========================================================================
Received Import Request.
  Time since last request: 1.212636 seconds.
  path: Assets/Resources/Items/FairyDust_Equiped.prefab
  artifactKey: Guid(150712daab963b543b03aaeab5bd8758) Importer(815301076,1909f56bfc062723c751e8b465ee728b)
Start importing Assets/Resources/Items/FairyDust_Equiped.prefab using Guid(150712daab963b543b03aaeab5bd8758) Importer(815301076,1909f56bfc062723c751e8b465ee728b) [PhysX] Initialized MultithreadedTaskDispatcher with 20 workers.
[PhysX] Initialized MultithreadedTaskDispatcher with 20 workers.
 -> (artifact id: '6bb29df53a06b0ca5fa4f5c500a575d1') in 0.015118 seconds
Number of updated asset objects reloaded before import = 0
Number of asset objects unloaded after import = 10
========================================================================
Received Import Request.
  Time since last request: 1.055414 seconds.
  path: Assets/Resources/Items/FairyDust_Equiped.prefab
  artifactKey: Guid(150712daab963b543b03aaeab5bd8758) Importer(815301076,1909f56bfc062723c751e8b465ee728b)
Start importing Assets/Resources/Items/FairyDust_Equiped.prefab using Guid(150712daab963b543b03aaeab5bd8758) Importer(815301076,1909f56bfc062723c751e8b465ee728b) [PhysX] Initialized MultithreadedTaskDispatcher with 20 workers.
[PhysX] Initialized MultithreadedTaskDispatcher with 20 workers.
 -> (artifact id: '3e2632b9cdafc1ddde65a4b48189672c') in 0.016970 seconds
Number of updated asset objects reloaded before import = 0
Number of asset objects unloaded after import = 10
========================================================================
Received Import Request.
  Time since last request: 11.450658 seconds.
  path: Assets/Resources/Items/FairyDust_Equiped.prefab
  artifactKey: Guid(150712daab963b543b03aaeab5bd8758) Importer(815301076,1909f56bfc062723c751e8b465ee728b)
Start importing Assets/Resources/Items/FairyDust_Equiped.prefab using Guid(150712daab963b543b03aaeab5bd8758) Importer(815301076,1909f56bfc062723c751e8b465ee728b) [PhysX] Initialized MultithreadedTaskDispatcher with 20 workers.
[PhysX] Initialized MultithreadedTaskDispatcher with 20 workers.
 -> (artifact id: 'de1c9edcf8541e5963705330c4bba080') in 0.015785 seconds
Number of updated asset objects reloaded before import = 0
Number of asset objects unloaded after import = 12
========================================================================
Received Import Request.
  Time since last request: 8.018021 seconds.
  path: Assets/Resources/Items/FairyDust_Equiped.prefab
  artifactKey: Guid(150712daab963b543b03aaeab5bd8758) Importer(815301076,1909f56bfc062723c751e8b465ee728b)
Start importing Assets/Resources/Items/FairyDust_Equiped.prefab using Guid(150712daab963b543b03aaeab5bd8758) Importer(815301076,1909f56bfc062723c751e8b465ee728b) [PhysX] Initialized MultithreadedTaskDispatcher with 20 workers.
[PhysX] Initialized MultithreadedTaskDispatcher with 20 workers.
 -> (artifact id: 'af909a49e49731a26ef56ea4eac53f20') in 0.015571 seconds
Number of updated asset objects reloaded before import = 0
Number of asset objects unloaded after import = 12
========================================================================
Received Import Request.
  Time since last request: 7.363321 seconds.
  path: Assets/Resources/Items/FairyDust_Equiped.prefab
  artifactKey: Guid(150712daab963b543b03aaeab5bd8758) Importer(815301076,1909f56bfc062723c751e8b465ee728b)
Start importing Assets/Resources/Items/FairyDust_Equiped.prefab using Guid(150712daab963b543b03aaeab5bd8758) Importer(815301076,1909f56bfc062723c751e8b465ee728b) [PhysX] Initialized MultithreadedTaskDispatcher with 20 workers.
[PhysX] Initialized MultithreadedTaskDispatcher with 20 workers.
 -> (artifact id: '642b1f40a247da6826949fe64000f3a6') in 0.016117 seconds
Number of updated asset objects reloaded before import = 0
Number of asset objects unloaded after import = 13
========================================================================
Received Import Request.
  Time since last request: 26.950661 seconds.
  path: Assets/Resources/Items/FairyDust_Equiped.prefab
  artifactKey: Guid(150712daab963b543b03aaeab5bd8758) Importer(815301076,1909f56bfc062723c751e8b465ee728b)
Start importing Assets/Resources/Items/FairyDust_Equiped.prefab using Guid(150712daab963b543b03aaeab5bd8758) Importer(815301076,1909f56bfc062723c751e8b465ee728b) [PhysX] Initialized MultithreadedTaskDispatcher with 20 workers.
[PhysX] Initialized MultithreadedTaskDispatcher with 20 workers.
 -> (artifact id: 'ccc45758376976619c882a9f35c20ee0') in 0.018107 seconds
Number of updated asset objects reloaded before import = 0
Number of asset objects unloaded after import = 17
========================================================================
Received Import Request.
  Time since last request: 50.149146 seconds.
  path: Assets/Resources/Items/FairyDust_Data.asset
  artifactKey: Guid(056c7459d06fac4469ca32cdb379b8e8) Importer(815301076,1909f56bfc062723c751e8b465ee728b)
Start importing Assets/Resources/Items/FairyDust_Data.asset using Guid(056c7459d06fac4469ca32cdb379b8e8) Importer(815301076,1909f56bfc062723c751e8b465ee728b) [PhysX] Initialized MultithreadedTaskDispatcher with 20 workers.
 -> (artifact id: '6a5b3027be80d85aaee94121f9ab3102') in 0.003466 seconds
Number of updated asset objects reloaded before import = 0
Number of asset objects unloaded after import = 9
========================================================================
Received Import Request.
  Time since last request: 8.583175 seconds.
  path: Assets/Resources/reindeerPrefab.prefab
  artifactKey: Guid(6dd61fb93d44f264d88d31c09ad95d94) Importer(815301076,1909f56bfc062723c751e8b465ee728b)
Start importing Assets/Resources/reindeerPrefab.prefab using Guid(6dd61fb93d44f264d88d31c09ad95d94) Importer(815301076,1909f56bfc062723c751e8b465ee728b) [PhysX] Initialized MultithreadedTaskDispatcher with 20 workers.
[PhysX] Initialized MultithreadedTaskDispatcher with 20 workers.
 -> (artifact id: 'ad681d4e8f4bc2e88dfb64615548a3f0') in 0.094549 seconds
Number of updated asset objects reloaded before import = 0
Number of asset objects unloaded after import = 833
========================================================================
Received Import Request.
  Time since last request: 1.035327 seconds.
  path: Assets/Resources/Items/FairyDust_Equiped.prefab
  artifactKey: Guid(150712daab963b543b03aaeab5bd8758) Importer(815301076,1909f56bfc062723c751e8b465ee728b)
Start importing Assets/Resources/Items/FairyDust_Equiped.prefab using Guid(150712daab963b543b03aaeab5bd8758) Importer(815301076,1909f56bfc062723c751e8b465ee728b) [PhysX] Initialized MultithreadedTaskDispatcher with 20 workers.
[PhysX] Initialized MultithreadedTaskDispatcher with 20 workers.
 -> (artifact id: 'ee0106a9ec75441ebf89a1aea9011b17') in 0.023398 seconds
Number of updated asset objects reloaded before import = 0
Number of asset objects unloaded after import = 22
========================================================================
Received Import Request.
  Time since last request: 14.986700 seconds.
  path: Assets/Resources/Items/Speed_Item_Data.asset
  artifactKey: Guid(e0eb005d879c4524792de5ba258903f8) Importer(815301076,1909f56bfc062723c751e8b465ee728b)
Start importing Assets/Resources/Items/Speed_Item_Data.asset using Guid(e0eb005d879c4524792de5ba258903f8) Importer(815301076,1909f56bfc062723c751e8b465ee728b) [PhysX] Initialized MultithreadedTaskDispatcher with 20 workers.
 -> (artifact id: '28c9b09efd893c4d96f95a5acf3c56a6') in 0.002976 seconds
Number of updated asset objects reloaded before import = 0
Number of asset objects unloaded after import = 10
========================================================================
Received Import Request.
  Time since last request: 7.609225 seconds.
  path: Assets/Resources/Items/Speed_Item_Prefab.prefab
  artifactKey: Guid(4305b7d10d3bdc34587ae9be97eb3a08) Importer(815301076,1909f56bfc062723c751e8b465ee728b)
Start importing Assets/Resources/Items/Speed_Item_Prefab.prefab using Guid(4305b7d10d3bdc34587ae9be97eb3a08) Importer(815301076,1909f56bfc062723c751e8b465ee728b) [PhysX] Initialized MultithreadedTaskDispatcher with 20 workers.
[PhysX] Initialized MultithreadedTaskDispatcher with 20 workers.
 -> (artifact id: '216901502db3fdefb34620bbab61c9f8') in 0.015759 seconds
Number of updated asset objects reloaded before import = 0
Number of asset objects unloaded after import = 25
========================================================================
Received Import Request.
  Time since last request: 74.785758 seconds.
  path: Assets/Jung/Items/Item_Effects/Throw_Projectile_Effect.asset
  artifactKey: Guid(9ade8204f876c314199049c1df0b6c71) Importer(815301076,1909f56bfc062723c751e8b465ee728b)
Start importing Assets/Jung/Items/Item_Effects/Throw_Projectile_Effect.asset using Guid(9ade8204f876c314199049c1df0b6c71) Importer(815301076,1909f56bfc062723c751e8b465ee728b) [PhysX] Initialized MultithreadedTaskDispatcher with 20 workers.
 -> (artifact id: 'b3b9d16b6688595afe2f49861c2d83f8') in 0.002902 seconds
Number of updated asset objects reloaded before import = 0
Number of asset objects unloaded after import = 11
========================================================================
Received Import Request.
  Time since last request: 1.494458 seconds.
  path: Assets/Resources/Items/Throw_Item_Data.asset
  artifactKey: Guid(e6cef50bfe4a19d41886b8400c4ebaec) Importer(815301076,1909f56bfc062723c751e8b465ee728b)
Start importing Assets/Resources/Items/Throw_Item_Data.asset using Guid(e6cef50bfe4a19d41886b8400c4ebaec) Importer(815301076,1909f56bfc062723c751e8b465ee728b) [PhysX] Initialized MultithreadedTaskDispatcher with 20 workers.
 -> (artifact id: 'f9fc8df2adf52270b4dea39519896b0c') in 0.004978 seconds
Number of updated asset objects reloaded before import = 0
Number of asset objects unloaded after import = 19
========================================================================
Received Import Request.
  Time since last request: 17.636952 seconds.
  path: Assets/Resources/Items/Speed_Item_Equiped.prefab
  artifactKey: Guid(8df0accf4954c6248aaaeda3c50534d1) Importer(815301076,1909f56bfc062723c751e8b465ee728b)
Start importing Assets/Resources/Items/Speed_Item_Equiped.prefab using Guid(8df0accf4954c6248aaaeda3c50534d1) Importer(815301076,1909f56bfc062723c751e8b465ee728b) [PhysX] Initialized MultithreadedTaskDispatcher with 20 workers.
[PhysX] Initialized MultithreadedTaskDispatcher with 20 workers.
 -> (artifact id: '2dff6eafa661f5f1a6ec727b16891bb7') in 0.012292 seconds
Number of updated asset objects reloaded before import = 0
Number of asset objects unloaded after import = 12
========================================================================
Received Import Request.
  Time since last request: 1.543031 seconds.
  path: Assets/Resources/Items/Speed_Item_Equiped.prefab
  artifactKey: Guid(8df0accf4954c6248aaaeda3c50534d1) Importer(815301076,1909f56bfc062723c751e8b465ee728b)
Start importing Assets/Resources/Items/Speed_Item_Equiped.prefab using Guid(8df0accf4954c6248aaaeda3c50534d1) Importer(815301076,1909f56bfc062723c751e8b465ee728b) [PhysX] Initialized MultithreadedTaskDispatcher with 20 workers.
[PhysX] Initialized MultithreadedTaskDispatcher with 20 workers.
 -> (artifact id: 'd6be12aa5e66f66a95147e5a785fbc2d') in 0.011243 seconds
Number of updated asset objects reloaded before import = 0
Number of asset objects unloaded after import = 12
========================================================================
Received Import Request.
  Time since last request: 9.238528 seconds.
  path: Assets/Resources/Items/Speed_Item_Equiped.prefab
  artifactKey: Guid(8df0accf4954c6248aaaeda3c50534d1) Importer(815301076,1909f56bfc062723c751e8b465ee728b)
Start importing Assets/Resources/Items/Speed_Item_Equiped.prefab using Guid(8df0accf4954c6248aaaeda3c50534d1) Importer(815301076,1909f56bfc062723c751e8b465ee728b) [PhysX] Initialized MultithreadedTaskDispatcher with 20 workers.
[PhysX] Initialized MultithreadedTaskDispatcher with 20 workers.
 -> (artifact id: 'bb44d62de527d9a7f826bc958551faf6') in 0.012520 seconds
Number of updated asset objects reloaded before import = 0
Number of asset objects unloaded after import = 14
========================================================================
Received Import Request.
  Time since last request: 2.262387 seconds.
  path: Assets/Resources/Items/Speed_Item_Equiped.prefab
  artifactKey: Guid(8df0accf4954c6248aaaeda3c50534d1) Importer(815301076,1909f56bfc062723c751e8b465ee728b)
Start importing Assets/Resources/Items/Speed_Item_Equiped.prefab using Guid(8df0accf4954c6248aaaeda3c50534d1) Importer(815301076,1909f56bfc062723c751e8b465ee728b) [PhysX] Initialized MultithreadedTaskDispatcher with 20 workers.
[PhysX] Initialized MultithreadedTaskDispatcher with 20 workers.
 -> (artifact id: 'ff54af07df37692818baf68bdf73daa3') in 0.012496 seconds
Number of updated asset objects reloaded before import = 0
Number of asset objects unloaded after import = 15
========================================================================
Received Import Request.
  Time since last request: 8.829788 seconds.
  path: Assets/Resources/Items/Speed_Item_Equiped.prefab
  artifactKey: Guid(8df0accf4954c6248aaaeda3c50534d1) Importer(815301076,1909f56bfc062723c751e8b465ee728b)
Start importing Assets/Resources/Items/Speed_Item_Equiped.prefab using Guid(8df0accf4954c6248aaaeda3c50534d1) Importer(815301076,1909f56bfc062723c751e8b465ee728b) [PhysX] Initialized MultithreadedTaskDispatcher with 20 workers.
[PhysX] Initialized MultithreadedTaskDispatcher with 20 workers.
 -> (artifact id: 'cc8c65355015c6a1e2cb0db87eb6effd') in 0.014497 seconds
Number of updated asset objects reloaded before import = 0
Number of asset objects unloaded after import = 25
========================================================================
Received Import Request.
  Time since last request: 5.516603 seconds.
  path: Assets/Resources/Items/Speed_Item_Prefab.prefab
  artifactKey: Guid(8df0accf4954c6248aaaeda3c50534d1) Importer(815301076,1909f56bfc062723c751e8b465ee728b)
Start importing Assets/Resources/Items/Speed_Item_Prefab.prefab using Guid(8df0accf4954c6248aaaeda3c50534d1) Importer(815301076,1909f56bfc062723c751e8b465ee728b) [PhysX] Initialized MultithreadedTaskDispatcher with 20 workers.
[PhysX] Initialized MultithreadedTaskDispatcher with 20 workers.
 -> (artifact id: '38dcf0eef6c688ab809b0af2e30f41e3') in 0.015179 seconds
Number of updated asset objects reloaded before import = 0
Number of asset objects unloaded after import = 25
========================================================================
Received Import Request.
  Time since last request: 9.418399 seconds.
  path: Assets/Resources/Items/Throw_Item_Equiped.prefab
  artifactKey: Guid(900f520a385572f47a598043b5ded4cc) Importer(815301076,1909f56bfc062723c751e8b465ee728b)
Start importing Assets/Resources/Items/Throw_Item_Equiped.prefab using Guid(900f520a385572f47a598043b5ded4cc) Importer(815301076,1909f56bfc062723c751e8b465ee728b) [PhysX] Initialized MultithreadedTaskDispatcher with 20 workers.
[PhysX] Initialized MultithreadedTaskDispatcher with 20 workers.
 -> (artifact id: 'fe0c2057477c131f49c0e9881f1ec4ac') in 0.012326 seconds
Number of updated asset objects reloaded before import = 0
Number of asset objects unloaded after import = 13
========================================================================
Received Import Request.
  Time since last request: 8.222234 seconds.
  path: Assets/Resources/Items/Throw_Item_Equiped.prefab
  artifactKey: Guid(900f520a385572f47a598043b5ded4cc) Importer(815301076,1909f56bfc062723c751e8b465ee728b)
Start importing Assets/Resources/Items/Throw_Item_Equiped.prefab using Guid(900f520a385572f47a598043b5ded4cc) Importer(815301076,1909f56bfc062723c751e8b465ee728b) [PhysX] Initialized MultithreadedTaskDispatcher with 20 workers.
[PhysX] Initialized MultithreadedTaskDispatcher with 20 workers.
 -> (artifact id: '7c91e1e891a0c78d81fe7b908404ce2a') in 0.012716 seconds
Number of updated asset objects reloaded before import = 0
Number of asset objects unloaded after import = 15
========================================================================
Received Import Request.
  Time since last request: 4.969114 seconds.
  path: Assets/Resources/Items/Throw_Item_Equiped.prefab
  artifactKey: Guid(900f520a385572f47a598043b5ded4cc) Importer(815301076,1909f56bfc062723c751e8b465ee728b)
Start importing Assets/Resources/Items/Throw_Item_Equiped.prefab using Guid(900f520a385572f47a598043b5ded4cc) Importer(815301076,1909f56bfc062723c751e8b465ee728b) [PhysX] Initialized MultithreadedTaskDispatcher with 20 workers.
[PhysX] Initialized MultithreadedTaskDispatcher with 20 workers.
 -> (artifact id: '2bd92772692ca5e7118abba3ace9e012') in 0.013408 seconds
Number of updated asset objects reloaded before import = 0
Number of asset objects unloaded after import = 16
========================================================================
Received Import Request.
  Time since last request: 11.298566 seconds.
  path: Assets/Resources/Items/Throw_Item_Equiped.prefab
  artifactKey: Guid(900f520a385572f47a598043b5ded4cc) Importer(815301076,1909f56bfc062723c751e8b465ee728b)
Start importing Assets/Resources/Items/Throw_Item_Equiped.prefab using Guid(900f520a385572f47a598043b5ded4cc) Importer(815301076,1909f56bfc062723c751e8b465ee728b) [PhysX] Initialized MultithreadedTaskDispatcher with 20 workers.
[PhysX] Initialized MultithreadedTaskDispatcher with 20 workers.
 -> (artifact id: '2cef84c5a432afb77e0832fb54cef7d4') in 0.016888 seconds
Number of updated asset objects reloaded before import = 0
Number of asset objects unloaded after import = 35
========================================================================
Received Import Request.
  Time since last request: 5.796270 seconds.
  path: Assets/Resources/Items/Throw_Item_Prefab.prefab
  artifactKey: Guid(900f520a385572f47a598043b5ded4cc) Importer(815301076,1909f56bfc062723c751e8b465ee728b)
Start importing Assets/Resources/Items/Throw_Item_Prefab.prefab using Guid(900f520a385572f47a598043b5ded4cc) Importer(815301076,1909f56bfc062723c751e8b465ee728b) [PhysX] Initialized MultithreadedTaskDispatcher with 20 workers.
[PhysX] Initialized MultithreadedTaskDispatcher with 20 workers.
 -> (artifact id: '3e915afe870297e5539922ce1093355d') in 0.016287 seconds
Number of updated asset objects reloaded before import = 0
Number of asset objects unloaded after import = 35
========================================================================
Received Import Request.
  Time since last request: 12.441676 seconds.
  path: Assets/Scenes/Santa.unity
  artifactKey: Guid(5dad281f1498fdd418244f466d51754a) Importer(815301076,1909f56bfc062723c751e8b465ee728b)
Start importing Assets/Scenes/Santa.unity using Guid(5dad281f1498fdd418244f466d51754a) Importer(815301076,1909f56bfc062723c751e8b465ee728b) [PhysX] Initialized MultithreadedTaskDispatcher with 20 workers.
 -> (artifact id: '416447399735bbadb364d447e8b0382f') in 0.000714 seconds
Number of updated asset objects reloaded before import = 0
Number of asset objects unloaded after import = 0
========================================================================
Received Import Request.
  Time since last request: 52.468924 seconds.
  path: Assets/huisu/New Folder/Assembly_Building_House_A_Fantasy.prefab
  artifactKey: Guid(e3db0b31b11ca0b418b30e3c7b2acba8) Importer(815301076,1909f56bfc062723c751e8b465ee728b)
Start importing Assets/huisu/New Folder/Assembly_Building_House_A_Fantasy.prefab using Guid(e3db0b31b11ca0b418b30e3c7b2acba8) Importer(815301076,1909f56bfc062723c751e8b465ee728b) [PhysX] Initialized MultithreadedTaskDispatcher with 20 workers.
[PhysX] Initialized MultithreadedTaskDispatcher with 20 workers.
 -> (artifact id: '2466f27b1bbc8afee52e35b5637fe61c') in 0.308969 seconds
Number of updated asset objects reloaded before import = 0
Number of asset objects unloaded after import = 2714
========================================================================
Received Import Request.
  Time since last request: 0.000025 seconds.
  path: Assets/huisu/New Folder/Assembly_House_Base_B_Fantasy (2).prefab
  artifactKey: Guid(82d79db5c9e5ea846b958dfc2f6676d2) Importer(815301076,1909f56bfc062723c751e8b465ee728b)
Start importing Assets/huisu/New Folder/Assembly_House_Base_B_Fantasy (2).prefab using Guid(82d79db5c9e5ea846b958dfc2f6676d2) Importer(815301076,1909f56bfc062723c751e8b465ee728b) [PhysX] Initialized MultithreadedTaskDispatcher with 20 workers.
[PhysX] Initialized MultithreadedTaskDispatcher with 20 workers.
 -> (artifact id: 'd3cc1329b5d6ab9970cd9f097f776cbe') in 0.152136 seconds
Number of updated asset objects reloaded before import = 0
Number of asset objects unloaded after import = 1663
========================================================================
Received Import Request.
  Time since last request: 0.000036 seconds.
  path: Assets/huisu/New Folder/Assembly_House_Base_A_Fantasy (5).prefab
  artifactKey: Guid(a5630c1bd4c75bb43a6c8eeee9097e78) Importer(815301076,1909f56bfc062723c751e8b465ee728b)
Start importing Assets/huisu/New Folder/Assembly_House_Base_A_Fantasy (5).prefab using Guid(a5630c1bd4c75bb43a6c8eeee9097e78) Importer(815301076,1909f56bfc062723c751e8b465ee728b) [PhysX] Initialized MultithreadedTaskDispatcher with 20 workers.
[PhysX] Initialized MultithreadedTaskDispatcher with 20 workers.
 -> (artifact id: 'c1bb56a5dc189afb83628b153ae193be') in 0.124735 seconds
Number of updated asset objects reloaded before import = 0
Number of asset objects unloaded after import = 1391
========================================================================
Received Import Request.
  Time since last request: 0.000025 seconds.
  path: Assets/huisu/New Folder/Assembly_House_Village_C_Fantasy (2).prefab
  artifactKey: Guid(8b2f66f1bf9633244a0dd45359bb6af4) Importer(815301076,1909f56bfc062723c751e8b465ee728b)
Start importing Assets/huisu/New Folder/Assembly_House_Village_C_Fantasy (2).prefab using Guid(8b2f66f1bf9633244a0dd45359bb6af4) Importer(815301076,1909f56bfc062723c751e8b465ee728b) [PhysX] Initialized MultithreadedTaskDispatcher with 20 workers.
[PhysX] Initialized MultithreadedTaskDispatcher with 20 workers.
 -> (artifact id: '956f5b45eea28ac1c257fd2687584559') in 0.250800 seconds
Number of updated asset objects reloaded before import = 0
Number of asset objects unloaded after import = 6022
========================================================================
Received Import Request.
  Time since last request: 0.000025 seconds.
  path: Assets/huisu/New Folder/Assembly_Building_House_E_Fantasy.prefab
  artifactKey: Guid(f5e0649b6a0624944bf8fc6591958798) Importer(815301076,1909f56bfc062723c751e8b465ee728b)
Start importing Assets/huisu/New Folder/Assembly_Building_House_E_Fantasy.prefab using Guid(f5e0649b6a0624944bf8fc6591958798) Importer(815301076,1909f56bfc062723c751e8b465ee728b) [PhysX] Initialized MultithreadedTaskDispatcher with 20 workers.
[PhysX] Initialized MultithreadedTaskDispatcher with 20 workers.
 -> (artifact id: '5bfdfed9bd899f569898e54c74fe34bd') in 0.214153 seconds
Number of updated asset objects reloaded before import = 0
Number of asset objects unloaded after import = 5175
========================================================================
Received Import Request.
  Time since last request: 0.000038 seconds.
  path: Assets/polyperfect/Poly Universal Pack/- Prefabs/Steampunk/Bench_Wooden_Curve_Long.prefab
  artifactKey: Guid(b66c4d703a26679479e29d688593749c) Importer(815301076,1909f56bfc062723c751e8b465ee728b)
Start importing Assets/polyperfect/Poly Universal Pack/- Prefabs/Steampunk/Bench_Wooden_Curve_Long.prefab using Guid(b66c4d703a26679479e29d688593749c) Importer(815301076,1909f56bfc062723c751e8b465ee728b) [PhysX] Initialized MultithreadedTaskDispatcher with 20 workers.
[PhysX] Initialized MultithreadedTaskDispatcher with 20 workers.
 -> (artifact id: 'ca1b4c5f9615ac167acb11c4158b6e10') in 0.024313 seconds
Number of updated asset objects reloaded before import = 0
Number of asset objects unloaded after import = 12
========================================================================
Received Import Request.
  Time since last request: 0.000018 seconds.
  path: Assets/polyperfect/Poly Universal Pack/- Prefabs/Fantasy/Spice Fantasy/Bowls_Metal_Hanging_Spice_Fantasy.prefab
  artifactKey: Guid(800ecfee24f0c2c419ad0b8d0f154c24) Importer(815301076,1909f56bfc062723c751e8b465ee728b)
Start importing Assets/polyperfect/Poly Universal Pack/- Prefabs/Fantasy/Spice Fantasy/Bowls_Metal_Hanging_Spice_Fantasy.prefab using Guid(800ecfee24f0c2c419ad0b8d0f154c24) Importer(815301076,1909f56bfc062723c751e8b465ee728b) [PhysX] Initialized MultithreadedTaskDispatcher with 20 workers.
[PhysX] Initialized MultithreadedTaskDispatcher with 20 workers.
 -> (artifact id: 'b337b5060d1bad59b36f297d7ef3abb1') in 0.024736 seconds
Number of updated asset objects reloaded before import = 0
Number of asset objects unloaded after import = 12
========================================================================
Received Import Request.
  Time since last request: 0.000019 seconds.
  path: Assets/huisu/New Folder/Assembly_House_Base_A_Fantasy.prefab
  artifactKey: Guid(d7b18c1fd0c1b9f4293eb217761566e9) Importer(815301076,1909f56bfc062723c751e8b465ee728b)
Start importing Assets/huisu/New Folder/Assembly_House_Base_A_Fantasy.prefab using Guid(d7b18c1fd0c1b9f4293eb217761566e9) Importer(815301076,1909f56bfc062723c751e8b465ee728b) [PhysX] Initialized MultithreadedTaskDispatcher with 20 workers.
[PhysX] Initialized MultithreadedTaskDispatcher with 20 workers.
 -> (artifact id: '49602a4c3d0f4dec21927de37deea62a') in 0.128435 seconds
Number of updated asset objects reloaded before import = 0
Number of asset objects unloaded after import = 1391
========================================================================
Received Import Request.
  Time since last request: 0.000031 seconds.
  path: Assets/polyperfect/Poly Universal Pack/- Prefabs/Fantasy/Alchemy Fantasy/Bag_Small_Spices_B.prefab
  artifactKey: Guid(fe754cdc375e6644fbde1448d1941040) Importer(815301076,1909f56bfc062723c751e8b465ee728b)
Start importing Assets/polyperfect/Poly Universal Pack/- Prefabs/Fantasy/Alchemy Fantasy/Bag_Small_Spices_B.prefab using Guid(fe754cdc375e6644fbde1448d1941040) Importer(815301076,1909f56bfc062723c751e8b465ee728b) [PhysX] Initialized MultithreadedTaskDispatcher with 20 workers.
[PhysX] Initialized MultithreadedTaskDispatcher with 20 workers.
 -> (artifact id: '5af79cdc502aa0cee3d9da6da4bae042') in 0.025114 seconds
Number of updated asset objects reloaded before import = 0
Number of asset objects unloaded after import = 12
========================================================================
Received Import Request.
  Time since last request: 0.000019 seconds.
  path: Assets/huisu/New Folder/Assembly_House_Annex_Bottom_D_Fantasy.prefab
  artifactKey: Guid(8cf205ebc35712042bbef8ebb01d7ccc) Importer(815301076,1909f56bfc062723c751e8b465ee728b)
Start importing Assets/huisu/New Folder/Assembly_House_Annex_Bottom_D_Fantasy.prefab using Guid(8cf205ebc35712042bbef8ebb01d7ccc) Importer(815301076,1909f56bfc062723c751e8b465ee728b) [PhysX] Initialized MultithreadedTaskDispatcher with 20 workers.
[PhysX] Initialized MultithreadedTaskDispatcher with 20 workers.
 -> (artifact id: '8ee404eb28bd6d711958806bdeaddead') in 0.107586 seconds
Number of updated asset objects reloaded before import = 0
Number of asset objects unloaded after import = 221
========================================================================
Received Import Request.
  Time since last request: 0.000045 seconds.
  path: Assets/polyperfect/Poly Universal Pack/- Prefabs/Fantasy/Spice Fantasy/Bag_Tied_Small_Spice.prefab
  artifactKey: Guid(5782f1cb9ca44d543bac98bfe4700aea) Importer(815301076,1909f56bfc062723c751e8b465ee728b)
Start importing Assets/polyperfect/Poly Universal Pack/- Prefabs/Fantasy/Spice Fantasy/Bag_Tied_Small_Spice.prefab using Guid(5782f1cb9ca44d543bac98bfe4700aea) Importer(815301076,1909f56bfc062723c751e8b465ee728b) [PhysX] Initialized MultithreadedTaskDispatcher with 20 workers.
[PhysX] Initialized MultithreadedTaskDispatcher with 20 workers.
 -> (artifact id: '10ec837a34cb0b0d264227144ec42871') in 0.025575 seconds
Number of updated asset objects reloaded before import = 0
Number of asset objects unloaded after import = 12
========================================================================
Received Import Request.
  Time since last request: 0.000017 seconds.
  path: Assets/huisu/New Folder/Assembly_Building_House_B_Fantasy (4).prefab
  artifactKey: Guid(e216257cbdce3a544bc65345932019e8) Importer(815301076,1909f56bfc062723c751e8b465ee728b)
Start importing Assets/huisu/New Folder/Assembly_Building_House_B_Fantasy (4).prefab using Guid(e216257cbdce3a544bc65345932019e8) Importer(815301076,1909f56bfc062723c751e8b465ee728b) [PhysX] Initialized MultithreadedTaskDispatcher with 20 workers.
[PhysX] Initialized MultithreadedTaskDispatcher with 20 workers.
 -> (artifact id: '08831b08a8b17a319001b49634ee609a') in 0.199424 seconds
Number of updated asset objects reloaded before import = 0
Number of asset objects unloaded after import = 4405
========================================================================
Received Import Request.
  Time since last request: 0.000035 seconds.
  path: Assets/huisu/New Folder/Assembly_Building_House_A_Fantasy (5).prefab
  artifactKey: Guid(dbd12fd72295df449a146b86b35edccd) Importer(815301076,1909f56bfc062723c751e8b465ee728b)
Start importing Assets/huisu/New Folder/Assembly_Building_House_A_Fantasy (5).prefab using Guid(dbd12fd72295df449a146b86b35edccd) Importer(815301076,1909f56bfc062723c751e8b465ee728b) [PhysX] Initialized MultithreadedTaskDispatcher with 20 workers.
[PhysX] Initialized MultithreadedTaskDispatcher with 20 workers.
 -> (artifact id: 'c0f16c902c1f1aa10e9b0e1d12d750bb') in 0.202514 seconds
Number of updated asset objects reloaded before import = 0
Number of asset objects unloaded after import = 2619
========================================================================
Received Import Request.
  Time since last request: 0.000034 seconds.
  path: Assets/huisu/New Folder/Assembly_House_Tower_Small_Fantasy (1).prefab
  artifactKey: Guid(7dd5f200b58046245a939fb1ce6ecc57) Importer(815301076,1909f56bfc062723c751e8b465ee728b)
Start importing Assets/huisu/New Folder/Assembly_House_Tower_Small_Fantasy (1).prefab using Guid(7dd5f200b58046245a939fb1ce6ecc57) Importer(815301076,1909f56bfc062723c751e8b465ee728b) [PhysX] Initialized MultithreadedTaskDispatcher with 20 workers.
[PhysX] Initialized MultithreadedTaskDispatcher with 20 workers.
 -> (artifact id: '318fef3dcdf7c2b32ac637d2af373ba7') in 0.075227 seconds
Number of updated asset objects reloaded before import = 0
Number of asset objects unloaded after import = 577
========================================================================
Received Import Request.
  Time since last request: 0.000029 seconds.
  path: Assets/polyperfect/Poly Universal Pack/- Prefabs/Fantasy/Furniture Fantasy/Battlemap_Figurine_Snake_Fantasy.prefab
  artifactKey: Guid(e203f8cc71deb184aa73fab6d6e19607) Importer(815301076,1909f56bfc062723c751e8b465ee728b)
Start importing Assets/polyperfect/Poly Universal Pack/- Prefabs/Fantasy/Furniture Fantasy/Battlemap_Figurine_Snake_Fantasy.prefab using Guid(e203f8cc71deb184aa73fab6d6e19607) Importer(815301076,1909f56bfc062723c751e8b465ee728b) [PhysX] Initialized MultithreadedTaskDispatcher with 20 workers.
[PhysX] Initialized MultithreadedTaskDispatcher with 20 workers.
 -> (artifact id: '198a57b256e5ff85b47137771f83a80a') in 0.023865 seconds
Number of updated asset objects reloaded before import = 0
Number of asset objects unloaded after import = 12
========================================================================
Received Import Request.
  Time since last request: 0.000040 seconds.
  path: Assets/polyperfect/Poly Universal Pack/- Prefabs/Valentine/Bottle_Champagne_Open_Cork_Valentine.prefab
  artifactKey: Guid(f6fdedbbba484a342af674116edd6f9e) Importer(815301076,1909f56bfc062723c751e8b465ee728b)
Start importing Assets/polyperfect/Poly Universal Pack/- Prefabs/Valentine/Bottle_Champagne_Open_Cork_Valentine.prefab using Guid(f6fdedbbba484a342af674116edd6f9e) Importer(815301076,1909f56bfc062723c751e8b465ee728b) [PhysX] Initialized MultithreadedTaskDispatcher with 20 workers.
[PhysX] Initialized MultithreadedTaskDispatcher with 20 workers.
 -> (artifact id: 'b6dd015ce73bc8fa889f1b0277280c55') in 0.023159 seconds
Number of updated asset objects reloaded before import = 0
Number of asset objects unloaded after import = 13
========================================================================
Received Import Request.
  Time since last request: 0.000022 seconds.
  path: Assets/huisu/New Folder/Assembly_Building_House_A_Fantasy (2).prefab
  artifactKey: Guid(1dca19cb0b8dfd94da172ee0c7ecf45a) Importer(815301076,1909f56bfc062723c751e8b465ee728b)
Start importing Assets/huisu/New Folder/Assembly_Building_House_A_Fantasy (2).prefab using Guid(1dca19cb0b8dfd94da172ee0c7ecf45a) Importer(815301076,1909f56bfc062723c751e8b465ee728b) [PhysX] Initialized MultithreadedTaskDispatcher with 20 workers.
[PhysX] Initialized MultithreadedTaskDispatcher with 20 workers.
 -> (artifact id: '3d0c75389bae7292996de1fd79dd9a8c') in 0.205203 seconds
Number of updated asset objects reloaded before import = 0
Number of asset objects unloaded after import = 2714
========================================================================
Received Import Request.
  Time since last request: 0.000026 seconds.
  path: Assets/polyperfect/Poly Universal Pack/- Prefabs/Fantasy/Spice Fantasy/Bag_Spice_Opened_Full_Fantasy.prefab
  artifactKey: Guid(59337e99a437f4a42aacdccf251eca4e) Importer(815301076,1909f56bfc062723c751e8b465ee728b)
Start importing Assets/polyperfect/Poly Universal Pack/- Prefabs/Fantasy/Spice Fantasy/Bag_Spice_Opened_Full_Fantasy.prefab using Guid(59337e99a437f4a42aacdccf251eca4e) Importer(815301076,1909f56bfc062723c751e8b465ee728b) [PhysX] Initialized MultithreadedTaskDispatcher with 20 workers.
[PhysX] Initialized MultithreadedTaskDispatcher with 20 workers.
 -> (artifact id: 'b2e89e69d4d02172705b2316fd52418e') in 0.023246 seconds
Number of updated asset objects reloaded before import = 0
Number of asset objects unloaded after import = 12
========================================================================
Received Import Request.
  Time since last request: 0.000025 seconds.
  path: Assets/huisu/New Folder/Assembly_House_Entrance_B_Fantasy.prefab
  artifactKey: Guid(6f0ad8d065da55548a15c1b91b5ce71c) Importer(815301076,1909f56bfc062723c751e8b465ee728b)
Start importing Assets/huisu/New Folder/Assembly_House_Entrance_B_Fantasy.prefab using Guid(6f0ad8d065da55548a15c1b91b5ce71c) Importer(815301076,1909f56bfc062723c751e8b465ee728b) [PhysX] Initialized MultithreadedTaskDispatcher with 20 workers.
[PhysX] Initialized MultithreadedTaskDispatcher with 20 workers.
 -> (artifact id: 'b024c437b3e73e20927e6f69ff2c0cab') in 0.076560 seconds
Number of updated asset objects reloaded before import = 0
Number of asset objects unloaded after import = 144
========================================================================
Received Import Request.
  Time since last request: 0.000023 seconds.
  path: Assets/polyperfect/Poly Universal Pack/- Prefabs/Valentine/Bottle_Champagne_Open_Valentine.prefab
  artifactKey: Guid(1e1f033a3ad1e7244a94efeaf0619c5a) Importer(815301076,1909f56bfc062723c751e8b465ee728b)
Start importing Assets/polyperfect/Poly Universal Pack/- Prefabs/Valentine/Bottle_Champagne_Open_Valentine.prefab using Guid(1e1f033a3ad1e7244a94efeaf0619c5a) Importer(815301076,1909f56bfc062723c751e8b465ee728b) [PhysX] Initialized MultithreadedTaskDispatcher with 20 workers.
[PhysX] Initialized MultithreadedTaskDispatcher with 20 workers.
 -> (artifact id: 'e649abb04e2971fcd42a03b5c49785ca') in 0.027053 seconds
Number of updated asset objects reloaded before import = 0
Number of asset objects unloaded after import = 13
========================================================================
Received Import Request.
  Time since last request: 0.000016 seconds.
  path: Assets/huisu/New Folder/Assembly_Building_House_B_Fantasy (5).prefab
  artifactKey: Guid(1a41916052bb36a4e98ce20bd2d9c431) Importer(815301076,1909f56bfc062723c751e8b465ee728b)
Start importing Assets/huisu/New Folder/Assembly_Building_House_B_Fantasy (5).prefab using Guid(1a41916052bb36a4e98ce20bd2d9c431) Importer(815301076,1909f56bfc062723c751e8b465ee728b) [PhysX] Initialized MultithreadedTaskDispatcher with 20 workers.
[PhysX] Initialized MultithreadedTaskDispatcher with 20 workers.
 -> (artifact id: '7c139f3c79da99583b6e53e943e77567') in 0.209907 seconds
Number of updated asset objects reloaded before import = 0
Number of asset objects unloaded after import = 4405
========================================================================
Received Import Request.
  Time since last request: 0.000023 seconds.
  path: Assets/huisu/New Folder/Assembly_Building_House_C_Fantasy (1).prefab
  artifactKey: Guid(50a1225adc668dc47b5483e9790855be) Importer(815301076,1909f56bfc062723c751e8b465ee728b)
Start importing Assets/huisu/New Folder/Assembly_Building_House_C_Fantasy (1).prefab using Guid(50a1225adc668dc47b5483e9790855be) Importer(815301076,1909f56bfc062723c751e8b465ee728b) [PhysX] Initialized MultithreadedTaskDispatcher with 20 workers.
[PhysX] Initialized MultithreadedTaskDispatcher with 20 workers.
 -> (artifact id: '69c2d2b03c01b440890580c6523a7c15') in 0.205120 seconds
Number of updated asset objects reloaded before import = 0
Number of asset objects unloaded after import = 2782
========================================================================
Received Import Request.
  Time since last request: 0.000033 seconds.
  path: Assets/huisu/New Folder/Assembly_House_Tower_Small_Fantasy.prefab
  artifactKey: Guid(ec0f365565e9e2c45acadd86e08409b3) Importer(815301076,1909f56bfc062723c751e8b465ee728b)
Start importing Assets/huisu/New Folder/Assembly_House_Tower_Small_Fantasy.prefab using Guid(ec0f365565e9e2c45acadd86e08409b3) Importer(815301076,1909f56bfc062723c751e8b465ee728b) [PhysX] Initialized MultithreadedTaskDispatcher with 20 workers.
[PhysX] Initialized MultithreadedTaskDispatcher with 20 workers.
 -> (artifact id: 'b609f532cf1b2b8c0460480701b8fe26') in 0.100304 seconds
Number of updated asset objects reloaded before import = 0
Number of asset objects unloaded after import = 588
========================================================================
Received Import Request.
  Time since last request: 0.000020 seconds.
  path: Assets/huisu/New Folder/Assembly_Building_House_B_Fantasy (7).prefab
  artifactKey: Guid(12eb5bd9565be0849a40de8e30edd735) Importer(815301076,1909f56bfc062723c751e8b465ee728b)
Start importing Assets/huisu/New Folder/Assembly_Building_House_B_Fantasy (7).prefab using Guid(12eb5bd9565be0849a40de8e30edd735) Importer(815301076,1909f56bfc062723c751e8b465ee728b) [PhysX] Initialized MultithreadedTaskDispatcher with 20 workers.
[PhysX] Initialized MultithreadedTaskDispatcher with 20 workers.
 -> (artifact id: 'ec7c5d86bd4088b863564dd6f7b5eaee') in 0.199047 seconds
Number of updated asset objects reloaded before import = 0
Number of asset objects unloaded after import = 4405
========================================================================
Received Import Request.
  Time since last request: 0.000024 seconds.
  path: Assets/huisu/New Folder/Assembly_Building_House_E_Fantasy (4).prefab
  artifactKey: Guid(a52c67a4ed4d03948ac4037f73725a42) Importer(815301076,1909f56bfc062723c751e8b465ee728b)
Start importing Assets/huisu/New Folder/Assembly_Building_House_E_Fantasy (4).prefab using Guid(a52c67a4ed4d03948ac4037f73725a42) Importer(815301076,1909f56bfc062723c751e8b465ee728b) [PhysX] Initialized MultithreadedTaskDispatcher with 20 workers.
[PhysX] Initialized MultithreadedTaskDispatcher with 20 workers.
 -> (artifact id: '4c7ff0786d18d23e8fd7ead95adda635') in 0.228191 seconds
Number of updated asset objects reloaded before import = 0
Number of asset objects unloaded after import = 5175
========================================================================
Received Import Request.
  Time since last request: 0.000039 seconds.
  path: Assets/polyperfect/Poly Universal Pack/- Prefabs/Fantasy/Market Fantasy/Assembly_Fish_Tent_Fantasy.prefab
  artifactKey: Guid(ae77c6078c2f1c74e80c84f3fb0b55f2) Importer(815301076,1909f56bfc062723c751e8b465ee728b)
Start importing Assets/polyperfect/Poly Universal Pack/- Prefabs/Fantasy/Market Fantasy/Assembly_Fish_Tent_Fantasy.prefab using Guid(ae77c6078c2f1c74e80c84f3fb0b55f2) Importer(815301076,1909f56bfc062723c751e8b465ee728b) [PhysX] Initialized MultithreadedTaskDispatcher with 20 workers.
[PhysX] Initialized MultithreadedTaskDispatcher with 20 workers.
 -> (artifact id: 'd1fd77591325f4fde6ab6a08ca3fa7b6') in 0.293318 seconds
Number of updated asset objects reloaded before import = 0
Number of asset objects unloaded after import = 621
========================================================================
Received Import Request.
  Time since last request: 0.000052 seconds.
  path: Assets/polyperfect/Poly Universal Pack/- Prefabs/Fantasy/Bakery Fantasy/Basket_Baguette_Fantasy.prefab
  artifactKey: Guid(bcf8b17b43d5b4e458e2bd371831161b) Importer(815301076,1909f56bfc062723c751e8b465ee728b)
Start importing Assets/polyperfect/Poly Universal Pack/- Prefabs/Fantasy/Bakery Fantasy/Basket_Baguette_Fantasy.prefab using Guid(bcf8b17b43d5b4e458e2bd371831161b) Importer(815301076,1909f56bfc062723c751e8b465ee728b) [PhysX] Initialized MultithreadedTaskDispatcher with 20 workers.
[PhysX] Initialized MultithreadedTaskDispatcher with 20 workers.
 -> (artifact id: '51127ce4b048de62c28a6e9a28fb66b3') in 0.023373 seconds
Number of updated asset objects reloaded before import = 0
Number of asset objects unloaded after import = 12
========================================================================
Received Import Request.
  Time since last request: 0.000025 seconds.
  path: Assets/polyperfect/Poly Universal Pack/- Prefabs/Fantasy/Spice Fantasy/Bag_Spice_Opened_Fantasy.prefab
  artifactKey: Guid(c66490a1444e308479ca548bc7600bf9) Importer(815301076,1909f56bfc062723c751e8b465ee728b)
Start importing Assets/polyperfect/Poly Universal Pack/- Prefabs/Fantasy/Spice Fantasy/Bag_Spice_Opened_Fantasy.prefab using Guid(c66490a1444e308479ca548bc7600bf9) Importer(815301076,1909f56bfc062723c751e8b465ee728b) [PhysX] Initialized MultithreadedTaskDispatcher with 20 workers.
[PhysX] Initialized MultithreadedTaskDispatcher with 20 workers.
 -> (artifact id: '278e744c57a92602a6fe0149267e2ceb') in 0.021464 seconds
Number of updated asset objects reloaded before import = 0
Number of asset objects unloaded after import = 12
========================================================================
Received Import Request.
  Time since last request: 0.000019 seconds.
  path: Assets/huisu/New Folder/Assembly_House_Base_B_Fantasy.prefab
  artifactKey: Guid(359d307be20cb5445b01c6360ba8d6b3) Importer(815301076,1909f56bfc062723c751e8b465ee728b)
Start importing Assets/huisu/New Folder/Assembly_House_Base_B_Fantasy.prefab using Guid(359d307be20cb5445b01c6360ba8d6b3) Importer(815301076,1909f56bfc062723c751e8b465ee728b) [PhysX] Initialized MultithreadedTaskDispatcher with 20 workers.
[PhysX] Initialized MultithreadedTaskDispatcher with 20 workers.
 -> (artifact id: 'e7febe73c6fae9f80e775c671c86a51d') in 0.143722 seconds
Number of updated asset objects reloaded before import = 0
Number of asset objects unloaded after import = 1663
========================================================================
Received Import Request.
  Time since last request: 0.000028 seconds.
  path: Assets/polyperfect/Poly Universal Pack/- Prefabs/Fantasy/Vegetable Fantasy/Bag_Standing_Open_Onion.prefab
  artifactKey: Guid(7860d9ea3f38eb1428d39a30c500d309) Importer(815301076,1909f56bfc062723c751e8b465ee728b)
Start importing Assets/polyperfect/Poly Universal Pack/- Prefabs/Fantasy/Vegetable Fantasy/Bag_Standing_Open_Onion.prefab using Guid(7860d9ea3f38eb1428d39a30c500d309) Importer(815301076,1909f56bfc062723c751e8b465ee728b) [PhysX] Initialized MultithreadedTaskDispatcher with 20 workers.
[PhysX] Initialized MultithreadedTaskDispatcher with 20 workers.
 -> (artifact id: '9333f2bd27a02354cbe5f0428c312d7b') in 0.023113 seconds
Number of updated asset objects reloaded before import = 0
Number of asset objects unloaded after import = 11
========================================================================
Received Import Request.
  Time since last request: 0.000017 seconds.
  path: Assets/huisu/New Folder/Assembly_Building_House_E_Fantasy (3).prefab
  artifactKey: Guid(872d66278479e7b4aa52c0d05bb70618) Importer(815301076,1909f56bfc062723c751e8b465ee728b)
Start importing Assets/huisu/New Folder/Assembly_Building_House_E_Fantasy (3).prefab using Guid(872d66278479e7b4aa52c0d05bb70618) Importer(815301076,1909f56bfc062723c751e8b465ee728b) [PhysX] Initialized MultithreadedTaskDispatcher with 20 workers.
[PhysX] Initialized MultithreadedTaskDispatcher with 20 workers.
 -> (artifact id: '537765860e1d571e14ad024c878138dc') in 0.225574 seconds
Number of updated asset objects reloaded before import = 0
Number of asset objects unloaded after import = 5175
========================================================================
Received Import Request.
  Time since last request: 0.000031 seconds.
  path: Assets/polyperfect/Poly Universal Pack/- Prefabs/Fantasy/Market Fantasy/Assembly_Butcher_Tent_Fantasy.prefab
  artifactKey: Guid(847523536c2632840b004eb5c2443f4a) Importer(815301076,1909f56bfc062723c751e8b465ee728b)
Start importing Assets/polyperfect/Poly Universal Pack/- Prefabs/Fantasy/Market Fantasy/Assembly_Butcher_Tent_Fantasy.prefab using Guid(847523536c2632840b004eb5c2443f4a) Importer(815301076,1909f56bfc062723c751e8b465ee728b) [PhysX] Initialized MultithreadedTaskDispatcher with 20 workers.
[PhysX] Initialized MultithreadedTaskDispatcher with 20 workers.
 -> (artifact id: '8b713cb888b8241b32af34a7a98b6975') in 0.128482 seconds
Number of updated asset objects reloaded before import = 0
Number of asset objects unloaded after import = 302
========================================================================
Received Import Request.
  Time since last request: 0.000033 seconds.
  path: Assets/Jung/Ui/GameUI_Santa.prefab
  artifactKey: Guid(48f34a385a00a3244baa84d03402dffc) Importer(815301076,1909f56bfc062723c751e8b465ee728b)
Start importing Assets/Jung/Ui/GameUI_Santa.prefab using Guid(48f34a385a00a3244baa84d03402dffc) Importer(815301076,1909f56bfc062723c751e8b465ee728b) [PhysX] Initialized MultithreadedTaskDispatcher with 20 workers.
[PhysX] Initialized MultithreadedTaskDispatcher with 20 workers.
 -> (artifact id: '734ee530294ecaa4e30e4dc65b3f34cb') in 0.051048 seconds
Number of updated asset objects reloaded before import = 0
Number of asset objects unloaded after import = 82
========================================================================
Received Import Request.
  Time since last request: 0.000057 seconds.
  path: Assets/huisu/New Folder/Assembly_House_Village_B_Fantasy (1).prefab
  artifactKey: Guid(10dd1250381983f48ac1bf99656fb18f) Importer(815301076,1909f56bfc062723c751e8b465ee728b)
Start importing Assets/huisu/New Folder/Assembly_House_Village_B_Fantasy (1).prefab using Guid(10dd1250381983f48ac1bf99656fb18f) Importer(815301076,1909f56bfc062723c751e8b465ee728b) [PhysX] Initialized MultithreadedTaskDispatcher with 20 workers.
[PhysX] Initialized MultithreadedTaskDispatcher with 20 workers.
 -> (artifact id: 'a36e9609d4a724c1e449727d08f05ba8') in 0.217917 seconds
Number of updated asset objects reloaded before import = 0
Number of asset objects unloaded after import = 2013
========================================================================
Received Import Request.
  Time since last request: 0.000030 seconds.
  path: Assets/huisu/New Folder/Assembly_House_Base_A_Fantasy (2).prefab
  artifactKey: Guid(55652cc06fe2ec7498656328a2eafd81) Importer(815301076,1909f56bfc062723c751e8b465ee728b)
Start importing Assets/huisu/New Folder/Assembly_House_Base_A_Fantasy (2).prefab using Guid(55652cc06fe2ec7498656328a2eafd81) Importer(815301076,1909f56bfc062723c751e8b465ee728b) [PhysX] Initialized MultithreadedTaskDispatcher with 20 workers.
[PhysX] Initialized MultithreadedTaskDispatcher with 20 workers.
 -> (artifact id: '7f07144b0f3d14630b0b1ff629a268c8') in 0.153737 seconds
Number of updated asset objects reloaded before import = 0
Number of asset objects unloaded after import = 1397
========================================================================
Received Import Request.
  Time since last request: 0.000032 seconds.
  path: Assets/polyperfect/Poly Universal Pack/- Prefabs/Farm/Bags Farm/Bag_Logo_Lying_Full_A_Farm.prefab
  artifactKey: Guid(a90b88eb0856ae24880a22ec28b9db39) Importer(815301076,1909f56bfc062723c751e8b465ee728b)
Start importing Assets/polyperfect/Poly Universal Pack/- Prefabs/Farm/Bags Farm/Bag_Logo_Lying_Full_A_Farm.prefab using Guid(a90b88eb0856ae24880a22ec28b9db39) Importer(815301076,1909f56bfc062723c751e8b465ee728b) [PhysX] Initialized MultithreadedTaskDispatcher with 20 workers.
[PhysX] Initialized MultithreadedTaskDispatcher with 20 workers.
 -> (artifact id: 'd3801a2581b3bcaa0f45dceefaa56e53') in 0.025983 seconds
Number of updated asset objects reloaded before import = 0
Number of asset objects unloaded after import = 12
========================================================================
Received Import Request.
  Time since last request: 0.000018 seconds.
  path: Assets/huisu/New Folder/Assembly_House_Village_A_Fantasy (3).prefab
  artifactKey: Guid(e0702564a0446494d91fac07fb1ab9ba) Importer(815301076,1909f56bfc062723c751e8b465ee728b)
Start importing Assets/huisu/New Folder/Assembly_House_Village_A_Fantasy (3).prefab using Guid(e0702564a0446494d91fac07fb1ab9ba) Importer(815301076,1909f56bfc062723c751e8b465ee728b) [PhysX] Initialized MultithreadedTaskDispatcher with 20 workers.
[PhysX] Initialized MultithreadedTaskDispatcher with 20 workers.
 -> (artifact id: '2e941bd652d7dbfe0688b932193c6a03') in 0.208980 seconds
Number of updated asset objects reloaded before import = 0
Number of asset objects unloaded after import = 2320
========================================================================
Received Import Request.
  Time since last request: 0.000034 seconds.
  path: Assets/polyperfect/Poly Universal Pack/- Prefabs/Fantasy/Alchemy Fantasy/Bag_Small_Spices_A.prefab
  artifactKey: Guid(6cf7b2b8ccd6cbe458a92a396ff66769) Importer(815301076,1909f56bfc062723c751e8b465ee728b)
Start importing Assets/polyperfect/Poly Universal Pack/- Prefabs/Fantasy/Alchemy Fantasy/Bag_Small_Spices_A.prefab using Guid(6cf7b2b8ccd6cbe458a92a396ff66769) Importer(815301076,1909f56bfc062723c751e8b465ee728b) [PhysX] Initialized MultithreadedTaskDispatcher with 20 workers.
[PhysX] Initialized MultithreadedTaskDispatcher with 20 workers.
 -> (artifact id: '9b2e403ebc9a09c710e7747adcfaaa2a') in 0.023502 seconds
Number of updated asset objects reloaded before import = 0
Number of asset objects unloaded after import = 12
========================================================================
Received Import Request.
  Time since last request: 0.000026 seconds.
  path: Assets/huisu/New Folder/Assembly_House_Village_C_Fantasy (3).prefab
  artifactKey: Guid(734106109a3c6534fa31c2d8031365b1) Importer(815301076,1909f56bfc062723c751e8b465ee728b)
Start importing Assets/huisu/New Folder/Assembly_House_Village_C_Fantasy (3).prefab using Guid(734106109a3c6534fa31c2d8031365b1) Importer(815301076,1909f56bfc062723c751e8b465ee728b) [PhysX] Initialized MultithreadedTaskDispatcher with 20 workers.
[PhysX] Initialized MultithreadedTaskDispatcher with 20 workers.
 -> (artifact id: 'ae2869310f9acd92a84f9739cf1c964b') in 0.264723 seconds
Number of updated asset objects reloaded before import = 0
Number of asset objects unloaded after import = 6022
========================================================================
Received Import Request.
  Time since last request: 0.000028 seconds.
  path: Assets/huisu/New Folder/Assembly_House_Tower_Small_Fantasy (3).prefab
  artifactKey: Guid(a7939e26025f2a14c80c44f2a4c4198b) Importer(815301076,1909f56bfc062723c751e8b465ee728b)
Start importing Assets/huisu/New Folder/Assembly_House_Tower_Small_Fantasy (3).prefab using Guid(a7939e26025f2a14c80c44f2a4c4198b) Importer(815301076,1909f56bfc062723c751e8b465ee728b) [PhysX] Initialized MultithreadedTaskDispatcher with 20 workers.
[PhysX] Initialized MultithreadedTaskDispatcher with 20 workers.
 -> (artifact id: '46d1414332013ad789330998983aa7d0') in 0.063135 seconds
Number of updated asset objects reloaded before import = 0
Number of asset objects unloaded after import = 572
========================================================================
Received Import Request.
  Time since last request: 0.000030 seconds.
  path: Assets/huisu/New Folder/Assembly_Building_House_B_Fantasy.prefab
  artifactKey: Guid(df5865b08cd16864bb28f04b2308cd80) Importer(815301076,1909f56bfc062723c751e8b465ee728b)
Start importing Assets/huisu/New Folder/Assembly_Building_House_B_Fantasy.prefab using Guid(df5865b08cd16864bb28f04b2308cd80) Importer(815301076,1909f56bfc062723c751e8b465ee728b) [PhysX] Initialized MultithreadedTaskDispatcher with 20 workers.
[PhysX] Initialized MultithreadedTaskDispatcher with 20 workers.
 -> (artifact id: 'bd64b0b950945a0f3068597df3217db2') in 0.221324 seconds
Number of updated asset objects reloaded before import = 0
Number of asset objects unloaded after import = 4412
========================================================================
Received Import Request.
  Time since last request: 0.000026 seconds.
  path: Assets/huisu/New Folder/Assembly_Building_House_A_Fantasy (3).prefab
  artifactKey: Guid(b37c83cccd8db394c9195a4c6df4a431) Importer(815301076,1909f56bfc062723c751e8b465ee728b)
Start importing Assets/huisu/New Folder/Assembly_Building_House_A_Fantasy (3).prefab using Guid(b37c83cccd8db394c9195a4c6df4a431) Importer(815301076,1909f56bfc062723c751e8b465ee728b) [PhysX] Initialized MultithreadedTaskDispatcher with 20 workers.
[PhysX] Initialized MultithreadedTaskDispatcher with 20 workers.
 -> (artifact id: 'd9bfefb83bf028d4d192ddd8dd3ab4b5') in 0.207805 seconds
Number of updated asset objects reloaded before import = 0
Number of asset objects unloaded after import = 2714
========================================================================
Received Import Request.
  Time since last request: 0.000044 seconds.
  path: Assets/polyperfect/Poly Universal Pack/- Prefabs/Fantasy/Furniture Fantasy/Battlemap_Figurine_Horse_Fantasy.prefab
  artifactKey: Guid(4721ea9f1f6fd3d47b008eca221357f1) Importer(815301076,1909f56bfc062723c751e8b465ee728b)
Start importing Assets/polyperfect/Poly Universal Pack/- Prefabs/Fantasy/Furniture Fantasy/Battlemap_Figurine_Horse_Fantasy.prefab using Guid(4721ea9f1f6fd3d47b008eca221357f1) Importer(815301076,1909f56bfc062723c751e8b465ee728b) [PhysX] Initialized MultithreadedTaskDispatcher with 20 workers.
[PhysX] Initialized MultithreadedTaskDispatcher with 20 workers.
 -> (artifact id: 'b418fd10515efb5799c8250f32b8fe4c') in 0.037616 seconds
Number of updated asset objects reloaded before import = 0
Number of asset objects unloaded after import = 12
========================================================================
Received Import Request.
  Time since last request: 0.000025 seconds.
  path: Assets/huisu/New Folder/GameObject.prefab
  artifactKey: Guid(d6e009ab132b87f4e8917dcc607cf18c) Importer(815301076,1909f56bfc062723c751e8b465ee728b)
Start importing Assets/huisu/New Folder/GameObject.prefab using Guid(d6e009ab132b87f4e8917dcc607cf18c) Importer(815301076,1909f56bfc062723c751e8b465ee728b) [PhysX] Initialized MultithreadedTaskDispatcher with 20 workers.
 -> (artifact id: 'cbea9068166fb544e382d1752bad7347') in 0.002995 seconds
Number of updated asset objects reloaded before import = 0
Number of asset objects unloaded after import = 4
========================================================================
Received Import Request.
  Time since last request: 0.000023 seconds.
  path: Assets/polyperfect/Poly Universal Pack/- Prefabs/Fantasy/Furniture Fantasy/Battlemap_Figurine_Flag_B_Fantasy.prefab
  artifactKey: Guid(1dd57aece4bfaac42996a99f2aaae11d) Importer(815301076,1909f56bfc062723c751e8b465ee728b)
Start importing Assets/polyperfect/Poly Universal Pack/- Prefabs/Fantasy/Furniture Fantasy/Battlemap_Figurine_Flag_B_Fantasy.prefab using Guid(1dd57aece4bfaac42996a99f2aaae11d) Importer(815301076,1909f56bfc062723c751e8b465ee728b) [PhysX] Initialized MultithreadedTaskDispatcher with 20 workers.
[PhysX] Initialized MultithreadedTaskDispatcher with 20 workers.
 -> (artifact id: 'a917681242c2b48ed0c460bfb8d6de05') in 0.030126 seconds
Number of updated asset objects reloaded before import = 0
Number of asset objects unloaded after import = 12
========================================================================
Received Import Request.
  Time since last request: 0.000024 seconds.
  path: Assets/polyperfect/Poly Universal Pack/- Prefabs/Fantasy/Furniture Fantasy/Battlemap_Figurine_Eagle_Fantasy.prefab
  artifactKey: Guid(1084c774afa2fa546a4b66e0c84e0ff9) Importer(815301076,1909f56bfc062723c751e8b465ee728b)
Start importing Assets/polyperfect/Poly Universal Pack/- Prefabs/Fantasy/Furniture Fantasy/Battlemap_Figurine_Eagle_Fantasy.prefab using Guid(1084c774afa2fa546a4b66e0c84e0ff9) Importer(815301076,1909f56bfc062723c751e8b465ee728b) [PhysX] Initialized MultithreadedTaskDispatcher with 20 workers.
[PhysX] Initialized MultithreadedTaskDispatcher with 20 workers.
 -> (artifact id: '8677f302f860557dde88da12a9be58d3') in 0.028556 seconds
Number of updated asset objects reloaded before import = 0
Number of asset objects unloaded after import = 12
========================================================================
Received Import Request.
  Time since last request: 0.000022 seconds.
  path: Assets/polyperfect/Poly Universal Pack/- Prefabs/Fantasy/Cooking Fantasy/Beer_Glass_Metal_B_Fantasy.prefab
  artifactKey: Guid(93683871722d9dc4bbfe5a4019106eff) Importer(815301076,1909f56bfc062723c751e8b465ee728b)
Start importing Assets/polyperfect/Poly Universal Pack/- Prefabs/Fantasy/Cooking Fantasy/Beer_Glass_Metal_B_Fantasy.prefab using Guid(93683871722d9dc4bbfe5a4019106eff) Importer(815301076,1909f56bfc062723c751e8b465ee728b) [PhysX] Initialized MultithreadedTaskDispatcher with 20 workers.
[PhysX] Initialized MultithreadedTaskDispatcher with 20 workers.
 -> (artifact id: 'ded7398e44c6b9fe743feb0d3aa15596') in 0.030462 seconds
Number of updated asset objects reloaded before import = 0
Number of asset objects unloaded after import = 12
========================================================================
Received Import Request.
  Time since last request: 0.000020 seconds.
  path: Assets/polyperfect/Poly Universal Pack/- Prefabs/Farm/Bags Farm/Bag_Tied_Farm.prefab
  artifactKey: Guid(060ebebf66303534f9ee267b7f69c0b5) Importer(815301076,1909f56bfc062723c751e8b465ee728b)
Start importing Assets/polyperfect/Poly Universal Pack/- Prefabs/Farm/Bags Farm/Bag_Tied_Farm.prefab using Guid(060ebebf66303534f9ee267b7f69c0b5) Importer(815301076,1909f56bfc062723c751e8b465ee728b) [PhysX] Initialized MultithreadedTaskDispatcher with 20 workers.
[PhysX] Initialized MultithreadedTaskDispatcher with 20 workers.
 -> (artifact id: '8f1e6211ec7c398c227e15a4fbf809ec') in 0.030263 seconds
Number of updated asset objects reloaded before import = 0
Number of asset objects unloaded after import = 12
========================================================================
Received Import Request.
  Time since last request: 0.000025 seconds.
  path: Assets/huisu/New Folder/Bag_Lying_Spilled_A_Farm.prefab
  artifactKey: Guid(6f3e6f26ea6b35e43930942f3cb26461) Importer(815301076,1909f56bfc062723c751e8b465ee728b)
Start importing Assets/huisu/New Folder/Bag_Lying_Spilled_A_Farm.prefab using Guid(6f3e6f26ea6b35e43930942f3cb26461) Importer(815301076,1909f56bfc062723c751e8b465ee728b) [PhysX] Initialized MultithreadedTaskDispatcher with 20 workers.
[PhysX] Initialized MultithreadedTaskDispatcher with 20 workers.
 -> (artifact id: 'd5a27c7a4776fb649ba35214462b142f') in 0.028594 seconds
Number of updated asset objects reloaded before import = 0
Number of asset objects unloaded after import = 12
========================================================================
Received Import Request.
  Time since last request: 0.000023 seconds.
  path: Assets/huisu/New Folder/Assembly_House_Base_A_Fantasy (4).prefab
  artifactKey: Guid(2dcc81c52d455e947b0825d9899ed640) Importer(815301076,1909f56bfc062723c751e8b465ee728b)
Start importing Assets/huisu/New Folder/Assembly_House_Base_A_Fantasy (4).prefab using Guid(2dcc81c52d455e947b0825d9899ed640) Importer(815301076,1909f56bfc062723c751e8b465ee728b) [PhysX] Initialized MultithreadedTaskDispatcher with 20 workers.
[PhysX] Initialized MultithreadedTaskDispatcher with 20 workers.
 -> (artifact id: 'f118f21d6deb9ae763b00e35b6f6b403') in 0.186068 seconds
Number of updated asset objects reloaded before import = 0
Number of asset objects unloaded after import = 1391
========================================================================
Received Import Request.
  Time since last request: 0.000035 seconds.
  path: Assets/huisu/New Folder/Assembly_House_Tower_Small_Fantasy (5).prefab
  artifactKey: Guid(d09f415bb44bd8a4bbad708f461e6938) Importer(815301076,1909f56bfc062723c751e8b465ee728b)
Start importing Assets/huisu/New Folder/Assembly_House_Tower_Small_Fantasy (5).prefab using Guid(d09f415bb44bd8a4bbad708f461e6938) Importer(815301076,1909f56bfc062723c751e8b465ee728b) [PhysX] Initialized MultithreadedTaskDispatcher with 20 workers.
[PhysX] Initialized MultithreadedTaskDispatcher with 20 workers.
 -> (artifact id: '87b3d82c5b3bee726224166a4a1ce0e1') in 0.078412 seconds
Number of updated asset objects reloaded before import = 0
Number of asset objects unloaded after import = 572
========================================================================
Received Import Request.
  Time since last request: 0.000040 seconds.
  path: Assets/huisu/New Folder/Assembly_House_Bridge_Pilar_Fantasy.prefab
  artifactKey: Guid(a440df3c5ffea4541aff00ef96f0283d) Importer(815301076,1909f56bfc062723c751e8b465ee728b)
Start importing Assets/huisu/New Folder/Assembly_House_Bridge_Pilar_Fantasy.prefab using Guid(a440df3c5ffea4541aff00ef96f0283d) Importer(815301076,1909f56bfc062723c751e8b465ee728b) [PhysX] Initialized MultithreadedTaskDispatcher with 20 workers.
[PhysX] Initialized MultithreadedTaskDispatcher with 20 workers.
 -> (artifact id: '411032c59ebd33a50c980eb0a389010e') in 0.026110 seconds
Number of updated asset objects reloaded before import = 0
Number of asset objects unloaded after import = 40
========================================================================
Received Import Request.
  Time since last request: 10.452086 seconds.
  path: Assets/polyperfect/Poly Universal Pack/- Prefabs/Fantasy/Market Fantasy/Garland_Flags_2m_Fantasy.prefab
  artifactKey: Guid(b229a6bde2eb2a440bce91caa2149e66) Importer(815301076,1909f56bfc062723c751e8b465ee728b)
Start importing Assets/polyperfect/Poly Universal Pack/- Prefabs/Fantasy/Market Fantasy/Garland_Flags_2m_Fantasy.prefab using Guid(b229a6bde2eb2a440bce91caa2149e66) Importer(815301076,1909f56bfc062723c751e8b465ee728b) [PhysX] Initialized MultithreadedTaskDispatcher with 20 workers.
[PhysX] Initialized MultithreadedTaskDispatcher with 20 workers.
 -> (artifact id: '25f8ae768c05742d1859133e9b049cfd') in 0.027463 seconds
Number of updated asset objects reloaded before import = 0
Number of asset objects unloaded after import = 12
========================================================================
Received Import Request.
  Time since last request: 0.000015 seconds.
  path: Assets/polyperfect/Poly Universal Pack/- Meshes/Fantasy/Market Fantasy/SM_Garland_Triangles_2m_Fantasy.fbx
  artifactKey: Guid(fc237417d5e68d44280030808a47463b) Importer(815301076,1909f56bfc062723c751e8b465ee728b)
Start importing Assets/polyperfect/Poly Universal Pack/- Meshes/Fantasy/Market Fantasy/SM_Garland_Triangles_2m_Fantasy.fbx using Guid(fc237417d5e68d44280030808a47463b) Importer(815301076,1909f56bfc062723c751e8b465ee728b) [PhysX] Initialized MultithreadedTaskDispatcher with 20 workers.
[PhysX] Initialized MultithreadedTaskDispatcher with 20 workers.
[PhysX] Initialized MultithreadedTaskDispatcher with 20 workers.
 -> (artifact id: '4fff19a1633460a52de06b982836a0d6') in 0.020664 seconds
Number of updated asset objects reloaded before import = 0
Number of asset objects unloaded after import = 7
========================================================================
Received Import Request.
  Time since last request: 0.000016 seconds.
  path: Assets/polyperfect/Poly Universal Pack/- Meshes/Fantasy/Market Fantasy/SM_Garland_Flags_2m_Fantasy.fbx
  artifactKey: Guid(577b325badcdfc24dabd68bbe539c4eb) Importer(815301076,1909f56bfc062723c751e8b465ee728b)
Start importing Assets/polyperfect/Poly Universal Pack/- Meshes/Fantasy/Market Fantasy/SM_Garland_Flags_2m_Fantasy.fbx using Guid(577b325badcdfc24dabd68bbe539c4eb) Importer(815301076,1909f56bfc062723c751e8b465ee728b) [PhysX] Initialized MultithreadedTaskDispatcher with 20 workers.
[PhysX] Initialized MultithreadedTaskDispatcher with 20 workers.
[PhysX] Initialized MultithreadedTaskDispatcher with 20 workers.
 -> (artifact id: 'cf5be4037d74a9db15b26d8c65fd2492') in 0.019487 seconds
Number of updated asset objects reloaded before import = 0
Number of asset objects unloaded after import = 7
========================================================================
Received Import Request.
  Time since last request: 0.000016 seconds.
  path: Assets/polyperfect/Poly Universal Pack/- Prefabs/Fantasy/Market Fantasy/Garland_Triangles_2m_Fantasy.prefab
  artifactKey: Guid(76c3ba2d394ea9749bc76cf053a27bf7) Importer(815301076,1909f56bfc062723c751e8b465ee728b)
Start importing Assets/polyperfect/Poly Universal Pack/- Prefabs/Fantasy/Market Fantasy/Garland_Triangles_2m_Fantasy.prefab using Guid(76c3ba2d394ea9749bc76cf053a27bf7) Importer(815301076,1909f56bfc062723c751e8b465ee728b) [PhysX] Initialized MultithreadedTaskDispatcher with 20 workers.
[PhysX] Initialized MultithreadedTaskDispatcher with 20 workers.
 -> (artifact id: 'afa05ecc19dd3266e141c318f5e5af9d') in 0.022377 seconds
Number of updated asset objects reloaded before import = 0
Number of asset objects unloaded after import = 12
========================================================================
Received Import Request.
  Time since last request: 0.000021 seconds.
  path: Assets/polyperfect/Poly Universal Pack/- Meshes/Modular Parts/Gates/SM_Gate_Bottom_Big_Doors_Fantasy_Base.fbx
  artifactKey: Guid(8f58e152adc9ce04ebac726019aebeb5) Importer(815301076,1909f56bfc062723c751e8b465ee728b)
Start importing Assets/polyperfect/Poly Universal Pack/- Meshes/Modular Parts/Gates/SM_Gate_Bottom_Big_Doors_Fantasy_Base.fbx using Guid(8f58e152adc9ce04ebac726019aebeb5) Importer(815301076,1909f56bfc062723c751e8b465ee728b) [PhysX] Initialized MultithreadedTaskDispatcher with 20 workers.
[PhysX] Initialized MultithreadedTaskDispatcher with 20 workers.
[PhysX] Initialized MultithreadedTaskDispatcher with 20 workers.
 -> (artifact id: 'eb2fc0bb9231b669e4f892dcc09fdcc6') in 0.019983 seconds
Number of updated asset objects reloaded before import = 0
Number of asset objects unloaded after import = 7
Editor requested this worker to shutdown with reason: Scaling down because of idle timeout
TcpMessagingSession - receive error: operation aborted. errorcode: 995, details: 스레드 종료 또는 응용 프로그램 요청 때문에 I/O 작업이 취소되었습니다.
AssetImportWorker is now disconnected from the server
Process exiting
Exiting without the bug reporter. Application will terminate with return code 0