Using pre-set license
Built from '2022.3/staging' branch; Version is '2022.3.60f1 (5f63fdee6d95) revision 6251517'; Using compiler version '192829333'; Build Type 'Release'
OS: 'Windows 11  (10.0.26100) 64bit Professional' Language: 'ko' Physical Memory: 32524 MB
BatchMode: 1, IsHumanControllingUs: 0, StartBugReporterOnCrash: 0, Is64bit: 1, IsPro: 1

COMMAND LINE ARGUMENTS:
C:\Program Files\Unity\Hub\Editor\2022.3.60f1-x86_64\Editor\Unity.exe
-adb2
-batchMode
-noUpm
-name
AssetImportWorker11
-projectPath
C:/Jung/Github_OMC_Project/DevNull_1_OhMyChristmas
-logFile
Logs/AssetImportWorker11.log
-srvPort
58717
Successfully changed project path to: C:/Jung/Github_OMC_Project/DevNull_1_OhMyChristmas
C:/Jung/Github_OMC_Project/DevNull_1_OhMyChristmas
[UnityMemory] Configuration Parameters - Can be set up in boot.config
    "memorysetup-bucket-allocator-granularity=16"
    "memorysetup-bucket-allocator-bucket-count=8"
    "memorysetup-bucket-allocator-block-size=33554432"
    "memorysetup-bucket-allocator-block-count=8"
    "memorysetup-main-allocator-block-size=16777216"
    "memorysetup-thread-allocator-block-size=16777216"
    "memorysetup-gfx-main-allocator-block-size=16777216"
    "memorysetup-gfx-thread-allocator-block-size=16777216"
    "memorysetup-cache-allocator-block-size=4194304"
    "memorysetup-typetree-allocator-block-size=2097152"
    "memorysetup-profiler-bucket-allocator-granularity=16"
    "memorysetup-profiler-bucket-allocator-bucket-count=8"
    "memorysetup-profiler-bucket-allocator-block-size=33554432"
    "memorysetup-profiler-bucket-allocator-block-count=8"
    "memorysetup-profiler-allocator-block-size=16777216"
    "memorysetup-profiler-editor-allocator-block-size=1048576"
    "memorysetup-temp-allocator-size-main=16777216"
    "memorysetup-job-temp-allocator-block-size=2097152"
    "memorysetup-job-temp-allocator-block-size-background=1048576"
    "memorysetup-job-temp-allocator-reduction-small-platforms=262144"
    "memorysetup-allocator-temp-initial-block-size-main=262144"
    "memorysetup-allocator-temp-initial-block-size-worker=262144"
    "memorysetup-temp-allocator-size-background-worker=32768"
    "memorysetup-temp-allocator-size-job-worker=262144"
    "memorysetup-temp-allocator-size-preload-manager=33554432"
    "memorysetup-temp-allocator-size-nav-mesh-worker=65536"
    "memorysetup-temp-allocator-size-audio-worker=65536"
    "memorysetup-temp-allocator-size-cloud-worker=32768"
    "memorysetup-temp-allocator-size-gi-baking-worker=262144"
    "memorysetup-temp-allocator-size-gfx=262144"
Player connection [48368]  Target information:

Player connection [48368]  * "[IP] 192.168.219.103 [Port] 0 [Flags] 2 [Guid] 1981373187 [EditorId] 1981373187 [Version] 1048832 [Id] WindowsEditor(7,BjsPC) [Debug] 1 [PackageName] WindowsEditor [ProjectName] Editor" 

Player connection [48368] Host joined multi-casting on [225.0.0.222:54997]...
Player connection [48368] Host joined alternative multi-casting on [225.0.0.222:34997]...
Input System module state changed to: Initialized.
[PhysX] Initialized MultithreadedTaskDispatcher with 20 workers.
Refreshing native plugins compatible for Editor in 34.77 ms, found 3 plugins.
Preloading 0 native plugins for Editor in 0.00 ms.
Initialize engine version: 2022.3.60f1 (5f63fdee6d95)
[Subsystems] Discovering subsystems at path C:/Program Files/Unity/Hub/Editor/2022.3.60f1-x86_64/Editor/Data/Resources/UnitySubsystems
[Subsystems] Discovering subsystems at path C:/Jung/Github_OMC_Project/DevNull_1_OhMyChristmas/Assets
GfxDevice: creating device client; threaded=0; jobified=0
Direct3D:
    Version:  Direct3D 11.0 [level 11.1]
    Renderer: NVIDIA GeForce RTX 3060 Ti (ID=0x2489)
    Vendor:   NVIDIA
    VRAM:     8024 MB
    Driver:   32.0.15.6094
Initialize mono
Mono path[0] = 'C:/Program Files/Unity/Hub/Editor/2022.3.60f1-x86_64/Editor/Data/Managed'
Mono path[1] = 'C:/Program Files/Unity/Hub/Editor/2022.3.60f1-x86_64/Editor/Data/MonoBleedingEdge/lib/mono/unityjit-win32'
Mono config path = 'C:/Program Files/Unity/Hub/Editor/2022.3.60f1-x86_64/Editor/Data/MonoBleedingEdge/etc'
Using monoOptions --debugger-agent=transport=dt_socket,embedding=1,server=y,suspend=n,address=127.0.0.1:56664
Begin MonoManager ReloadAssembly
Registering precompiled unity dll's ...
Register platform support module: C:/Program Files/Unity/Hub/Editor/2022.3.60f1-x86_64/Editor/Data/PlaybackEngines/WindowsStandaloneSupport/UnityEditor.WindowsStandalone.Extensions.dll
Registered in 0.029587 seconds.
- Loaded All Assemblies, in  0.522 seconds
Native extension for WindowsStandalone target not found
Mono: successfully reloaded assembly
- Finished resetting the current domain, in  0.253 seconds
Domain Reload Profiling: 759ms
	BeginReloadAssembly (216ms)
		ExecutionOrderSort (0ms)
		DisableScriptedObjects (0ms)
		BackupInstance (0ms)
		ReleaseScriptingObjects (0ms)
		CreateAndSetChildDomain (1ms)
	RebuildCommonClasses (42ms)
	RebuildNativeTypeToScriptingClass (9ms)
	initialDomainReloadingComplete (109ms)
	LoadAllAssembliesAndSetupDomain (130ms)
		LoadAssemblies (204ms)
		RebuildTransferFunctionScriptingTraits (0ms)
		AnalyzeDomain (126ms)
			TypeCache.Refresh (125ms)
				TypeCache.ScanAssembly (112ms)
			ScanForSourceGeneratedMonoScriptInfo (0ms)
			ResolveRequiredComponents (1ms)
	FinalizeReload (253ms)
		ReleaseScriptCaches (0ms)
		RebuildScriptCaches (0ms)
		SetupLoadedEditorAssemblies (210ms)
			LogAssemblyErrors (0ms)
			InitializePlatformSupportModulesInManaged (14ms)
			SetLoadedEditorAssemblies (6ms)
			RefreshPlugins (0ms)
			BeforeProcessingInitializeOnLoad (2ms)
			ProcessInitializeOnLoadAttributes (136ms)
			ProcessInitializeOnLoadMethodAttributes (52ms)
			AfterProcessingInitializeOnLoad (0ms)
			EditorAssembliesLoaded (0ms)
		ExecutionOrderSort2 (0ms)
		AwakeInstancesAfterBackupRestoration (0ms)
========================================================================
Worker process is ready to serve import requests
Caller must complete domain reload
Begin MonoManager ReloadAssembly
- Loaded All Assemblies, in  0.981 seconds
Native extension for WindowsStandalone target not found
Mono: successfully reloaded assembly
- Finished resetting the current domain, in  0.872 seconds
Domain Reload Profiling: 1844ms
	BeginReloadAssembly (224ms)
		ExecutionOrderSort (0ms)
		DisableScriptedObjects (5ms)
		BackupInstance (0ms)
		ReleaseScriptingObjects (0ms)
		CreateAndSetChildDomain (18ms)
	RebuildCommonClasses (33ms)
	RebuildNativeTypeToScriptingClass (7ms)
	initialDomainReloadingComplete (60ms)
	LoadAllAssembliesAndSetupDomain (647ms)
		LoadAssemblies (620ms)
		RebuildTransferFunctionScriptingTraits (0ms)
		AnalyzeDomain (190ms)
			TypeCache.Refresh (162ms)
				TypeCache.ScanAssembly (146ms)
			ScanForSourceGeneratedMonoScriptInfo (20ms)
			ResolveRequiredComponents (6ms)
	FinalizeReload (873ms)
		ReleaseScriptCaches (0ms)
		RebuildScriptCaches (0ms)
		SetupLoadedEditorAssemblies (729ms)
			LogAssemblyErrors (0ms)
			InitializePlatformSupportModulesInManaged (14ms)
			SetLoadedEditorAssemblies (4ms)
			RefreshPlugins (0ms)
			BeforeProcessingInitializeOnLoad (97ms)
			ProcessInitializeOnLoadAttributes (570ms)
			ProcessInitializeOnLoadMethodAttributes (23ms)
			AfterProcessingInitializeOnLoad (19ms)
			EditorAssembliesLoaded (0ms)
		ExecutionOrderSort2 (0ms)
		AwakeInstancesAfterBackupRestoration (13ms)
Launched and connected shader compiler UnityShaderCompiler.exe after 0.07 seconds
Refreshing native plugins compatible for Editor in 33.38 ms, found 3 plugins.
Preloading 0 native plugins for Editor in 0.00 ms.
Unloading 4058 Unused Serialized files (Serialized files now loaded: 0)
Unloading 30 unused Assets / (58.7 KB). Loaded Objects now: 4553.
Memory consumption went from 164.3 MB to 164.2 MB.
Total: 6.767700 ms (FindLiveObjects: 0.270000 ms CreateObjectMapping: 0.220100 ms MarkObjects: 6.134600 ms  DeleteObjects: 0.141700 ms)

AssetImportParameters requested are different than current active one (requested -> active):
  custom:container-demuxer-ogg: 62fdf1f143b41e24485cea50d1cbac27 -> 
  custom:video-decoder-ogg-theora: a1e56fd34408186e4bbccfd4996cb3dc -> 
  custom:framework-win-MediaFoundation: 216162199b28c13a410421893ffa2e32 -> 
  custom:CustomObjectIndexerAttribute: 9a22284fe3817be447336de3de66b15e -> 
  custom:container-demuxer-webm: 4f35f7cbe854078d1ac9338744f61a02 -> 
  custom:container-muxer-webm: aa71ff27fc2769a1b78a27578f13a17b -> 
  custom:video-decoder-webm-vp8: 9c59270c3fd7afecdb556c50c9e8de78 -> 
  custom:SearchIndexIgnoredProperties: e643bd26f0fe6173181afceb89e7c659 -> 
  custom:AudioImporter_EditorPlatform: d09bf68614088b80899f8185d706f6e7 -> 
  custom:video-encoder-webm-vp8: eb34c28f22e8b96e1ab97ce403110664 -> 
  custom:audio-decoder-ogg-vorbis: bf7c407c2cedff20999df2af8eb42d56 -> 
  custom:audio-encoder-webm-vorbis: bf7c407c2cedff20999df2af8eb42d56 -> 
========================================================================
Received Import Request.
  Time since last request: 52944.101147 seconds.
  path: Assets/polyperfect/Poly Universal Pack/- Prefabs/Farm/Bags Farm/Bag_Standing_Open_Sunflower_Farm.prefab
  artifactKey: Guid(a713d153a9882854191500215c2319f8) Importer(815301076,1909f56bfc062723c751e8b465ee728b)
Start importing Assets/polyperfect/Poly Universal Pack/- Prefabs/Farm/Bags Farm/Bag_Standing_Open_Sunflower_Farm.prefab using Guid(a713d153a9882854191500215c2319f8) Importer(815301076,1909f56bfc062723c751e8b465ee728b) [PhysX] Initialized MultithreadedTaskDispatcher with 20 workers.
[PhysX] Initialized MultithreadedTaskDispatcher with 20 workers.
 -> (artifact id: '10319500812a4e54eb9db94f3996c667') in 0.158511 seconds
Number of updated asset objects reloaded before import = 0
Number of asset objects unloaded after import = 12
========================================================================
Received Import Request.
  Time since last request: 0.000034 seconds.
  path: Assets/huisu/New Folder/Assembly_House_Tower_Small_Fantasy (2).prefab
  artifactKey: Guid(e9d1b1ea62db75843a5cd3c73e475f66) Importer(815301076,1909f56bfc062723c751e8b465ee728b)
Start importing Assets/huisu/New Folder/Assembly_House_Tower_Small_Fantasy (2).prefab using Guid(e9d1b1ea62db75843a5cd3c73e475f66) Importer(815301076,1909f56bfc062723c751e8b465ee728b) [PhysX] Initialized MultithreadedTaskDispatcher with 20 workers.
[PhysX] Initialized MultithreadedTaskDispatcher with 20 workers.
 -> (artifact id: 'c65553e2a9df6c9dcb123ee8f4262405') in 0.082422 seconds
Number of updated asset objects reloaded before import = 0
Number of asset objects unloaded after import = 551
========================================================================
Received Import Request.
  Time since last request: 0.000023 seconds.
  path: Assets/huisu/New Folder/Assembly_Building_House_A_Fantasy (6).prefab
  artifactKey: Guid(41e20e21939642148aa25e08e0a94da9) Importer(815301076,1909f56bfc062723c751e8b465ee728b)
Start importing Assets/huisu/New Folder/Assembly_Building_House_A_Fantasy (6).prefab using Guid(41e20e21939642148aa25e08e0a94da9) Importer(815301076,1909f56bfc062723c751e8b465ee728b) [PhysX] Initialized MultithreadedTaskDispatcher with 20 workers.
[PhysX] Initialized MultithreadedTaskDispatcher with 20 workers.
 -> (artifact id: 'ecda16d61cad358606ebd62adbebf8e5') in 0.199070 seconds
Number of updated asset objects reloaded before import = 0
Number of asset objects unloaded after import = 2714
========================================================================
Received Import Request.
  Time since last request: 5.094143 seconds.
  path: Assets/Photon/PhotonUnityNetworking/Demos/PunBasics-Tutorial/Resources/My Robot Kyle -done-.prefab
  artifactKey: Guid(fe764102aa5aa431795da15fa2dec0e2) Importer(815301076,1909f56bfc062723c751e8b465ee728b)
Start importing Assets/Photon/PhotonUnityNetworking/Demos/PunBasics-Tutorial/Resources/My Robot Kyle -done-.prefab using Guid(fe764102aa5aa431795da15fa2dec0e2) Importer(815301076,1909f56bfc062723c751e8b465ee728b) [PhysX] Initialized MultithreadedTaskDispatcher with 20 workers.
[PhysX] Initialized MultithreadedTaskDispatcher with 20 workers.
 -> (artifact id: '057ae85f124bcdb8b13696add3dbf35c') in 0.070044 seconds
Number of updated asset objects reloaded before import = 0
Number of asset objects unloaded after import = 173
========================================================================
Received Import Request.
  Time since last request: 5.077304 seconds.
  path: Assets/polyperfect/Poly Universal Pack/- Prefabs/Modular Parts/Doors/Doors Fantasy/Door_Wood_Gate_Fantasy.prefab
  artifactKey: Guid(13aa7caf73ecadc44a6ef34e4362efe5) Importer(815301076,1909f56bfc062723c751e8b465ee728b)
Start importing Assets/polyperfect/Poly Universal Pack/- Prefabs/Modular Parts/Doors/Doors Fantasy/Door_Wood_Gate_Fantasy.prefab using Guid(13aa7caf73ecadc44a6ef34e4362efe5) Importer(815301076,1909f56bfc062723c751e8b465ee728b) [PhysX] Initialized MultithreadedTaskDispatcher with 20 workers.
[PhysX] Initialized MultithreadedTaskDispatcher with 20 workers.
 -> (artifact id: 'fcd891b19ddfff2c3e6f30aa2f5c90f1') in 0.027263 seconds
Number of updated asset objects reloaded before import = 0
Number of asset objects unloaded after import = 38
========================================================================
Received Import Request.
  Time since last request: 0.000019 seconds.
  path: Assets/huisu/New Folder/Garland_Flags_3m_Fantasy.prefab
  artifactKey: Guid(b8d1c260871de7b4d8d065f0dda5ac9b) Importer(815301076,1909f56bfc062723c751e8b465ee728b)
Start importing Assets/huisu/New Folder/Garland_Flags_3m_Fantasy.prefab using Guid(b8d1c260871de7b4d8d065f0dda5ac9b) Importer(815301076,1909f56bfc062723c751e8b465ee728b) [PhysX] Initialized MultithreadedTaskDispatcher with 20 workers.
[PhysX] Initialized MultithreadedTaskDispatcher with 20 workers.
 -> (artifact id: '773b95cd4f0b28acdc9804bda3a5622a') in 0.024139 seconds
Number of updated asset objects reloaded before import = 0
Number of asset objects unloaded after import = 12
========================================================================
Received Import Request.
  Time since last request: 0.000022 seconds.
  path: Assets/polyperfect/Poly Universal Pack/- Meshes/Modular Parts/Doors/Doors Fantasy/SM_Door_Wood_Gate_Fantasy.fbx
  artifactKey: Guid(7ec77b85a6ac40c409e2bf691219adb8) Importer(815301076,1909f56bfc062723c751e8b465ee728b)
Start importing Assets/polyperfect/Poly Universal Pack/- Meshes/Modular Parts/Doors/Doors Fantasy/SM_Door_Wood_Gate_Fantasy.fbx using Guid(7ec77b85a6ac40c409e2bf691219adb8) Importer(815301076,1909f56bfc062723c751e8b465ee728b) [PhysX] Initialized MultithreadedTaskDispatcher with 20 workers.
[PhysX] Initialized MultithreadedTaskDispatcher with 20 workers.
[PhysX] Initialized MultithreadedTaskDispatcher with 20 workers.
[PhysX] Initialized MultithreadedTaskDispatcher with 20 workers.
[PhysX] Initialized MultithreadedTaskDispatcher with 20 workers.
[PhysX] Initialized MultithreadedTaskDispatcher with 20 workers.
[PhysX] Initialized MultithreadedTaskDispatcher with 20 workers.
[PhysX] Initialized MultithreadedTaskDispatcher with 20 workers.
[PhysX] Initialized MultithreadedTaskDispatcher with 20 workers.
[PhysX] Initialized MultithreadedTaskDispatcher with 20 workers.
[PhysX] Initialized MultithreadedTaskDispatcher with 20 workers.
[PhysX] Initialized MultithreadedTaskDispatcher with 20 workers.
 -> (artifact id: '79468f79116b5ffdcb34da0fc85968ec') in 0.064593 seconds
Number of updated asset objects reloaded before import = 0
Number of asset objects unloaded after import = 29
========================================================================
Received Import Request.
  Time since last request: 24.779164 seconds.
  path: Assets/HR_ES/Playground.unity
  artifactKey: Guid(bee75d0126a24b749887f45ae96c0788) Importer(815301076,1909f56bfc062723c751e8b465ee728b)
Start importing Assets/HR_ES/Playground.unity using Guid(bee75d0126a24b749887f45ae96c0788) Importer(815301076,1909f56bfc062723c751e8b465ee728b) [PhysX] Initialized MultithreadedTaskDispatcher with 20 workers.
 -> (artifact id: '2b8a4782cae5bc4673a46dab00fc8334') in 0.000663 seconds
Number of updated asset objects reloaded before import = 0
Number of asset objects unloaded after import = 0
========================================================================
Received Import Request.
  Time since last request: 19.094388 seconds.
  path: Assets/Scenes/Reindeer_Scene.unity
  artifactKey: Guid(cd43b5be68f03924ab7ad6727237c641) Importer(815301076,1909f56bfc062723c751e8b465ee728b)
Start importing Assets/Scenes/Reindeer_Scene.unity using Guid(cd43b5be68f03924ab7ad6727237c641) Importer(815301076,1909f56bfc062723c751e8b465ee728b) [PhysX] Initialized MultithreadedTaskDispatcher with 20 workers.
 -> (artifact id: '773feae384916eb7efc8fbdfd3095ba8') in 0.000589 seconds
Number of updated asset objects reloaded before import = 0
Number of asset objects unloaded after import = 0
========================================================================
Received Import Request.
  Time since last request: 78.191390 seconds.
  path: Assets/Jung/Items/Gift_Open/InteractableBox.cs
  artifactKey: Guid(b2b87512c5112914db94bfe297b04555) Importer(2089858483,0ecaa5967403d082aa24f35e1b516d23)
Start importing Assets/Jung/Items/Gift_Open/InteractableBox.cs using Guid(b2b87512c5112914db94bfe297b04555) Importer(2089858483,0ecaa5967403d082aa24f35e1b516d23) [PhysX] Initialized MultithreadedTaskDispatcher with 20 workers.
 -> (artifact id: 'dd8987dd9a24bad2885eec389ac772cf') in 0.096677 seconds
Number of updated asset objects reloaded before import = 0
Number of asset objects unloaded after import = 1
========================================================================
Received Import Request.
  Time since last request: 0.000061 seconds.
  path: Assets/TextMesh Pro/Examples & Extras/Materials/Small Crate_diffuse.mat
  artifactKey: Guid(22262639920f43d6be32430e4e58350d) Importer(2089858483,0ecaa5967403d082aa24f35e1b516d23)
Start importing Assets/TextMesh Pro/Examples & Extras/Materials/Small Crate_diffuse.mat using Guid(22262639920f43d6be32430e4e58350d) Importer(2089858483,0ecaa5967403d082aa24f35e1b516d23) [PhysX] Initialized MultithreadedTaskDispatcher with 20 workers.
 -> (artifact id: 'dc906334b8e3cfaf114d69abeb7579b8') in 0.025299 seconds
Number of updated asset objects reloaded before import = 0
Number of asset objects unloaded after import = 1
========================================================================
Received Import Request.
  Time since last request: 0.000018 seconds.
  path: Assets/StarterAssets/ThirdPersonController/Character/Models/Armature.fbx
  artifactKey: Guid(36078ab0369161e49a29d349ae3e0739) Importer(2089858483,0ecaa5967403d082aa24f35e1b516d23)
Start importing Assets/StarterAssets/ThirdPersonController/Character/Models/Armature.fbx using Guid(36078ab0369161e49a29d349ae3e0739) Importer(2089858483,0ecaa5967403d082aa24f35e1b516d23) [PhysX] Initialized MultithreadedTaskDispatcher with 20 workers.
 -> (artifact id: 'bef61acaad9b0c18fe53f04a366ff73d') in 0.054581 seconds
Number of updated asset objects reloaded before import = 0
Number of asset objects unloaded after import = 150
========================================================================
Received Import Request.
  Time since last request: 0.000023 seconds.
  path: Assets/TextMesh Pro/Examples & Extras/Resources/Color Gradient Presets/Blue to Purple - Vertical.asset
  artifactKey: Guid(479a66fa4b094512a62b0a8e553ad95a) Importer(2089858483,0ecaa5967403d082aa24f35e1b516d23)
Start importing Assets/TextMesh Pro/Examples & Extras/Resources/Color Gradient Presets/Blue to Purple - Vertical.asset using Guid(479a66fa4b094512a62b0a8e553ad95a) Importer(2089858483,0ecaa5967403d082aa24f35e1b516d23) [PhysX] Initialized MultithreadedTaskDispatcher with 20 workers.
 -> (artifact id: '5e0f5278ec4dd2c64ec62d41777b3be1') in 0.027154 seconds
Number of updated asset objects reloaded before import = 0
Number of asset objects unloaded after import = 1
========================================================================
Received Import Request.
  Time since last request: 0.000025 seconds.
  path: Assets/TextMesh Pro/Examples & Extras/Scenes/18 - ScrollRect & Masking & LayoutSettings.lighting
  artifactKey: Guid(ae166a2d5c7c02b4ca3e844701b4e24c) Importer(2089858483,0ecaa5967403d082aa24f35e1b516d23)
Start importing Assets/TextMesh Pro/Examples & Extras/Scenes/18 - ScrollRect & Masking & LayoutSettings.lighting using Guid(ae166a2d5c7c02b4ca3e844701b4e24c) Importer(2089858483,0ecaa5967403d082aa24f35e1b516d23) [PhysX] Initialized MultithreadedTaskDispatcher with 20 workers.
LightingSettings: switching bake backend from 1 to 0.
 -> (artifact id: 'f42e11134d16c38d6b52e57c698cfe5d') in 0.046222 seconds
Number of updated asset objects reloaded before import = 0
Number of asset objects unloaded after import = 1
========================================================================
Received Import Request.
  Time since last request: 0.000021 seconds.
  path: Assets/StarterAssets/Environment/Art/Models/Ramp_Mesh.fbx
  artifactKey: Guid(426a2785f8a940049aac2c246661cf09) Importer(2089858483,0ecaa5967403d082aa24f35e1b516d23)
Start importing Assets/StarterAssets/Environment/Art/Models/Ramp_Mesh.fbx using Guid(426a2785f8a940049aac2c246661cf09) Importer(2089858483,0ecaa5967403d082aa24f35e1b516d23) [PhysX] Initialized MultithreadedTaskDispatcher with 20 workers.
 -> (artifact id: '48011ae894b37002133eed3ccf9edfd8') in 0.032797 seconds
Number of updated asset objects reloaded before import = 0
Number of asset objects unloaded after import = 8
========================================================================
Received Import Request.
  Time since last request: 0.000020 seconds.
  path: Assets/StarterAssets/ThirdPersonController/Prefabs/PlayerCapsule.prefab
  artifactKey: Guid(2553cec8fdb3eb643bbe9f2ec880c472) Importer(2089858483,0ecaa5967403d082aa24f35e1b516d23)
Start importing Assets/StarterAssets/ThirdPersonController/Prefabs/PlayerCapsule.prefab using Guid(2553cec8fdb3eb643bbe9f2ec880c472) Importer(2089858483,0ecaa5967403d082aa24f35e1b516d23) [PhysX] Initialized MultithreadedTaskDispatcher with 20 workers.
 -> (artifact id: 'd1107e05f360983c8ba1ce095a549ac4') in 0.165809 seconds
Number of updated asset objects reloaded before import = 0
Number of asset objects unloaded after import = 18
========================================================================
Received Import Request.
  Time since last request: 0.000020 seconds.
  path: Assets/TextMesh Pro/Examples & Extras/Scenes/09 - Margin Tag ExampleSettings.lighting
  artifactKey: Guid(fb9bba5f019d87b49b98dff8974d0439) Importer(2089858483,0ecaa5967403d082aa24f35e1b516d23)
Start importing Assets/TextMesh Pro/Examples & Extras/Scenes/09 - Margin Tag ExampleSettings.lighting using Guid(fb9bba5f019d87b49b98dff8974d0439) Importer(2089858483,0ecaa5967403d082aa24f35e1b516d23) [PhysX] Initialized MultithreadedTaskDispatcher with 20 workers.
LightingSettings: switching bake backend from 1 to 0.
 -> (artifact id: '16caff41ae39d8ff6290ce605593f87b') in 0.023106 seconds
Number of updated asset objects reloaded before import = 0
Number of asset objects unloaded after import = 1
========================================================================
Received Import Request.
  Time since last request: 0.000028 seconds.
  path: Assets/Photon/PhotonUnityNetworking/Demos/PunBasics-Tutorial/Materials/UnitTextureGreen12x.mat
  artifactKey: Guid(8c13ddd2bc8fa4e85943376cf7c8bf7d) Importer(2089858483,0ecaa5967403d082aa24f35e1b516d23)
Start importing Assets/Photon/PhotonUnityNetworking/Demos/PunBasics-Tutorial/Materials/UnitTextureGreen12x.mat using Guid(8c13ddd2bc8fa4e85943376cf7c8bf7d) Importer(2089858483,0ecaa5967403d082aa24f35e1b516d23) [PhysX] Initialized MultithreadedTaskDispatcher with 20 workers.
 -> (artifact id: '7a89b5f2ad507d4af4c711618f66a1f1') in 0.012627 seconds
Number of updated asset objects reloaded before import = 0
Number of asset objects unloaded after import = 1
========================================================================
Received Import Request.
  Time since last request: 0.000022 seconds.
  path: Assets/UniversalRenderPipelineGlobalSettings.asset
  artifactKey: Guid(447fd73dd26d8634b8135c169daa0a32) Importer(2089858483,0ecaa5967403d082aa24f35e1b516d23)
Start importing Assets/UniversalRenderPipelineGlobalSettings.asset using Guid(447fd73dd26d8634b8135c169daa0a32) Importer(2089858483,0ecaa5967403d082aa24f35e1b516d23) [PhysX] Initialized MultithreadedTaskDispatcher with 20 workers.
 -> (artifact id: 'cc0cb2bc184b43620dd53a039ef64929') in 0.021779 seconds
Number of updated asset objects reloaded before import = 0
Number of asset objects unloaded after import = 1
========================================================================
Received Import Request.
  Time since last request: 0.000017 seconds.
  path: Assets/Jung/Items/Scripts/IInteractable.cs
  artifactKey: Guid(bbbde038c295ae948825b28691b92757) Importer(2089858483,0ecaa5967403d082aa24f35e1b516d23)
Start importing Assets/Jung/Items/Scripts/IInteractable.cs using Guid(bbbde038c295ae948825b28691b92757) Importer(2089858483,0ecaa5967403d082aa24f35e1b516d23) [PhysX] Initialized MultithreadedTaskDispatcher with 20 workers.
 -> (artifact id: 'f26c3a4323e2fb1f168fb7398594cfa9') in 0.013014 seconds
Number of updated asset objects reloaded before import = 0
Number of asset objects unloaded after import = 1
========================================================================
Received Import Request.
  Time since last request: 0.000037 seconds.
  path: Assets/StarterAssets/Mobile/Scripts
  artifactKey: Guid(7b0e507958fc3a940b3afabb02fdb2cc) Importer(2089858483,0ecaa5967403d082aa24f35e1b516d23)
Start importing Assets/StarterAssets/Mobile/Scripts using Guid(7b0e507958fc3a940b3afabb02fdb2cc) Importer(2089858483,0ecaa5967403d082aa24f35e1b516d23) [PhysX] Initialized MultithreadedTaskDispatcher with 20 workers.
 -> (artifact id: '49933e3f67855ec401a7e0865bb3ea04') in 0.011560 seconds
Number of updated asset objects reloaded before import = 0
Number of asset objects unloaded after import = 1
========================================================================
Received Import Request.
  Time since last request: 0.000108 seconds.
  path: Assets/TextMesh Pro/Examples & Extras/Scenes/12 - Link Example.unity
  artifactKey: Guid(9747140c28254be2adc582210dfb89b8) Importer(2089858483,0ecaa5967403d082aa24f35e1b516d23)
Start importing Assets/TextMesh Pro/Examples & Extras/Scenes/12 - Link Example.unity using Guid(9747140c28254be2adc582210dfb89b8) Importer(2089858483,0ecaa5967403d082aa24f35e1b516d23) [PhysX] Initialized MultithreadedTaskDispatcher with 20 workers.
 -> (artifact id: '54097992ba356482b955f22ea957ab59') in 0.011275 seconds
Number of updated asset objects reloaded before import = 0
Number of asset objects unloaded after import = 1
========================================================================
Received Import Request.
  Time since last request: 0.000092 seconds.
  path: Assets/Photon/PhotonUnityNetworking/Demos/DemoAsteroids/Scenes/DemoAsteroids-GameSceneSettings.lighting
  artifactKey: Guid(dc6acc48148c3a6448bdf3e7de982998) Importer(2089858483,0ecaa5967403d082aa24f35e1b516d23)
Start importing Assets/Photon/PhotonUnityNetworking/Demos/DemoAsteroids/Scenes/DemoAsteroids-GameSceneSettings.lighting using Guid(dc6acc48148c3a6448bdf3e7de982998) Importer(2089858483,0ecaa5967403d082aa24f35e1b516d23) [PhysX] Initialized MultithreadedTaskDispatcher with 20 workers.
LightingSettings: switching bake backend from 1 to 0.
 -> (artifact id: '69a5ce3435dcb37597c55d5820faa991') in 0.019897 seconds
Number of updated asset objects reloaded before import = 0
Number of asset objects unloaded after import = 1
========================================================================
Received Import Request.
  Time since last request: 0.000017 seconds.
  path: Assets/StarterAssets/Environment/Art/Materials/GridOrange_01_Mat.mat
  artifactKey: Guid(7ab977a21c92388468ee65ad1c0e5a78) Importer(2089858483,0ecaa5967403d082aa24f35e1b516d23)
Start importing Assets/StarterAssets/Environment/Art/Materials/GridOrange_01_Mat.mat using Guid(7ab977a21c92388468ee65ad1c0e5a78) Importer(2089858483,0ecaa5967403d082aa24f35e1b516d23) [PhysX] Initialized MultithreadedTaskDispatcher with 20 workers.
 -> (artifact id: 'ea09708276b200bbd4fbb4f45623c2f2') in 0.031014 seconds
Number of updated asset objects reloaded before import = 0
Number of asset objects unloaded after import = 4
========================================================================
Received Import Request.
  Time since last request: 0.000017 seconds.
  path: Assets/Photon/PhotonUnityNetworking/Demos/PunBasics-Tutorial/Scenes/PunBasics-LauncherSettings.lighting
  artifactKey: Guid(9a19b2706bf80e241a00c4343f38e3ac) Importer(2089858483,0ecaa5967403d082aa24f35e1b516d23)
Start importing Assets/Photon/PhotonUnityNetworking/Demos/PunBasics-Tutorial/Scenes/PunBasics-LauncherSettings.lighting using Guid(9a19b2706bf80e241a00c4343f38e3ac) Importer(2089858483,0ecaa5967403d082aa24f35e1b516d23) [PhysX] Initialized MultithreadedTaskDispatcher with 20 workers.
LightingSettings: switching bake backend from 1 to 0.
 -> (artifact id: '9058cbb94ab529bf5040969989a17772') in 0.020382 seconds
Number of updated asset objects reloaded before import = 0
Number of asset objects unloaded after import = 1
========================================================================
Received Import Request.
  Time since last request: 0.000017 seconds.
  path: Assets/TextMesh Pro/Examples & Extras/Scenes/03 - Line Justification.unity
  artifactKey: Guid(21a509e1d3cd49978623fa564adb6f02) Importer(2089858483,0ecaa5967403d082aa24f35e1b516d23)
Start importing Assets/TextMesh Pro/Examples & Extras/Scenes/03 - Line Justification.unity using Guid(21a509e1d3cd49978623fa564adb6f02) Importer(2089858483,0ecaa5967403d082aa24f35e1b516d23) [PhysX] Initialized MultithreadedTaskDispatcher with 20 workers.
 -> (artifact id: '0041dd15f59bdd57db581f9d4bc565a7') in 0.009712 seconds
Number of updated asset objects reloaded before import = 0
Number of asset objects unloaded after import = 1
========================================================================
Received Import Request.
  Time since last request: 0.000017 seconds.
  path: Assets/Photon/PhotonUnityNetworking/Demos/DemoAsteroids/Models/Materials/SpaceshipHull.mat
  artifactKey: Guid(de6b3d1666741b24597a4349a143eeb7) Importer(2089858483,0ecaa5967403d082aa24f35e1b516d23)
Start importing Assets/Photon/PhotonUnityNetworking/Demos/DemoAsteroids/Models/Materials/SpaceshipHull.mat using Guid(de6b3d1666741b24597a4349a143eeb7) Importer(2089858483,0ecaa5967403d082aa24f35e1b516d23) [PhysX] Initialized MultithreadedTaskDispatcher with 20 workers.
 -> (artifact id: '1b0e163aaee968c39175c0e247cd64d1') in 0.011725 seconds
Number of updated asset objects reloaded before import = 0
Number of asset objects unloaded after import = 1
========================================================================
Received Import Request.
  Time since last request: 0.000017 seconds.
  path: Assets/Photon/PhotonUnityNetworking/Demos/DemoSlotRacer/Kenney Assets/Stylized city/Materials/leaves_palm_243.mat
  artifactKey: Guid(6fe15af0e28a31a43bf683296709c6b0) Importer(2089858483,0ecaa5967403d082aa24f35e1b516d23)
Start importing Assets/Photon/PhotonUnityNetworking/Demos/DemoSlotRacer/Kenney Assets/Stylized city/Materials/leaves_palm_243.mat using Guid(6fe15af0e28a31a43bf683296709c6b0) Importer(2089858483,0ecaa5967403d082aa24f35e1b516d23) [PhysX] Initialized MultithreadedTaskDispatcher with 20 workers.
 -> (artifact id: 'a591ec079935105feffa6595be4b612a') in 0.013998 seconds
Number of updated asset objects reloaded before import = 0
Number of asset objects unloaded after import = 1
========================================================================
Received Import Request.
  Time since last request: 0.000018 seconds.
  path: Assets/TextMesh Pro/Examples & Extras/Scenes/16 - Linked text overflow mode exampleSettings.lighting
  artifactKey: Guid(4b40ebd349df0ef49adbcbe3e277b9ef) Importer(2089858483,0ecaa5967403d082aa24f35e1b516d23)
Start importing Assets/TextMesh Pro/Examples & Extras/Scenes/16 - Linked text overflow mode exampleSettings.lighting using Guid(4b40ebd349df0ef49adbcbe3e277b9ef) Importer(2089858483,0ecaa5967403d082aa24f35e1b516d23) [PhysX] Initialized MultithreadedTaskDispatcher with 20 workers.
LightingSettings: switching bake backend from 1 to 0.
 -> (artifact id: '3ba9d378b040590b3bfaf6147f958888') in 0.026735 seconds
Number of updated asset objects reloaded before import = 0
Number of asset objects unloaded after import = 1
========================================================================
Received Import Request.
  Time since last request: 0.000022 seconds.
  path: Assets/Photon/PhotonUnityNetworking/Demos/PunBasics-Tutorial/Scenes/PunBasics-Room for 2.unity
  artifactKey: Guid(764428c63577f4580af4ce54ca9f4b1b) Importer(2089858483,0ecaa5967403d082aa24f35e1b516d23)
Start importing Assets/Photon/PhotonUnityNetworking/Demos/PunBasics-Tutorial/Scenes/PunBasics-Room for 2.unity using Guid(764428c63577f4580af4ce54ca9f4b1b) Importer(2089858483,0ecaa5967403d082aa24f35e1b516d23) [PhysX] Initialized MultithreadedTaskDispatcher with 20 workers.
 -> (artifact id: 'eef1c56453e48b1526a577e4911184d9') in 0.010116 seconds
Number of updated asset objects reloaded before import = 0
Number of asset objects unloaded after import = 1
========================================================================
Received Import Request.
  Time since last request: 0.000151 seconds.
  path: Assets/Photon/PhotonUnityNetworking/Demos/DemoAsteroids/Prefabs/PlayerListEntry.prefab
  artifactKey: Guid(d68bf8413681d9b4aa7328277e632e3f) Importer(2089858483,0ecaa5967403d082aa24f35e1b516d23)
Start importing Assets/Photon/PhotonUnityNetworking/Demos/DemoAsteroids/Prefabs/PlayerListEntry.prefab using Guid(d68bf8413681d9b4aa7328277e632e3f) Importer(2089858483,0ecaa5967403d082aa24f35e1b516d23) [PhysX] Initialized MultithreadedTaskDispatcher with 20 workers.
 -> (artifact id: 'bb63ebb5f6920c56675c336b43ea6640') in 0.040630 seconds
Number of updated asset objects reloaded before import = 0
Number of asset objects unloaded after import = 39
========================================================================
Received Import Request.
  Time since last request: 0.000019 seconds.
  path: Assets/Photon/PhotonUnityNetworking/Demos/DemoProcedural/Materials/Black.mat
  artifactKey: Guid(1598ff147655ecb4893e78f88baa9475) Importer(2089858483,0ecaa5967403d082aa24f35e1b516d23)
Start importing Assets/Photon/PhotonUnityNetworking/Demos/DemoProcedural/Materials/Black.mat using Guid(1598ff147655ecb4893e78f88baa9475) Importer(2089858483,0ecaa5967403d082aa24f35e1b516d23) [PhysX] Initialized MultithreadedTaskDispatcher with 20 workers.
 -> (artifact id: '9baabee73ac855eee9f7aceea07c116a') in 0.013379 seconds
Number of updated asset objects reloaded before import = 0
Number of asset objects unloaded after import = 1
========================================================================
Received Import Request.
  Time since last request: 0.000017 seconds.
  path: Assets/StarterAssets/ThirdPersonController/Scripts/BasicRigidBodyPush.cs
  artifactKey: Guid(909d917d73a63f940ac158d02e936645) Importer(2089858483,0ecaa5967403d082aa24f35e1b516d23)
Start importing Assets/StarterAssets/ThirdPersonController/Scripts/BasicRigidBodyPush.cs using Guid(909d917d73a63f940ac158d02e936645) Importer(2089858483,0ecaa5967403d082aa24f35e1b516d23) [PhysX] Initialized MultithreadedTaskDispatcher with 20 workers.
 -> (artifact id: '117b9445903248b995329e35109cd9ca') in 0.012792 seconds
Number of updated asset objects reloaded before import = 0
Number of asset objects unloaded after import = 1
========================================================================
Received Import Request.
  Time since last request: 0.000048 seconds.
  path: Assets/StarterAssets/ThirdPersonController/Scenes/Playground.unity
  artifactKey: Guid(e9017d5f96b9f09489b4b37e1d6eb914) Importer(2089858483,0ecaa5967403d082aa24f35e1b516d23)
Start importing Assets/StarterAssets/ThirdPersonController/Scenes/Playground.unity using Guid(e9017d5f96b9f09489b4b37e1d6eb914) Importer(2089858483,0ecaa5967403d082aa24f35e1b516d23) [PhysX] Initialized MultithreadedTaskDispatcher with 20 workers.
 -> (artifact id: '7399619f8061fbdb631dc962723bccf1') in 0.009734 seconds
Number of updated asset objects reloaded before import = 0
Number of asset objects unloaded after import = 1
========================================================================
Received Import Request.
  Time since last request: 0.000101 seconds.
  path: Assets/Settings
  artifactKey: Guid(fc46c33e3e1968d48ad1580a45249a5f) Importer(2089858483,0ecaa5967403d082aa24f35e1b516d23)
Start importing Assets/Settings using Guid(fc46c33e3e1968d48ad1580a45249a5f) Importer(2089858483,0ecaa5967403d082aa24f35e1b516d23) [PhysX] Initialized MultithreadedTaskDispatcher with 20 workers.
 -> (artifact id: '975c02d83c7c37f87f0ed38197aa85dc') in 0.010198 seconds
Number of updated asset objects reloaded before import = 0
Number of asset objects unloaded after import = 1
========================================================================
Received Import Request.
  Time since last request: 0.000088 seconds.
  path: Assets/Photon/PhotonUnityNetworking/Demos/DemoProcedural/Materials/Red.mat
  artifactKey: Guid(ad7ce727a68a61f4897679b81da7b344) Importer(2089858483,0ecaa5967403d082aa24f35e1b516d23)
Start importing Assets/Photon/PhotonUnityNetworking/Demos/DemoProcedural/Materials/Red.mat using Guid(ad7ce727a68a61f4897679b81da7b344) Importer(2089858483,0ecaa5967403d082aa24f35e1b516d23) [PhysX] Initialized MultithreadedTaskDispatcher with 20 workers.
 -> (artifact id: 'b233001d9cbb0ac083edea68a9b99491') in 0.011325 seconds
Number of updated asset objects reloaded before import = 0
Number of asset objects unloaded after import = 1
========================================================================
Received Import Request.
  Time since last request: 0.000016 seconds.
  path: Assets/Photon/PhotonUnityNetworking/Demos/PunBasics-Tutorial/Prefabs/Demo Intro UI.prefab
  artifactKey: Guid(f773d1fa10a4f4e0d88490eab5d5b46d) Importer(2089858483,0ecaa5967403d082aa24f35e1b516d23)
Start importing Assets/Photon/PhotonUnityNetworking/Demos/PunBasics-Tutorial/Prefabs/Demo Intro UI.prefab using Guid(f773d1fa10a4f4e0d88490eab5d5b46d) Importer(2089858483,0ecaa5967403d082aa24f35e1b516d23) [PhysX] Initialized MultithreadedTaskDispatcher with 20 workers.
 -> (artifact id: '2c42342385c9eca63cdb12504deca364') in 0.041689 seconds
Number of updated asset objects reloaded before import = 0
Number of asset objects unloaded after import = 21
========================================================================
Received Import Request.
  Time since last request: 0.000017 seconds.
  path: Assets/HR_ES/Playground.unity
  artifactKey: Guid(bee75d0126a24b749887f45ae96c0788) Importer(2089858483,0ecaa5967403d082aa24f35e1b516d23)
Start importing Assets/HR_ES/Playground.unity using Guid(bee75d0126a24b749887f45ae96c0788) Importer(2089858483,0ecaa5967403d082aa24f35e1b516d23) [PhysX] Initialized MultithreadedTaskDispatcher with 20 workers.
 -> (artifact id: '9f78f856759bed1aff8262b29381af0a') in 0.008927 seconds
Number of updated asset objects reloaded before import = 0
Number of asset objects unloaded after import = 1
========================================================================
Received Import Request.
  Time since last request: 0.000090 seconds.
  path: Assets/StarterAssets/Environment/Art/Materials
  artifactKey: Guid(62e09e1e4aed9424ba218499f11ea644) Importer(2089858483,0ecaa5967403d082aa24f35e1b516d23)
Start importing Assets/StarterAssets/Environment/Art/Materials using Guid(62e09e1e4aed9424ba218499f11ea644) Importer(2089858483,0ecaa5967403d082aa24f35e1b516d23) [PhysX] Initialized MultithreadedTaskDispatcher with 20 workers.
 -> (artifact id: 'dcec1fe093e70e73e8351ddf798a6bcd') in 0.009107 seconds
Number of updated asset objects reloaded before import = 0
Number of asset objects unloaded after import = 1
========================================================================
Received Import Request.
  Time since last request: 0.000066 seconds.
  path: Assets/TextMesh Pro/Examples & Extras/Resources/Fonts & Materials/Electronic Highway Sign SDF.asset
  artifactKey: Guid(dc36b3fdc14f47ebb36fd484a67e268a) Importer(2089858483,0ecaa5967403d082aa24f35e1b516d23)
Start importing Assets/TextMesh Pro/Examples & Extras/Resources/Fonts & Materials/Electronic Highway Sign SDF.asset using Guid(dc36b3fdc14f47ebb36fd484a67e268a) Importer(2089858483,0ecaa5967403d082aa24f35e1b516d23) [PhysX] Initialized MultithreadedTaskDispatcher with 20 workers.
 -> (artifact id: '04ab09d9d8014f5b591f2331f8da166f') in 0.032147 seconds
Number of updated asset objects reloaded before import = 0
Number of asset objects unloaded after import = 5
========================================================================
Received Import Request.
  Time since last request: 0.000018 seconds.
  path: Assets/StarterAssets/Environment/Art/Models/Structure_Mesh.fbx
  artifactKey: Guid(d0a9bfb4b5f28174884e89dd76563ae8) Importer(2089858483,0ecaa5967403d082aa24f35e1b516d23)
Start importing Assets/StarterAssets/Environment/Art/Models/Structure_Mesh.fbx using Guid(d0a9bfb4b5f28174884e89dd76563ae8) Importer(2089858483,0ecaa5967403d082aa24f35e1b516d23) [PhysX] Initialized MultithreadedTaskDispatcher with 20 workers.
 -> (artifact id: 'd28d0a775ed24cea4e74e49d0cea5e56') in 0.024793 seconds
Number of updated asset objects reloaded before import = 0
Number of asset objects unloaded after import = 8
========================================================================
Received Import Request.
  Time since last request: 0.000020 seconds.
  path: Assets/StarterAssets/Environment/RenderPipelineProfiles/StarterAssetsURPRenderer.asset
  artifactKey: Guid(14d1d515dbdfb4206ae3afd891bf975b) Importer(2089858483,0ecaa5967403d082aa24f35e1b516d23)
Start importing Assets/StarterAssets/Environment/RenderPipelineProfiles/StarterAssetsURPRenderer.asset using Guid(14d1d515dbdfb4206ae3afd891bf975b) Importer(2089858483,0ecaa5967403d082aa24f35e1b516d23) [PhysX] Initialized MultithreadedTaskDispatcher with 20 workers.
 -> (artifact id: '2c0a2d5b6a38a4e204940098cb022795') in 0.020492 seconds
Number of updated asset objects reloaded before import = 0
Number of asset objects unloaded after import = 1
========================================================================
Received Import Request.
  Time since last request: 0.000071 seconds.
  path: Assets/Photon/PhotonUnityNetworking/Demos/Shared Assets/Animations/Materials/SuitMaterial.mat
  artifactKey: Guid(ed4e4079e2e99084d8d914283565fc5c) Importer(2089858483,0ecaa5967403d082aa24f35e1b516d23)
Start importing Assets/Photon/PhotonUnityNetworking/Demos/Shared Assets/Animations/Materials/SuitMaterial.mat using Guid(ed4e4079e2e99084d8d914283565fc5c) Importer(2089858483,0ecaa5967403d082aa24f35e1b516d23) [PhysX] Initialized MultithreadedTaskDispatcher with 20 workers.
 -> (artifact id: '5e089d1f8a2d39b160ec9fb7564c09b5') in 0.011354 seconds
Number of updated asset objects reloaded before import = 0
Number of asset objects unloaded after import = 1
========================================================================
Received Import Request.
  Time since last request: 0.000042 seconds.
  path: Assets/Jung/Items/Gift_Open/Gift_ctl.controller
  artifactKey: Guid(27a06979215851948acad9846315b26a) Importer(2089858483,0ecaa5967403d082aa24f35e1b516d23)
Start importing Assets/Jung/Items/Gift_Open/Gift_ctl.controller using Guid(27a06979215851948acad9846315b26a) Importer(2089858483,0ecaa5967403d082aa24f35e1b516d23) [PhysX] Initialized MultithreadedTaskDispatcher with 20 workers.
 -> (artifact id: 'eef47ce57cc12a15a2fa91a999292b8a') in 0.019786 seconds
Number of updated asset objects reloaded before import = 0
Number of asset objects unloaded after import = 6
========================================================================
Received Import Request.
  Time since last request: 0.000051 seconds.
  path: Assets/TextMesh Pro/Examples & Extras/Resources/Fonts & Materials/Bangers SDF.asset
  artifactKey: Guid(125cb55b44b24c4393181402bc6200e6) Importer(2089858483,0ecaa5967403d082aa24f35e1b516d23)
Start importing Assets/TextMesh Pro/Examples & Extras/Resources/Fonts & Materials/Bangers SDF.asset using Guid(125cb55b44b24c4393181402bc6200e6) Importer(2089858483,0ecaa5967403d082aa24f35e1b516d23) [PhysX] Initialized MultithreadedTaskDispatcher with 20 workers.
 -> (artifact id: '7a3b5da94c2b70299ff6d2fbdb9fdf8d') in 0.019723 seconds
Number of updated asset objects reloaded before import = 0
Number of asset objects unloaded after import = 5
========================================================================
Received Import Request.
  Time since last request: 0.000016 seconds.
  path: Assets/Photon/PhotonUnityNetworking/Demos/DemoProcedural/Procedural-SceneSettings.lighting
  artifactKey: Guid(a7bface1dd0456444abc9b6a3a602126) Importer(2089858483,0ecaa5967403d082aa24f35e1b516d23)
Start importing Assets/Photon/PhotonUnityNetworking/Demos/DemoProcedural/Procedural-SceneSettings.lighting using Guid(a7bface1dd0456444abc9b6a3a602126) Importer(2089858483,0ecaa5967403d082aa24f35e1b516d23) [PhysX] Initialized MultithreadedTaskDispatcher with 20 workers.
LightingSettings: switching bake backend from 1 to 0.
 -> (artifact id: '54504dc42f56bb93f2c487feb915c282') in 0.024632 seconds
Number of updated asset objects reloaded before import = 0
Number of asset objects unloaded after import = 1
========================================================================
Received Import Request.
  Time since last request: 0.000018 seconds.
  path: Assets/StarterAssets/TutorialInfo/Scripts/Readme.cs
  artifactKey: Guid(fcf7219bab7fe46a1ad266029b2fee19) Importer(2089858483,0ecaa5967403d082aa24f35e1b516d23)
Start importing Assets/StarterAssets/TutorialInfo/Scripts/Readme.cs using Guid(fcf7219bab7fe46a1ad266029b2fee19) Importer(2089858483,0ecaa5967403d082aa24f35e1b516d23) [PhysX] Initialized MultithreadedTaskDispatcher with 20 workers.
 -> (artifact id: '6bc90c9861e63025f72b3b442502c47e') in 0.009560 seconds
Number of updated asset objects reloaded before import = 0
Number of asset objects unloaded after import = 1
========================================================================
Received Import Request.
  Time since last request: 0.000036 seconds.
  path: Assets/Photon/PhotonUnityNetworking/Demos/PunBasics-Tutorial/Materials/UnitTextureRed12x.mat
  artifactKey: Guid(3f171282ef46c4fbea54d9ab581fcb83) Importer(2089858483,0ecaa5967403d082aa24f35e1b516d23)
Start importing Assets/Photon/PhotonUnityNetworking/Demos/PunBasics-Tutorial/Materials/UnitTextureRed12x.mat using Guid(3f171282ef46c4fbea54d9ab581fcb83) Importer(2089858483,0ecaa5967403d082aa24f35e1b516d23) [PhysX] Initialized MultithreadedTaskDispatcher with 20 workers.
 -> (artifact id: '3779199d256ae12d2e56e47254ada1fb') in 0.014397 seconds
Number of updated asset objects reloaded before import = 0
Number of asset objects unloaded after import = 1
========================================================================
Received Import Request.
  Time since last request: 0.000019 seconds.
  path: Assets/StarterAssets/Environment/Prefabs/Box_350x250x200_Prefab.prefab
  artifactKey: Guid(7b846d8f536f007498c941069487ce81) Importer(2089858483,0ecaa5967403d082aa24f35e1b516d23)
Start importing Assets/StarterAssets/Environment/Prefabs/Box_350x250x200_Prefab.prefab using Guid(7b846d8f536f007498c941069487ce81) Importer(2089858483,0ecaa5967403d082aa24f35e1b516d23) [PhysX] Initialized MultithreadedTaskDispatcher with 20 workers.
 -> (artifact id: 'eb2082e74ca7d4eff9f6d0a68cebe3e4') in 0.035323 seconds
Number of updated asset objects reloaded before import = 0
Number of asset objects unloaded after import = 8
========================================================================
Received Import Request.
  Time since last request: 1.582764 seconds.
  path: Assets/StarterAssets/ThirdPersonController/Character/Sfx/Player_Footstep_03.wav
  artifactKey: Guid(186de84b3207156479abe98f4958fed0) Importer(2089858483,0ecaa5967403d082aa24f35e1b516d23)
Start importing Assets/StarterAssets/ThirdPersonController/Character/Sfx/Player_Footstep_03.wav using Guid(186de84b3207156479abe98f4958fed0) Importer(2089858483,0ecaa5967403d082aa24f35e1b516d23) [PhysX] Initialized MultithreadedTaskDispatcher with 20 workers.
 -> (artifact id: 'bd0b818b729b78ffd037ad5c32dbb7a6') in 0.045622 seconds
Number of updated asset objects reloaded before import = 0
Number of asset objects unloaded after import = 1
========================================================================
Received Import Request.
  Time since last request: 0.000018 seconds.
  path: Assets/StarterAssets/Mobile
  artifactKey: Guid(14344c134ca94dc42887027aebcf24a5) Importer(2089858483,0ecaa5967403d082aa24f35e1b516d23)
Start importing Assets/StarterAssets/Mobile using Guid(14344c134ca94dc42887027aebcf24a5) Importer(2089858483,0ecaa5967403d082aa24f35e1b516d23) [PhysX] Initialized MultithreadedTaskDispatcher with 20 workers.
 -> (artifact id: '5ae7f31d259fdfa771357fef375d16e7') in 0.013040 seconds
Number of updated asset objects reloaded before import = 0
Number of asset objects unloaded after import = 1
========================================================================
Received Import Request.
  Time since last request: 0.000017 seconds.
  path: Assets/Resources
  artifactKey: Guid(93007c963ee981343a6eddf81e42791f) Importer(2089858483,0ecaa5967403d082aa24f35e1b516d23)
Start importing Assets/Resources using Guid(93007c963ee981343a6eddf81e42791f) Importer(2089858483,0ecaa5967403d082aa24f35e1b516d23) [PhysX] Initialized MultithreadedTaskDispatcher with 20 workers.
 -> (artifact id: '60ca8b87a7361747fb9b5b9d75bd7a92') in 0.012492 seconds
Number of updated asset objects reloaded before import = 0
Number of asset objects unloaded after import = 1
========================================================================
Received Import Request.
  Time since last request: 0.000018 seconds.
  path: Assets/StarterAssets/ThirdPersonController/Scenes/PlaygroundSettings.lighting
  artifactKey: Guid(3b3f7400d3526e9429c39d03afb714b3) Importer(2089858483,0ecaa5967403d082aa24f35e1b516d23)
Start importing Assets/StarterAssets/ThirdPersonController/Scenes/PlaygroundSettings.lighting using Guid(3b3f7400d3526e9429c39d03afb714b3) Importer(2089858483,0ecaa5967403d082aa24f35e1b516d23) [PhysX] Initialized MultithreadedTaskDispatcher with 20 workers.
 -> (artifact id: 'f77891d126642019fddc524a8e3094a4') in 0.026624 seconds
Number of updated asset objects reloaded before import = 0
Number of asset objects unloaded after import = 1
========================================================================
Received Import Request.
  Time since last request: 0.000019 seconds.
  path: Assets/HR_ES/MultiManager.cs
  artifactKey: Guid(a35cb58a599806f4ab771e562a6b69c0) Importer(2089858483,0ecaa5967403d082aa24f35e1b516d23)
Start importing Assets/HR_ES/MultiManager.cs using Guid(a35cb58a599806f4ab771e562a6b69c0) Importer(2089858483,0ecaa5967403d082aa24f35e1b516d23) [PhysX] Initialized MultithreadedTaskDispatcher with 20 workers.
 -> (artifact id: '14e66e3e5c07cca00287d6d52e82a993') in 0.012181 seconds
Number of updated asset objects reloaded before import = 0
Number of asset objects unloaded after import = 1
========================================================================
Received Import Request.
  Time since last request: 0.000019 seconds.
  path: Assets/StarterAssets/Environment/Art/Materials/GreyBlue_Mat.mat
  artifactKey: Guid(6b911390c5825014e8377183a7837d3f) Importer(2089858483,0ecaa5967403d082aa24f35e1b516d23)
Start importing Assets/StarterAssets/Environment/Art/Materials/GreyBlue_Mat.mat using Guid(6b911390c5825014e8377183a7837d3f) Importer(2089858483,0ecaa5967403d082aa24f35e1b516d23) [PhysX] Initialized MultithreadedTaskDispatcher with 20 workers.
 -> (artifact id: '55b3a1b0ba3e08af49d3ce15532bbc17') in 0.014644 seconds
Number of updated asset objects reloaded before import = 0
Number of asset objects unloaded after import = 1
========================================================================
Received Import Request.
  Time since last request: 0.000022 seconds.
  path: Assets/TextMesh Pro/Examples & Extras/Materials/Ground - Logo Scene.mat
  artifactKey: Guid(c719e38f25a9480abd2480ab621a2949) Importer(2089858483,0ecaa5967403d082aa24f35e1b516d23)
Start importing Assets/TextMesh Pro/Examples & Extras/Materials/Ground - Logo Scene.mat using Guid(c719e38f25a9480abd2480ab621a2949) Importer(2089858483,0ecaa5967403d082aa24f35e1b516d23) [PhysX] Initialized MultithreadedTaskDispatcher with 20 workers.
 -> (artifact id: 'da7c6acc50df1abc93e078a453477abb') in 0.013317 seconds
Number of updated asset objects reloaded before import = 0
Number of asset objects unloaded after import = 1
========================================================================
Received Import Request.
  Time since last request: 0.000016 seconds.
  path: Assets/Photon/PhotonUnityNetworking/Demos/Shared Assets/Animations/Materials/TongueMaterial.mat
  artifactKey: Guid(28498b9ebcb776a46b3c9479a664bfc7) Importer(2089858483,0ecaa5967403d082aa24f35e1b516d23)
Start importing Assets/Photon/PhotonUnityNetworking/Demos/Shared Assets/Animations/Materials/TongueMaterial.mat using Guid(28498b9ebcb776a46b3c9479a664bfc7) Importer(2089858483,0ecaa5967403d082aa24f35e1b516d23) [PhysX] Initialized MultithreadedTaskDispatcher with 20 workers.
 -> (artifact id: '5e1a4b65a34055a6afad49865dbef8c0') in 0.013759 seconds
Number of updated asset objects reloaded before import = 0
Number of asset objects unloaded after import = 1
========================================================================
Received Import Request.
  Time since last request: 0.000018 seconds.
  path: Assets/StarterAssets/Environment/Art
  artifactKey: Guid(bc688fc4c70b02044b054f994d6e36e6) Importer(2089858483,0ecaa5967403d082aa24f35e1b516d23)
Start importing Assets/StarterAssets/Environment/Art using Guid(bc688fc4c70b02044b054f994d6e36e6) Importer(2089858483,0ecaa5967403d082aa24f35e1b516d23) [PhysX] Initialized MultithreadedTaskDispatcher with 20 workers.
 -> (artifact id: '86294a77793e0e44739b790bb394b9eb') in 0.011914 seconds
Number of updated asset objects reloaded before import = 0
Number of asset objects unloaded after import = 1
========================================================================
Received Import Request.
  Time since last request: 0.000087 seconds.
  path: Assets/TextMesh Pro/Examples & Extras/Scenes/20 - Input Field with Scrollbar.unity
  artifactKey: Guid(337f92480dd24675aae9e79210fb1ad9) Importer(2089858483,0ecaa5967403d082aa24f35e1b516d23)
Start importing Assets/TextMesh Pro/Examples & Extras/Scenes/20 - Input Field with Scrollbar.unity using Guid(337f92480dd24675aae9e79210fb1ad9) Importer(2089858483,0ecaa5967403d082aa24f35e1b516d23) [PhysX] Initialized MultithreadedTaskDispatcher with 20 workers.
 -> (artifact id: '6efe40c749ddd2b5ff304131afe8be0a') in 0.012013 seconds
Number of updated asset objects reloaded before import = 0
Number of asset objects unloaded after import = 1
========================================================================
Received Import Request.
  Time since last request: 0.000083 seconds.
  path: Assets/Photon/PhotonChat/Demos/DemoChat/DemoChat-Scene.unity
  artifactKey: Guid(ec07267f6a28fb044ac89845274e79af) Importer(2089858483,0ecaa5967403d082aa24f35e1b516d23)
Start importing Assets/Photon/PhotonChat/Demos/DemoChat/DemoChat-Scene.unity using Guid(ec07267f6a28fb044ac89845274e79af) Importer(2089858483,0ecaa5967403d082aa24f35e1b516d23) [PhysX] Initialized MultithreadedTaskDispatcher with 20 workers.
 -> (artifact id: '6ab5320153c5e7338f96521f3d4f3de9') in 0.011133 seconds
Number of updated asset objects reloaded before import = 0
Number of asset objects unloaded after import = 1
========================================================================
Received Import Request.
  Time since last request: 0.000072 seconds.
  path: Assets/Photon/PhotonUnityNetworking/Demos/PunBasics-Tutorial/Scenes/PunBasics-Room for 1.unity
  artifactKey: Guid(9b8561c6e396849a5ba48c3eb9524049) Importer(2089858483,0ecaa5967403d082aa24f35e1b516d23)
Start importing Assets/Photon/PhotonUnityNetworking/Demos/PunBasics-Tutorial/Scenes/PunBasics-Room for 1.unity using Guid(9b8561c6e396849a5ba48c3eb9524049) Importer(2089858483,0ecaa5967403d082aa24f35e1b516d23) [PhysX] Initialized MultithreadedTaskDispatcher with 20 workers.
 -> (artifact id: 'cb24e2aeac6ed0f0dff71a62909f0e79') in 0.012172 seconds
Number of updated asset objects reloaded before import = 0
Number of asset objects unloaded after import = 1
========================================================================
Received Import Request.
  Time since last request: 0.000081 seconds.
  path: Assets/StarterAssets/Mobile/Scripts/VirtualInputs/UIVirtualTouchZone.cs
  artifactKey: Guid(65870f34fef70aa44b0f562cfc810220) Importer(2089858483,0ecaa5967403d082aa24f35e1b516d23)
Start importing Assets/StarterAssets/Mobile/Scripts/VirtualInputs/UIVirtualTouchZone.cs using Guid(65870f34fef70aa44b0f562cfc810220) Importer(2089858483,0ecaa5967403d082aa24f35e1b516d23) [PhysX] Initialized MultithreadedTaskDispatcher with 20 workers.
 -> (artifact id: 'c38b5ee3cb33f0ea27d869f3bc384b68') in 0.014040 seconds
Number of updated asset objects reloaded before import = 0
Number of asset objects unloaded after import = 1
========================================================================
Received Import Request.
  Time since last request: 0.000038 seconds.
  path: Assets/Photon/PhotonUnityNetworking/Demos/Shared Assets/Prefabs/UI/Toggle Regular.prefab
  artifactKey: Guid(82b2227f60269dd46b9a921faca9dc1f) Importer(2089858483,0ecaa5967403d082aa24f35e1b516d23)
Start importing Assets/Photon/PhotonUnityNetworking/Demos/Shared Assets/Prefabs/UI/Toggle Regular.prefab using Guid(82b2227f60269dd46b9a921faca9dc1f) Importer(2089858483,0ecaa5967403d082aa24f35e1b516d23) [PhysX] Initialized MultithreadedTaskDispatcher with 20 workers.
 -> (artifact id: '0d2cd3523c5431ced032b55ab5d2b6d4') in 0.043699 seconds
Number of updated asset objects reloaded before import = 0
Number of asset objects unloaded after import = 20
========================================================================
Received Import Request.
  Time since last request: 0.000019 seconds.
  path: Assets/TextMesh Pro/Examples & Extras/Scenes/08 - Improved Text Alignment.unity
  artifactKey: Guid(5fe2257128d9401fad0790f581dc8a6f) Importer(2089858483,0ecaa5967403d082aa24f35e1b516d23)
Start importing Assets/TextMesh Pro/Examples & Extras/Scenes/08 - Improved Text Alignment.unity using Guid(5fe2257128d9401fad0790f581dc8a6f) Importer(2089858483,0ecaa5967403d082aa24f35e1b516d23) [PhysX] Initialized MultithreadedTaskDispatcher with 20 workers.
 -> (artifact id: '7881629070e33509af669879ba43cb0f') in 0.013890 seconds
Number of updated asset objects reloaded before import = 0
Number of asset objects unloaded after import = 1
========================================================================
Received Import Request.
  Time since last request: 0.000117 seconds.
  path: Assets/StarterAssets/ThirdPersonController/Prefabs/PlayerArmature.prefab
  artifactKey: Guid(64dce48905ffd9b4293e595fa6941544) Importer(2089858483,0ecaa5967403d082aa24f35e1b516d23)
Start importing Assets/StarterAssets/ThirdPersonController/Prefabs/PlayerArmature.prefab using Guid(64dce48905ffd9b4293e595fa6941544) Importer(2089858483,0ecaa5967403d082aa24f35e1b516d23) [PhysX] Initialized MultithreadedTaskDispatcher with 20 workers.
 -> (artifact id: '1e471e2b19e31981ff0e52b7381dbf1d') in 0.219375 seconds
Number of updated asset objects reloaded before import = 0
Number of asset objects unloaded after import = 191
========================================================================
Received Import Request.
  Time since last request: 0.000027 seconds.
  path: Assets/Photon/PhotonUnityNetworking/Demos/DemoSlotRacer/Kenney Assets/Stylized city/Materials/No Name.mat
  artifactKey: Guid(a773bd7a075f9534e9c9ed1eb6e9a30f) Importer(2089858483,0ecaa5967403d082aa24f35e1b516d23)
Start importing Assets/Photon/PhotonUnityNetworking/Demos/DemoSlotRacer/Kenney Assets/Stylized city/Materials/No Name.mat using Guid(a773bd7a075f9534e9c9ed1eb6e9a30f) Importer(2089858483,0ecaa5967403d082aa24f35e1b516d23) [PhysX] Initialized MultithreadedTaskDispatcher with 20 workers.
 -> (artifact id: 'ef5833d55149debd75d003b98d1fc8f3') in 0.017636 seconds
Number of updated asset objects reloaded before import = 0
Number of asset objects unloaded after import = 1
========================================================================
Received Import Request.
  Time since last request: 0.000031 seconds.
  path: Assets/StarterAssets/Environment/Prefabs/Wall_Prefab.prefab
  artifactKey: Guid(9eb847ab97b24024588682c8601254cf) Importer(2089858483,0ecaa5967403d082aa24f35e1b516d23)
Start importing Assets/StarterAssets/Environment/Prefabs/Wall_Prefab.prefab using Guid(9eb847ab97b24024588682c8601254cf) Importer(2089858483,0ecaa5967403d082aa24f35e1b516d23) [PhysX] Initialized MultithreadedTaskDispatcher with 20 workers.
 -> (artifact id: '7cc029c9f2676f0e71ac0b3274e1a6bc') in 0.035242 seconds
Number of updated asset objects reloaded before import = 0
Number of asset objects unloaded after import = 9
========================================================================
Received Import Request.
  Time since last request: 0.000018 seconds.
  path: Assets/StarterAssets/Mobile/UI/UI_Icon_Look.png
  artifactKey: Guid(af0ae2dbf3d1efb4f82af377950704a2) Importer(2089858483,0ecaa5967403d082aa24f35e1b516d23)
Start importing Assets/StarterAssets/Mobile/UI/UI_Icon_Look.png using Guid(af0ae2dbf3d1efb4f82af377950704a2) Importer(2089858483,0ecaa5967403d082aa24f35e1b516d23) [PhysX] Initialized MultithreadedTaskDispatcher with 20 workers.
 -> (artifact id: '6fffb948c32648c7657a42fff133198b') in 0.062083 seconds
Number of updated asset objects reloaded before import = 0
Number of asset objects unloaded after import = 3
========================================================================
Received Import Request.
  Time since last request: 0.000017 seconds.
  path: Assets/Photon/PhotonUnityNetworking/Demos/DemoAsteroids/Scenes/DemoAsteroids-LobbySceneSettings.lighting
  artifactKey: Guid(9177f41707d8c8a4aa842900f4790710) Importer(2089858483,0ecaa5967403d082aa24f35e1b516d23)
Start importing Assets/Photon/PhotonUnityNetworking/Demos/DemoAsteroids/Scenes/DemoAsteroids-LobbySceneSettings.lighting using Guid(9177f41707d8c8a4aa842900f4790710) Importer(2089858483,0ecaa5967403d082aa24f35e1b516d23) [PhysX] Initialized MultithreadedTaskDispatcher with 20 workers.
LightingSettings: switching bake backend from 1 to 0.
 -> (artifact id: '351ad2722ff3138d7e17e868136413e0') in 0.026296 seconds
Number of updated asset objects reloaded before import = 0
Number of asset objects unloaded after import = 1
========================================================================
Received Import Request.
  Time since last request: 0.000057 seconds.
  path: Assets/StarterAssets/ThirdPersonController/Prefabs/NestedParentCapsule_Unpack.prefab
  artifactKey: Guid(212907312655a4443a025a304442c17c) Importer(2089858483,0ecaa5967403d082aa24f35e1b516d23)
Start importing Assets/StarterAssets/ThirdPersonController/Prefabs/NestedParentCapsule_Unpack.prefab using Guid(212907312655a4443a025a304442c17c) Importer(2089858483,0ecaa5967403d082aa24f35e1b516d23) [PhysX] Initialized MultithreadedTaskDispatcher with 20 workers.
 -> (artifact id: '90b78a8887c26721bc83a784bc6a992c') in 0.037206 seconds
Number of updated asset objects reloaded before import = 0
Number of asset objects unloaded after import = 106
========================================================================
Received Import Request.
  Time since last request: 0.000019 seconds.
  path: Assets/StarterAssets/Environment/Art/Models/Tunnel_Mesh.fbx
  artifactKey: Guid(f712806514868e54699156ec05dcb749) Importer(2089858483,0ecaa5967403d082aa24f35e1b516d23)
Start importing Assets/StarterAssets/Environment/Art/Models/Tunnel_Mesh.fbx using Guid(f712806514868e54699156ec05dcb749) Importer(2089858483,0ecaa5967403d082aa24f35e1b516d23) [PhysX] Initialized MultithreadedTaskDispatcher with 20 workers.
 -> (artifact id: '5c06bc1f27a71ab579cfe5285cacd6ea') in 0.029290 seconds
Number of updated asset objects reloaded before import = 0
Number of asset objects unloaded after import = 8
========================================================================
Received Import Request.
  Time since last request: 0.000020 seconds.
  path: Assets/StarterAssets/InputSystem/StarterAssets.inputsettings.asset
  artifactKey: Guid(9e7be553448fa2546aea5752021cbcf7) Importer(2089858483,0ecaa5967403d082aa24f35e1b516d23)
Start importing Assets/StarterAssets/InputSystem/StarterAssets.inputsettings.asset using Guid(9e7be553448fa2546aea5752021cbcf7) Importer(2089858483,0ecaa5967403d082aa24f35e1b516d23) [PhysX] Initialized MultithreadedTaskDispatcher with 20 workers.
 -> (artifact id: '78fda9e4fc8ba639ade0fbb62489565f') in 0.031558 seconds
Number of updated asset objects reloaded before import = 0
Number of asset objects unloaded after import = 1
========================================================================
Received Import Request.
  Time since last request: 0.000022 seconds.
  path: Assets/Photon/PhotonUnityNetworking/Demos/DemoAsteroids/Models/Materials/Asteroid.mat
  artifactKey: Guid(be2c382f522695c4fa3947ac8e1d4457) Importer(2089858483,0ecaa5967403d082aa24f35e1b516d23)
Start importing Assets/Photon/PhotonUnityNetworking/Demos/DemoAsteroids/Models/Materials/Asteroid.mat using Guid(be2c382f522695c4fa3947ac8e1d4457) Importer(2089858483,0ecaa5967403d082aa24f35e1b516d23) [PhysX] Initialized MultithreadedTaskDispatcher with 20 workers.
 -> (artifact id: '020641fecf1e12d192a85c65cf2c95d2') in 0.016389 seconds
Number of updated asset objects reloaded before import = 0
Number of asset objects unloaded after import = 1
========================================================================
Received Import Request.
  Time since last request: 0.000027 seconds.
  path: Assets/TextMesh Pro/Examples & Extras/Scenes/15 - Inline Graphics & SpritesSettings.lighting
  artifactKey: Guid(a90296d4dc46a7a4499a6923547ebd52) Importer(2089858483,0ecaa5967403d082aa24f35e1b516d23)
Start importing Assets/TextMesh Pro/Examples & Extras/Scenes/15 - Inline Graphics & SpritesSettings.lighting using Guid(a90296d4dc46a7a4499a6923547ebd52) Importer(2089858483,0ecaa5967403d082aa24f35e1b516d23) [PhysX] Initialized MultithreadedTaskDispatcher with 20 workers.
LightingSettings: switching bake backend from 1 to 0.
 -> (artifact id: 'f0f947f082661b332b5d7a4239402d9b') in 0.025487 seconds
Number of updated asset objects reloaded before import = 0
Number of asset objects unloaded after import = 1
========================================================================
Received Import Request.
  Time since last request: 0.000019 seconds.
  path: Assets/StarterAssets/Environment/Art/Models/Box_350x250x300_Mesh.fbx
  artifactKey: Guid(d2f0da3998423f44594868ffed55c3e6) Importer(2089858483,0ecaa5967403d082aa24f35e1b516d23)
Start importing Assets/StarterAssets/Environment/Art/Models/Box_350x250x300_Mesh.fbx using Guid(d2f0da3998423f44594868ffed55c3e6) Importer(2089858483,0ecaa5967403d082aa24f35e1b516d23) [PhysX] Initialized MultithreadedTaskDispatcher with 20 workers.
 -> (artifact id: '3cdec96ca5b839ce35e4e3668b718318') in 0.028091 seconds
Number of updated asset objects reloaded before import = 0
Number of asset objects unloaded after import = 8
========================================================================
Received Import Request.
  Time since last request: 0.000018 seconds.
  path: Assets/Photon/PhotonUnityNetworking/Demos/PunBasics-Tutorial/Scenes/PunBasics-Room for 4.unity
  artifactKey: Guid(e7a7f9734636d415ca84ef3aaf7680f6) Importer(2089858483,0ecaa5967403d082aa24f35e1b516d23)
Start importing Assets/Photon/PhotonUnityNetworking/Demos/PunBasics-Tutorial/Scenes/PunBasics-Room for 4.unity using Guid(e7a7f9734636d415ca84ef3aaf7680f6) Importer(2089858483,0ecaa5967403d082aa24f35e1b516d23) [PhysX] Initialized MultithreadedTaskDispatcher with 20 workers.
 -> (artifact id: 'b175dcd744402e09a928eca191889ce7') in 0.013256 seconds
Number of updated asset objects reloaded before import = 0
Number of asset objects unloaded after import = 1
========================================================================
Received Import Request.
  Time since last request: 0.000038 seconds.
  path: Assets/TextMesh Pro/Examples & Extras/Scenes/10 - Bullets & Numbered List ExampleSettings.lighting
  artifactKey: Guid(294f169a7778a924ab23461aed06b11e) Importer(2089858483,0ecaa5967403d082aa24f35e1b516d23)
Start importing Assets/TextMesh Pro/Examples & Extras/Scenes/10 - Bullets & Numbered List ExampleSettings.lighting using Guid(294f169a7778a924ab23461aed06b11e) Importer(2089858483,0ecaa5967403d082aa24f35e1b516d23) [PhysX] Initialized MultithreadedTaskDispatcher with 20 workers.
LightingSettings: switching bake backend from 1 to 0.
 -> (artifact id: '59810d59dcd76efe8f9d045d4c5619d8') in 0.022617 seconds
Number of updated asset objects reloaded before import = 0
Number of asset objects unloaded after import = 1
========================================================================
Received Import Request.
  Time since last request: 0.000027 seconds.
  path: Assets/StarterAssets/ThirdPersonController/Character/Textures/Armature_Body_RGB.tif
  artifactKey: Guid(a95378e0fd5828442a6ed903fb3b0bf7) Importer(2089858483,0ecaa5967403d082aa24f35e1b516d23)
Start importing Assets/StarterAssets/ThirdPersonController/Character/Textures/Armature_Body_RGB.tif using Guid(a95378e0fd5828442a6ed903fb3b0bf7) Importer(2089858483,0ecaa5967403d082aa24f35e1b516d23) [PhysX] Initialized MultithreadedTaskDispatcher with 20 workers.
 -> (artifact id: '43eedccbc795dc591be9dbe325054890') in 0.033284 seconds
Number of updated asset objects reloaded before import = 0
Number of asset objects unloaded after import = 1
========================================================================
Received Import Request.
  Time since last request: 0.000024 seconds.
  path: Assets/StarterAssets/Environment/Prefabs/Structure_Prefab.prefab
  artifactKey: Guid(79e624e6a8770a946afb866fd94b394b) Importer(2089858483,0ecaa5967403d082aa24f35e1b516d23)
Start importing Assets/StarterAssets/Environment/Prefabs/Structure_Prefab.prefab using Guid(79e624e6a8770a946afb866fd94b394b) Importer(2089858483,0ecaa5967403d082aa24f35e1b516d23) [PhysX] Initialized MultithreadedTaskDispatcher with 20 workers.
 -> (artifact id: 'c4f5f37c05d6740c332e19581f98719d') in 0.024113 seconds
Number of updated asset objects reloaded before import = 0
Number of asset objects unloaded after import = 115
========================================================================
Received Import Request.
  Time since last request: 0.000018 seconds.
  path: Assets/StarterAssets/ThirdPersonController/Character/Sfx/Player_Footstep_04.wav
  artifactKey: Guid(1a91fcd19acf1e54bba0945d9f390849) Importer(2089858483,0ecaa5967403d082aa24f35e1b516d23)
Start importing Assets/StarterAssets/ThirdPersonController/Character/Sfx/Player_Footstep_04.wav using Guid(1a91fcd19acf1e54bba0945d9f390849) Importer(2089858483,0ecaa5967403d082aa24f35e1b516d23) [PhysX] Initialized MultithreadedTaskDispatcher with 20 workers.
 -> (artifact id: 'd049efe526ba453beb295fb355428585') in 0.026562 seconds
Number of updated asset objects reloaded before import = 0
Number of asset objects unloaded after import = 1
========================================================================
Received Import Request.
  Time since last request: 0.000026 seconds.
  path: Assets/StarterAssets/Mobile/Scripts/VirtualInputs/UIVirtualJoystick.cs
  artifactKey: Guid(f2cb8c4d669392748bb924209de33b85) Importer(2089858483,0ecaa5967403d082aa24f35e1b516d23)
Start importing Assets/StarterAssets/Mobile/Scripts/VirtualInputs/UIVirtualJoystick.cs using Guid(f2cb8c4d669392748bb924209de33b85) Importer(2089858483,0ecaa5967403d082aa24f35e1b516d23) [PhysX] Initialized MultithreadedTaskDispatcher with 20 workers.
 -> (artifact id: '91dfba57861d2b1a24a349efa9c4802f') in 0.011227 seconds
Number of updated asset objects reloaded before import = 0
Number of asset objects unloaded after import = 1
========================================================================
Received Import Request.
  Time since last request: 0.000048 seconds.
  path: Assets/StarterAssets/Environment/Art/Textures/Grid_01_Normal.png
  artifactKey: Guid(c5c221ed57a3bf6488f8eba0db28a004) Importer(2089858483,0ecaa5967403d082aa24f35e1b516d23)
Start importing Assets/StarterAssets/Environment/Art/Textures/Grid_01_Normal.png using Guid(c5c221ed57a3bf6488f8eba0db28a004) Importer(2089858483,0ecaa5967403d082aa24f35e1b516d23) [PhysX] Initialized MultithreadedTaskDispatcher with 20 workers.
 -> (artifact id: 'c6923733cd10389c1cceb220ced42389') in 0.020743 seconds
Number of updated asset objects reloaded before import = 0
Number of asset objects unloaded after import = 1
========================================================================
Received Import Request.
  Time since last request: 0.000022 seconds.
  path: Assets/TextMesh Pro/Examples & Extras/Scenes/26 - Dropdown Placeholder Example.unity
  artifactKey: Guid(0851605490a599b46b6ac5cb681d93ea) Importer(2089858483,0ecaa5967403d082aa24f35e1b516d23)
Start importing Assets/TextMesh Pro/Examples & Extras/Scenes/26 - Dropdown Placeholder Example.unity using Guid(0851605490a599b46b6ac5cb681d93ea) Importer(2089858483,0ecaa5967403d082aa24f35e1b516d23) [PhysX] Initialized MultithreadedTaskDispatcher with 20 workers.
 -> (artifact id: 'cd9f57658fb77bd37fc750b78c59134c') in 0.012330 seconds
Number of updated asset objects reloaded before import = 0
Number of asset objects unloaded after import = 1
========================================================================
Received Import Request.
  Time since last request: 0.000028 seconds.
  path: Assets/HR_ES/RoomScene.unity
  artifactKey: Guid(4629c39afc4b00b4c910803e6d11a273) Importer(2089858483,0ecaa5967403d082aa24f35e1b516d23)
Start importing Assets/HR_ES/RoomScene.unity using Guid(4629c39afc4b00b4c910803e6d11a273) Importer(2089858483,0ecaa5967403d082aa24f35e1b516d23) [PhysX] Initialized MultithreadedTaskDispatcher with 20 workers.
 -> (artifact id: '669667c6c57da110a854e1f68a29f7a6') in 0.013331 seconds
Number of updated asset objects reloaded before import = 0
Number of asset objects unloaded after import = 1
========================================================================
Received Import Request.
  Time since last request: 0.000074 seconds.
  path: Assets/TextMesh Pro/Examples & Extras/Scenes/01-  Single Line TextMesh Pro.unity
  artifactKey: Guid(2ac8cf212df6445e8aebbe3cb832e993) Importer(2089858483,0ecaa5967403d082aa24f35e1b516d23)
Start importing Assets/TextMesh Pro/Examples & Extras/Scenes/01-  Single Line TextMesh Pro.unity using Guid(2ac8cf212df6445e8aebbe3cb832e993) Importer(2089858483,0ecaa5967403d082aa24f35e1b516d23) [PhysX] Initialized MultithreadedTaskDispatcher with 20 workers.
 -> (artifact id: '20978651e1e0818b4f359cee7ed5d071') in 0.013133 seconds
Number of updated asset objects reloaded before import = 0
Number of asset objects unloaded after import = 1
========================================================================
Received Import Request.
  Time since last request: 0.000021 seconds.
  path: Assets/StarterAssets/ThirdPersonController/Character/Sfx/Player_Footstep_05.wav
  artifactKey: Guid(14e8a8d2158bec840b56c54f5266e692) Importer(2089858483,0ecaa5967403d082aa24f35e1b516d23)
Start importing Assets/StarterAssets/ThirdPersonController/Character/Sfx/Player_Footstep_05.wav using Guid(14e8a8d2158bec840b56c54f5266e692) Importer(2089858483,0ecaa5967403d082aa24f35e1b516d23) [PhysX] Initialized MultithreadedTaskDispatcher with 20 workers.
 -> (artifact id: '6d71581f7937dc60f73a7db24f2e4489') in 0.024227 seconds
Number of updated asset objects reloaded before import = 0
Number of asset objects unloaded after import = 1
========================================================================
Received Import Request.
  Time since last request: 1.512763 seconds.
  path: Assets/Photon/PhotonUnityNetworking/Demos/DemoAsteroids/Scenes/DemoAsteroids-GameScene.unity
  artifactKey: Guid(98efc37d6307844488eb3e4247dde7e9) Importer(2089858483,0ecaa5967403d082aa24f35e1b516d23)
Start importing Assets/Photon/PhotonUnityNetworking/Demos/DemoAsteroids/Scenes/DemoAsteroids-GameScene.unity using Guid(98efc37d6307844488eb3e4247dde7e9) Importer(2089858483,0ecaa5967403d082aa24f35e1b516d23) [PhysX] Initialized MultithreadedTaskDispatcher with 20 workers.
 -> (artifact id: 'bcb3186a0ee73f1a95cd03360223e4d3') in 0.015293 seconds
Number of updated asset objects reloaded before import = 0
Number of asset objects unloaded after import = 1
========================================================================
Received Import Request.
  Time since last request: 0.000020 seconds.
  path: Assets/StarterAssets/Mobile/Prefabs/EventSystem
  artifactKey: Guid(c89b887ca267db84f895ccd75713a923) Importer(2089858483,0ecaa5967403d082aa24f35e1b516d23)
Start importing Assets/StarterAssets/Mobile/Prefabs/EventSystem using Guid(c89b887ca267db84f895ccd75713a923) Importer(2089858483,0ecaa5967403d082aa24f35e1b516d23) [PhysX] Initialized MultithreadedTaskDispatcher with 20 workers.
 -> (artifact id: 'd4f9df637b596c1700810ff309f38fa1') in 0.015165 seconds
Number of updated asset objects reloaded before import = 0
Number of asset objects unloaded after import = 1
========================================================================
Received Import Request.
  Time since last request: 0.000023 seconds.
  path: Assets/StarterAssets/ThirdPersonController
  artifactKey: Guid(54b90d7f60b179e4e9909cd127aa060d) Importer(2089858483,0ecaa5967403d082aa24f35e1b516d23)
Start importing Assets/StarterAssets/ThirdPersonController using Guid(54b90d7f60b179e4e9909cd127aa060d) Importer(2089858483,0ecaa5967403d082aa24f35e1b516d23) [PhysX] Initialized MultithreadedTaskDispatcher with 20 workers.
 -> (artifact id: 'c99ac7da7dabc3988580ecaedd5f27d1') in 0.015761 seconds
Number of updated asset objects reloaded before import = 0
Number of asset objects unloaded after import = 1
========================================================================
Received Import Request.
  Time since last request: 0.000020 seconds.
  path: Assets/Photon/PhotonUnityNetworking/Demos/DemoAsteroids/Materials/FlyerPlayership.mat
  artifactKey: Guid(99fced4bc2985174cac8512dc765d2bc) Importer(2089858483,0ecaa5967403d082aa24f35e1b516d23)
Start importing Assets/Photon/PhotonUnityNetworking/Demos/DemoAsteroids/Materials/FlyerPlayership.mat using Guid(99fced4bc2985174cac8512dc765d2bc) Importer(2089858483,0ecaa5967403d082aa24f35e1b516d23) [PhysX] Initialized MultithreadedTaskDispatcher with 20 workers.
 -> (artifact id: 'dc3c907e7b318aa90ef795b6ec667523') in 0.016700 seconds
Number of updated asset objects reloaded before import = 0
Number of asset objects unloaded after import = 1
========================================================================
Received Import Request.
  Time since last request: 0.000025 seconds.
  path: Assets/StarterAssets/Mobile/Prefabs/VirtualInputs/UI_Virtual_Joystick.prefab
  artifactKey: Guid(6eb08bfc0fd869c47b796c42ada099da) Importer(2089858483,0ecaa5967403d082aa24f35e1b516d23)
Start importing Assets/StarterAssets/Mobile/Prefabs/VirtualInputs/UI_Virtual_Joystick.prefab using Guid(6eb08bfc0fd869c47b796c42ada099da) Importer(2089858483,0ecaa5967403d082aa24f35e1b516d23) [PhysX] Initialized MultithreadedTaskDispatcher with 20 workers.
 -> (artifact id: '9b16c4e83581b4ba3df19131e827ea19') in 0.036717 seconds
Number of updated asset objects reloaded before import = 0
Number of asset objects unloaded after import = 18
========================================================================
Received Import Request.
  Time since last request: 0.000035 seconds.
  path: Assets/Photon/PhotonUnityNetworking/Demos/PunBasics-Tutorial/Scenes/PunBasics-Room for 2Settings.lighting
  artifactKey: Guid(f636799a6200e3b4fbabf741a4fcfc6a) Importer(2089858483,0ecaa5967403d082aa24f35e1b516d23)
Start importing Assets/Photon/PhotonUnityNetworking/Demos/PunBasics-Tutorial/Scenes/PunBasics-Room for 2Settings.lighting using Guid(f636799a6200e3b4fbabf741a4fcfc6a) Importer(2089858483,0ecaa5967403d082aa24f35e1b516d23) [PhysX] Initialized MultithreadedTaskDispatcher with 20 workers.
LightingSettings: switching bake backend from 1 to 0.
 -> (artifact id: '8dfd024cd86f97fade8fbd5a4a48cabe') in 0.030656 seconds
Number of updated asset objects reloaded before import = 0
Number of asset objects unloaded after import = 1
========================================================================
Received Import Request.
  Time since last request: 0.000023 seconds.
  path: Assets/Photon/PhotonUnityNetworking/Demos/DemoAsteroids/Materials/WhiteSmooth.mat
  artifactKey: Guid(b05171e12835ff84fb155f51d69d7c31) Importer(2089858483,0ecaa5967403d082aa24f35e1b516d23)
Start importing Assets/Photon/PhotonUnityNetworking/Demos/DemoAsteroids/Materials/WhiteSmooth.mat using Guid(b05171e12835ff84fb155f51d69d7c31) Importer(2089858483,0ecaa5967403d082aa24f35e1b516d23) [PhysX] Initialized MultithreadedTaskDispatcher with 20 workers.
 -> (artifact id: 'fd1fdcfec17e22ceed90b1b80bd2ac39') in 0.016658 seconds
Number of updated asset objects reloaded before import = 0
Number of asset objects unloaded after import = 1
========================================================================
Received Import Request.
  Time since last request: 0.000020 seconds.
  path: Assets/StarterAssets/ThirdPersonController/Character/Sfx/Player_Footstep_10.wav
  artifactKey: Guid(a3194b8bbc96ef84fab1f98f4b7dae3e) Importer(2089858483,0ecaa5967403d082aa24f35e1b516d23)
Start importing Assets/StarterAssets/ThirdPersonController/Character/Sfx/Player_Footstep_10.wav using Guid(a3194b8bbc96ef84fab1f98f4b7dae3e) Importer(2089858483,0ecaa5967403d082aa24f35e1b516d23) [PhysX] Initialized MultithreadedTaskDispatcher with 20 workers.
 -> (artifact id: '69b1d34ce76a784d6ddb26f47bf3347b') in 0.032719 seconds
Number of updated asset objects reloaded before import = 0
Number of asset objects unloaded after import = 1
========================================================================
Received Import Request.
  Time since last request: 0.000022 seconds.
  path: Assets/Photon/PhotonUnityNetworking/Demos/DemoAsteroids/Models/Materials/SpaceshipGlow.mat
  artifactKey: Guid(609dbe3d30c4bf84ca15ce89479d7919) Importer(2089858483,0ecaa5967403d082aa24f35e1b516d23)
Start importing Assets/Photon/PhotonUnityNetworking/Demos/DemoAsteroids/Models/Materials/SpaceshipGlow.mat using Guid(609dbe3d30c4bf84ca15ce89479d7919) Importer(2089858483,0ecaa5967403d082aa24f35e1b516d23) [PhysX] Initialized MultithreadedTaskDispatcher with 20 workers.
 -> (artifact id: '2c5ee8af5304471d26e686b241be8c70') in 0.015106 seconds
Number of updated asset objects reloaded before import = 0
Number of asset objects unloaded after import = 1
========================================================================
Received Import Request.
  Time since last request: 0.000022 seconds.
  path: Assets/TextMesh Pro/Examples & Extras/Scenes/13 - Soft Hyphenation.unity
  artifactKey: Guid(875684baf40f4d008ce806d03e2a81b2) Importer(2089858483,0ecaa5967403d082aa24f35e1b516d23)
Start importing Assets/TextMesh Pro/Examples & Extras/Scenes/13 - Soft Hyphenation.unity using Guid(875684baf40f4d008ce806d03e2a81b2) Importer(2089858483,0ecaa5967403d082aa24f35e1b516d23) [PhysX] Initialized MultithreadedTaskDispatcher with 20 workers.
 -> (artifact id: '5c17533225f1b9c517d751347890657b') in 0.014146 seconds
Number of updated asset objects reloaded before import = 0
Number of asset objects unloaded after import = 1
========================================================================
Received Import Request.
  Time since last request: 0.000023 seconds.
  path: Assets/StarterAssets/Environment/Art/Skybox/SkyboxLite.mat
  artifactKey: Guid(f6c51332ac7d92541a38fb263b09d2a8) Importer(2089858483,0ecaa5967403d082aa24f35e1b516d23)
Start importing Assets/StarterAssets/Environment/Art/Skybox/SkyboxLite.mat using Guid(f6c51332ac7d92541a38fb263b09d2a8) Importer(2089858483,0ecaa5967403d082aa24f35e1b516d23) [PhysX] Initialized MultithreadedTaskDispatcher with 20 workers.
 -> (artifact id: 'a1b177bdfa266cc3676c01bf16407b75') in 0.020764 seconds
Number of updated asset objects reloaded before import = 0
Number of asset objects unloaded after import = 1
========================================================================
Received Import Request.
  Time since last request: 0.000021 seconds.
  path: Assets/StarterAssets/ThirdPersonController/Character/Animations/Locomotion--Walk_N_Land.anim.fbx
  artifactKey: Guid(325a26d62b61fa94cb3c97c435efebc5) Importer(2089858483,0ecaa5967403d082aa24f35e1b516d23)
Start importing Assets/StarterAssets/ThirdPersonController/Character/Animations/Locomotion--Walk_N_Land.anim.fbx using Guid(325a26d62b61fa94cb3c97c435efebc5) Importer(2089858483,0ecaa5967403d082aa24f35e1b516d23) [PhysX] Initialized MultithreadedTaskDispatcher with 20 workers.
 -> (artifact id: 'ea858bcb405254b00f5581e0bc66206d') in 0.026822 seconds
Number of updated asset objects reloaded before import = 0
Number of asset objects unloaded after import = 144
========================================================================
Received Import Request.
  Time since last request: 0.000022 seconds.
  path: Assets/StarterAssets/InputSystem/StarterAssetsInputs.cs
  artifactKey: Guid(e087ecce43ebbff45a1b360637807d93) Importer(2089858483,0ecaa5967403d082aa24f35e1b516d23)
Start importing Assets/StarterAssets/InputSystem/StarterAssetsInputs.cs using Guid(e087ecce43ebbff45a1b360637807d93) Importer(2089858483,0ecaa5967403d082aa24f35e1b516d23) [PhysX] Initialized MultithreadedTaskDispatcher with 20 workers.
 -> (artifact id: '1bac9860a6dd82cdafe3346112a6f809') in 0.013105 seconds
Number of updated asset objects reloaded before import = 0
Number of asset objects unloaded after import = 1
========================================================================
Received Import Request.
  Time since last request: 0.000046 seconds.
  path: Assets/Photon/PhotonUnityNetworking/Demos/Shared Assets/Materials/Robot_Color.mat
  artifactKey: Guid(0aa851515cd3747d6b3b3e461199a2ed) Importer(2089858483,0ecaa5967403d082aa24f35e1b516d23)
Start importing Assets/Photon/PhotonUnityNetworking/Demos/Shared Assets/Materials/Robot_Color.mat using Guid(0aa851515cd3747d6b3b3e461199a2ed) Importer(2089858483,0ecaa5967403d082aa24f35e1b516d23) [PhysX] Initialized MultithreadedTaskDispatcher with 20 workers.
 -> (artifact id: '7ce9f300b9bfbc954a466fbfa2d5d47c') in 0.013598 seconds
Number of updated asset objects reloaded before import = 0
Number of asset objects unloaded after import = 1
========================================================================
Received Import Request.
  Time since last request: 0.000053 seconds.
  path: Assets/StarterAssets/ThirdPersonController/Character/Textures
  artifactKey: Guid(940251fa621540241ab6a33c87cc8b7e) Importer(2089858483,0ecaa5967403d082aa24f35e1b516d23)
Start importing Assets/StarterAssets/ThirdPersonController/Character/Textures using Guid(940251fa621540241ab6a33c87cc8b7e) Importer(2089858483,0ecaa5967403d082aa24f35e1b516d23) [PhysX] Initialized MultithreadedTaskDispatcher with 20 workers.
 -> (artifact id: '51f5a93b88f347eaa751988117e94025') in 0.012389 seconds
Number of updated asset objects reloaded before import = 0
Number of asset objects unloaded after import = 1
========================================================================
Received Import Request.
  Time since last request: 0.000058 seconds.
  path: Assets/Photon/PhotonUnityNetworking/Demos/DemoSlotRacer/Kenney Assets/Stylized city/Materials/ground_green232.mat
  artifactKey: Guid(fd4000dd854ad0e40ba2a59fab94cad1) Importer(2089858483,0ecaa5967403d082aa24f35e1b516d23)
Start importing Assets/Photon/PhotonUnityNetworking/Demos/DemoSlotRacer/Kenney Assets/Stylized city/Materials/ground_green232.mat using Guid(fd4000dd854ad0e40ba2a59fab94cad1) Importer(2089858483,0ecaa5967403d082aa24f35e1b516d23) [PhysX] Initialized MultithreadedTaskDispatcher with 20 workers.
 -> (artifact id: 'f2707bea377208621c433bfbead231f5') in 0.013507 seconds
Number of updated asset objects reloaded before import = 0
Number of asset objects unloaded after import = 1
========================================================================
Received Import Request.
  Time since last request: 0.000021 seconds.
  path: Assets/Settings/Very High_PipelineAsset.asset
  artifactKey: Guid(cd9785625b1c9004389406ae0e5a515e) Importer(2089858483,0ecaa5967403d082aa24f35e1b516d23)
Start importing Assets/Settings/Very High_PipelineAsset.asset using Guid(cd9785625b1c9004389406ae0e5a515e) Importer(2089858483,0ecaa5967403d082aa24f35e1b516d23) [PhysX] Initialized MultithreadedTaskDispatcher with 20 workers.
 -> (artifact id: 'f4306f9dcfa751b3d941ed306b3fe92b') in 0.022167 seconds
Number of updated asset objects reloaded before import = 0
Number of asset objects unloaded after import = 1
========================================================================
Received Import Request.
  Time since last request: 0.000025 seconds.
  path: Assets/StarterAssets/StarterAssets_Documentation_v1.1.pdf
  artifactKey: Guid(b5f957873a5b82042967195ffffc9063) Importer(2089858483,0ecaa5967403d082aa24f35e1b516d23)
Start importing Assets/StarterAssets/StarterAssets_Documentation_v1.1.pdf using Guid(b5f957873a5b82042967195ffffc9063) Importer(2089858483,0ecaa5967403d082aa24f35e1b516d23) [PhysX] Initialized MultithreadedTaskDispatcher with 20 workers.
 -> (artifact id: '358284c9baae8b78f190133171e3973b') in 0.012640 seconds
Number of updated asset objects reloaded before import = 0
Number of asset objects unloaded after import = 1
========================================================================
Received Import Request.
  Time since last request: 0.000068 seconds.
  path: Assets/StarterAssets/ThirdPersonController/Character/Animations/Locomotion--Run_S.anim.fbx
  artifactKey: Guid(a073c604c44135e438eeeaef77058ac5) Importer(2089858483,0ecaa5967403d082aa24f35e1b516d23)
Start importing Assets/StarterAssets/ThirdPersonController/Character/Animations/Locomotion--Run_S.anim.fbx using Guid(a073c604c44135e438eeeaef77058ac5) Importer(2089858483,0ecaa5967403d082aa24f35e1b516d23) [PhysX] Initialized MultithreadedTaskDispatcher with 20 workers.
 -> (artifact id: 'ac93081990794361140d3e8d16d06cca') in 0.028294 seconds
Number of updated asset objects reloaded before import = 0
Number of asset objects unloaded after import = 144
========================================================================
Received Import Request.
  Time since last request: 0.000020 seconds.
  path: Assets/HR_ES/Server_1.unity
  artifactKey: Guid(94d498e30ccb8114385011eda0c2e065) Importer(2089858483,0ecaa5967403d082aa24f35e1b516d23)
Start importing Assets/HR_ES/Server_1.unity using Guid(94d498e30ccb8114385011eda0c2e065) Importer(2089858483,0ecaa5967403d082aa24f35e1b516d23) [PhysX] Initialized MultithreadedTaskDispatcher with 20 workers.
 -> (artifact id: '4f86d00ce4e762a7a159eedfb92c2cec') in 0.011528 seconds
Number of updated asset objects reloaded before import = 0
Number of asset objects unloaded after import = 1
========================================================================
Received Import Request.
  Time since last request: 0.000058 seconds.
  path: Assets/Photon/PhotonUnityNetworking/Demos/PunBasics-Tutorial/Materials/Red Beam.mat
  artifactKey: Guid(409bf720e9924426b9f253cf037a8f4e) Importer(2089858483,0ecaa5967403d082aa24f35e1b516d23)
Start importing Assets/Photon/PhotonUnityNetworking/Demos/PunBasics-Tutorial/Materials/Red Beam.mat using Guid(409bf720e9924426b9f253cf037a8f4e) Importer(2089858483,0ecaa5967403d082aa24f35e1b516d23) [PhysX] Initialized MultithreadedTaskDispatcher with 20 workers.
 -> (artifact id: '34255095bab6ff1c377f1e8e024949c7') in 0.014094 seconds
Number of updated asset objects reloaded before import = 0
Number of asset objects unloaded after import = 1
========================================================================
Received Import Request.
  Time since last request: 0.000018 seconds.
  path: Assets/StarterAssets/Environment/Prefabs/Box_100x100x100_Prefab.prefab
  artifactKey: Guid(e5f4daf24146ee040b5a2d7a73b30aa0) Importer(2089858483,0ecaa5967403d082aa24f35e1b516d23)
Start importing Assets/StarterAssets/Environment/Prefabs/Box_100x100x100_Prefab.prefab using Guid(e5f4daf24146ee040b5a2d7a73b30aa0) Importer(2089858483,0ecaa5967403d082aa24f35e1b516d23) [PhysX] Initialized MultithreadedTaskDispatcher with 20 workers.
 -> (artifact id: '6bfbd8cd685be16958c3fd7395b2fb5d') in 0.029886 seconds
Number of updated asset objects reloaded before import = 0
Number of asset objects unloaded after import = 7
========================================================================
Received Import Request.
  Time since last request: 0.000019 seconds.
  path: Assets/StarterAssets/Environment/RenderPipelineProfiles/StarterAssetsURPAsset.asset
  artifactKey: Guid(f48f873ae78af40b9a7b8220a8c6f95f) Importer(2089858483,0ecaa5967403d082aa24f35e1b516d23)
Start importing Assets/StarterAssets/Environment/RenderPipelineProfiles/StarterAssetsURPAsset.asset using Guid(f48f873ae78af40b9a7b8220a8c6f95f) Importer(2089858483,0ecaa5967403d082aa24f35e1b516d23) [PhysX] Initialized MultithreadedTaskDispatcher with 20 workers.
 -> (artifact id: '70c0a96e1300f7a4937a49198db944f4') in 0.021624 seconds
Number of updated asset objects reloaded before import = 0
Number of asset objects unloaded after import = 1
========================================================================
Received Import Request.
  Time since last request: 0.000055 seconds.
  path: Assets/TextMesh Pro/Examples & Extras/Scenes/19 - Masking Texture & Soft Mask.unity
  artifactKey: Guid(9abcd5bd764646568a6ea70d00f9264c) Importer(2089858483,0ecaa5967403d082aa24f35e1b516d23)
Start importing Assets/TextMesh Pro/Examples & Extras/Scenes/19 - Masking Texture & Soft Mask.unity using Guid(9abcd5bd764646568a6ea70d00f9264c) Importer(2089858483,0ecaa5967403d082aa24f35e1b516d23) [PhysX] Initialized MultithreadedTaskDispatcher with 20 workers.
 -> (artifact id: '28dd232c47aa5f1e16659005623b612b') in 0.020662 seconds
Number of updated asset objects reloaded before import = 0
Number of asset objects unloaded after import = 1
========================================================================
Received Import Request.
  Time since last request: 0.000046 seconds.
  path: Assets/Photon/PhotonUnityNetworking/Demos/DemoSlotRacer/SlotCar-Scene.unity
  artifactKey: Guid(711b38c07f2cf904f81b3422c67f1825) Importer(2089858483,0ecaa5967403d082aa24f35e1b516d23)
Start importing Assets/Photon/PhotonUnityNetworking/Demos/DemoSlotRacer/SlotCar-Scene.unity using Guid(711b38c07f2cf904f81b3422c67f1825) Importer(2089858483,0ecaa5967403d082aa24f35e1b516d23) [PhysX] Initialized MultithreadedTaskDispatcher with 20 workers.
 -> (artifact id: '5a15ac78c324ed498b8453e17e8bdd76') in 0.011667 seconds
Number of updated asset objects reloaded before import = 0
Number of asset objects unloaded after import = 1
========================================================================
Received Import Request.
  Time since last request: 0.000076 seconds.
  path: Assets/Settings/Very Low_PipelineAsset.asset
  artifactKey: Guid(b8aa539a6b9a333418f5e91b7fc13f20) Importer(2089858483,0ecaa5967403d082aa24f35e1b516d23)
Start importing Assets/Settings/Very Low_PipelineAsset.asset using Guid(b8aa539a6b9a333418f5e91b7fc13f20) Importer(2089858483,0ecaa5967403d082aa24f35e1b516d23) [PhysX] Initialized MultithreadedTaskDispatcher with 20 workers.
 -> (artifact id: '0455efbe71cb53866f053eb75eac2ad3') in 0.020470 seconds
Number of updated asset objects reloaded before import = 0
Number of asset objects unloaded after import = 1
========================================================================
Received Prepare
Caller must complete domain reload
Begin MonoManager ReloadAssembly
- Loaded All Assemblies, in  0.903 seconds
Native extension for WindowsStandalone target not found
Mono: successfully reloaded assembly
- Finished resetting the current domain, in  1.731 seconds
Domain Reload Profiling: 2618ms
	BeginReloadAssembly (333ms)
		ExecutionOrderSort (0ms)
		DisableScriptedObjects (4ms)
		BackupInstance (0ms)
		ReleaseScriptingObjects (0ms)
		CreateAndSetChildDomain (42ms)
	RebuildCommonClasses (27ms)
	RebuildNativeTypeToScriptingClass (8ms)
	initialDomainReloadingComplete (44ms)
	LoadAllAssembliesAndSetupDomain (475ms)
		LoadAssemblies (693ms)
		RebuildTransferFunctionScriptingTraits (0ms)
		AnalyzeDomain (14ms)
			TypeCache.Refresh (5ms)
				TypeCache.ScanAssembly (0ms)
			ScanForSourceGeneratedMonoScriptInfo (0ms)
			ResolveRequiredComponents (7ms)
	FinalizeReload (1731ms)
		ReleaseScriptCaches (0ms)
		RebuildScriptCaches (0ms)
		SetupLoadedEditorAssemblies (661ms)
			LogAssemblyErrors (0ms)
			InitializePlatformSupportModulesInManaged (13ms)
			SetLoadedEditorAssemblies (4ms)
			RefreshPlugins (0ms)
			BeforeProcessingInitializeOnLoad (109ms)
			ProcessInitializeOnLoadAttributes (488ms)
			ProcessInitializeOnLoadMethodAttributes (22ms)
			AfterProcessingInitializeOnLoad (24ms)
			EditorAssembliesLoaded (0ms)
		ExecutionOrderSort2 (0ms)
		AwakeInstancesAfterBackupRestoration (17ms)
Refreshing native plugins compatible for Editor in 21.44 ms, found 3 plugins.
Preloading 0 native plugins for Editor in 0.00 ms.
Unloading 4036 Unused Serialized files (Serialized files now loaded: 0)
Unloading 27 unused Assets / (31.2 KB). Loaded Objects now: 4577.
Memory consumption went from 166.3 MB to 166.3 MB.
Total: 4.553500 ms (FindLiveObjects: 0.283900 ms CreateObjectMapping: 0.327600 ms MarkObjects: 3.830200 ms  DeleteObjects: 0.110300 ms)

Prepare: number of updated asset objects reloaded= 0
AssetImportParameters requested are different than current active one (requested -> active):
  custom:container-demuxer-ogg: 62fdf1f143b41e24485cea50d1cbac27 -> 
  custom:video-decoder-ogg-theora: a1e56fd34408186e4bbccfd4996cb3dc -> 
  custom:framework-win-MediaFoundation: 216162199b28c13a410421893ffa2e32 -> 
  custom:CustomObjectIndexerAttribute: 9a22284fe3817be447336de3de66b15e -> 
  custom:container-demuxer-webm: 4f35f7cbe854078d1ac9338744f61a02 -> 
  custom:container-muxer-webm: aa71ff27fc2769a1b78a27578f13a17b -> 
  custom:video-decoder-webm-vp8: 9c59270c3fd7afecdb556c50c9e8de78 -> 
  custom:SearchIndexIgnoredProperties: e643bd26f0fe6173181afceb89e7c659 -> 
  custom:AudioImporter_EditorPlatform: d09bf68614088b80899f8185d706f6e7 -> 
  custom:video-encoder-webm-vp8: eb34c28f22e8b96e1ab97ce403110664 -> 
  custom:audio-decoder-ogg-vorbis: bf7c407c2cedff20999df2af8eb42d56 -> 
  custom:audio-encoder-webm-vorbis: bf7c407c2cedff20999df2af8eb42d56 -> 
Editor requested this worker to shutdown with reason: Scaling down because of idle timeout
TcpMessagingSession - receive error: operation aborted. errorcode: 995, details: 스레드 종료 또는 응용 프로그램 요청 때문에 I/O 작업이 취소되었습니다.
AssetImportWorker is now disconnected from the server
Process exiting
Exiting without the bug reporter. Application will terminate with return code 0