Using pre-set license
Built from '2022.3/staging' branch; Version is '2022.3.60f1 (5f63fdee6d95) revision 6251517'; Using compiler version '192829333'; Build Type 'Release'
OS: 'Windows 11  (10.0.26100) 64bit Professional' Language: 'ko' Physical Memory: 32524 MB
BatchMode: 1, IsHumanControllingUs: 0, StartBugReporterOnCrash: 0, Is64bit: 1, IsPro: 1

COMMAND LINE ARGUMENTS:
C:\Program Files\Unity\Hub\Editor\2022.3.60f1-x86_64\Editor\Unity.exe
-adb2
-batchMode
-noUpm
-name
AssetImportWorker1
-projectPath
C:/bjs/Github_OMC_Project/DevNull_1_OhMyChristmas
-logFile
Logs/AssetImportWorker1.log
-srvPort
62586
Successfully changed project path to: C:/bjs/Github_OMC_Project/DevNull_1_OhMyChristmas
C:/bjs/Github_OMC_Project/DevNull_1_OhMyChristmas
[UnityMemory] Configuration Parameters - Can be set up in boot.config
    "memorysetup-bucket-allocator-granularity=16"
    "memorysetup-bucket-allocator-bucket-count=8"
    "memorysetup-bucket-allocator-block-size=33554432"
    "memorysetup-bucket-allocator-block-count=8"
    "memorysetup-main-allocator-block-size=16777216"
    "memorysetup-thread-allocator-block-size=16777216"
    "memorysetup-gfx-main-allocator-block-size=16777216"
    "memorysetup-gfx-thread-allocator-block-size=16777216"
    "memorysetup-cache-allocator-block-size=4194304"
    "memorysetup-typetree-allocator-block-size=2097152"
    "memorysetup-profiler-bucket-allocator-granularity=16"
    "memorysetup-profiler-bucket-allocator-bucket-count=8"
    "memorysetup-profiler-bucket-allocator-block-size=33554432"
    "memorysetup-profiler-bucket-allocator-block-count=8"
    "memorysetup-profiler-allocator-block-size=16777216"
    "memorysetup-profiler-editor-allocator-block-size=1048576"
    "memorysetup-temp-allocator-size-main=16777216"
    "memorysetup-job-temp-allocator-block-size=2097152"
    "memorysetup-job-temp-allocator-block-size-background=1048576"
    "memorysetup-job-temp-allocator-reduction-small-platforms=262144"
    "memorysetup-allocator-temp-initial-block-size-main=262144"
    "memorysetup-allocator-temp-initial-block-size-worker=262144"
    "memorysetup-temp-allocator-size-background-worker=32768"
    "memorysetup-temp-allocator-size-job-worker=262144"
    "memorysetup-temp-allocator-size-preload-manager=33554432"
    "memorysetup-temp-allocator-size-nav-mesh-worker=65536"
    "memorysetup-temp-allocator-size-audio-worker=65536"
    "memorysetup-temp-allocator-size-cloud-worker=32768"
    "memorysetup-temp-allocator-size-gi-baking-worker=262144"
    "memorysetup-temp-allocator-size-gfx=262144"
Player connection [13060]  Target information:

Player connection [13060]  * "[IP] 192.168.219.101 [Port] 0 [Flags] 2 [Guid] 1919801151 [EditorId] 1919801151 [Version] 1048832 [Id] WindowsEditor(7,BjsPC) [Debug] 1 [PackageName] WindowsEditor [ProjectName] Editor" 

Player connection [13060]  * "[IP] 25.39.230.50 [Port] 0 [Flags] 2 [Guid] 1919801151 [EditorId] 1919801151 [Version] 1048832 [Id] WindowsEditor(7,BjsPC) [Debug] 1 [PackageName] WindowsEditor [ProjectName] Editor" 

Player connection [13060] Host joined multi-casting on [225.0.0.222:54997]...
Player connection [13060] Host joined alternative multi-casting on [225.0.0.222:34997]...
Input System module state changed to: Initialized.
[PhysX] Initialized MultithreadedTaskDispatcher with 20 workers.
Refreshing native plugins compatible for Editor in 25.72 ms, found 3 plugins.
Preloading 0 native plugins for Editor in 0.00 ms.
Initialize engine version: 2022.3.60f1 (5f63fdee6d95)
[Subsystems] Discovering subsystems at path C:/Program Files/Unity/Hub/Editor/2022.3.60f1-x86_64/Editor/Data/Resources/UnitySubsystems
[Subsystems] Discovering subsystems at path C:/bjs/Github_OMC_Project/DevNull_1_OhMyChristmas/Assets
GfxDevice: creating device client; threaded=0; jobified=0
Direct3D:
    Version:  Direct3D 11.0 [level 11.1]
    Renderer: NVIDIA GeForce RTX 3060 Ti (ID=0x2489)
    Vendor:   NVIDIA
    VRAM:     8024 MB
    Driver:   32.0.15.6094
Initialize mono
Mono path[0] = 'C:/Program Files/Unity/Hub/Editor/2022.3.60f1-x86_64/Editor/Data/Managed'
Mono path[1] = 'C:/Program Files/Unity/Hub/Editor/2022.3.60f1-x86_64/Editor/Data/MonoBleedingEdge/lib/mono/unityjit-win32'
Mono config path = 'C:/Program Files/Unity/Hub/Editor/2022.3.60f1-x86_64/Editor/Data/MonoBleedingEdge/etc'
Using monoOptions --debugger-agent=transport=dt_socket,embedding=1,server=y,suspend=n,address=127.0.0.1:56572
Begin MonoManager ReloadAssembly
Registering precompiled unity dll's ...
Register platform support module: C:/Program Files/Unity/Hub/Editor/2022.3.60f1-x86_64/Editor/Data/PlaybackEngines/WindowsStandaloneSupport/UnityEditor.WindowsStandalone.Extensions.dll
Registered in 0.021238 seconds.
- Loaded All Assemblies, in  0.382 seconds
Native extension for WindowsStandalone target not found
Mono: successfully reloaded assembly
- Finished resetting the current domain, in  0.236 seconds
Domain Reload Profiling: 610ms
	BeginReloadAssembly (142ms)
		ExecutionOrderSort (0ms)
		DisableScriptedObjects (0ms)
		BackupInstance (0ms)
		ReleaseScriptingObjects (0ms)
		CreateAndSetChildDomain (1ms)
	RebuildCommonClasses (32ms)
	RebuildNativeTypeToScriptingClass (8ms)
	initialDomainReloadingComplete (79ms)
	LoadAllAssembliesAndSetupDomain (113ms)
		LoadAssemblies (135ms)
		RebuildTransferFunctionScriptingTraits (0ms)
		AnalyzeDomain (111ms)
			TypeCache.Refresh (109ms)
				TypeCache.ScanAssembly (97ms)
			ScanForSourceGeneratedMonoScriptInfo (0ms)
			ResolveRequiredComponents (0ms)
	FinalizeReload (236ms)
		ReleaseScriptCaches (0ms)
		RebuildScriptCaches (0ms)
		SetupLoadedEditorAssemblies (196ms)
			LogAssemblyErrors (0ms)
			InitializePlatformSupportModulesInManaged (13ms)
			SetLoadedEditorAssemblies (6ms)
			RefreshPlugins (0ms)
			BeforeProcessingInitializeOnLoad (2ms)
			ProcessInitializeOnLoadAttributes (123ms)
			ProcessInitializeOnLoadMethodAttributes (52ms)
			AfterProcessingInitializeOnLoad (0ms)
			EditorAssembliesLoaded (0ms)
		ExecutionOrderSort2 (0ms)
		AwakeInstancesAfterBackupRestoration (0ms)
========================================================================
Worker process is ready to serve import requests
Caller must complete domain reload
Begin MonoManager ReloadAssembly
- Loaded All Assemblies, in  5.069 seconds
Native extension for WindowsStandalone target not found
Mono: successfully reloaded assembly
- Finished resetting the current domain, in  0.629 seconds
Domain Reload Profiling: 5685ms
	BeginReloadAssembly (184ms)
		ExecutionOrderSort (0ms)
		DisableScriptedObjects (5ms)
		BackupInstance (0ms)
		ReleaseScriptingObjects (0ms)
		CreateAndSetChildDomain (15ms)
	RebuildCommonClasses (28ms)
	RebuildNativeTypeToScriptingClass (7ms)
	initialDomainReloadingComplete (60ms)
	LoadAllAssembliesAndSetupDomain (4778ms)
		LoadAssemblies (4757ms)
		RebuildTransferFunctionScriptingTraits (0ms)
		AnalyzeDomain (150ms)
			TypeCache.Refresh (130ms)
				TypeCache.ScanAssembly (118ms)
			ScanForSourceGeneratedMonoScriptInfo (13ms)
			ResolveRequiredComponents (5ms)
	FinalizeReload (629ms)
		ReleaseScriptCaches (0ms)
		RebuildScriptCaches (0ms)
		SetupLoadedEditorAssemblies (507ms)
			LogAssemblyErrors (0ms)
			InitializePlatformSupportModulesInManaged (9ms)
			SetLoadedEditorAssemblies (4ms)
			RefreshPlugins (0ms)
			BeforeProcessingInitializeOnLoad (74ms)
			ProcessInitializeOnLoadAttributes (378ms)
			ProcessInitializeOnLoadMethodAttributes (17ms)
			AfterProcessingInitializeOnLoad (24ms)
			EditorAssembliesLoaded (0ms)
		ExecutionOrderSort2 (0ms)
		AwakeInstancesAfterBackupRestoration (14ms)
Launched and connected shader compiler UnityShaderCompiler.exe after 0.06 seconds
Refreshing native plugins compatible for Editor in 11.20 ms, found 3 plugins.
Preloading 0 native plugins for Editor in 0.00 ms.
Unloading 3431 Unused Serialized files (Serialized files now loaded: 0)
Unloading 28 unused Assets / (58.8 KB). Loaded Objects now: 3889.
Memory consumption went from 135.0 MB to 134.9 MB.
Total: 2.747100 ms (FindLiveObjects: 0.181900 ms CreateObjectMapping: 0.082600 ms MarkObjects: 2.389700 ms  DeleteObjects: 0.092000 ms)

AssetImportParameters requested are different than current active one (requested -> active):
  custom:container-demuxer-ogg: 62fdf1f143b41e24485cea50d1cbac27 -> 
  custom:video-decoder-ogg-theora: a1e56fd34408186e4bbccfd4996cb3dc -> 
  custom:framework-win-MediaFoundation: 216162199b28c13a410421893ffa2e32 -> 
  custom:CustomObjectIndexerAttribute: 9a22284fe3817be447336de3de66b15e -> 
  custom:container-demuxer-webm: 4f35f7cbe854078d1ac9338744f61a02 -> 
  custom:container-muxer-webm: aa71ff27fc2769a1b78a27578f13a17b -> 
  custom:video-decoder-webm-vp8: 9c59270c3fd7afecdb556c50c9e8de78 -> 
  custom:SearchIndexIgnoredProperties: e643bd26f0fe6173181afceb89e7c659 -> 
  custom:AudioImporter_EditorPlatform: d09bf68614088b80899f8185d706f6e7 -> 
  custom:video-encoder-webm-vp8: eb34c28f22e8b96e1ab97ce403110664 -> 
  custom:audio-decoder-ogg-vorbis: bf7c407c2cedff20999df2af8eb42d56 -> 
  custom:audio-encoder-webm-vorbis: bf7c407c2cedff20999df2af8eb42d56 -> 
  custom:scripting/monoscript/fileName/DOTweenModuleUtils.cs:  -> 34ad347c902a97803d1c13fe65e97957
  custom:scripting/monoscript/fileName/DOTweenPreviewManager.cs:  -> c36c1e1f6226ef87f96bd51d8bc96fa8
  custom:scripting/precompiled-assembly-types:DemiEditor:  -> 9713a9ebd7b71f042b3f988bdcfde787
  custom:scripting/monoscript/fileName/DOTweenAnimation.cs:  -> 286489be3d35a4600ea78795edfec99e
  custom:scripting/monoscript/fileName/DOTweenAnimationInspector.cs:  -> e2903dd856fc6b745b3db9c24a3d69cd
  custom:scripting/precompiled-assembly-types:Assembly-CSharp-Editor-firstpass:  -> 23c2b7ec28c59d5ca69f596615a98fdc
  custom:scripting/monoscript/fileName/DOTweenModuleUnityVersion.cs:  -> 5fda8b30fb2f0276062c9b201e3b53c4
  custom:scripting/monoscript/fileName/DOTweenModuleUI.cs:  -> 53c26b618f695b59a868eebdc97332ad
  custom:scripting/precompiled-assembly-types:Assembly-CSharp-firstpass:  -> b26c67f6a15d994bd0760e04fc84091b
  custom:scripting/precompiled-assembly-types:DOTweenProEditor:  -> 51bc1a80d96a2a35af34dfc86b4db341
  custom:scripting/precompiled-assembly-types:DOTween:  -> 41770a3e10244ae0a34e714162bbdba6
  custom:scripting/precompiled-assembly-types:DOTweenPro:  -> a663f20935f73026b0a02781a4652876
  custom:scripting/monoscript/fileName/DOTweenModuleAudio.cs:  -> 371877257ce39f5f0996ea556debbc8a
  custom:scripting/monoscript/fileName/DOTweenModulePhysics2D.cs:  -> 63b0e5981d81d026672954b54596f5ae
  custom:scripting/monoscript/fileName/DOTweenProShortcuts.cs:  -> 3862ae8ad7f99f5efe22902c80795369
  custom:scripting/precompiled-assembly-types:DOTweenEditor:  -> 1efdf497b099e4e6944f0dd7fb28c744
  custom:scripting/monoscript/fileName/DOTweenModuleSprite.cs:  -> e35fb5eb1c483cffc283a374a5e25466
  custom:scripting/monoscript/fileName/DOTweenModulePhysics.cs:  -> 87f8974001cd2397421cfdcad1904e83
  custom:scripting/precompiled-assembly-types:DemiLib:  -> 2d2fa88ff7102d8d3fb38715c5e5e089
========================================================================
Received Import Request.
  Time since last request: 11338.052686 seconds.
  path: Assets/Assets_Jung/reindeer_plr_prefab/New Terrain.asset
  artifactKey: Guid(f06f54b8101d8bc4590eb02382b33ffb) Importer(815301076,1909f56bfc062723c751e8b465ee728b)
Start importing Assets/Assets_Jung/reindeer_plr_prefab/New Terrain.asset using Guid(f06f54b8101d8bc4590eb02382b33ffb) Importer(815301076,1909f56bfc062723c751e8b465ee728b) [PhysX] Initialized MultithreadedTaskDispatcher with 20 workers.
 -> (artifact id: 'a0d4e586c69cf5096628675b4feab28e') in 0.015560 seconds
Number of updated asset objects reloaded before import = 0
Number of asset objects unloaded after import = 1
========================================================================
Received Import Request.
  Time since last request: 0.000017 seconds.
  path: Assets/Assets_Jung/reindeer_plr_prefab
  artifactKey: Guid(964eb709863b14a43b378f84a7517f63) Importer(815301076,1909f56bfc062723c751e8b465ee728b)
Start importing Assets/Assets_Jung/reindeer_plr_prefab using Guid(964eb709863b14a43b378f84a7517f63) Importer(815301076,1909f56bfc062723c751e8b465ee728b) [PhysX] Initialized MultithreadedTaskDispatcher with 20 workers.
 -> (artifact id: '510ecbc1b37992de57c04048931c1cee') in 0.000620 seconds
Number of updated asset objects reloaded before import = 0
Number of asset objects unloaded after import = 0
========================================================================
Received Import Request.
  Time since last request: 0.000111 seconds.
  path: Assets/Assets_Jung/reindeer_plr_prefab/Reindeer 1.prefab
  artifactKey: Guid(7b9f3ab1719f16d4b8181518890caa55) Importer(815301076,1909f56bfc062723c751e8b465ee728b)
Start importing Assets/Assets_Jung/reindeer_plr_prefab/Reindeer 1.prefab using Guid(7b9f3ab1719f16d4b8181518890caa55) Importer(815301076,1909f56bfc062723c751e8b465ee728b) [PhysX] Initialized MultithreadedTaskDispatcher with 20 workers.
[PhysX] Initialized MultithreadedTaskDispatcher with 20 workers.
 -> (artifact id: '9b36495f4304c843ecbc5f62de8ac4c9') in 0.310907 seconds
Number of updated asset objects reloaded before import = 0
Number of asset objects unloaded after import = 814
========================================================================
Received Import Request.
  Time since last request: 3.280032 seconds.
  path: Assets/HR_ES/PlayerRoleSelector.cs
  artifactKey: Guid(fead2e2d764bc144ca27c65788dbc8ee) Importer(2089858483,0ecaa5967403d082aa24f35e1b516d23)
Start importing Assets/HR_ES/PlayerRoleSelector.cs using Guid(fead2e2d764bc144ca27c65788dbc8ee) Importer(2089858483,0ecaa5967403d082aa24f35e1b516d23) [PhysX] Initialized MultithreadedTaskDispatcher with 20 workers.
 -> (artifact id: '962b921b894fa7d96347b0544ec9d4a9') in 0.082397 seconds
Number of updated asset objects reloaded before import = 0
Number of asset objects unloaded after import = 1
========================================================================
Received Import Request.
  Time since last request: 0.000032 seconds.
  path: Assets/TextMesh Pro/Sprites/EmojiOne.json
  artifactKey: Guid(8f05276190cf498a8153f6cbe761d4e6) Importer(2089858483,0ecaa5967403d082aa24f35e1b516d23)
Start importing Assets/TextMesh Pro/Sprites/EmojiOne.json using Guid(8f05276190cf498a8153f6cbe761d4e6) Importer(2089858483,0ecaa5967403d082aa24f35e1b516d23) [PhysX] Initialized MultithreadedTaskDispatcher with 20 workers.
 -> (artifact id: '7ab407e0f1d97572c2103c06d6f850d3') in 0.019777 seconds
Number of updated asset objects reloaded before import = 0
Number of asset objects unloaded after import = 1
========================================================================
Received Import Request.
  Time since last request: 0.000019 seconds.
  path: Assets/Photon/PhotonChat/Code/ChatAppSettings.cs
  artifactKey: Guid(87776a9b1f405644abcc38ecd70c37fb) Importer(2089858483,0ecaa5967403d082aa24f35e1b516d23)
Start importing Assets/Photon/PhotonChat/Code/ChatAppSettings.cs using Guid(87776a9b1f405644abcc38ecd70c37fb) Importer(2089858483,0ecaa5967403d082aa24f35e1b516d23) [PhysX] Initialized MultithreadedTaskDispatcher with 20 workers.
 -> (artifact id: '2320b02912a610d7a7b78b70927ec894') in 0.012186 seconds
Number of updated asset objects reloaded before import = 0
Number of asset objects unloaded after import = 1
========================================================================
Received Import Request.
  Time since last request: 0.000066 seconds.
  path: Assets/Assets_Jung/Gift_Open/Test_Gift1.prefab
  artifactKey: Guid(288ca40f8d6241e4b82c8a421f788a9c) Importer(2089858483,0ecaa5967403d082aa24f35e1b516d23)
Start importing Assets/Assets_Jung/Gift_Open/Test_Gift1.prefab using Guid(288ca40f8d6241e4b82c8a421f788a9c) Importer(2089858483,0ecaa5967403d082aa24f35e1b516d23) [PhysX] Initialized MultithreadedTaskDispatcher with 20 workers.
 -> (artifact id: '61fba14af27a44e415d15ec23586a244') in 0.072084 seconds
Number of updated asset objects reloaded before import = 0
Number of asset objects unloaded after import = 49
========================================================================
Received Import Request.
  Time since last request: 0.000021 seconds.
  path: Assets/Photon/PhotonLibs/Metro/Photon3Unity3D.pri
  artifactKey: Guid(3439a9e4030efca45b6cc06240106c02) Importer(2089858483,0ecaa5967403d082aa24f35e1b516d23)
Start importing Assets/Photon/PhotonLibs/Metro/Photon3Unity3D.pri using Guid(3439a9e4030efca45b6cc06240106c02) Importer(2089858483,0ecaa5967403d082aa24f35e1b516d23) [PhysX] Initialized MultithreadedTaskDispatcher with 20 workers.
 -> (artifact id: '4a8e91dbdf955bf0d1a5d237ea87cf17') in 0.012079 seconds
Number of updated asset objects reloaded before import = 0
Number of asset objects unloaded after import = 1
========================================================================
Received Import Request.
  Time since last request: 0.000042 seconds.
  path: Assets/Photon/PhotonLibs/WebSocket/WebSocket.cs
  artifactKey: Guid(b1bad04f7805f764dba77f0d4518e0f0) Importer(2089858483,0ecaa5967403d082aa24f35e1b516d23)
Start importing Assets/Photon/PhotonLibs/WebSocket/WebSocket.cs using Guid(b1bad04f7805f764dba77f0d4518e0f0) Importer(2089858483,0ecaa5967403d082aa24f35e1b516d23) [PhysX] Initialized MultithreadedTaskDispatcher with 20 workers.
 -> (artifact id: 'aad3d10689c4faebdb165a16e649a416') in 0.013680 seconds
Number of updated asset objects reloaded before import = 0
Number of asset objects unloaded after import = 1
========================================================================
Received Import Request.
  Time since last request: 0.000119 seconds.
  path: Assets/Photon/PhotonRealtime/Code/LoadBalancingPeer.cs
  artifactKey: Guid(35c989013c977244186e524a4c90dcee) Importer(2089858483,0ecaa5967403d082aa24f35e1b516d23)
Start importing Assets/Photon/PhotonRealtime/Code/LoadBalancingPeer.cs using Guid(35c989013c977244186e524a4c90dcee) Importer(2089858483,0ecaa5967403d082aa24f35e1b516d23) [PhysX] Initialized MultithreadedTaskDispatcher with 20 workers.
 -> (artifact id: 'a382598fe7e94a14711525941c0689eb') in 0.013897 seconds
Number of updated asset objects reloaded before import = 0
Number of asset objects unloaded after import = 1
========================================================================
Received Import Request.
  Time since last request: 0.000046 seconds.
  path: Assets/Assets_Jung/reindeer_plr_prefab/ctl_Rindeer.controller
  artifactKey: Guid(b60150749ac65f245a8f26e2b990622e) Importer(2089858483,0ecaa5967403d082aa24f35e1b516d23)
Start importing Assets/Assets_Jung/reindeer_plr_prefab/ctl_Rindeer.controller using Guid(b60150749ac65f245a8f26e2b990622e) Importer(2089858483,0ecaa5967403d082aa24f35e1b516d23) [PhysX] Initialized MultithreadedTaskDispatcher with 20 workers.
 -> (artifact id: '5430142d83c7eb6dc71563fecc21d4b6') in 0.082625 seconds
Number of updated asset objects reloaded before import = 0
Number of asset objects unloaded after import = 43
========================================================================
Received Import Request.
  Time since last request: 0.000020 seconds.
  path: Assets/Photon/PhotonLibs/WebSocket/WebSocket.jslib
  artifactKey: Guid(04bb5f307f2e48b4fbaa6da865fd4091) Importer(2089858483,0ecaa5967403d082aa24f35e1b516d23)
Start importing Assets/Photon/PhotonLibs/WebSocket/WebSocket.jslib using Guid(04bb5f307f2e48b4fbaa6da865fd4091) Importer(2089858483,0ecaa5967403d082aa24f35e1b516d23) [PhysX] Initialized MultithreadedTaskDispatcher with 20 workers.
 -> (artifact id: '0bd4ff4b468061376347c7b42375d1d5') in 0.017738 seconds
Number of updated asset objects reloaded before import = 0
Number of asset objects unloaded after import = 1
========================================================================
Received Import Request.
  Time since last request: 0.000030 seconds.
  path: Assets/TextMesh Pro/Sprites/EmojiOne Attribution.txt
  artifactKey: Guid(381dcb09d5029d14897e55f98031fca5) Importer(2089858483,0ecaa5967403d082aa24f35e1b516d23)
Start importing Assets/TextMesh Pro/Sprites/EmojiOne Attribution.txt using Guid(381dcb09d5029d14897e55f98031fca5) Importer(2089858483,0ecaa5967403d082aa24f35e1b516d23) [PhysX] Initialized MultithreadedTaskDispatcher with 20 workers.
 -> (artifact id: 'e167df6d44aa5124a3ce6028d8a2e586') in 0.020564 seconds
Number of updated asset objects reloaded before import = 0
Number of asset objects unloaded after import = 1
========================================================================
Received Import Request.
  Time since last request: 0.000019 seconds.
  path: Assets/Photon/PhotonChat/Code/ChatState.cs
  artifactKey: Guid(8f482d8c4fe7ade4cbb08eb4a2d83b39) Importer(2089858483,0ecaa5967403d082aa24f35e1b516d23)
Start importing Assets/Photon/PhotonChat/Code/ChatState.cs using Guid(8f482d8c4fe7ade4cbb08eb4a2d83b39) Importer(2089858483,0ecaa5967403d082aa24f35e1b516d23) [PhysX] Initialized MultithreadedTaskDispatcher with 20 workers.
 -> (artifact id: '041b24e374307cd866c8c00f4b20ee10') in 0.011846 seconds
Number of updated asset objects reloaded before import = 0
Number of asset objects unloaded after import = 1
========================================================================
Received Import Request.
  Time since last request: 0.000016 seconds.
  path: Assets/TextMesh Pro/Shaders/TMP_Bitmap.shader
  artifactKey: Guid(128e987d567d4e2c824d754223b3f3b0) Importer(2089858483,0ecaa5967403d082aa24f35e1b516d23)
Start importing Assets/TextMesh Pro/Shaders/TMP_Bitmap.shader using Guid(128e987d567d4e2c824d754223b3f3b0) Importer(2089858483,0ecaa5967403d082aa24f35e1b516d23) [PhysX] Initialized MultithreadedTaskDispatcher with 20 workers.
 -> (artifact id: '2b33136283264178f861481cb0f0a588') in 0.015738 seconds
Number of updated asset objects reloaded before import = 0
Number of asset objects unloaded after import = 1
========================================================================
Received Import Request.
  Time since last request: 0.000081 seconds.
  path: Assets/TextMesh Pro/Shaders/TMP_SDF Overlay.shader
  artifactKey: Guid(dd89cf5b9246416f84610a006f916af7) Importer(2089858483,0ecaa5967403d082aa24f35e1b516d23)
Start importing Assets/TextMesh Pro/Shaders/TMP_SDF Overlay.shader using Guid(dd89cf5b9246416f84610a006f916af7) Importer(2089858483,0ecaa5967403d082aa24f35e1b516d23) [PhysX] Initialized MultithreadedTaskDispatcher with 20 workers.
 -> (artifact id: '88d33d5f699ef122e542cd73d78e9580') in 0.013963 seconds
Number of updated asset objects reloaded before import = 0
Number of asset objects unloaded after import = 1
========================================================================
Received Import Request.
  Time since last request: 0.000090 seconds.
  path: Assets/TextMesh Pro/Shaders/TMP_SDF-Mobile SSD.shader
  artifactKey: Guid(c8d12adcee749c344b8117cf7c7eb912) Importer(2089858483,0ecaa5967403d082aa24f35e1b516d23)
Start importing Assets/TextMesh Pro/Shaders/TMP_SDF-Mobile SSD.shader using Guid(c8d12adcee749c344b8117cf7c7eb912) Importer(2089858483,0ecaa5967403d082aa24f35e1b516d23) [PhysX] Initialized MultithreadedTaskDispatcher with 20 workers.
 -> (artifact id: 'd318c46df936073ad6b7aca5d3b4f689') in 0.013979 seconds
Number of updated asset objects reloaded before import = 0
Number of asset objects unloaded after import = 1
========================================================================
Received Import Request.
  Time since last request: 0.000018 seconds.
  path: Assets/TextMesh Pro/Shaders/TMP_SDF SSD.shader
  artifactKey: Guid(14eb328de4b8eb245bb7cea29e4ac00b) Importer(2089858483,0ecaa5967403d082aa24f35e1b516d23)
Start importing Assets/TextMesh Pro/Shaders/TMP_SDF SSD.shader using Guid(14eb328de4b8eb245bb7cea29e4ac00b) Importer(2089858483,0ecaa5967403d082aa24f35e1b516d23) [PhysX] Initialized MultithreadedTaskDispatcher with 20 workers.
 -> (artifact id: '7860cf6c8de77c01c78ab8e6bef589aa') in 0.012091 seconds
Number of updated asset objects reloaded before import = 0
Number of asset objects unloaded after import = 1
========================================================================
Received Import Request.
  Time since last request: 0.000028 seconds.
  path: Assets/Assets_Jung/reindeer_plr_prefab/anim/Walk.anim
  artifactKey: Guid(6237c35f18540754f9997ab9c413a7d0) Importer(2089858483,0ecaa5967403d082aa24f35e1b516d23)
Start importing Assets/Assets_Jung/reindeer_plr_prefab/anim/Walk.anim using Guid(6237c35f18540754f9997ab9c413a7d0) Importer(2089858483,0ecaa5967403d082aa24f35e1b516d23) [PhysX] Initialized MultithreadedTaskDispatcher with 20 workers.
 -> (artifact id: '3a550722b23e237ebf9d4b9fe1ef1d3a') in 0.031970 seconds
Number of updated asset objects reloaded before import = 0
Number of asset objects unloaded after import = 1
========================================================================
Received Import Request.
  Time since last request: 0.000022 seconds.
  path: Assets/Photon/PhotonLibs/netstandard2.0/Photon3Unity3D.dll
  artifactKey: Guid(6a558ae793155af4b9b9ab945fc64a0f) Importer(2089858483,0ecaa5967403d082aa24f35e1b516d23)
Start importing Assets/Photon/PhotonLibs/netstandard2.0/Photon3Unity3D.dll using Guid(6a558ae793155af4b9b9ab945fc64a0f) Importer(2089858483,0ecaa5967403d082aa24f35e1b516d23) [PhysX] Initialized MultithreadedTaskDispatcher with 20 workers.
 -> (artifact id: '429f9238020fef0003280489739af8ce') in 0.014463 seconds
Number of updated asset objects reloaded before import = 0
Number of asset objects unloaded after import = 1
========================================================================
Received Import Request.
  Time since last request: 0.000049 seconds.
  path: Assets/Photon/PhotonLibs/WebSocket/PhotonWebSocket.asmdef
  artifactKey: Guid(a10ff188cbfd201409863c062b118e1d) Importer(2089858483,0ecaa5967403d082aa24f35e1b516d23)
Start importing Assets/Photon/PhotonLibs/WebSocket/PhotonWebSocket.asmdef using Guid(a10ff188cbfd201409863c062b118e1d) Importer(2089858483,0ecaa5967403d082aa24f35e1b516d23) [PhysX] Initialized MultithreadedTaskDispatcher with 20 workers.
 -> (artifact id: '364896b5cd519cb8df615d81615586ba') in 0.019287 seconds
Number of updated asset objects reloaded before import = 0
Number of asset objects unloaded after import = 1
========================================================================
Received Import Request.
  Time since last request: 0.000035 seconds.
  path: Assets/Photon/PhotonChat/Code/PhotonChat.asmdef
  artifactKey: Guid(08a110bd598f7604f9519c2d7e1fb3cc) Importer(2089858483,0ecaa5967403d082aa24f35e1b516d23)
Start importing Assets/Photon/PhotonChat/Code/PhotonChat.asmdef using Guid(08a110bd598f7604f9519c2d7e1fb3cc) Importer(2089858483,0ecaa5967403d082aa24f35e1b516d23) [PhysX] Initialized MultithreadedTaskDispatcher with 20 workers.
 -> (artifact id: '65eaa758d05d968353b7623f6d02bbf0') in 0.016736 seconds
Number of updated asset objects reloaded before import = 0
Number of asset objects unloaded after import = 1
========================================================================
Received Import Request.
  Time since last request: 0.000052 seconds.
  path: Assets/Assets_Jung/reindeer_plr_prefab/plr_cam.prefab
  artifactKey: Guid(78d78fe3058fd4f49a7375a6b9168b06) Importer(2089858483,0ecaa5967403d082aa24f35e1b516d23)
Start importing Assets/Assets_Jung/reindeer_plr_prefab/plr_cam.prefab using Guid(78d78fe3058fd4f49a7375a6b9168b06) Importer(2089858483,0ecaa5967403d082aa24f35e1b516d23) [PhysX] Initialized MultithreadedTaskDispatcher with 20 workers.
 -> (artifact id: '02c94e1452bec43fb8eac2d6a871562f') in 0.018428 seconds
Number of updated asset objects reloaded before import = 0
Number of asset objects unloaded after import = 7
========================================================================
Received Import Request.
  Time since last request: 0.000017 seconds.
  path: Assets/Photon/PhotonUnityNetworking/changelog.txt
  artifactKey: Guid(612a7d8fb44bb994d90d9c0fa1408703) Importer(2089858483,0ecaa5967403d082aa24f35e1b516d23)
Start importing Assets/Photon/PhotonUnityNetworking/changelog.txt using Guid(612a7d8fb44bb994d90d9c0fa1408703) Importer(2089858483,0ecaa5967403d082aa24f35e1b516d23) [PhysX] Initialized MultithreadedTaskDispatcher with 20 workers.
 -> (artifact id: '72013658a6421ffca7de51bf2d16fcf3') in 0.018088 seconds
Number of updated asset objects reloaded before import = 0
Number of asset objects unloaded after import = 1
========================================================================
Received Import Request.
  Time since last request: 0.000016 seconds.
  path: Assets/TextMesh Pro/Shaders/TMP_SDF-Surface-Mobile.shader
  artifactKey: Guid(85187c2149c549c5b33f0cdb02836b17) Importer(2089858483,0ecaa5967403d082aa24f35e1b516d23)
Start importing Assets/TextMesh Pro/Shaders/TMP_SDF-Surface-Mobile.shader using Guid(85187c2149c549c5b33f0cdb02836b17) Importer(2089858483,0ecaa5967403d082aa24f35e1b516d23) [PhysX] Initialized MultithreadedTaskDispatcher with 20 workers.
 -> (artifact id: '0abf188ee9ca6362525ada7789b61ed5') in 0.012624 seconds
Number of updated asset objects reloaded before import = 0
Number of asset objects unloaded after import = 1
========================================================================
Received Import Request.
  Time since last request: 0.000042 seconds.
  path: Assets/Assets_Jung/reindeer_plr_prefab/anim/Eating_Loop.anim
  artifactKey: Guid(43ee9aca83ce14044a9f4fdcdcbebdb0) Importer(2089858483,0ecaa5967403d082aa24f35e1b516d23)
Start importing Assets/Assets_Jung/reindeer_plr_prefab/anim/Eating_Loop.anim using Guid(43ee9aca83ce14044a9f4fdcdcbebdb0) Importer(2089858483,0ecaa5967403d082aa24f35e1b516d23) [PhysX] Initialized MultithreadedTaskDispatcher with 20 workers.
 -> (artifact id: 'e61cad4d33cb1d0a9f485d8bd7fc5c44') in 0.013522 seconds
Number of updated asset objects reloaded before import = 0
Number of asset objects unloaded after import = 1
========================================================================
Received Import Request.
  Time since last request: 0.142931 seconds.
  path: Assets/Photon/PhotonRealtime/Code/Region.cs
  artifactKey: Guid(bddf4f4bde2f8dd46927411229ce1302) Importer(2089858483,0ecaa5967403d082aa24f35e1b516d23)
Start importing Assets/Photon/PhotonRealtime/Code/Region.cs using Guid(bddf4f4bde2f8dd46927411229ce1302) Importer(2089858483,0ecaa5967403d082aa24f35e1b516d23) [PhysX] Initialized MultithreadedTaskDispatcher with 20 workers.
 -> (artifact id: 'b2440a0d2300dedb59768a5b6d349026') in 0.010235 seconds
Number of updated asset objects reloaded before import = 0
Number of asset objects unloaded after import = 1
========================================================================
Received Import Request.
  Time since last request: 0.000082 seconds.
  path: Assets/TextMesh Pro/Examples & Extras/Materials/Small Crate_diffuse.mat
  artifactKey: Guid(22262639920f43d6be32430e4e58350d) Importer(2089858483,0ecaa5967403d082aa24f35e1b516d23)
Start importing Assets/TextMesh Pro/Examples & Extras/Materials/Small Crate_diffuse.mat using Guid(22262639920f43d6be32430e4e58350d) Importer(2089858483,0ecaa5967403d082aa24f35e1b516d23) [PhysX] Initialized MultithreadedTaskDispatcher with 20 workers.
 -> (artifact id: '85069775347bb0ff7a3bd17607124dc1') in 0.036886 seconds
Number of updated asset objects reloaded before import = 0
Number of asset objects unloaded after import = 3
========================================================================
Received Import Request.
  Time since last request: 0.000016 seconds.
  path: Assets/Plugins/Demigiant/DOTweenPro/DOTweenTextMeshPro.cs
  artifactKey: Guid(8fb0d65aa5b048649a3a785b82b8f8db) Importer(2089858483,0ecaa5967403d082aa24f35e1b516d23)
Start importing Assets/Plugins/Demigiant/DOTweenPro/DOTweenTextMeshPro.cs using Guid(8fb0d65aa5b048649a3a785b82b8f8db) Importer(2089858483,0ecaa5967403d082aa24f35e1b516d23) [PhysX] Initialized MultithreadedTaskDispatcher with 20 workers.
 -> (artifact id: '5efad6481eed757b4ba156f17023b8c1') in 0.012471 seconds
Number of updated asset objects reloaded before import = 0
Number of asset objects unloaded after import = 1
========================================================================
Received Import Request.
  Time since last request: 0.000027 seconds.
  path: Assets/TextMesh Pro/Examples & Extras/Scripts/DropdownSample.cs
  artifactKey: Guid(ac1eb05af6d391b4eb0f4c070a99f1d0) Importer(2089858483,0ecaa5967403d082aa24f35e1b516d23)
Start importing Assets/TextMesh Pro/Examples & Extras/Scripts/DropdownSample.cs using Guid(ac1eb05af6d391b4eb0f4c070a99f1d0) Importer(2089858483,0ecaa5967403d082aa24f35e1b516d23) [PhysX] Initialized MultithreadedTaskDispatcher with 20 workers.
 -> (artifact id: '8bf269c08a9d7791bf6fb23ff81629d2') in 0.011996 seconds
Number of updated asset objects reloaded before import = 0
Number of asset objects unloaded after import = 1
========================================================================
Received Import Request.
  Time since last request: 0.000036 seconds.
  path: Assets/TextMesh Pro/Examples & Extras/Scenes/06 - Extra Rich Text Examples.unity
  artifactKey: Guid(39a1fa96ad2a449b908fca29d4297a74) Importer(2089858483,0ecaa5967403d082aa24f35e1b516d23)
Start importing Assets/TextMesh Pro/Examples & Extras/Scenes/06 - Extra Rich Text Examples.unity using Guid(39a1fa96ad2a449b908fca29d4297a74) Importer(2089858483,0ecaa5967403d082aa24f35e1b516d23) [PhysX] Initialized MultithreadedTaskDispatcher with 20 workers.
 -> (artifact id: 'e9b4d64b675c5045e7dc18d018893d47') in 0.010731 seconds
Number of updated asset objects reloaded before import = 0
Number of asset objects unloaded after import = 1
========================================================================
Received Import Request.
  Time since last request: 0.000064 seconds.
  path: Assets/TextMesh Pro/Examples & Extras/Scripts/Benchmark01_UGUI.cs
  artifactKey: Guid(8ef7be1c625941f7ba8ed7cc71718c0d) Importer(2089858483,0ecaa5967403d082aa24f35e1b516d23)
Start importing Assets/TextMesh Pro/Examples & Extras/Scripts/Benchmark01_UGUI.cs using Guid(8ef7be1c625941f7ba8ed7cc71718c0d) Importer(2089858483,0ecaa5967403d082aa24f35e1b516d23) [PhysX] Initialized MultithreadedTaskDispatcher with 20 workers.
 -> (artifact id: '26c2e2297c233c5ad038274b57c85246') in 0.008798 seconds
Number of updated asset objects reloaded before import = 0
Number of asset objects unloaded after import = 1
========================================================================
Received Import Request.
  Time since last request: 0.000110 seconds.
  path: Assets/TextMesh Pro/Examples & Extras/Scripts/Benchmark04.cs
  artifactKey: Guid(dc20866c0d5e413ab7559440e15333ae) Importer(2089858483,0ecaa5967403d082aa24f35e1b516d23)
Start importing Assets/TextMesh Pro/Examples & Extras/Scripts/Benchmark04.cs using Guid(dc20866c0d5e413ab7559440e15333ae) Importer(2089858483,0ecaa5967403d082aa24f35e1b516d23) [PhysX] Initialized MultithreadedTaskDispatcher with 20 workers.
 -> (artifact id: 'cf9661f24f6e53c24a3f815411c50262') in 0.013334 seconds
Number of updated asset objects reloaded before import = 0
Number of asset objects unloaded after import = 1
========================================================================
Received Import Request.
  Time since last request: 0.000058 seconds.
  path: Assets/TextMesh Pro/Examples & Extras/Fonts/Electronic Highway Sign.TTF
  artifactKey: Guid(8a2b9e2a607dd2143b58c44bc32410b4) Importer(2089858483,0ecaa5967403d082aa24f35e1b516d23)
Start importing Assets/TextMesh Pro/Examples & Extras/Fonts/Electronic Highway Sign.TTF using Guid(8a2b9e2a607dd2143b58c44bc32410b4) Importer(2089858483,0ecaa5967403d082aa24f35e1b516d23) [PhysX] Initialized MultithreadedTaskDispatcher with 20 workers.
 -> (artifact id: '9e4a0d5c46bf45c4b3168f684c2c74ab') in 0.027890 seconds
Number of updated asset objects reloaded before import = 0
Number of asset objects unloaded after import = 3
========================================================================
Received Import Request.
  Time since last request: 0.000020 seconds.
  path: Assets/TextMesh Pro/Examples & Extras/Materials/Crate - Surface Shader Scene.mat
  artifactKey: Guid(e6b9b44320f4448d9d5e0ee634259966) Importer(2089858483,0ecaa5967403d082aa24f35e1b516d23)
Start importing Assets/TextMesh Pro/Examples & Extras/Materials/Crate - Surface Shader Scene.mat using Guid(e6b9b44320f4448d9d5e0ee634259966) Importer(2089858483,0ecaa5967403d082aa24f35e1b516d23) [PhysX] Initialized MultithreadedTaskDispatcher with 20 workers.
 -> (artifact id: '7abd0c1e839c6d3d39b58fc5e936fe76') in 0.027594 seconds
Number of updated asset objects reloaded before import = 0
Number of asset objects unloaded after import = 3
========================================================================
Received Import Request.
  Time since last request: 0.000028 seconds.
  path: Assets/TextMesh Pro/Examples & Extras/Scenes/03 - Line Justification.unity
  artifactKey: Guid(21a509e1d3cd49978623fa564adb6f02) Importer(2089858483,0ecaa5967403d082aa24f35e1b516d23)
Start importing Assets/TextMesh Pro/Examples & Extras/Scenes/03 - Line Justification.unity using Guid(21a509e1d3cd49978623fa564adb6f02) Importer(2089858483,0ecaa5967403d082aa24f35e1b516d23) [PhysX] Initialized MultithreadedTaskDispatcher with 20 workers.
 -> (artifact id: '5db1ecf354bac465aea84b92fe92199a') in 0.012934 seconds
Number of updated asset objects reloaded before import = 0
Number of asset objects unloaded after import = 1
========================================================================
Received Import Request.
  Time since last request: 0.000052 seconds.
  path: Assets/TextMesh Pro/Examples & Extras/Scripts/Benchmark02.cs
  artifactKey: Guid(e8538afcddc14efbb5d9e94b7ae50197) Importer(2089858483,0ecaa5967403d082aa24f35e1b516d23)
Start importing Assets/TextMesh Pro/Examples & Extras/Scripts/Benchmark02.cs using Guid(e8538afcddc14efbb5d9e94b7ae50197) Importer(2089858483,0ecaa5967403d082aa24f35e1b516d23) [PhysX] Initialized MultithreadedTaskDispatcher with 20 workers.
 -> (artifact id: 'e91404561b67a02e92c4806392645491') in 0.008940 seconds
Number of updated asset objects reloaded before import = 0
Number of asset objects unloaded after import = 1
========================================================================
Received Import Request.
  Time since last request: 0.000091 seconds.
  path: Assets/Photon/PhotonUnityNetworking/Code/PhotonStreamQueue.cs
  artifactKey: Guid(006991e32d9020c4d896f161318a2bc0) Importer(2089858483,0ecaa5967403d082aa24f35e1b516d23)
Start importing Assets/Photon/PhotonUnityNetworking/Code/PhotonStreamQueue.cs using Guid(006991e32d9020c4d896f161318a2bc0) Importer(2089858483,0ecaa5967403d082aa24f35e1b516d23) [PhysX] Initialized MultithreadedTaskDispatcher with 20 workers.
 -> (artifact id: 'af8fc26fac2b935742aad4dcf049e095') in 0.011844 seconds
Number of updated asset objects reloaded before import = 0
Number of asset objects unloaded after import = 1
========================================================================
Received Import Request.
  Time since last request: 0.000043 seconds.
  path: Assets/Photon/PhotonRealtime/Code/Room.cs
  artifactKey: Guid(17568a7a5552c09428dd48e73548b8b8) Importer(2089858483,0ecaa5967403d082aa24f35e1b516d23)
Start importing Assets/Photon/PhotonRealtime/Code/Room.cs using Guid(17568a7a5552c09428dd48e73548b8b8) Importer(2089858483,0ecaa5967403d082aa24f35e1b516d23) [PhysX] Initialized MultithreadedTaskDispatcher with 20 workers.
 -> (artifact id: 'b6ba0f96a3045c047d004c1b0f6a880c') in 0.011738 seconds
Number of updated asset objects reloaded before import = 0
Number of asset objects unloaded after import = 1
========================================================================
Received Import Request.
  Time since last request: 0.000037 seconds.
  path: Assets/Photon/PhotonRealtime/Code/WebRpc.cs
  artifactKey: Guid(294b0a24f6c841f48acf4bf696a4d764) Importer(2089858483,0ecaa5967403d082aa24f35e1b516d23)
Start importing Assets/Photon/PhotonRealtime/Code/WebRpc.cs using Guid(294b0a24f6c841f48acf4bf696a4d764) Importer(2089858483,0ecaa5967403d082aa24f35e1b516d23) [PhysX] Initialized MultithreadedTaskDispatcher with 20 workers.
 -> (artifact id: '26b3b8254b2788b047a3b105db399e43') in 0.009069 seconds
Number of updated asset objects reloaded before import = 0
Number of asset objects unloaded after import = 1
========================================================================
Received Import Request.
  Time since last request: 0.000118 seconds.
  path: Assets/TextMesh Pro/Examples & Extras/Scenes/23 - Animating Vertex Attributes.unity
  artifactKey: Guid(54e994244b4b467e8583cf2da6dcc716) Importer(2089858483,0ecaa5967403d082aa24f35e1b516d23)
Start importing Assets/TextMesh Pro/Examples & Extras/Scenes/23 - Animating Vertex Attributes.unity using Guid(54e994244b4b467e8583cf2da6dcc716) Importer(2089858483,0ecaa5967403d082aa24f35e1b516d23) [PhysX] Initialized MultithreadedTaskDispatcher with 20 workers.
 -> (artifact id: '8eeb8f5314e06a77c23305782164f7da') in 0.012547 seconds
Number of updated asset objects reloaded before import = 0
Number of asset objects unloaded after import = 1
========================================================================
Received Import Request.
  Time since last request: 0.000117 seconds.
  path: Assets/Photon/PhotonUnityNetworking/Code/ServerSettings.cs
  artifactKey: Guid(9f3758f8f58fdef43803eb9be1df0608) Importer(2089858483,0ecaa5967403d082aa24f35e1b516d23)
Start importing Assets/Photon/PhotonUnityNetworking/Code/ServerSettings.cs using Guid(9f3758f8f58fdef43803eb9be1df0608) Importer(2089858483,0ecaa5967403d082aa24f35e1b516d23) [PhysX] Initialized MultithreadedTaskDispatcher with 20 workers.
 -> (artifact id: '26bdb6c7bdb0fabd5531ccdc24915742') in 0.013344 seconds
Number of updated asset objects reloaded before import = 0
Number of asset objects unloaded after import = 1
========================================================================
Received Import Request.
  Time since last request: 0.000100 seconds.
  path: Assets/Photon/PhotonUnityNetworking/Icons/PunIconApp512.png
  artifactKey: Guid(7377013011b4c3348809ff574abe799e) Importer(2089858483,0ecaa5967403d082aa24f35e1b516d23)
Start importing Assets/Photon/PhotonUnityNetworking/Icons/PunIconApp512.png using Guid(7377013011b4c3348809ff574abe799e) Importer(2089858483,0ecaa5967403d082aa24f35e1b516d23) [PhysX] Initialized MultithreadedTaskDispatcher with 20 workers.
 -> (artifact id: 'c175e164f0ca322df76c4d33847e0e8e') in 0.061080 seconds
Number of updated asset objects reloaded before import = 0
Number of asset objects unloaded after import = 3
========================================================================
Received Import Request.
  Time since last request: 0.000019 seconds.
  path: Assets/TextMesh Pro/Examples & Extras/Scripts/EnvMapAnimator.cs
  artifactKey: Guid(a4b6f99e8bc54541bbd149b014ff441c) Importer(2089858483,0ecaa5967403d082aa24f35e1b516d23)
Start importing Assets/TextMesh Pro/Examples & Extras/Scripts/EnvMapAnimator.cs using Guid(a4b6f99e8bc54541bbd149b014ff441c) Importer(2089858483,0ecaa5967403d082aa24f35e1b516d23) [PhysX] Initialized MultithreadedTaskDispatcher with 20 workers.
 -> (artifact id: '0bad39f54db49252e09e2cc7479dfac8') in 0.011882 seconds
Number of updated asset objects reloaded before import = 0
Number of asset objects unloaded after import = 1
========================================================================
Received Import Request.
  Time since last request: 0.000099 seconds.
  path: Assets/Photon/PhotonUnityNetworking/UtilityScripts/PhotonUnityNetworking.Utilities.asmdef
  artifactKey: Guid(a738238285a7a8246af046cbf977522f) Importer(2089858483,0ecaa5967403d082aa24f35e1b516d23)
Start importing Assets/Photon/PhotonUnityNetworking/UtilityScripts/PhotonUnityNetworking.Utilities.asmdef using Guid(a738238285a7a8246af046cbf977522f) Importer(2089858483,0ecaa5967403d082aa24f35e1b516d23) [PhysX] Initialized MultithreadedTaskDispatcher with 20 workers.
 -> (artifact id: 'f0bb0ebcbc68199f747b475b1a81b959') in 0.017798 seconds
Number of updated asset objects reloaded before import = 0
Number of asset objects unloaded after import = 1
========================================================================
Received Import Request.
  Time since last request: 0.000023 seconds.
  path: Assets/TextMesh Pro/Examples & Extras/Scripts/TextMeshSpawner.cs
  artifactKey: Guid(76c11bbcfddf44e0ba17d6c2751c8d84) Importer(2089858483,0ecaa5967403d082aa24f35e1b516d23)
Start importing Assets/TextMesh Pro/Examples & Extras/Scripts/TextMeshSpawner.cs using Guid(76c11bbcfddf44e0ba17d6c2751c8d84) Importer(2089858483,0ecaa5967403d082aa24f35e1b516d23) [PhysX] Initialized MultithreadedTaskDispatcher with 20 workers.
 -> (artifact id: '9dac7095d8e55cdee42e85420bc118d6') in 0.012064 seconds
Number of updated asset objects reloaded before import = 0
Number of asset objects unloaded after import = 1
========================================================================
Received Import Request.
  Time since last request: 0.000063 seconds.
  path: Assets/TextMesh Pro/Examples & Extras/Prefabs/Text Popup.prefab
  artifactKey: Guid(b06f0e6c1dfa4356ac918da1bb32c603) Importer(2089858483,0ecaa5967403d082aa24f35e1b516d23)
Start importing Assets/TextMesh Pro/Examples & Extras/Prefabs/Text Popup.prefab using Guid(b06f0e6c1dfa4356ac918da1bb32c603) Importer(2089858483,0ecaa5967403d082aa24f35e1b516d23) [PhysX] Initialized MultithreadedTaskDispatcher with 20 workers.
 -> (artifact id: 'db78b52c9764b2f26e68cf054323eda2') in 0.056808 seconds
Number of updated asset objects reloaded before import = 0
Number of asset objects unloaded after import = 21
========================================================================
Received Import Request.
  Time since last request: 0.000039 seconds.
  path: Assets/TextMesh Pro/Examples & Extras/Scenes/01-  Single Line TextMesh Pro.unity
  artifactKey: Guid(2ac8cf212df6445e8aebbe3cb832e993) Importer(2089858483,0ecaa5967403d082aa24f35e1b516d23)
Start importing Assets/TextMesh Pro/Examples & Extras/Scenes/01-  Single Line TextMesh Pro.unity using Guid(2ac8cf212df6445e8aebbe3cb832e993) Importer(2089858483,0ecaa5967403d082aa24f35e1b516d23) [PhysX] Initialized MultithreadedTaskDispatcher with 20 workers.
 -> (artifact id: '9306d58ded7e5499e4eedd8a4f12905c') in 0.012809 seconds
Number of updated asset objects reloaded before import = 0
Number of asset objects unloaded after import = 1
========================================================================
Received Import Request.
  Time since last request: 0.000025 seconds.
  path: Assets/TextMesh Pro/Examples & Extras/Scripts/SkewTextExample.cs
  artifactKey: Guid(d412675cfb3441efa3bf8dcd9b7624dc) Importer(2089858483,0ecaa5967403d082aa24f35e1b516d23)
Start importing Assets/TextMesh Pro/Examples & Extras/Scripts/SkewTextExample.cs using Guid(d412675cfb3441efa3bf8dcd9b7624dc) Importer(2089858483,0ecaa5967403d082aa24f35e1b516d23) [PhysX] Initialized MultithreadedTaskDispatcher with 20 workers.
 -> (artifact id: '3c7b132adef5db13d3de0484106ab7b9') in 0.012116 seconds
Number of updated asset objects reloaded before import = 0
Number of asset objects unloaded after import = 1
========================================================================
Received Import Request.
  Time since last request: 0.151030 seconds.
  path: Assets/TextMesh Pro/Examples & Extras/Scripts/TMP_TextEventCheck.cs
  artifactKey: Guid(d736ce056cf444ca96e424f4d9c42b76) Importer(2089858483,0ecaa5967403d082aa24f35e1b516d23)
Start importing Assets/TextMesh Pro/Examples & Extras/Scripts/TMP_TextEventCheck.cs using Guid(d736ce056cf444ca96e424f4d9c42b76) Importer(2089858483,0ecaa5967403d082aa24f35e1b516d23) [PhysX] Initialized MultithreadedTaskDispatcher with 20 workers.
 -> (artifact id: '62ff8a01fb9bd00e5793cf8988f93c0f') in 0.012878 seconds
Number of updated asset objects reloaded before import = 0
Number of asset objects unloaded after import = 1
========================================================================
Received Import Request.
  Time since last request: 0.000059 seconds.
  path: Assets/Photon/PhotonUnityNetworking/UtilityScripts/TurnBased/PunTurnManager.cs
  artifactKey: Guid(1a1b3bda60e9e804f87fd1e5d20a885a) Importer(2089858483,0ecaa5967403d082aa24f35e1b516d23)
Start importing Assets/Photon/PhotonUnityNetworking/UtilityScripts/TurnBased/PunTurnManager.cs using Guid(1a1b3bda60e9e804f87fd1e5d20a885a) Importer(2089858483,0ecaa5967403d082aa24f35e1b516d23) [PhysX] Initialized MultithreadedTaskDispatcher with 20 workers.
 -> (artifact id: 'adcecebe64e642bee46b60cdef071d42') in 0.008573 seconds
Number of updated asset objects reloaded before import = 0
Number of asset objects unloaded after import = 1
========================================================================
Received Import Request.
  Time since last request: 0.000059 seconds.
  path: Assets/TextMesh Pro/Examples & Extras/Resources/Color Gradient Presets/Blue to Purple - Vertical.asset
  artifactKey: Guid(479a66fa4b094512a62b0a8e553ad95a) Importer(2089858483,0ecaa5967403d082aa24f35e1b516d23)
Start importing Assets/TextMesh Pro/Examples & Extras/Resources/Color Gradient Presets/Blue to Purple - Vertical.asset using Guid(479a66fa4b094512a62b0a8e553ad95a) Importer(2089858483,0ecaa5967403d082aa24f35e1b516d23) [PhysX] Initialized MultithreadedTaskDispatcher with 20 workers.
 -> (artifact id: '13ca30d69e5f8a47651b3b502ea103c9') in 0.019453 seconds
Number of updated asset objects reloaded before import = 0
Number of asset objects unloaded after import = 1
========================================================================
Received Import Request.
  Time since last request: 0.000017 seconds.
  path: Assets/Photon/PhotonChat/Demos/DemoChat/NamePickGui.cs
  artifactKey: Guid(696a5174ff5e707479b3540eb56d14b7) Importer(2089858483,0ecaa5967403d082aa24f35e1b516d23)
Start importing Assets/Photon/PhotonChat/Demos/DemoChat/NamePickGui.cs using Guid(696a5174ff5e707479b3540eb56d14b7) Importer(2089858483,0ecaa5967403d082aa24f35e1b516d23) [PhysX] Initialized MultithreadedTaskDispatcher with 20 workers.
 -> (artifact id: '4c96d2ff27ec0ea02540b4a940e86eec') in 0.009069 seconds
Number of updated asset objects reloaded before import = 0
Number of asset objects unloaded after import = 1
========================================================================
Received Import Request.
  Time since last request: 0.000030 seconds.
  path: Assets/Photon/PhotonUnityNetworking/Code/Editor/PhotonEditor.cs
  artifactKey: Guid(dabbbed2a74eac44dac281f20d706ba8) Importer(2089858483,0ecaa5967403d082aa24f35e1b516d23)
Start importing Assets/Photon/PhotonUnityNetworking/Code/Editor/PhotonEditor.cs using Guid(dabbbed2a74eac44dac281f20d706ba8) Importer(2089858483,0ecaa5967403d082aa24f35e1b516d23) [PhysX] Initialized MultithreadedTaskDispatcher with 20 workers.
 -> (artifact id: '33a0d7e7cda847265ed331eaaab496a9') in 0.013191 seconds
Number of updated asset objects reloaded before import = 0
Number of asset objects unloaded after import = 1
========================================================================
Received Import Request.
  Time since last request: 0.005278 seconds.
  path: Assets/TextMesh Pro/Examples & Extras/Textures/Small Crate_normal.jpg
  artifactKey: Guid(8878a782f4334ecbbcf683b3ac780966) Importer(2089858483,0ecaa5967403d082aa24f35e1b516d23)
Start importing Assets/TextMesh Pro/Examples & Extras/Textures/Small Crate_normal.jpg using Guid(8878a782f4334ecbbcf683b3ac780966) Importer(2089858483,0ecaa5967403d082aa24f35e1b516d23) [PhysX] Initialized MultithreadedTaskDispatcher with 20 workers.
 -> (artifact id: '6455aa6f0aeb05f3e37fb726b0f71778') in 0.017296 seconds
Number of updated asset objects reloaded before import = 0
Number of asset objects unloaded after import = 1
========================================================================
Received Import Request.
  Time since last request: 0.000017 seconds.
  path: Assets/Photon/PhotonUnityNetworking/UtilityScripts/Prototyping/OnEscapeQuit.cs
  artifactKey: Guid(1fbabafd914a48f4eb6108d8d8f43d29) Importer(2089858483,0ecaa5967403d082aa24f35e1b516d23)
Start importing Assets/Photon/PhotonUnityNetworking/UtilityScripts/Prototyping/OnEscapeQuit.cs using Guid(1fbabafd914a48f4eb6108d8d8f43d29) Importer(2089858483,0ecaa5967403d082aa24f35e1b516d23) [PhysX] Initialized MultithreadedTaskDispatcher with 20 workers.
 -> (artifact id: '7109509429e8109cf73bff8003adb3d5') in 0.013046 seconds
Number of updated asset objects reloaded before import = 0
Number of asset objects unloaded after import = 1
========================================================================
Received Import Request.
  Time since last request: 0.000078 seconds.
  path: Assets/Photon/PhotonUnityNetworking/Demos/DemoHub/toHub.png
  artifactKey: Guid(56d51860189dbec438e8e3fba90c46cc) Importer(2089858483,0ecaa5967403d082aa24f35e1b516d23)
Start importing Assets/Photon/PhotonUnityNetworking/Demos/DemoHub/toHub.png using Guid(56d51860189dbec438e8e3fba90c46cc) Importer(2089858483,0ecaa5967403d082aa24f35e1b516d23) [PhysX] Initialized MultithreadedTaskDispatcher with 20 workers.
 -> (artifact id: 'a0825ecd995a06646f0a966d01681228') in 0.026367 seconds
Number of updated asset objects reloaded before import = 0
Number of asset objects unloaded after import = 1
========================================================================
Received Import Request.
  Time since last request: 0.000055 seconds.
  path: Assets/Photon/PhotonUnityNetworking/UtilityScripts/UI/TabViewManager.cs
  artifactKey: Guid(c94485733838d40fda441b2c0fbbec10) Importer(2089858483,0ecaa5967403d082aa24f35e1b516d23)
Start importing Assets/Photon/PhotonUnityNetworking/UtilityScripts/UI/TabViewManager.cs using Guid(c94485733838d40fda441b2c0fbbec10) Importer(2089858483,0ecaa5967403d082aa24f35e1b516d23) [PhysX] Initialized MultithreadedTaskDispatcher with 20 workers.
 -> (artifact id: 'c162413ee8f9bb6a1e6193762638f605') in 0.013706 seconds
Number of updated asset objects reloaded before import = 0
Number of asset objects unloaded after import = 1
========================================================================
Received Import Request.
  Time since last request: 0.000018 seconds.
  path: Assets/TextMesh Pro/Examples & Extras/Textures/Text Overflow - Linked Text Image 1.png
  artifactKey: Guid(4ccf43d26c4748c792174516f4a8fcef) Importer(2089858483,0ecaa5967403d082aa24f35e1b516d23)
Start importing Assets/TextMesh Pro/Examples & Extras/Textures/Text Overflow - Linked Text Image 1.png using Guid(4ccf43d26c4748c792174516f4a8fcef) Importer(2089858483,0ecaa5967403d082aa24f35e1b516d23) [PhysX] Initialized MultithreadedTaskDispatcher with 20 workers.
 -> (artifact id: '603a3c0d59f0f97ba1943847c4eca966') in 0.021036 seconds
Number of updated asset objects reloaded before import = 0
Number of asset objects unloaded after import = 1
========================================================================
Received Import Request.
  Time since last request: 0.000015 seconds.
  path: Assets/Photon/PhotonUnityNetworking/UtilityScripts/Debugging/PointedAtGameObjectInfo.cs
  artifactKey: Guid(e6262dd9a9b078c4e8cbd47495aa6d23) Importer(2089858483,0ecaa5967403d082aa24f35e1b516d23)
Start importing Assets/Photon/PhotonUnityNetworking/UtilityScripts/Debugging/PointedAtGameObjectInfo.cs using Guid(e6262dd9a9b078c4e8cbd47495aa6d23) Importer(2089858483,0ecaa5967403d082aa24f35e1b516d23) [PhysX] Initialized MultithreadedTaskDispatcher with 20 workers.
 -> (artifact id: 'c89b1de5b4030b89f3ce31c2fe1168e6') in 0.011375 seconds
Number of updated asset objects reloaded before import = 0
Number of asset objects unloaded after import = 1
========================================================================
Received Import Request.
  Time since last request: 0.000083 seconds.
  path: Assets/Photon/PhotonUnityNetworking/UtilityScripts/Culling/CullArea.cs
  artifactKey: Guid(dfb1c264fdc576442b2f42c998bed4a2) Importer(2089858483,0ecaa5967403d082aa24f35e1b516d23)
Start importing Assets/Photon/PhotonUnityNetworking/UtilityScripts/Culling/CullArea.cs using Guid(dfb1c264fdc576442b2f42c998bed4a2) Importer(2089858483,0ecaa5967403d082aa24f35e1b516d23) [PhysX] Initialized MultithreadedTaskDispatcher with 20 workers.
 -> (artifact id: '94da21ee808c4f88de2944464a64991f') in 0.013087 seconds
Number of updated asset objects reloaded before import = 0
Number of asset objects unloaded after import = 1
========================================================================
Received Import Request.
  Time since last request: 0.000060 seconds.
  path: Assets/TextMesh Pro/Examples & Extras/Resources/Fonts & Materials/LiberationSans SDF - Metalic Green.mat
  artifactKey: Guid(8b29aaa3eec7468097ff07adfcf29ac9) Importer(2089858483,0ecaa5967403d082aa24f35e1b516d23)
Start importing Assets/TextMesh Pro/Examples & Extras/Resources/Fonts & Materials/LiberationSans SDF - Metalic Green.mat using Guid(8b29aaa3eec7468097ff07adfcf29ac9) Importer(2089858483,0ecaa5967403d082aa24f35e1b516d23) [PhysX] Initialized MultithreadedTaskDispatcher with 20 workers.
 -> (artifact id: '6d29a669e87d779caa9f7cc405c42640') in 0.031589 seconds
Number of updated asset objects reloaded before import = 0
Number of asset objects unloaded after import = 4
========================================================================
Received Import Request.
  Time since last request: 0.000016 seconds.
  path: Assets/Photon/PhotonUnityNetworking/UtilityScripts/UI/EventSystemSpawner.cs
  artifactKey: Guid(68187d3cf4c8746aaa64930f1a766a38) Importer(2089858483,0ecaa5967403d082aa24f35e1b516d23)
Start importing Assets/Photon/PhotonUnityNetworking/UtilityScripts/UI/EventSystemSpawner.cs using Guid(68187d3cf4c8746aaa64930f1a766a38) Importer(2089858483,0ecaa5967403d082aa24f35e1b516d23) [PhysX] Initialized MultithreadedTaskDispatcher with 20 workers.
 -> (artifact id: 'aba3b6a6f899329a02d2a803e266afc3') in 0.011773 seconds
Number of updated asset objects reloaded before import = 0
Number of asset objects unloaded after import = 1
========================================================================
Received Import Request.
  Time since last request: 0.000016 seconds.
  path: Assets/Photon/PhotonChat/Demos/DemoChat/ChannelSelector.cs
  artifactKey: Guid(48caa72710147fc4f9389b0b5ec6137d) Importer(2089858483,0ecaa5967403d082aa24f35e1b516d23)
Start importing Assets/Photon/PhotonChat/Demos/DemoChat/ChannelSelector.cs using Guid(48caa72710147fc4f9389b0b5ec6137d) Importer(2089858483,0ecaa5967403d082aa24f35e1b516d23) [PhysX] Initialized MultithreadedTaskDispatcher with 20 workers.
 -> (artifact id: '2c6329c19dcae673ec2272c04088ddaf') in 0.008575 seconds
Number of updated asset objects reloaded before import = 0
Number of asset objects unloaded after import = 1
========================================================================
Received Import Request.
  Time since last request: 0.000019 seconds.
  path: Assets/polyperfect/Poly Universal Pack/- Meshes/Christmas/SM_Gift_Christmas_Long_Open.fbx
  artifactKey: Guid(e7add9fed9a881943b3199d16024fb72) Importer(2089858483,0ecaa5967403d082aa24f35e1b516d23)
Start importing Assets/polyperfect/Poly Universal Pack/- Meshes/Christmas/SM_Gift_Christmas_Long_Open.fbx using Guid(e7add9fed9a881943b3199d16024fb72) Importer(2089858483,0ecaa5967403d082aa24f35e1b516d23) [PhysX] Initialized MultithreadedTaskDispatcher with 20 workers.
 -> (artifact id: '292044c1ec3a8e8c1b67ee5caeaf574b') in 0.025280 seconds
Number of updated asset objects reloaded before import = 0
Number of asset objects unloaded after import = 7
========================================================================
Received Import Request.
  Time since last request: 0.000084 seconds.
  path: Assets/polyperfect/Poly Universal Pack/- Meshes/Christmas/SM_Gift_Christmas_Long_A.fbx
  artifactKey: Guid(249b4c0c9f5d8564fab2ab9555f4b758) Importer(2089858483,0ecaa5967403d082aa24f35e1b516d23)
Start importing Assets/polyperfect/Poly Universal Pack/- Meshes/Christmas/SM_Gift_Christmas_Long_A.fbx using Guid(249b4c0c9f5d8564fab2ab9555f4b758) Importer(2089858483,0ecaa5967403d082aa24f35e1b516d23) [PhysX] Initialized MultithreadedTaskDispatcher with 20 workers.
 -> (artifact id: 'f73dfe4cb8bc642a92b9f46271d7f195') in 0.017083 seconds
Number of updated asset objects reloaded before import = 0
Number of asset objects unloaded after import = 7
========================================================================
Received Import Request.
  Time since last request: 0.000017 seconds.
  path: Assets/Photon/PhotonUnityNetworking/UtilityScripts/PhotonPlayer/PlayerNumbering.cs
  artifactKey: Guid(b28dd60f6abf16d4094cf0f642a043e2) Importer(2089858483,0ecaa5967403d082aa24f35e1b516d23)
Start importing Assets/Photon/PhotonUnityNetworking/UtilityScripts/PhotonPlayer/PlayerNumbering.cs using Guid(b28dd60f6abf16d4094cf0f642a043e2) Importer(2089858483,0ecaa5967403d082aa24f35e1b516d23) [PhysX] Initialized MultithreadedTaskDispatcher with 20 workers.
 -> (artifact id: '5da5fcdd0751eccb7a89c5560ee0ca7b') in 0.012871 seconds
Number of updated asset objects reloaded before import = 0
Number of asset objects unloaded after import = 1
========================================================================
Received Import Request.
  Time since last request: 0.000018 seconds.
  path: Assets/Photon/PhotonUnityNetworking/UtilityScripts/Prototyping/OnClickRpc.cs
  artifactKey: Guid(2cd0ed7420882554fa146aab6aeb2e80) Importer(2089858483,0ecaa5967403d082aa24f35e1b516d23)
Start importing Assets/Photon/PhotonUnityNetworking/UtilityScripts/Prototyping/OnClickRpc.cs using Guid(2cd0ed7420882554fa146aab6aeb2e80) Importer(2089858483,0ecaa5967403d082aa24f35e1b516d23) [PhysX] Initialized MultithreadedTaskDispatcher with 20 workers.
 -> (artifact id: '8946811c01517f5ecfb12e6f2e4ddfd2') in 0.011163 seconds
Number of updated asset objects reloaded before import = 0
Number of asset objects unloaded after import = 1
========================================================================
Received Import Request.
  Time since last request: 0.000042 seconds.
  path: Assets/Photon/PhotonUnityNetworking/UtilityScripts/UI/ButtonInsideScrollList.cs
  artifactKey: Guid(e0e8b381f2c05442ca5c01638958156a) Importer(2089858483,0ecaa5967403d082aa24f35e1b516d23)
Start importing Assets/Photon/PhotonUnityNetworking/UtilityScripts/UI/ButtonInsideScrollList.cs using Guid(e0e8b381f2c05442ca5c01638958156a) Importer(2089858483,0ecaa5967403d082aa24f35e1b516d23) [PhysX] Initialized MultithreadedTaskDispatcher with 20 workers.
 -> (artifact id: '399f5351065c9eddbd48c769df0ffdba') in 0.012329 seconds
Number of updated asset objects reloaded before import = 0
Number of asset objects unloaded after import = 1
========================================================================
Received Import Request.
  Time since last request: 0.000017 seconds.
  path: Assets/Photon/PhotonUnityNetworking/Code/Editor/PunSceneSettingsInspector.cs
  artifactKey: Guid(1ad59deacfd0848dcb64a51b0a0eb960) Importer(2089858483,0ecaa5967403d082aa24f35e1b516d23)
Start importing Assets/Photon/PhotonUnityNetworking/Code/Editor/PunSceneSettingsInspector.cs using Guid(1ad59deacfd0848dcb64a51b0a0eb960) Importer(2089858483,0ecaa5967403d082aa24f35e1b516d23) [PhysX] Initialized MultithreadedTaskDispatcher with 20 workers.
 -> (artifact id: 'd639dc5e9407bac057049da858e00546') in 0.010430 seconds
Number of updated asset objects reloaded before import = 0
Number of asset objects unloaded after import = 1
========================================================================
Received Import Request.
  Time since last request: 0.000046 seconds.
  path: Assets/TextMesh Pro/Examples & Extras/Textures/Small Crate_diffuse.jpg
  artifactKey: Guid(602cb87b6a29443b8636370ea0751574) Importer(2089858483,0ecaa5967403d082aa24f35e1b516d23)
Start importing Assets/TextMesh Pro/Examples & Extras/Textures/Small Crate_diffuse.jpg using Guid(602cb87b6a29443b8636370ea0751574) Importer(2089858483,0ecaa5967403d082aa24f35e1b516d23) [PhysX] Initialized MultithreadedTaskDispatcher with 20 workers.
 -> (artifact id: '6ac1478ad1436229062eba38150e35a2') in 0.018486 seconds
Number of updated asset objects reloaded before import = 0
Number of asset objects unloaded after import = 1
========================================================================
Received Import Request.
  Time since last request: 0.000019 seconds.
  path: Assets/TextMesh Pro/Examples & Extras/Sprites/Default Sprites.png
  artifactKey: Guid(a0fc465d6cf04254a2938578735e2383) Importer(2089858483,0ecaa5967403d082aa24f35e1b516d23)
Start importing Assets/TextMesh Pro/Examples & Extras/Sprites/Default Sprites.png using Guid(a0fc465d6cf04254a2938578735e2383) Importer(2089858483,0ecaa5967403d082aa24f35e1b516d23) [PhysX] Initialized MultithreadedTaskDispatcher with 20 workers.
 -> (artifact id: '4306568efd0d14e3ce0c3541873cc0d3') in 0.027122 seconds
Number of updated asset objects reloaded before import = 0
Number of asset objects unloaded after import = 1
========================================================================
Received Import Request.
  Time since last request: 0.000066 seconds.
  path: Assets/polyperfect/Poly Universal Pack/- Meshes/Christmas/SM_Gift_Christmas_Long_Open_Lid.fbx
  artifactKey: Guid(a1ff88784c6c0c345889a1836099299a) Importer(2089858483,0ecaa5967403d082aa24f35e1b516d23)
Start importing Assets/polyperfect/Poly Universal Pack/- Meshes/Christmas/SM_Gift_Christmas_Long_Open_Lid.fbx using Guid(a1ff88784c6c0c345889a1836099299a) Importer(2089858483,0ecaa5967403d082aa24f35e1b516d23) [PhysX] Initialized MultithreadedTaskDispatcher with 20 workers.
 -> (artifact id: '303163defb476c4f86cd219ac440c361') in 0.016707 seconds
Number of updated asset objects reloaded before import = 0
Number of asset objects unloaded after import = 7
========================================================================
Received Import Request.
  Time since last request: 0.000015 seconds.
  path: Assets/TextMesh Pro/Examples & Extras/Resources/Fonts & Materials/Electronic Highway Sign SDF.asset
  artifactKey: Guid(dc36b3fdc14f47ebb36fd484a67e268a) Importer(2089858483,0ecaa5967403d082aa24f35e1b516d23)
Start importing Assets/TextMesh Pro/Examples & Extras/Resources/Fonts & Materials/Electronic Highway Sign SDF.asset using Guid(dc36b3fdc14f47ebb36fd484a67e268a) Importer(2089858483,0ecaa5967403d082aa24f35e1b516d23) [PhysX] Initialized MultithreadedTaskDispatcher with 20 workers.
 -> (artifact id: '0e2b50f05979f43c4f77e92aa8c299ce') in 0.033462 seconds
Number of updated asset objects reloaded before import = 0
Number of asset objects unloaded after import = 5
========================================================================
Received Import Request.
  Time since last request: 0.000015 seconds.
  path: Assets/Photon/PhotonUnityNetworking/Code/Interfaces/IPhotonViewCallbacks.cs
  artifactKey: Guid(d67b3e094fcbf004da7f8771c17126f3) Importer(2089858483,0ecaa5967403d082aa24f35e1b516d23)
Start importing Assets/Photon/PhotonUnityNetworking/Code/Interfaces/IPhotonViewCallbacks.cs using Guid(d67b3e094fcbf004da7f8771c17126f3) Importer(2089858483,0ecaa5967403d082aa24f35e1b516d23) [PhysX] Initialized MultithreadedTaskDispatcher with 20 workers.
 -> (artifact id: 'd88391c731c17b767679f097e37fa24c') in 0.014036 seconds
Number of updated asset objects reloaded before import = 0
Number of asset objects unloaded after import = 1
========================================================================
Received Import Request.
  Time since last request: 0.000106 seconds.
  path: Assets/TextMesh Pro/Resources/Fonts & Materials/LiberationSans SDF - Fallback.asset
  artifactKey: Guid(2e498d1c8094910479dc3e1b768306a4) Importer(2089858483,0ecaa5967403d082aa24f35e1b516d23)
Start importing Assets/TextMesh Pro/Resources/Fonts & Materials/LiberationSans SDF - Fallback.asset using Guid(2e498d1c8094910479dc3e1b768306a4) Importer(2089858483,0ecaa5967403d082aa24f35e1b516d23) [PhysX] Initialized MultithreadedTaskDispatcher with 20 workers.
 -> (artifact id: '29bd0eec5da407e5d7a9f82011b6511b') in 0.020757 seconds
Number of updated asset objects reloaded before import = 0
Number of asset objects unloaded after import = 5
========================================================================
Received Import Request.
  Time since last request: 0.000018 seconds.
  path: Assets/Photon/PhotonChat/Demos/DemoChat/AppSettingsExtensions.cs
  artifactKey: Guid(4fcf4818ecc9abf4e9b7e0c37af9b851) Importer(2089858483,0ecaa5967403d082aa24f35e1b516d23)
Start importing Assets/Photon/PhotonChat/Demos/DemoChat/AppSettingsExtensions.cs using Guid(4fcf4818ecc9abf4e9b7e0c37af9b851) Importer(2089858483,0ecaa5967403d082aa24f35e1b516d23) [PhysX] Initialized MultithreadedTaskDispatcher with 20 workers.
 -> (artifact id: 'e8a119de57921d9a14474e207e0c1dcc') in 0.013671 seconds
Number of updated asset objects reloaded before import = 0
Number of asset objects unloaded after import = 1
========================================================================
Received Import Request.
  Time since last request: 0.000046 seconds.
  path: Assets/TextMesh Pro/Resources/Style Sheets/Default Style Sheet.asset
  artifactKey: Guid(f952c082cb03451daed3ee968ac6c63e) Importer(2089858483,0ecaa5967403d082aa24f35e1b516d23)
Start importing Assets/TextMesh Pro/Resources/Style Sheets/Default Style Sheet.asset using Guid(f952c082cb03451daed3ee968ac6c63e) Importer(2089858483,0ecaa5967403d082aa24f35e1b516d23) [PhysX] Initialized MultithreadedTaskDispatcher with 20 workers.
 -> (artifact id: '629f01277aa0b70efa7159f153709e89') in 0.014759 seconds
Number of updated asset objects reloaded before import = 0
Number of asset objects unloaded after import = 1
========================================================================
Received Import Request.
  Time since last request: 0.000145 seconds.
  path: Assets/TextMesh Pro/Resources/Fonts & Materials/LiberationSans SDF.asset
  artifactKey: Guid(8f586378b4e144a9851e7b34d9b748ee) Importer(2089858483,0ecaa5967403d082aa24f35e1b516d23)
Start importing Assets/TextMesh Pro/Resources/Fonts & Materials/LiberationSans SDF.asset using Guid(8f586378b4e144a9851e7b34d9b748ee) Importer(2089858483,0ecaa5967403d082aa24f35e1b516d23) [PhysX] Initialized MultithreadedTaskDispatcher with 20 workers.
 -> (artifact id: '8d98a7085a59f4c69a4bf8597805100a') in 0.030881 seconds
Number of updated asset objects reloaded before import = 0
Number of asset objects unloaded after import = 8
========================================================================
Received Import Request.
  Time since last request: 0.000015 seconds.
  path: Assets/Photon/PhotonUnityNetworking/UtilityScripts/Prototyping/OnStartDelete.cs
  artifactKey: Guid(f8d56a54ae062da4a87516fb994f4e30) Importer(2089858483,0ecaa5967403d082aa24f35e1b516d23)
Start importing Assets/Photon/PhotonUnityNetworking/UtilityScripts/Prototyping/OnStartDelete.cs using Guid(f8d56a54ae062da4a87516fb994f4e30) Importer(2089858483,0ecaa5967403d082aa24f35e1b516d23) [PhysX] Initialized MultithreadedTaskDispatcher with 20 workers.
 -> (artifact id: '982a6a94ceeeb3944008e013448450ce') in 0.012537 seconds
Number of updated asset objects reloaded before import = 0
Number of asset objects unloaded after import = 1
========================================================================
Received Import Request.
  Time since last request: 0.000326 seconds.
  path: Assets/Photon/PhotonUnityNetworking/Demos/DemoAsteroids/Models/LaserBolt.fbx
  artifactKey: Guid(efbb13993d8043d4ba5c752ed4b1a2bc) Importer(2089858483,0ecaa5967403d082aa24f35e1b516d23)
Start importing Assets/Photon/PhotonUnityNetworking/Demos/DemoAsteroids/Models/LaserBolt.fbx using Guid(efbb13993d8043d4ba5c752ed4b1a2bc) Importer(2089858483,0ecaa5967403d082aa24f35e1b516d23) [PhysX] Initialized MultithreadedTaskDispatcher with 20 workers.
 -> (artifact id: 'e510fc1a66ffa27e5f9dc306e3a39481') in 0.024330 seconds
Number of updated asset objects reloaded before import = 0
Number of asset objects unloaded after import = 7
========================================================================
Received Import Request.
  Time since last request: 0.000018 seconds.
  path: Assets/Photon/PhotonRealtime/Code/Unity/Editor/AccountService.cs
  artifactKey: Guid(166dfe22956ef0341b28e18d0499e363) Importer(2089858483,0ecaa5967403d082aa24f35e1b516d23)
Start importing Assets/Photon/PhotonRealtime/Code/Unity/Editor/AccountService.cs using Guid(166dfe22956ef0341b28e18d0499e363) Importer(2089858483,0ecaa5967403d082aa24f35e1b516d23) [PhysX] Initialized MultithreadedTaskDispatcher with 20 workers.
 -> (artifact id: 'fe837bf18657b6744a4987f8e06d2f20') in 0.012143 seconds
Number of updated asset objects reloaded before import = 0
Number of asset objects unloaded after import = 1
========================================================================
Received Import Request.
  Time since last request: 0.000060 seconds.
  path: Assets/Photon/PhotonUnityNetworking/Demos/DemoHub/Sprites/PunIcon-White-129.png
  artifactKey: Guid(56bbc6b42271d4177ac313247f47ac1f) Importer(2089858483,0ecaa5967403d082aa24f35e1b516d23)
Start importing Assets/Photon/PhotonUnityNetworking/Demos/DemoHub/Sprites/PunIcon-White-129.png using Guid(56bbc6b42271d4177ac313247f47ac1f) Importer(2089858483,0ecaa5967403d082aa24f35e1b516d23) [PhysX] Initialized MultithreadedTaskDispatcher with 20 workers.
 -> (artifact id: '9ccf33faf4b9052685deb2d5b9805633') in 0.027273 seconds
Number of updated asset objects reloaded before import = 0
Number of asset objects unloaded after import = 3
========================================================================
Received Import Request.
  Time since last request: 0.000018 seconds.
  path: Assets/Photon/PhotonUnityNetworking/Demos/DemoAsteroids/Prefabs/Bullet.prefab
  artifactKey: Guid(5624ee9da9d10514ea7b808e83979c85) Importer(2089858483,0ecaa5967403d082aa24f35e1b516d23)
Start importing Assets/Photon/PhotonUnityNetworking/Demos/DemoAsteroids/Prefabs/Bullet.prefab using Guid(5624ee9da9d10514ea7b808e83979c85) Importer(2089858483,0ecaa5967403d082aa24f35e1b516d23) [PhysX] Initialized MultithreadedTaskDispatcher with 20 workers.
 -> (artifact id: '66c61ecfc978a924e3a35e2409bed303') in 0.014639 seconds
Number of updated asset objects reloaded before import = 0
Number of asset objects unloaded after import = 10
========================================================================
Received Import Request.
  Time since last request: 0.000017 seconds.
  path: Assets/Photon/PhotonUnityNetworking/Demos/DemoSlotRacer/Scripts/SlotLanes.cs
  artifactKey: Guid(54c0aa0c215c64226bdfacbeed74edbb) Importer(2089858483,0ecaa5967403d082aa24f35e1b516d23)
Start importing Assets/Photon/PhotonUnityNetworking/Demos/DemoSlotRacer/Scripts/SlotLanes.cs using Guid(54c0aa0c215c64226bdfacbeed74edbb) Importer(2089858483,0ecaa5967403d082aa24f35e1b516d23) [PhysX] Initialized MultithreadedTaskDispatcher with 20 workers.
 -> (artifact id: 'fba79fa2701e8f511bba330caffee535') in 0.012128 seconds
Number of updated asset objects reloaded before import = 0
Number of asset objects unloaded after import = 1
========================================================================
Received Import Request.
  Time since last request: 0.000065 seconds.
  path: Assets/Photon/PhotonUnityNetworking/Demos/DemoSlotRacer/Scripts/SlotRacerSplashScreen.cs
  artifactKey: Guid(fda2ec3ef73274d5886232a03b450769) Importer(2089858483,0ecaa5967403d082aa24f35e1b516d23)
Start importing Assets/Photon/PhotonUnityNetworking/Demos/DemoSlotRacer/Scripts/SlotRacerSplashScreen.cs using Guid(fda2ec3ef73274d5886232a03b450769) Importer(2089858483,0ecaa5967403d082aa24f35e1b516d23) [PhysX] Initialized MultithreadedTaskDispatcher with 20 workers.
 -> (artifact id: 'da4be60655c3e8cb1071180529761a31') in 0.012740 seconds
Number of updated asset objects reloaded before import = 0
Number of asset objects unloaded after import = 1
========================================================================
Received Import Request.
  Time since last request: 0.000018 seconds.
  path: Assets/Photon/PhotonUnityNetworking/Demos/DemoAsteroids/Prefabs/PlayerOverviewEntry.prefab
  artifactKey: Guid(f03d1c686a26a1d4da99a4186b0bb1ab) Importer(2089858483,0ecaa5967403d082aa24f35e1b516d23)
Start importing Assets/Photon/PhotonUnityNetworking/Demos/DemoAsteroids/Prefabs/PlayerOverviewEntry.prefab using Guid(f03d1c686a26a1d4da99a4186b0bb1ab) Importer(2089858483,0ecaa5967403d082aa24f35e1b516d23) [PhysX] Initialized MultithreadedTaskDispatcher with 20 workers.
 -> (artifact id: 'e8cdceda70a28965361344fa51ad5244') in 0.035159 seconds
Number of updated asset objects reloaded before import = 0
Number of asset objects unloaded after import = 8
========================================================================
Received Import Request.
  Time since last request: 0.000018 seconds.
  path: Assets/Photon/PhotonUnityNetworking/Demos/DemoHub/Editor/PunDemos.DemoHubEditor.asmdef
  artifactKey: Guid(e9a89c21e4f5b294eb31fb8166e13303) Importer(2089858483,0ecaa5967403d082aa24f35e1b516d23)
Start importing Assets/Photon/PhotonUnityNetworking/Demos/DemoHub/Editor/PunDemos.DemoHubEditor.asmdef using Guid(e9a89c21e4f5b294eb31fb8166e13303) Importer(2089858483,0ecaa5967403d082aa24f35e1b516d23) [PhysX] Initialized MultithreadedTaskDispatcher with 20 workers.
 -> (artifact id: '8d43ba47e3e3572604a74f016fd4ef69') in 0.016982 seconds
Number of updated asset objects reloaded before import = 0
Number of asset objects unloaded after import = 1
========================================================================
Received Import Request.
  Time since last request: 0.000033 seconds.
  path: Assets/Photon/PhotonUnityNetworking/Demos/DemoSlotRacer/Prefabs/SlotCar_A.prefab
  artifactKey: Guid(4910a004464ca4efa808af20d2eb1e15) Importer(2089858483,0ecaa5967403d082aa24f35e1b516d23)
Start importing Assets/Photon/PhotonUnityNetworking/Demos/DemoSlotRacer/Prefabs/SlotCar_A.prefab using Guid(4910a004464ca4efa808af20d2eb1e15) Importer(2089858483,0ecaa5967403d082aa24f35e1b516d23) [PhysX] Initialized MultithreadedTaskDispatcher with 20 workers.
 -> (artifact id: '4c9c37570c644604e89df6c8f9996bec') in 0.028624 seconds
Number of updated asset objects reloaded before import = 0
Number of asset objects unloaded after import = 41
========================================================================
Received Import Request.
  Time since last request: 0.000018 seconds.
  path: Assets/Photon/PhotonChat/Demos/DemoChat/Files/Gradient.png
  artifactKey: Guid(2fb83ea89df639b43a22d707d3c22af1) Importer(2089858483,0ecaa5967403d082aa24f35e1b516d23)
Start importing Assets/Photon/PhotonChat/Demos/DemoChat/Files/Gradient.png using Guid(2fb83ea89df639b43a22d707d3c22af1) Importer(2089858483,0ecaa5967403d082aa24f35e1b516d23) [PhysX] Initialized MultithreadedTaskDispatcher with 20 workers.
 -> (artifact id: '812d8e165b0eac741091a257770a32bc') in 0.023755 seconds
Number of updated asset objects reloaded before import = 0
Number of asset objects unloaded after import = 3
========================================================================
Received Import Request.
  Time since last request: 0.000017 seconds.
  path: Assets/Photon/PhotonUnityNetworking/Code/Editor/ReordableList/ReorderableListResources.cs
  artifactKey: Guid(60c609ded101b0a468fb5cf27b31cf27) Importer(2089858483,0ecaa5967403d082aa24f35e1b516d23)
Start importing Assets/Photon/PhotonUnityNetworking/Code/Editor/ReordableList/ReorderableListResources.cs using Guid(60c609ded101b0a468fb5cf27b31cf27) Importer(2089858483,0ecaa5967403d082aa24f35e1b516d23) [PhysX] Initialized MultithreadedTaskDispatcher with 20 workers.
 -> (artifact id: '67a3f3de168e12895d50fa0f004486b6') in 0.009888 seconds
Number of updated asset objects reloaded before import = 0
Number of asset objects unloaded after import = 1
========================================================================
Received Import Request.
  Time since last request: 0.000030 seconds.
  path: Assets/Photon/PhotonUnityNetworking/Demos/PunBasics-Tutorial/Scenes/PunBasics-Room for 1.unity
  artifactKey: Guid(9b8561c6e396849a5ba48c3eb9524049) Importer(2089858483,0ecaa5967403d082aa24f35e1b516d23)
Start importing Assets/Photon/PhotonUnityNetworking/Demos/PunBasics-Tutorial/Scenes/PunBasics-Room for 1.unity using Guid(9b8561c6e396849a5ba48c3eb9524049) Importer(2089858483,0ecaa5967403d082aa24f35e1b516d23) [PhysX] Initialized MultithreadedTaskDispatcher with 20 workers.
 -> (artifact id: 'f81beccecb8f1d589d897f3d6978f425') in 0.011190 seconds
Number of updated asset objects reloaded before import = 0
Number of asset objects unloaded after import = 1
========================================================================
Received Import Request.
  Time since last request: 0.000069 seconds.
  path: Assets/Photon/PhotonUnityNetworking/Demos/PunBasics-Tutorial/Scripts/GameManager.cs
  artifactKey: Guid(4433564e76b1940028e7e531f171050d) Importer(2089858483,0ecaa5967403d082aa24f35e1b516d23)
Start importing Assets/Photon/PhotonUnityNetworking/Demos/PunBasics-Tutorial/Scripts/GameManager.cs using Guid(4433564e76b1940028e7e531f171050d) Importer(2089858483,0ecaa5967403d082aa24f35e1b516d23) [PhysX] Initialized MultithreadedTaskDispatcher with 20 workers.
 -> (artifact id: '17fde42a415abe2152c9b3896d671859') in 0.011698 seconds
Number of updated asset objects reloaded before import = 0
Number of asset objects unloaded after import = 1
========================================================================
Received Import Request.
  Time since last request: 0.000016 seconds.
  path: Assets/Photon/PhotonUnityNetworking/Demos/DemoProcedural/Scripts/ProceduralController.cs
  artifactKey: Guid(11937abc60ef5bc4796d4b3a3d273f83) Importer(2089858483,0ecaa5967403d082aa24f35e1b516d23)
Start importing Assets/Photon/PhotonUnityNetworking/Demos/DemoProcedural/Scripts/ProceduralController.cs using Guid(11937abc60ef5bc4796d4b3a3d273f83) Importer(2089858483,0ecaa5967403d082aa24f35e1b516d23) [PhysX] Initialized MultithreadedTaskDispatcher with 20 workers.
 -> (artifact id: '0c01006060416639b81e39c6ae0d3624') in 0.012334 seconds
Number of updated asset objects reloaded before import = 0
Number of asset objects unloaded after import = 1
========================================================================
Received Import Request.
  Time since last request: 0.000015 seconds.
  path: Assets/Photon/PhotonUnityNetworking/Demos/PunBasics-Tutorial/Scenes/PunBasics-Room for 2.unity
  artifactKey: Guid(764428c63577f4580af4ce54ca9f4b1b) Importer(2089858483,0ecaa5967403d082aa24f35e1b516d23)
Start importing Assets/Photon/PhotonUnityNetworking/Demos/PunBasics-Tutorial/Scenes/PunBasics-Room for 2.unity using Guid(764428c63577f4580af4ce54ca9f4b1b) Importer(2089858483,0ecaa5967403d082aa24f35e1b516d23) [PhysX] Initialized MultithreadedTaskDispatcher with 20 workers.
 -> (artifact id: 'f08a1fa3c99c54a3a9695b1017a44c9f') in 0.008125 seconds
Number of updated asset objects reloaded before import = 0
Number of asset objects unloaded after import = 1
========================================================================
Received Import Request.
  Time since last request: 0.000115 seconds.
  path: Assets/Photon/PhotonUnityNetworking/Demos/DemoSlotRacer/Prefabs/SlotCar_B.prefab
  artifactKey: Guid(71e3000ee30414d368eeee6d87961b6d) Importer(2089858483,0ecaa5967403d082aa24f35e1b516d23)
Start importing Assets/Photon/PhotonUnityNetworking/Demos/DemoSlotRacer/Prefabs/SlotCar_B.prefab using Guid(71e3000ee30414d368eeee6d87961b6d) Importer(2089858483,0ecaa5967403d082aa24f35e1b516d23) [PhysX] Initialized MultithreadedTaskDispatcher with 20 workers.
 -> (artifact id: 'ec1dbff4ab45255333e235363ee82db2') in 0.027058 seconds
Number of updated asset objects reloaded before import = 0
Number of asset objects unloaded after import = 81
========================================================================
Received Import Request.
  Time since last request: 0.000037 seconds.
  path: Assets/Photon/PhotonUnityNetworking/Demos/DemoAsteroids/Scenes/DemoAsteroids-LobbyScene.unity
  artifactKey: Guid(c8a9d1312a49dc8488a9b32d83d659c7) Importer(2089858483,0ecaa5967403d082aa24f35e1b516d23)
Start importing Assets/Photon/PhotonUnityNetworking/Demos/DemoAsteroids/Scenes/DemoAsteroids-LobbyScene.unity using Guid(c8a9d1312a49dc8488a9b32d83d659c7) Importer(2089858483,0ecaa5967403d082aa24f35e1b516d23) [PhysX] Initialized MultithreadedTaskDispatcher with 20 workers.
 -> (artifact id: '50293e41f440b3b3f2ae1fa880cc4764') in 0.011986 seconds
Number of updated asset objects reloaded before import = 0
Number of asset objects unloaded after import = 1
========================================================================
Received Import Request.
  Time since last request: 0.000064 seconds.
  path: Assets/Photon/PhotonUnityNetworking/Demos/DemoHub/Scripts/DemoHubManager.cs
  artifactKey: Guid(ed6ca7d1055974cc7847025558e8a903) Importer(2089858483,0ecaa5967403d082aa24f35e1b516d23)
Start importing Assets/Photon/PhotonUnityNetworking/Demos/DemoHub/Scripts/DemoHubManager.cs using Guid(ed6ca7d1055974cc7847025558e8a903) Importer(2089858483,0ecaa5967403d082aa24f35e1b516d23) [PhysX] Initialized MultithreadedTaskDispatcher with 20 workers.
 -> (artifact id: '1be24d8713e3ab017cc380dd6e723ca7') in 0.010506 seconds
Number of updated asset objects reloaded before import = 0
Number of asset objects unloaded after import = 1
========================================================================
Received Import Request.
  Time since last request: 0.000063 seconds.
  path: Assets/Photon/PhotonUnityNetworking/Demos/DemoSlotRacer/Resources/Player Controller.prefab
  artifactKey: Guid(c9248d8e58293473bb27cf2f5505f88b) Importer(2089858483,0ecaa5967403d082aa24f35e1b516d23)
Start importing Assets/Photon/PhotonUnityNetworking/Demos/DemoSlotRacer/Resources/Player Controller.prefab using Guid(c9248d8e58293473bb27cf2f5505f88b) Importer(2089858483,0ecaa5967403d082aa24f35e1b516d23) [PhysX] Initialized MultithreadedTaskDispatcher with 20 workers.
 -> (artifact id: '2c2a197cfed09b4a02605c3d4c0843ac') in 0.061177 seconds
Number of updated asset objects reloaded before import = 0
Number of asset objects unloaded after import = 307
========================================================================
Received Import Request.
  Time since last request: 0.000017 seconds.
  path: Assets/Photon/PhotonUnityNetworking/Demos/DemoAsteroids/Resources/BigAsteroid.prefab
  artifactKey: Guid(15f43343ba0a60e47a63d28496373c3f) Importer(2089858483,0ecaa5967403d082aa24f35e1b516d23)
Start importing Assets/Photon/PhotonUnityNetworking/Demos/DemoAsteroids/Resources/BigAsteroid.prefab using Guid(15f43343ba0a60e47a63d28496373c3f) Importer(2089858483,0ecaa5967403d082aa24f35e1b516d23) [PhysX] Initialized MultithreadedTaskDispatcher with 20 workers.
 -> (artifact id: 'dc110574fbe75e9bd3d472be5930821a') in 0.034354 seconds
Number of updated asset objects reloaded before import = 0
Number of asset objects unloaded after import = 12
========================================================================
Received Import Request.
  Time since last request: 0.000023 seconds.
  path: Assets/Photon/PhotonUnityNetworking/Code/Views/PhotonTransformView.cs
  artifactKey: Guid(627855c7f81362d41938ffe0b1475957) Importer(2089858483,0ecaa5967403d082aa24f35e1b516d23)
Start importing Assets/Photon/PhotonUnityNetworking/Code/Views/PhotonTransformView.cs using Guid(627855c7f81362d41938ffe0b1475957) Importer(2089858483,0ecaa5967403d082aa24f35e1b516d23) [PhysX] Initialized MultithreadedTaskDispatcher with 20 workers.
 -> (artifact id: '06daf0e9c6250b689d19c28ca286af90') in 0.012450 seconds
Number of updated asset objects reloaded before import = 0
Number of asset objects unloaded after import = 1
========================================================================
Received Import Request.
  Time since last request: 0.000094 seconds.
  path: Assets/TextMesh Pro/Examples & Extras/Textures/Mask Zig-n-Zag.psd
  artifactKey: Guid(bb8dfcd263ad4eb383a33d74a720be6f) Importer(2089858483,0ecaa5967403d082aa24f35e1b516d23)
Start importing Assets/TextMesh Pro/Examples & Extras/Textures/Mask Zig-n-Zag.psd using Guid(bb8dfcd263ad4eb383a33d74a720be6f) Importer(2089858483,0ecaa5967403d082aa24f35e1b516d23) [PhysX] Initialized MultithreadedTaskDispatcher with 20 workers.
 -> (artifact id: '9fe6a53727475d53128febf7390956de') in 0.024728 seconds
Number of updated asset objects reloaded before import = 0
Number of asset objects unloaded after import = 1
========================================================================
Received Import Request.
  Time since last request: 0.000016 seconds.
  path: Assets/TextMesh Pro/Examples & Extras/Resources/Fonts & Materials/Anton SDF - Drop Shadow.mat
  artifactKey: Guid(749b9069dc4742c5bfa5c74644049926) Importer(2089858483,0ecaa5967403d082aa24f35e1b516d23)
Start importing Assets/TextMesh Pro/Examples & Extras/Resources/Fonts & Materials/Anton SDF - Drop Shadow.mat using Guid(749b9069dc4742c5bfa5c74644049926) Importer(2089858483,0ecaa5967403d082aa24f35e1b516d23) [PhysX] Initialized MultithreadedTaskDispatcher with 20 workers.
 -> (artifact id: '0d48861dc9a7a68ca7fe391380326f4a') in 0.020223 seconds
Number of updated asset objects reloaded before import = 0
Number of asset objects unloaded after import = 2
========================================================================
Received Import Request.
  Time since last request: 0.000019 seconds.
  path: Assets/Photon/PhotonChat/Demos/DemoChat/Files/eurof35.ttf
  artifactKey: Guid(4345225956e176043b2f73b9ee1b0f2b) Importer(2089858483,0ecaa5967403d082aa24f35e1b516d23)
Start importing Assets/Photon/PhotonChat/Demos/DemoChat/Files/eurof35.ttf using Guid(4345225956e176043b2f73b9ee1b0f2b) Importer(2089858483,0ecaa5967403d082aa24f35e1b516d23) [PhysX] Initialized MultithreadedTaskDispatcher with 20 workers.
 -> (artifact id: '44839e58049dd3dd91d2c7f8e00da333') in 0.019710 seconds
Number of updated asset objects reloaded before import = 0
Number of asset objects unloaded after import = 3
========================================================================
Received Import Request.
  Time since last request: 0.000014 seconds.
  path: Assets/TextMesh Pro/Examples & Extras/Textures/Sunny Days - Seamless.jpg
  artifactKey: Guid(17c350171f7a3ca479f830547c66d187) Importer(2089858483,0ecaa5967403d082aa24f35e1b516d23)
Start importing Assets/TextMesh Pro/Examples & Extras/Textures/Sunny Days - Seamless.jpg using Guid(17c350171f7a3ca479f830547c66d187) Importer(2089858483,0ecaa5967403d082aa24f35e1b516d23) [PhysX] Initialized MultithreadedTaskDispatcher with 20 workers.
 -> (artifact id: 'b3890310f62450e3e5efdc59fdc6fd49') in 0.018769 seconds
Number of updated asset objects reloaded before import = 0
Number of asset objects unloaded after import = 1
========================================================================
Received Import Request.
  Time since last request: 0.000017 seconds.
  path: Assets/Photon/PhotonUnityNetworking/UtilityScripts/Debugging/PhotonLagSimulationGui.cs
  artifactKey: Guid(5867a53c8db0e6745818285bb6b6e1b9) Importer(2089858483,0ecaa5967403d082aa24f35e1b516d23)
Start importing Assets/Photon/PhotonUnityNetworking/UtilityScripts/Debugging/PhotonLagSimulationGui.cs using Guid(5867a53c8db0e6745818285bb6b6e1b9) Importer(2089858483,0ecaa5967403d082aa24f35e1b516d23) [PhysX] Initialized MultithreadedTaskDispatcher with 20 workers.
 -> (artifact id: '3f63c79915c88793ccc0679c62142122') in 0.015694 seconds
Number of updated asset objects reloaded before import = 0
Number of asset objects unloaded after import = 1
========================================================================
Received Import Request.
  Time since last request: 0.000024 seconds.
  path: Assets/TextMesh Pro/Examples & Extras/Resources/Fonts & Materials/LiberationSans SDF - Overlay.mat
  artifactKey: Guid(9ad269c99dcf42b7aedefd83dd5a7b9d) Importer(2089858483,0ecaa5967403d082aa24f35e1b516d23)
Start importing Assets/TextMesh Pro/Examples & Extras/Resources/Fonts & Materials/LiberationSans SDF - Overlay.mat using Guid(9ad269c99dcf42b7aedefd83dd5a7b9d) Importer(2089858483,0ecaa5967403d082aa24f35e1b516d23) [PhysX] Initialized MultithreadedTaskDispatcher with 20 workers.
 -> (artifact id: 'cc9e2d47eb87b6361abe3a428e143855') in 0.026978 seconds
Number of updated asset objects reloaded before import = 0
Number of asset objects unloaded after import = 2
========================================================================
Received Import Request.
  Time since last request: 0.000016 seconds.
  path: Assets/Photon/PhotonUnityNetworking/Demos/Shared Assets/Prefabs/PointerPrefab.prefab
  artifactKey: Guid(9c6977a9ecda14e4e96ea3a71c749c2c) Importer(2089858483,0ecaa5967403d082aa24f35e1b516d23)
Start importing Assets/Photon/PhotonUnityNetworking/Demos/Shared Assets/Prefabs/PointerPrefab.prefab using Guid(9c6977a9ecda14e4e96ea3a71c749c2c) Importer(2089858483,0ecaa5967403d082aa24f35e1b516d23) [PhysX] Initialized MultithreadedTaskDispatcher with 20 workers.
 -> (artifact id: '36b844b1d7cd31940351d166fc605e05') in 0.027939 seconds
Number of updated asset objects reloaded before import = 0
Number of asset objects unloaded after import = 7
========================================================================
Received Import Request.
  Time since last request: 0.000017 seconds.
  path: Assets/Photon/PhotonUnityNetworking/Demos/DemoAsteroids/Models/Materials/FlyerAsteroid1.mat
  artifactKey: Guid(294f02eac9561704ebe4baa5b1bc4163) Importer(2089858483,0ecaa5967403d082aa24f35e1b516d23)
Start importing Assets/Photon/PhotonUnityNetworking/Demos/DemoAsteroids/Models/Materials/FlyerAsteroid1.mat using Guid(294f02eac9561704ebe4baa5b1bc4163) Importer(2089858483,0ecaa5967403d082aa24f35e1b516d23) [PhysX] Initialized MultithreadedTaskDispatcher with 20 workers.
 -> (artifact id: 'df8cb94e6f466f8121a9dd636bab2419') in 0.020772 seconds
Number of updated asset objects reloaded before import = 0
Number of asset objects unloaded after import = 1
========================================================================
Received Import Request.
  Time since last request: 0.000076 seconds.
  path: Assets/Photon/PhotonUnityNetworking/Demos/PunCockpit/Scripts/InfosPanelPlaceholder.cs
  artifactKey: Guid(d85daee5b585047f89b7e2dde78b336b) Importer(2089858483,0ecaa5967403d082aa24f35e1b516d23)
Start importing Assets/Photon/PhotonUnityNetworking/Demos/PunCockpit/Scripts/InfosPanelPlaceholder.cs using Guid(d85daee5b585047f89b7e2dde78b336b) Importer(2089858483,0ecaa5967403d082aa24f35e1b516d23) [PhysX] Initialized MultithreadedTaskDispatcher with 20 workers.
 -> (artifact id: 'd01db79f4ed87a039b86a8a0e95909ed') in 0.012090 seconds
Number of updated asset objects reloaded before import = 0
Number of asset objects unloaded after import = 1
========================================================================
Received Import Request.
  Time since last request: 0.000079 seconds.
  path: Assets/Photon/PhotonUnityNetworking/Demos/PunCockpit/Scripts/Autonomous UI/GameVersionField.cs
  artifactKey: Guid(74b76e97b5bf042e3b0a981241bce379) Importer(2089858483,0ecaa5967403d082aa24f35e1b516d23)
Start importing Assets/Photon/PhotonUnityNetworking/Demos/PunCockpit/Scripts/Autonomous UI/GameVersionField.cs using Guid(74b76e97b5bf042e3b0a981241bce379) Importer(2089858483,0ecaa5967403d082aa24f35e1b516d23) [PhysX] Initialized MultithreadedTaskDispatcher with 20 workers.
 -> (artifact id: '5b344ff5bd3edffb8c57ac5948210a72') in 0.015728 seconds
Number of updated asset objects reloaded before import = 0
Number of asset objects unloaded after import = 1
========================================================================
Received Import Request.
  Time since last request: 0.000025 seconds.
  path: Assets/Photon/PhotonUnityNetworking/Demos/PunCockpit/Scripts/Autonomous UI/DocLinkButton.cs
  artifactKey: Guid(09b634200c91b4206aa56038f7647fb5) Importer(2089858483,0ecaa5967403d082aa24f35e1b516d23)
Start importing Assets/Photon/PhotonUnityNetworking/Demos/PunCockpit/Scripts/Autonomous UI/DocLinkButton.cs using Guid(09b634200c91b4206aa56038f7647fb5) Importer(2089858483,0ecaa5967403d082aa24f35e1b516d23) [PhysX] Initialized MultithreadedTaskDispatcher with 20 workers.
 -> (artifact id: 'f00323e4c3b9ce9fc0f08c7601268f04') in 0.014652 seconds
Number of updated asset objects reloaded before import = 0
Number of asset objects unloaded after import = 1
========================================================================
Received Import Request.
  Time since last request: 0.000078 seconds.
  path: Assets/Photon/PhotonUnityNetworking/Demos/DemoAsteroids/Scripts/Game/Spaceship.cs
  artifactKey: Guid(c565458f43b8ad4469a2ca341c210318) Importer(2089858483,0ecaa5967403d082aa24f35e1b516d23)
Start importing Assets/Photon/PhotonUnityNetworking/Demos/DemoAsteroids/Scripts/Game/Spaceship.cs using Guid(c565458f43b8ad4469a2ca341c210318) Importer(2089858483,0ecaa5967403d082aa24f35e1b516d23) [PhysX] Initialized MultithreadedTaskDispatcher with 20 workers.
 -> (artifact id: 'e72539a2d1ba3f3e729d652b726c7cec') in 0.013914 seconds
Number of updated asset objects reloaded before import = 0
Number of asset objects unloaded after import = 1
========================================================================
Received Import Request.
  Time since last request: 0.000028 seconds.
  path: Assets/Photon/PhotonUnityNetworking/Demos/Shared Assets/Models/Pointer.fbx
  artifactKey: Guid(0baebe6c8f51e754a96dd7d4dee9bb4e) Importer(2089858483,0ecaa5967403d082aa24f35e1b516d23)
Start importing Assets/Photon/PhotonUnityNetworking/Demos/Shared Assets/Models/Pointer.fbx using Guid(0baebe6c8f51e754a96dd7d4dee9bb4e) Importer(2089858483,0ecaa5967403d082aa24f35e1b516d23) [PhysX] Initialized MultithreadedTaskDispatcher with 20 workers.
 -> (artifact id: '282f86e1ecd2fca876813a75586b5055') in 0.022847 seconds
Number of updated asset objects reloaded before import = 0
Number of asset objects unloaded after import = 9
========================================================================
Received Import Request.
  Time since last request: 0.000017 seconds.
  path: Assets/Photon/PhotonUnityNetworking/Demos/DemoAsteroids/Scripts/Lobby/LobbyMainPanel.cs
  artifactKey: Guid(84fd812a67908014cb408f749ca7a55e) Importer(2089858483,0ecaa5967403d082aa24f35e1b516d23)
Start importing Assets/Photon/PhotonUnityNetworking/Demos/DemoAsteroids/Scripts/Lobby/LobbyMainPanel.cs using Guid(84fd812a67908014cb408f749ca7a55e) Importer(2089858483,0ecaa5967403d082aa24f35e1b516d23) [PhysX] Initialized MultithreadedTaskDispatcher with 20 workers.
 -> (artifact id: 'ca25293594363e127c86bbdcc4728c17') in 0.009190 seconds
Number of updated asset objects reloaded before import = 0
Number of asset objects unloaded after import = 1
========================================================================
Received Import Request.
  Time since last request: 0.000052 seconds.
  path: Assets/polyperfect/Low Poly Animated Animals/- Meshes/Animals/Reindeer/SKM_Reindeer_Rig.fbx
  artifactKey: Guid(c55c6aab64941a248a8d3a7dcda8066b) Importer(2089858483,0ecaa5967403d082aa24f35e1b516d23)
Start importing Assets/polyperfect/Low Poly Animated Animals/- Meshes/Animals/Reindeer/SKM_Reindeer_Rig.fbx using Guid(c55c6aab64941a248a8d3a7dcda8066b) Importer(2089858483,0ecaa5967403d082aa24f35e1b516d23) [PhysX] Initialized MultithreadedTaskDispatcher with 20 workers.
 -> (artifact id: '44ffce448b1cac253894483c7ab5fbe5') in 0.018581 seconds
Number of updated asset objects reloaded before import = 0
Number of asset objects unloaded after import = 122
========================================================================
Received Import Request.
  Time since last request: 0.000019 seconds.
  path: Assets/Photon/PhotonUnityNetworking/Demos/Shared Assets/Animations/HumanoidIdle.fbx
  artifactKey: Guid(dffa50cfe77e0434bbfa71245b3dd529) Importer(2089858483,0ecaa5967403d082aa24f35e1b516d23)
Start importing Assets/Photon/PhotonUnityNetworking/Demos/Shared Assets/Animations/HumanoidIdle.fbx using Guid(dffa50cfe77e0434bbfa71245b3dd529) Importer(2089858483,0ecaa5967403d082aa24f35e1b516d23) [PhysX] Initialized MultithreadedTaskDispatcher with 20 workers.
 -> (artifact id: '082c051dd396dfdca107f3c8a33a6b73') in 0.020804 seconds
Number of updated asset objects reloaded before import = 0
Number of asset objects unloaded after import = 157
========================================================================
Received Import Request.
  Time since last request: 0.000022 seconds.
  path: Assets/Photon/PhotonUnityNetworking/Demos/PunCockpit/Scripts/Lists/FriendListView.cs
  artifactKey: Guid(ce2efcae64ac14edebdffc99a93e401a) Importer(2089858483,0ecaa5967403d082aa24f35e1b516d23)
Start importing Assets/Photon/PhotonUnityNetworking/Demos/PunCockpit/Scripts/Lists/FriendListView.cs using Guid(ce2efcae64ac14edebdffc99a93e401a) Importer(2089858483,0ecaa5967403d082aa24f35e1b516d23) [PhysX] Initialized MultithreadedTaskDispatcher with 20 workers.
 -> (artifact id: '8ed2ac31669352d95c6f789b714df631') in 0.010535 seconds
Number of updated asset objects reloaded before import = 0
Number of asset objects unloaded after import = 1
========================================================================
Received Import Request.
  Time since last request: 0.000016 seconds.
  path: Assets/Photon/PhotonUnityNetworking/Demos/Shared Assets/Animator/ThirdPersonAnimatorController.controller
  artifactKey: Guid(e2cf68ff4b1ffda45a77f7307dd789b9) Importer(2089858483,0ecaa5967403d082aa24f35e1b516d23)
Start importing Assets/Photon/PhotonUnityNetworking/Demos/Shared Assets/Animator/ThirdPersonAnimatorController.controller using Guid(e2cf68ff4b1ffda45a77f7307dd789b9) Importer(2089858483,0ecaa5967403d082aa24f35e1b516d23) [PhysX] Initialized MultithreadedTaskDispatcher with 20 workers.
 -> (artifact id: '4fa5be463330771209cbe0a63e4ae9c6') in 0.089957 seconds
Number of updated asset objects reloaded before import = 0
Number of asset objects unloaded after import = 40
========================================================================
Received Import Request.
  Time since last request: 0.000016 seconds.
  path: Assets/Photon/PhotonUnityNetworking/Demos/Shared Assets/Materials/UnitTextureBlue12x.mat
  artifactKey: Guid(c676d877ef241ab4686e2f237b1e2f13) Importer(2089858483,0ecaa5967403d082aa24f35e1b516d23)
Start importing Assets/Photon/PhotonUnityNetworking/Demos/Shared Assets/Materials/UnitTextureBlue12x.mat using Guid(c676d877ef241ab4686e2f237b1e2f13) Importer(2089858483,0ecaa5967403d082aa24f35e1b516d23) [PhysX] Initialized MultithreadedTaskDispatcher with 20 workers.
 -> (artifact id: '62d4349f09b7efd727a86f35c2844e60') in 0.035444 seconds
Number of updated asset objects reloaded before import = 0
Number of asset objects unloaded after import = 2
========================================================================
Received Import Request.
  Time since last request: 0.000020 seconds.
  path: Assets/Photon/PhotonUnityNetworking/Demos/DemoAsteroids/Scripts/Game/Bullet.cs
  artifactKey: Guid(6321a7d9112988841b7223ac6a925bfc) Importer(2089858483,0ecaa5967403d082aa24f35e1b516d23)
Start importing Assets/Photon/PhotonUnityNetworking/Demos/DemoAsteroids/Scripts/Game/Bullet.cs using Guid(6321a7d9112988841b7223ac6a925bfc) Importer(2089858483,0ecaa5967403d082aa24f35e1b516d23) [PhysX] Initialized MultithreadedTaskDispatcher with 20 workers.
 -> (artifact id: '24d090eceef5ad1b685f7a41d73a7740') in 0.013456 seconds
Number of updated asset objects reloaded before import = 0
Number of asset objects unloaded after import = 1
========================================================================
Received Import Request.
  Time since last request: 0.000033 seconds.
  path: Assets/Photon/PhotonUnityNetworking/UtilityScripts/Culling/Editor/CullAreaEditor.cs
  artifactKey: Guid(abadaa451a7bff0489078ed9eec61133) Importer(2089858483,0ecaa5967403d082aa24f35e1b516d23)
Start importing Assets/Photon/PhotonUnityNetworking/UtilityScripts/Culling/Editor/CullAreaEditor.cs using Guid(abadaa451a7bff0489078ed9eec61133) Importer(2089858483,0ecaa5967403d082aa24f35e1b516d23) [PhysX] Initialized MultithreadedTaskDispatcher with 20 workers.
 -> (artifact id: '6db8c3d6483a0438f3e87dfefa99b3f2') in 0.011914 seconds
Number of updated asset objects reloaded before import = 0
Number of asset objects unloaded after import = 1
========================================================================
Received Import Request.
  Time since last request: 0.000089 seconds.
  path: Assets/Photon/PhotonUnityNetworking/Demos/Shared Assets/Materials/PlayerDiamond.mat
  artifactKey: Guid(c597444fc6a08854d89baeeff4ba511d) Importer(2089858483,0ecaa5967403d082aa24f35e1b516d23)
Start importing Assets/Photon/PhotonUnityNetworking/Demos/Shared Assets/Materials/PlayerDiamond.mat using Guid(c597444fc6a08854d89baeeff4ba511d) Importer(2089858483,0ecaa5967403d082aa24f35e1b516d23) [PhysX] Initialized MultithreadedTaskDispatcher with 20 workers.
 -> (artifact id: 'c4b36a6872981051a8f7ce27a0a0135b') in 0.021764 seconds
Number of updated asset objects reloaded before import = 0
Number of asset objects unloaded after import = 2
========================================================================
Received Import Request.
  Time since last request: 0.000019 seconds.
  path: Assets/Photon/PhotonUnityNetworking/UtilityScripts/PhotonPlayer/Editor/PhotonUnityNetworking.Utilities.PhotonPlayer.Editor.asmdef
  artifactKey: Guid(7024f760fc566cf45a16d2c838e22b2d) Importer(2089858483,0ecaa5967403d082aa24f35e1b516d23)
Start importing Assets/Photon/PhotonUnityNetworking/UtilityScripts/PhotonPlayer/Editor/PhotonUnityNetworking.Utilities.PhotonPlayer.Editor.asmdef using Guid(7024f760fc566cf45a16d2c838e22b2d) Importer(2089858483,0ecaa5967403d082aa24f35e1b516d23) [PhysX] Initialized MultithreadedTaskDispatcher with 20 workers.
 -> (artifact id: 'b3aed576ee11509196a4c50b7daa2b15') in 0.015334 seconds
Number of updated asset objects reloaded before import = 0
Number of asset objects unloaded after import = 1
========================================================================
Received Import Request.
  Time since last request: 0.000018 seconds.
  path: Assets/Photon/PhotonUnityNetworking/Demos/Shared Assets/Animations/HumanoidRunTurnSharp.fbx
  artifactKey: Guid(f2bed5dc5afacff44a00de8daae9703b) Importer(2089858483,0ecaa5967403d082aa24f35e1b516d23)
Start importing Assets/Photon/PhotonUnityNetworking/Demos/Shared Assets/Animations/HumanoidRunTurnSharp.fbx using Guid(f2bed5dc5afacff44a00de8daae9703b) Importer(2089858483,0ecaa5967403d082aa24f35e1b516d23) [PhysX] Initialized MultithreadedTaskDispatcher with 20 workers.
 -> (artifact id: 'bc9301980fe4e3bcfcc51c76315f5cfe') in 0.026371 seconds
Number of updated asset objects reloaded before import = 0
Number of asset objects unloaded after import = 158
========================================================================
Received Import Request.
  Time since last request: 0.000017 seconds.
  path: Assets/Photon/PhotonUnityNetworking/Demos/DemoAsteroids/Scripts/Lobby/LobbyTopPanel.cs
  artifactKey: Guid(fe0a55ef565e3984f8866c5c91e3c2fd) Importer(2089858483,0ecaa5967403d082aa24f35e1b516d23)
Start importing Assets/Photon/PhotonUnityNetworking/Demos/DemoAsteroids/Scripts/Lobby/LobbyTopPanel.cs using Guid(fe0a55ef565e3984f8866c5c91e3c2fd) Importer(2089858483,0ecaa5967403d082aa24f35e1b516d23) [PhysX] Initialized MultithreadedTaskDispatcher with 20 workers.
 -> (artifact id: '3ae57aaff07375740e525731397ea6b8') in 0.010542 seconds
Number of updated asset objects reloaded before import = 0
Number of asset objects unloaded after import = 1
========================================================================
Received Import Request.
  Time since last request: 0.000098 seconds.
  path: Assets/Photon/PhotonUnityNetworking/Demos/Shared Assets/Skin/ToggleOnHover.png
  artifactKey: Guid(e10a16d9e8c6b844db2d3c1c5e4f231e) Importer(2089858483,0ecaa5967403d082aa24f35e1b516d23)
Start importing Assets/Photon/PhotonUnityNetworking/Demos/Shared Assets/Skin/ToggleOnHover.png using Guid(e10a16d9e8c6b844db2d3c1c5e4f231e) Importer(2089858483,0ecaa5967403d082aa24f35e1b516d23) [PhysX] Initialized MultithreadedTaskDispatcher with 20 workers.
 -> (artifact id: 'df0196c801b18da1d72dfc31eb90edf3') in 0.023077 seconds
Number of updated asset objects reloaded before import = 0
Number of asset objects unloaded after import = 1
========================================================================
Received Import Request.
  Time since last request: 0.000014 seconds.
  path: Assets/Photon/PhotonUnityNetworking/Demos/DemoAsteroids/Scripts/Lobby/RoomListEntry.cs
  artifactKey: Guid(40b744eae97c5fa47879a477d0f0b667) Importer(2089858483,0ecaa5967403d082aa24f35e1b516d23)
Start importing Assets/Photon/PhotonUnityNetworking/Demos/DemoAsteroids/Scripts/Lobby/RoomListEntry.cs using Guid(40b744eae97c5fa47879a477d0f0b667) Importer(2089858483,0ecaa5967403d082aa24f35e1b516d23) [PhysX] Initialized MultithreadedTaskDispatcher with 20 workers.
 -> (artifact id: 'ecac0444458b4d710457b28807469512') in 0.011463 seconds
Number of updated asset objects reloaded before import = 0
Number of asset objects unloaded after import = 1
========================================================================
Received Import Request.
  Time since last request: 0.000089 seconds.
  path: Assets/Photon/PhotonUnityNetworking/Demos/DemoProcedural/Materials/LightGreen.mat
  artifactKey: Guid(cd644746d7159df42b0c206b559af881) Importer(2089858483,0ecaa5967403d082aa24f35e1b516d23)
Start importing Assets/Photon/PhotonUnityNetworking/Demos/DemoProcedural/Materials/LightGreen.mat using Guid(cd644746d7159df42b0c206b559af881) Importer(2089858483,0ecaa5967403d082aa24f35e1b516d23) [PhysX] Initialized MultithreadedTaskDispatcher with 20 workers.
 -> (artifact id: '88b779c1d601246fb4abee046dfeaaaf') in 0.018339 seconds
Number of updated asset objects reloaded before import = 0
Number of asset objects unloaded after import = 1
========================================================================
Received Import Request.
  Time since last request: 0.000018 seconds.
  path: Assets/TextMesh Pro/Examples & Extras/Resources/Fonts & Materials/Anton SDF - Outline.mat
  artifactKey: Guid(a00013af81304728b2be1f4309ee2433) Importer(2089858483,0ecaa5967403d082aa24f35e1b516d23)
Start importing Assets/TextMesh Pro/Examples & Extras/Resources/Fonts & Materials/Anton SDF - Outline.mat using Guid(a00013af81304728b2be1f4309ee2433) Importer(2089858483,0ecaa5967403d082aa24f35e1b516d23) [PhysX] Initialized MultithreadedTaskDispatcher with 20 workers.
 -> (artifact id: 'f19e1d78e6b1b9b0ddfe29afe026928f') in 0.019930 seconds
Number of updated asset objects reloaded before import = 0
Number of asset objects unloaded after import = 2
========================================================================
Received Import Request.
  Time since last request: 0.000019 seconds.
  path: Assets/TextMesh Pro/Examples & Extras/Textures/Fruit Jelly (B&W).jpg
  artifactKey: Guid(1cdc5b506b1a4a33a53c30669ced1f51) Importer(2089858483,0ecaa5967403d082aa24f35e1b516d23)
Start importing Assets/TextMesh Pro/Examples & Extras/Textures/Fruit Jelly (B&W).jpg using Guid(1cdc5b506b1a4a33a53c30669ced1f51) Importer(2089858483,0ecaa5967403d082aa24f35e1b516d23) [PhysX] Initialized MultithreadedTaskDispatcher with 20 workers.
 -> (artifact id: '5300a3839a5427521089d8383b323b96') in 0.016651 seconds
Number of updated asset objects reloaded before import = 0
Number of asset objects unloaded after import = 1
========================================================================
Received Import Request.
  Time since last request: 0.000017 seconds.
  path: Assets/Photon/PhotonUnityNetworking/Demos/PunBasics-Tutorial/Prefabs/Quit Room Button.prefab
  artifactKey: Guid(b19bb80838bcf4457bf6f50a19c5593b) Importer(2089858483,0ecaa5967403d082aa24f35e1b516d23)
Start importing Assets/Photon/PhotonUnityNetworking/Demos/PunBasics-Tutorial/Prefabs/Quit Room Button.prefab using Guid(b19bb80838bcf4457bf6f50a19c5593b) Importer(2089858483,0ecaa5967403d082aa24f35e1b516d23) [PhysX] Initialized MultithreadedTaskDispatcher with 20 workers.
 -> (artifact id: 'c1cd10c6c5a1d0851555f5e7ebbedc84') in 0.035062 seconds
Number of updated asset objects reloaded before import = 0
Number of asset objects unloaded after import = 13
========================================================================
Received Import Request.
  Time since last request: 0.000020 seconds.
  path: Assets/Photon/PhotonUnityNetworking/Demos/DemoSlotRacer/Kenney Assets/Stylized city/Materials/11 - Default.mat
  artifactKey: Guid(b7d67d7d7ddb88542b23886a4b496c77) Importer(2089858483,0ecaa5967403d082aa24f35e1b516d23)
Start importing Assets/Photon/PhotonUnityNetworking/Demos/DemoSlotRacer/Kenney Assets/Stylized city/Materials/11 - Default.mat using Guid(b7d67d7d7ddb88542b23886a4b496c77) Importer(2089858483,0ecaa5967403d082aa24f35e1b516d23) [PhysX] Initialized MultithreadedTaskDispatcher with 20 workers.
 -> (artifact id: '1472219fc9c7f87b94a6512f0ca5eddb') in 0.012338 seconds
Number of updated asset objects reloaded before import = 0
Number of asset objects unloaded after import = 1
========================================================================
Received Import Request.
  Time since last request: 0.000024 seconds.
  path: Assets/Photon/PhotonUnityNetworking/Demos/Shared Assets/Animations/Materials/TongueMaterial.mat
  artifactKey: Guid(28498b9ebcb776a46b3c9479a664bfc7) Importer(2089858483,0ecaa5967403d082aa24f35e1b516d23)
Start importing Assets/Photon/PhotonUnityNetworking/Demos/Shared Assets/Animations/Materials/TongueMaterial.mat using Guid(28498b9ebcb776a46b3c9479a664bfc7) Importer(2089858483,0ecaa5967403d082aa24f35e1b516d23) [PhysX] Initialized MultithreadedTaskDispatcher with 20 workers.
 -> (artifact id: '17a44d584f27f72a422c7e5b00458f28') in 0.021525 seconds
Number of updated asset objects reloaded before import = 0
Number of asset objects unloaded after import = 1
========================================================================
Received Import Request.
  Time since last request: 0.000016 seconds.
  path: Assets/Photon/PhotonUnityNetworking/Demos/DemoSlotRacer/Kenney Assets/Stylized city/Models/car_1.FBX
  artifactKey: Guid(1ec55baed88ac07429a52bee4c519015) Importer(2089858483,0ecaa5967403d082aa24f35e1b516d23)
Start importing Assets/Photon/PhotonUnityNetworking/Demos/DemoSlotRacer/Kenney Assets/Stylized city/Models/car_1.FBX using Guid(1ec55baed88ac07429a52bee4c519015) Importer(2089858483,0ecaa5967403d082aa24f35e1b516d23) [PhysX] Initialized MultithreadedTaskDispatcher with 20 workers.
 -> (artifact id: '93fc17d07770b2330774fc02bb6c3c6a') in 0.032721 seconds
Number of updated asset objects reloaded before import = 0
Number of asset objects unloaded after import = 108
========================================================================
Received Import Request.
  Time since last request: 0.000018 seconds.
  path: Assets/Photon/PhotonUnityNetworking/Demos/PunCockpit/Scripts/ReadOnlyProperties/CurrentRoomMasterClientIdProperty.cs
  artifactKey: Guid(ded3411e394ba4dcc82f3b6e25871839) Importer(2089858483,0ecaa5967403d082aa24f35e1b516d23)
Start importing Assets/Photon/PhotonUnityNetworking/Demos/PunCockpit/Scripts/ReadOnlyProperties/CurrentRoomMasterClientIdProperty.cs using Guid(ded3411e394ba4dcc82f3b6e25871839) Importer(2089858483,0ecaa5967403d082aa24f35e1b516d23) [PhysX] Initialized MultithreadedTaskDispatcher with 20 workers.
 -> (artifact id: 'acc6d41011204c156a213b516d8828b2') in 0.013796 seconds
Number of updated asset objects reloaded before import = 0
Number of asset objects unloaded after import = 1
========================================================================
Received Import Request.
  Time since last request: 0.000046 seconds.
  path: Assets/Photon/PhotonUnityNetworking/Demos/DemoSlotRacer/Kenney Assets/Racing Kit/Models/Materials/bark.mat
  artifactKey: Guid(5b3826dd21e1d2b4a947c774023d1db3) Importer(2089858483,0ecaa5967403d082aa24f35e1b516d23)
Start importing Assets/Photon/PhotonUnityNetworking/Demos/DemoSlotRacer/Kenney Assets/Racing Kit/Models/Materials/bark.mat using Guid(5b3826dd21e1d2b4a947c774023d1db3) Importer(2089858483,0ecaa5967403d082aa24f35e1b516d23) [PhysX] Initialized MultithreadedTaskDispatcher with 20 workers.
 -> (artifact id: '618ce979087f8a40a18fc3151d7f566e') in 0.019291 seconds
Number of updated asset objects reloaded before import = 0
Number of asset objects unloaded after import = 1
========================================================================
Received Import Request.
  Time since last request: 0.000060 seconds.
  path: Assets/Photon/PhotonUnityNetworking/Demos/Shared Assets/Animations/Materials/SkinMaterial.mat
  artifactKey: Guid(37d0d4d178b5dbf449ff0814718dc354) Importer(2089858483,0ecaa5967403d082aa24f35e1b516d23)
Start importing Assets/Photon/PhotonUnityNetworking/Demos/Shared Assets/Animations/Materials/SkinMaterial.mat using Guid(37d0d4d178b5dbf449ff0814718dc354) Importer(2089858483,0ecaa5967403d082aa24f35e1b516d23) [PhysX] Initialized MultithreadedTaskDispatcher with 20 workers.
 -> (artifact id: 'e05654295f6b8aac60df9d945de01b2f') in 0.017206 seconds
Number of updated asset objects reloaded before import = 0
Number of asset objects unloaded after import = 1
========================================================================
Received Import Request.
  Time since last request: 0.000016 seconds.
  path: Assets/Photon/PhotonUnityNetworking/Demos/Shared Assets/Animations/Materials/TeethMaterial.mat
  artifactKey: Guid(17dd34e8a826d0641a0e0f43da1e03a0) Importer(2089858483,0ecaa5967403d082aa24f35e1b516d23)
Start importing Assets/Photon/PhotonUnityNetworking/Demos/Shared Assets/Animations/Materials/TeethMaterial.mat using Guid(17dd34e8a826d0641a0e0f43da1e03a0) Importer(2089858483,0ecaa5967403d082aa24f35e1b516d23) [PhysX] Initialized MultithreadedTaskDispatcher with 20 workers.
 -> (artifact id: '9db8c32c60060d34905aca3f4cbb245b') in 0.019642 seconds
Number of updated asset objects reloaded before import = 0
Number of asset objects unloaded after import = 1
========================================================================
Received Import Request.
  Time since last request: 0.000019 seconds.
  path: Assets/Photon/PhotonUnityNetworking/Demos/DemoSlotRacer/Kenney Assets/Copyrights.txt
  artifactKey: Guid(386ff113c810b4ecfb823874aeb6fb97) Importer(2089858483,0ecaa5967403d082aa24f35e1b516d23)
Start importing Assets/Photon/PhotonUnityNetworking/Demos/DemoSlotRacer/Kenney Assets/Copyrights.txt using Guid(386ff113c810b4ecfb823874aeb6fb97) Importer(2089858483,0ecaa5967403d082aa24f35e1b516d23) [PhysX] Initialized MultithreadedTaskDispatcher with 20 workers.
 -> (artifact id: 'facc8bc072caba134cded665f47888b5') in 0.018543 seconds
Number of updated asset objects reloaded before import = 0
Number of asset objects unloaded after import = 1
========================================================================
Received Import Request.
  Time since last request: 0.000086 seconds.
  path: Assets/Photon/PhotonUnityNetworking/Demos/PunCockpit/Scripts/PropertyFields/UserIdField.cs
  artifactKey: Guid(4cc6aa808aba246ffa12d8e765f470ff) Importer(2089858483,0ecaa5967403d082aa24f35e1b516d23)
Start importing Assets/Photon/PhotonUnityNetworking/Demos/PunCockpit/Scripts/PropertyFields/UserIdField.cs using Guid(4cc6aa808aba246ffa12d8e765f470ff) Importer(2089858483,0ecaa5967403d082aa24f35e1b516d23) [PhysX] Initialized MultithreadedTaskDispatcher with 20 workers.
 -> (artifact id: 'a94021132a27ec70cd457f8132884d16') in 0.009232 seconds
Number of updated asset objects reloaded before import = 0
Number of asset objects unloaded after import = 1
========================================================================
Received Import Request.
  Time since last request: 0.000040 seconds.
  path: Assets/Photon/PhotonUnityNetworking/Demos/DemoSlotRacer/Kenney Assets/Stylized city/Materials/20 - Default.mat
  artifactKey: Guid(4e1a4e79a3548164da24123dbb0f3566) Importer(2089858483,0ecaa5967403d082aa24f35e1b516d23)
Start importing Assets/Photon/PhotonUnityNetworking/Demos/DemoSlotRacer/Kenney Assets/Stylized city/Materials/20 - Default.mat using Guid(4e1a4e79a3548164da24123dbb0f3566) Importer(2089858483,0ecaa5967403d082aa24f35e1b516d23) [PhysX] Initialized MultithreadedTaskDispatcher with 20 workers.
 -> (artifact id: '1acdceafbe4b0e3160ee2c84bebcfe7d') in 0.009506 seconds
Number of updated asset objects reloaded before import = 0
Number of asset objects unloaded after import = 1
========================================================================
Received Import Request.
  Time since last request: 0.000017 seconds.
  path: Assets/Photon/PhotonUnityNetworking/Demos/PunBasics-Tutorial/Scenes/PunBasics-Launcher.unity
  artifactKey: Guid(bff77b01b50254edbb6edeeaba5ae8b3) Importer(2089858483,0ecaa5967403d082aa24f35e1b516d23)
Start importing Assets/Photon/PhotonUnityNetworking/Demos/PunBasics-Tutorial/Scenes/PunBasics-Launcher.unity using Guid(bff77b01b50254edbb6edeeaba5ae8b3) Importer(2089858483,0ecaa5967403d082aa24f35e1b516d23) [PhysX] Initialized MultithreadedTaskDispatcher with 20 workers.
 -> (artifact id: 'e8e51386ee4a1b59c23b825de8e58cc9') in 0.010483 seconds
Number of updated asset objects reloaded before import = 0
Number of asset objects unloaded after import = 1
========================================================================
Received Import Request.
  Time since last request: 0.000102 seconds.
  path: Assets/Photon/PhotonUnityNetworking/Demos/Shared Assets/Animations/HumanoidWalk.fbx
  artifactKey: Guid(b1a5e04ae51004842aba06704a6c2903) Importer(2089858483,0ecaa5967403d082aa24f35e1b516d23)
Start importing Assets/Photon/PhotonUnityNetworking/Demos/Shared Assets/Animations/HumanoidWalk.fbx using Guid(b1a5e04ae51004842aba06704a6c2903) Importer(2089858483,0ecaa5967403d082aa24f35e1b516d23) [PhysX] Initialized MultithreadedTaskDispatcher with 20 workers.
 -> (artifact id: '181e69842b0be359f2ca12535df6b42f') in 0.020217 seconds
Number of updated asset objects reloaded before import = 0
Number of asset objects unloaded after import = 157
========================================================================
Received Import Request.
  Time since last request: 0.000016 seconds.
  path: Assets/Photon/PhotonUnityNetworking/Demos/PunCockpit/Forms/LoadLevelUIForm.cs
  artifactKey: Guid(f833cfc95509a49658fedf2e4cdc3a62) Importer(2089858483,0ecaa5967403d082aa24f35e1b516d23)
Start importing Assets/Photon/PhotonUnityNetworking/Demos/PunCockpit/Forms/LoadLevelUIForm.cs using Guid(f833cfc95509a49658fedf2e4cdc3a62) Importer(2089858483,0ecaa5967403d082aa24f35e1b516d23) [PhysX] Initialized MultithreadedTaskDispatcher with 20 workers.
 -> (artifact id: 'f1586e775b08b981f94dc6d7a7a80eb7') in 0.012904 seconds
Number of updated asset objects reloaded before import = 0
Number of asset objects unloaded after import = 1
========================================================================
Received Import Request.
  Time since last request: 0.000021 seconds.
  path: Assets/TextMesh Pro/Examples & Extras/Textures/Gradient Horizontal (Color).jpg
  artifactKey: Guid(6eb184de103d4b3f812b38561065192f) Importer(2089858483,0ecaa5967403d082aa24f35e1b516d23)
Start importing Assets/TextMesh Pro/Examples & Extras/Textures/Gradient Horizontal (Color).jpg using Guid(6eb184de103d4b3f812b38561065192f) Importer(2089858483,0ecaa5967403d082aa24f35e1b516d23) [PhysX] Initialized MultithreadedTaskDispatcher with 20 workers.
 -> (artifact id: 'e7467c5548ccf389c54b981294c7228c') in 0.023267 seconds
Number of updated asset objects reloaded before import = 0
Number of asset objects unloaded after import = 1
========================================================================
Received Import Request.
  Time since last request: 0.000021 seconds.
  path: Assets/Photon/PhotonUnityNetworking/Demos/PunCockpit/Scripts/ReadOnlyProperties/IsConnectedAndReadyProperty.cs
  artifactKey: Guid(17aa2c6db1ece46789212ad7c5e21509) Importer(2089858483,0ecaa5967403d082aa24f35e1b516d23)
Start importing Assets/Photon/PhotonUnityNetworking/Demos/PunCockpit/Scripts/ReadOnlyProperties/IsConnectedAndReadyProperty.cs using Guid(17aa2c6db1ece46789212ad7c5e21509) Importer(2089858483,0ecaa5967403d082aa24f35e1b516d23) [PhysX] Initialized MultithreadedTaskDispatcher with 20 workers.
 -> (artifact id: '3b29e0dadea9992ddeb51915f43ccff3') in 0.010266 seconds
Number of updated asset objects reloaded before import = 0
Number of asset objects unloaded after import = 1
========================================================================
Received Import Request.
  Time since last request: 0.000018 seconds.
  path: Assets/Photon/PhotonUnityNetworking/Demos/Shared Assets/Animations/HumanoidRunTurn.fbx
  artifactKey: Guid(1062212255550964e974f3ffb3cbaae3) Importer(2089858483,0ecaa5967403d082aa24f35e1b516d23)
Start importing Assets/Photon/PhotonUnityNetworking/Demos/Shared Assets/Animations/HumanoidRunTurn.fbx using Guid(1062212255550964e974f3ffb3cbaae3) Importer(2089858483,0ecaa5967403d082aa24f35e1b516d23) [PhysX] Initialized MultithreadedTaskDispatcher with 20 workers.
 -> (artifact id: 'b7df059ca315ac2af10f9f7d3f1e7f7c') in 0.022547 seconds
Number of updated asset objects reloaded before import = 0
Number of asset objects unloaded after import = 184
========================================================================
Received Import Request.
  Time since last request: 0.000014 seconds.
  path: Assets/Photon/PhotonUnityNetworking/Demos/PunCockpit/Scripts/ReadOnlyProperties/CurrentRoomIsOfflineProperty.cs
  artifactKey: Guid(e2e2a33f898da45eb9d44ea357e325db) Importer(2089858483,0ecaa5967403d082aa24f35e1b516d23)
Start importing Assets/Photon/PhotonUnityNetworking/Demos/PunCockpit/Scripts/ReadOnlyProperties/CurrentRoomIsOfflineProperty.cs using Guid(e2e2a33f898da45eb9d44ea357e325db) Importer(2089858483,0ecaa5967403d082aa24f35e1b516d23) [PhysX] Initialized MultithreadedTaskDispatcher with 20 workers.
 -> (artifact id: '4415472f1660a59ed9eb11397de70794') in 0.012072 seconds
Number of updated asset objects reloaded before import = 0
Number of asset objects unloaded after import = 1
========================================================================
Received Import Request.
  Time since last request: 0.000057 seconds.
  path: Assets/Photon/PhotonUnityNetworking/Demos/DemoSlotRacer/Kenney Assets/Racing Kit/Models/roadStraightBridgeStart.fbx
  artifactKey: Guid(f3190f178f6804a438514c250f12db6a) Importer(2089858483,0ecaa5967403d082aa24f35e1b516d23)
Start importing Assets/Photon/PhotonUnityNetworking/Demos/DemoSlotRacer/Kenney Assets/Racing Kit/Models/roadStraightBridgeStart.fbx using Guid(f3190f178f6804a438514c250f12db6a) Importer(2089858483,0ecaa5967403d082aa24f35e1b516d23) [PhysX] Initialized MultithreadedTaskDispatcher with 20 workers.
 -> (artifact id: '37238643f21613917c5eae7ece560c33') in 0.023089 seconds
Number of updated asset objects reloaded before import = 0
Number of asset objects unloaded after import = 7
========================================================================
Received Import Request.
  Time since last request: 0.000016 seconds.
  path: Assets/Photon/PhotonUnityNetworking/Demos/PunCockpit/Scripts/ReadOnlyProperties/PingProperty.cs
  artifactKey: Guid(2651ec6773ffe4831b1fce07d51c186a) Importer(2089858483,0ecaa5967403d082aa24f35e1b516d23)
Start importing Assets/Photon/PhotonUnityNetworking/Demos/PunCockpit/Scripts/ReadOnlyProperties/PingProperty.cs using Guid(2651ec6773ffe4831b1fce07d51c186a) Importer(2089858483,0ecaa5967403d082aa24f35e1b516d23) [PhysX] Initialized MultithreadedTaskDispatcher with 20 workers.
 -> (artifact id: 'fff5c71de266981c885de783b77ed98c') in 0.013452 seconds
Number of updated asset objects reloaded before import = 0
Number of asset objects unloaded after import = 1
========================================================================
Received Import Request.
  Time since last request: 0.000057 seconds.
  path: Assets/Photon/PhotonUnityNetworking/Demos/PunCockpit/Scripts/ReadOnlyProperties/CurrentRoomPlayerCountProperty.cs
  artifactKey: Guid(333fe1be201784f8382dd2e7a1d5c610) Importer(2089858483,0ecaa5967403d082aa24f35e1b516d23)
Start importing Assets/Photon/PhotonUnityNetworking/Demos/PunCockpit/Scripts/ReadOnlyProperties/CurrentRoomPlayerCountProperty.cs using Guid(333fe1be201784f8382dd2e7a1d5c610) Importer(2089858483,0ecaa5967403d082aa24f35e1b516d23) [PhysX] Initialized MultithreadedTaskDispatcher with 20 workers.
 -> (artifact id: 'caf3fcad88ff2e8080eddc7f50d411ee') in 0.013951 seconds
Number of updated asset objects reloaded before import = 0
Number of asset objects unloaded after import = 1
========================================================================
Received Import Request.
  Time since last request: 0.000113 seconds.
  path: Assets/Photon/PhotonUnityNetworking/Demos/DemoSlotRacer/Kenney Assets/Stylized city/Materials/13 - Default.mat
  artifactKey: Guid(b957742c5b9bfd441b9b330c8b55d0c5) Importer(2089858483,0ecaa5967403d082aa24f35e1b516d23)
Start importing Assets/Photon/PhotonUnityNetworking/Demos/DemoSlotRacer/Kenney Assets/Stylized city/Materials/13 - Default.mat using Guid(b957742c5b9bfd441b9b330c8b55d0c5) Importer(2089858483,0ecaa5967403d082aa24f35e1b516d23) [PhysX] Initialized MultithreadedTaskDispatcher with 20 workers.
 -> (artifact id: 'fd3500b0af6ad400ed3323e98fa369d4') in 0.012630 seconds
Number of updated asset objects reloaded before import = 0
Number of asset objects unloaded after import = 1
========================================================================
Received Import Request.
  Time since last request: 0.000059 seconds.
  path: Assets/Photon/PhotonUnityNetworking/Demos/PunCockpit/Scripts/ReadOnlyProperties/ServerAddressProperty.cs
  artifactKey: Guid(f467ca90418914fcd959dcc9ebb1edca) Importer(2089858483,0ecaa5967403d082aa24f35e1b516d23)
Start importing Assets/Photon/PhotonUnityNetworking/Demos/PunCockpit/Scripts/ReadOnlyProperties/ServerAddressProperty.cs using Guid(f467ca90418914fcd959dcc9ebb1edca) Importer(2089858483,0ecaa5967403d082aa24f35e1b516d23) [PhysX] Initialized MultithreadedTaskDispatcher with 20 workers.
 -> (artifact id: 'af092bc753e64f14a7014715c91e6f86') in 0.008913 seconds
Number of updated asset objects reloaded before import = 0
Number of asset objects unloaded after import = 1
========================================================================
Received Import Request.
  Time since last request: 0.000090 seconds.
  path: Assets/Photon/PhotonUnityNetworking/Demos/DemoSlotRacer/Kenney Assets/Stylized city/Models/tree_1.FBX
  artifactKey: Guid(92afa2e4e0d0b8542bf48b0de3ac19bd) Importer(2089858483,0ecaa5967403d082aa24f35e1b516d23)
Start importing Assets/Photon/PhotonUnityNetworking/Demos/DemoSlotRacer/Kenney Assets/Stylized city/Models/tree_1.FBX using Guid(92afa2e4e0d0b8542bf48b0de3ac19bd) Importer(2089858483,0ecaa5967403d082aa24f35e1b516d23) [PhysX] Initialized MultithreadedTaskDispatcher with 20 workers.
 -> (artifact id: 'c55b62a1f0949263db8682d67d8ac4c3') in 0.029739 seconds
Number of updated asset objects reloaded before import = 0
Number of asset objects unloaded after import = 24
========================================================================
Received Import Request.
  Time since last request: 0.000015 seconds.
  path: Assets/Photon/PhotonUnityNetworking/Demos/DemoSlotRacer/Kenney Assets/Racing Kit/Models/Materials/grass.mat
  artifactKey: Guid(ba3bddb608259184783916ac7915d5a2) Importer(2089858483,0ecaa5967403d082aa24f35e1b516d23)
Start importing Assets/Photon/PhotonUnityNetworking/Demos/DemoSlotRacer/Kenney Assets/Racing Kit/Models/Materials/grass.mat using Guid(ba3bddb608259184783916ac7915d5a2) Importer(2089858483,0ecaa5967403d082aa24f35e1b516d23) [PhysX] Initialized MultithreadedTaskDispatcher with 20 workers.
 -> (artifact id: 'bb8d2c62122d2b050f8f82945c3f2de7') in 0.017203 seconds
Number of updated asset objects reloaded before import = 0
Number of asset objects unloaded after import = 1
========================================================================
Received Import Request.
  Time since last request: 0.000062 seconds.
  path: Assets/Photon/PhotonUnityNetworking/Demos/DemoSlotRacer/Scripts/BezierCurve/Editor/PunDemos.DemoSlotcarEditor.asmdef
  artifactKey: Guid(66eabdb1ed6f5d041a6906290472e432) Importer(2089858483,0ecaa5967403d082aa24f35e1b516d23)
Start importing Assets/Photon/PhotonUnityNetworking/Demos/DemoSlotRacer/Scripts/BezierCurve/Editor/PunDemos.DemoSlotcarEditor.asmdef using Guid(66eabdb1ed6f5d041a6906290472e432) Importer(2089858483,0ecaa5967403d082aa24f35e1b516d23) [PhysX] Initialized MultithreadedTaskDispatcher with 20 workers.
 -> (artifact id: '78b6e3ff3edf9ed203b2ec5f3d5870a4') in 0.018112 seconds
Number of updated asset objects reloaded before import = 0
Number of asset objects unloaded after import = 1
========================================================================
Received Import Request.
  Time since last request: 0.000063 seconds.
  path: Assets/Photon/PhotonUnityNetworking/Demos/Shared Assets/Skin/BoxOrangeRed.png
  artifactKey: Guid(72708a25103c3fe4f9074f7296e86b7a) Importer(2089858483,0ecaa5967403d082aa24f35e1b516d23)
Start importing Assets/Photon/PhotonUnityNetworking/Demos/Shared Assets/Skin/BoxOrangeRed.png using Guid(72708a25103c3fe4f9074f7296e86b7a) Importer(2089858483,0ecaa5967403d082aa24f35e1b516d23) [PhysX] Initialized MultithreadedTaskDispatcher with 20 workers.
 -> (artifact id: '1675f16ef09128b2b20e3f2ecf93c5a3') in 0.023317 seconds
Number of updated asset objects reloaded before import = 0
Number of asset objects unloaded after import = 1
========================================================================
Received Import Request.
  Time since last request: 0.000018 seconds.
  path: Assets/Photon/PhotonUnityNetworking/Demos/DemoSlotRacer/Kenney Assets/Racing Kit/Models/Materials/tankco.mat
  artifactKey: Guid(cceec12884c418c4bb19cef32dc2abc1) Importer(2089858483,0ecaa5967403d082aa24f35e1b516d23)
Start importing Assets/Photon/PhotonUnityNetworking/Demos/DemoSlotRacer/Kenney Assets/Racing Kit/Models/Materials/tankco.mat using Guid(cceec12884c418c4bb19cef32dc2abc1) Importer(2089858483,0ecaa5967403d082aa24f35e1b516d23) [PhysX] Initialized MultithreadedTaskDispatcher with 20 workers.
 -> (artifact id: 'e54bbd5daacedece7e44b5064b94f2b4') in 0.022097 seconds
Number of updated asset objects reloaded before import = 0
Number of asset objects unloaded after import = 2
========================================================================
Received Import Request.
  Time since last request: 0.000025 seconds.
  path: Assets/Photon/PhotonUnityNetworking/Demos/PunCockpit/Scripts/ReadOnlyProperties/CountOfPlayersOnMasterProperty.cs
  artifactKey: Guid(c8567842684394fb7a291f803abfb20e) Importer(2089858483,0ecaa5967403d082aa24f35e1b516d23)
Start importing Assets/Photon/PhotonUnityNetworking/Demos/PunCockpit/Scripts/ReadOnlyProperties/CountOfPlayersOnMasterProperty.cs using Guid(c8567842684394fb7a291f803abfb20e) Importer(2089858483,0ecaa5967403d082aa24f35e1b516d23) [PhysX] Initialized MultithreadedTaskDispatcher with 20 workers.
 -> (artifact id: '2061502bf51a01627f07e06464964b94') in 0.009708 seconds
Number of updated asset objects reloaded before import = 0
Number of asset objects unloaded after import = 1
========================================================================
Received Import Request.
  Time since last request: 0.000052 seconds.
  path: Assets/Photon/PhotonRealtime/Code/Unity/PhotonAppSettings.cs
  artifactKey: Guid(a389b614f52fbf347a1533dbbf245033) Importer(2089858483,0ecaa5967403d082aa24f35e1b516d23)
Start importing Assets/Photon/PhotonRealtime/Code/Unity/PhotonAppSettings.cs using Guid(a389b614f52fbf347a1533dbbf245033) Importer(2089858483,0ecaa5967403d082aa24f35e1b516d23) [PhysX] Initialized MultithreadedTaskDispatcher with 20 workers.
 -> (artifact id: '9519cdfe7ba7c64c16f4ab34551b7c70') in 0.011864 seconds
Number of updated asset objects reloaded before import = 0
Number of asset objects unloaded after import = 1
========================================================================
Received Import Request.
  Time since last request: 0.000053 seconds.
  path: Assets/TextMesh Pro/Examples & Extras/Scripts/VertexShakeA.cs
  artifactKey: Guid(f7cfa58e417a46ea8889989684c2522e) Importer(2089858483,0ecaa5967403d082aa24f35e1b516d23)
Start importing Assets/TextMesh Pro/Examples & Extras/Scripts/VertexShakeA.cs using Guid(f7cfa58e417a46ea8889989684c2522e) Importer(2089858483,0ecaa5967403d082aa24f35e1b516d23) [PhysX] Initialized MultithreadedTaskDispatcher with 20 workers.
 -> (artifact id: 'd0b991beacdb42c9115568322403464c') in 0.013807 seconds
Number of updated asset objects reloaded before import = 0
Number of asset objects unloaded after import = 1
========================================================================
Received Import Request.
  Time since last request: 0.000019 seconds.
  path: Assets/Photon/PhotonUnityNetworking/Code/Editor/help.png
  artifactKey: Guid(9f1212502533cb34188dd6ef094188cb) Importer(2089858483,0ecaa5967403d082aa24f35e1b516d23)
Start importing Assets/Photon/PhotonUnityNetworking/Code/Editor/help.png using Guid(9f1212502533cb34188dd6ef094188cb) Importer(2089858483,0ecaa5967403d082aa24f35e1b516d23) [PhysX] Initialized MultithreadedTaskDispatcher with 20 workers.
 -> (artifact id: '020838a65ade82b1935e05086bc8a7e1') in 0.021111 seconds
Number of updated asset objects reloaded before import = 0
Number of asset objects unloaded after import = 1
========================================================================
Received Import Request.
  Time since last request: 0.000019 seconds.
  path: Assets/Photon/PhotonUnityNetworking/Demos/PunCockpit/Scripts/ReadOnlyProperties/CurrentRoomMaxPlayersProperty.cs
  artifactKey: Guid(917233b0ebdbc43ff89ee3e8d30b5d88) Importer(2089858483,0ecaa5967403d082aa24f35e1b516d23)
Start importing Assets/Photon/PhotonUnityNetworking/Demos/PunCockpit/Scripts/ReadOnlyProperties/CurrentRoomMaxPlayersProperty.cs using Guid(917233b0ebdbc43ff89ee3e8d30b5d88) Importer(2089858483,0ecaa5967403d082aa24f35e1b516d23) [PhysX] Initialized MultithreadedTaskDispatcher with 20 workers.
 -> (artifact id: '6bd17b2785e84cd816e049023f4f43cb') in 0.013630 seconds
Number of updated asset objects reloaded before import = 0
Number of asset objects unloaded after import = 1
Editor requested this worker to shutdown with reason: Scaling down because of idle timeout
TcpMessagingSession - receive error
AssetImportWorkerClient::OnTransportError - code=2 error=End of file
AssetImportWorker is now disconnected from the server
Process exiting
Exiting without the bug reporter. Application will terminate with return code 0